split,episode,episode_id,density,snr,slot,window_index,origin_ms,origin_before_ms,gt_before,gt_after,masked_positions,masked_first_origin_ms,masked_last_origin_ms,masked_labelled_cells_nominal
train,2,s0_t1118935700200_a2,mid,-5.0,2,14,1118935710100,1118935709600,2,8,3,1118935709600,1118935710600,2
train,4,s0_t1118935700200_a15,mid,-5.0,5,14,1118935710100,1118935709600,11,15,3,1118935709600,1118935710600,3
train,4,s0_t1118935700200_a15,mid,-5.0,5,15,1118935710600,1118935710100,15,11,3,1118935710100,1118935711100,2
train,4,s0_t1118935700200_a15,mid,-5.0,2,19,1118935712600,1118935712100,11,12,3,1118935712100,1118935713100,3
train,4,s0_t1118935700200_a15,mid,0.0,4,16,1118935711100,1118935710600,11,15,3,1118935710600,1118935711600,3
train,4,s0_t1118935700200_a15,mid,0.0,7,20,1118935713100,1118935712600,11,12,3,1118935712600,1118935713600,3
train,4,s0_t1118935700200_a15,mid,0.0,0,23,1118935714600,1118935714100,11,12,3,1118935714100,1118935715100,3
train,4,s0_t1118935700200_a15,mid,5.0,4,16,1118935711100,1118935710600,11,15,3,1118935710600,1118935711600,3
train,4,s0_t1118935700200_a15,mid,5.0,7,20,1118935713100,1118935712600,11,12,3,1118935712600,1118935713600,3
train,4,s0_t1118935700200_a15,mid,5.0,0,23,1118935714600,1118935714100,11,12,3,1118935714100,1118935715100,3
train,4,s0_t1118935700200_a15,mid,10.0,4,16,1118935711100,1118935710600,11,15,3,1118935710600,1118935711600,3
train,4,s0_t1118935700200_a15,mid,10.0,1,20,1118935713100,1118935712600,11,12,3,1118935712600,1118935713600,3
train,4,s0_t1118935700200_a15,mid,15.0,3,16,1118935711100,1118935710600,11,15,3,1118935710600,1118935711600,3
train,4,s0_t1118935700200_a15,mid,15.0,1,20,1118935713100,1118935712600,11,12,3,1118935712600,1118935713600,3
train,4,s0_t1118935700200_a15,mid,20.0,3,16,1118935711100,1118935710600,11,15,3,1118935710600,1118935711600,3
train,4,s0_t1118935700200_a15,mid,20.0,1,20,1118935713100,1118935712600,11,12,3,1118935712600,1118935713600,3
train,5,s0_t1118935720200_a3,high,-5.0,2,21,1118935733600,1118935733100,4,15,3,1118935733100,1118935734100,3
train,5,s0_t1118935720200_a3,high,-5.0,2,22,1118935734100,1118935733600,15,4,3,1118935733600,1118935734600,3
train,5,s0_t1118935720200_a3,high,-5.0,6,27,1118935736600,1118935736100,11,7,3,1118935736100,1118935737100,3
train,5,s0_t1118935720200_a3,high,0.0,3,20,1118935733100,1118935732600,11,7,3,1118935732600,1118935733600,2
train,5,s0_t1118935720200_a3,high,5.0,2,1,1118935723600,1118935723100,12,11,3,1118935723100,1118935724100,3
train,5,s0_t1118935720200_a3,high,5.0,2,2,1118935724100,1118935723600,11,12,3,1118935723600,1118935724600,3
train,5,s0_t1118935720200_a3,high,10.0,2,1,1118935723600,1118935723100,12,11,3,1118935723100,1118935724100,3
train,5,s0_t1118935720200_a3,high,10.0,3,1,1118935723600,1118935723100,4,5,3,1118935723100,1118935724100,3
train,5,s0_t1118935720200_a3,high,10.0,2,2,1118935724100,1118935723600,11,12,3,1118935723600,1118935724600,3
train,5,s0_t1118935720200_a3,high,10.0,3,2,1118935724100,1118935723600,5,4,3,1118935723600,1118935724600,3
train,5,s0_t1118935720200_a3,high,10.0,3,11,1118935728600,1118935728100,11,12,3,1118935728100,1118935729100,3
train,5,s0_t1118935720200_a3,high,10.0,3,12,1118935729100,1118935728600,12,11,3,1118935728600,1118935729600,3
train,5,s0_t1118935720200_a3,high,10.0,5,21,1118935733600,1118935733100,7,15,3,1118935733100,1118935734100,2
train,5,s0_t1118935720200_a3,high,15.0,2,1,1118935723600,1118935723100,12,11,3,1118935723100,1118935724100,3
train,5,s0_t1118935720200_a3,high,15.0,3,1,1118935723600,1118935723100,4,5,3,1118935723100,1118935724100,3
train,5,s0_t1118935720200_a3,high,15.0,2,2,1118935724100,1118935723600,11,12,3,1118935723600,1118935724600,3
train,5,s0_t1118935720200_a3,high,15.0,3,2,1118935724100,1118935723600,5,4,3,1118935723600,1118935724600,3
train,5,s0_t1118935720200_a3,high,15.0,3,11,1118935728600,1118935728100,11,12,3,1118935728100,1118935729100,3
train,5,s0_t1118935720200_a3,high,15.0,3,12,1118935729100,1118935728600,12,11,3,1118935728600,1118935729600,3
train,5,s0_t1118935720200_a3,high,15.0,5,21,1118935733600,1118935733100,7,15,3,1118935733100,1118935734100,2
train,5,s0_t1118935720200_a3,high,20.0,2,1,1118935723600,1118935723100,12,11,3,1118935723100,1118935724100,3
train,5,s0_t1118935720200_a3,high,20.0,3,1,1118935723600,1118935723100,4,5,3,1118935723100,1118935724100,3
train,5,s0_t1118935720200_a3,high,20.0,2,2,1118935724100,1118935723600,11,12,3,1118935723600,1118935724600,3
train,5,s0_t1118935720200_a3,high,20.0,3,2,1118935724100,1118935723600,5,4,3,1118935723600,1118935724600,3
train,5,s0_t1118935720200_a3,high,20.0,3,11,1118935728600,1118935728100,11,12,3,1118935728100,1118935729100,3
train,5,s0_t1118935720200_a3,high,20.0,3,12,1118935729100,1118935728600,12,11,3,1118935728600,1118935729600,3
train,5,s0_t1118935720200_a3,high,20.0,1,21,1118935733600,1118935733100,7,15,3,1118935733100,1118935734100,2
train,7,s0_t1118935720200_a39,high,-5.0,2,1,1118935723600,1118935723100,42,41,3,1118935723100,1118935724100,3
train,7,s0_t1118935720200_a39,high,-5.0,1,14,1118935730100,1118935729600,37,38,3,1118935729600,1118935730600,3
train,7,s0_t1118935720200_a39,high,-5.0,3,15,1118935730600,1118935730100,40,37,3,1118935730100,1118935731100,2
train,7,s0_t1118935720200_a39,high,-5.0,1,18,1118935732100,1118935731600,38,37,3,1118935731600,1118935732600,3
train,7,s0_t1118935720200_a39,high,-5.0,1,19,1118935732600,1118935732100,37,38,3,1118935732100,1118935733100,3
train,7,s0_t1118935720200_a39,high,-5.0,3,24,1118935735100,1118935734600,42,39,3,1118935734600,1118935735600,3
train,7,s0_t1118935720200_a39,high,0.0,0,12,1118935729100,1118935728600,40,37,3,1118935728600,1118935729600,3
train,7,s0_t1118935720200_a39,high,0.0,3,12,1118935729100,1118935728600,37,38,3,1118935728600,1118935729600,3
train,7,s0_t1118935720200_a39,high,0.0,0,13,1118935729600,1118935729100,37,40,3,1118935729100,1118935730100,3
train,7,s0_t1118935720200_a39,high,0.0,3,13,1118935729600,1118935729100,38,37,3,1118935729100,1118935730100,3
train,7,s0_t1118935720200_a39,high,0.0,0,15,1118935730600,1118935730100,40,37,3,1118935730100,1118935731100,2
train,7,s0_t1118935720200_a39,high,0.0,3,15,1118935730600,1118935730100,37,38,3,1118935730100,1118935731100,3
train,7,s0_t1118935720200_a39,high,0.0,3,18,1118935732100,1118935731600,38,37,3,1118935731600,1118935732600,3
train,7,s0_t1118935720200_a39,high,0.0,3,19,1118935732600,1118935732100,37,38,3,1118935732100,1118935733100,3
train,7,s0_t1118935720200_a39,high,5.0,3,1,1118935723600,1118935723100,41,42,3,1118935723100,1118935724100,3
train,7,s0_t1118935720200_a39,high,5.0,3,3,1118935724600,1118935724100,42,41,3,1118935724100,1118935725100,3
train,7,s0_t1118935720200_a39,high,5.0,1,12,1118935729100,1118935728600,37,38,3,1118935728600,1118935729600,3
train,7,s0_t1118935720200_a39,high,5.0,1,13,1118935729600,1118935729100,38,37,3,1118935729100,1118935730100,3
train,7,s0_t1118935720200_a39,high,5.0,0,15,1118935730600,1118935730100,40,37,3,1118935730100,1118935731100,2
train,7,s0_t1118935720200_a39,high,5.0,1,15,1118935730600,1118935730100,37,38,3,1118935730100,1118935731100,3
train,7,s0_t1118935720200_a39,high,5.0,1,18,1118935732100,1118935731600,38,37,3,1118935731600,1118935732600,3
train,7,s0_t1118935720200_a39,high,5.0,1,19,1118935732600,1118935732100,37,38,3,1118935732100,1118935733100,3
train,7,s0_t1118935720200_a39,high,5.0,6,21,1118935733600,1118935733100,37,38,3,1118935733100,1118935734100,2
train,7,s0_t1118935720200_a39,high,5.0,2,22,1118935734100,1118935733600,37,38,3,1118935733600,1118935734600,2
train,7,s0_t1118935720200_a39,high,5.0,3,30,1118935738100,1118935737600,39,42,2,1118935737600,1118935738100,2
train,7,s0_t1118935720200_a39,high,10.0,2,15,1118935730600,1118935730100,40,37,3,1118935730100,1118935731100,2
train,7,s0_t1118935720200_a39,high,10.0,7,15,1118935730600,1118935730100,37,38,3,1118935730100,1118935731100,3
train,7,s0_t1118935720200_a39,high,10.0,7,18,1118935732100,1118935731600,38,37,3,1118935731600,1118935732600,3
train,7,s0_t1118935720200_a39,high,10.0,7,19,1118935732600,1118935732100,37,38,3,1118935732100,1118935733100,3
train,7,s0_t1118935720200_a39,high,10.0,4,21,1118935733600,1118935733100,37,38,3,1118935733100,1118935734100,2
train,7,s0_t1118935720200_a39,high,10.0,6,22,1118935734100,1118935733600,37,38,3,1118935733600,1118935734600,2
train,7,s0_t1118935720200_a39,high,10.0,1,30,1118935738100,1118935737600,39,42,2,1118935737600,1118935738100,2
train,7,s0_t1118935720200_a39,high,15.0,6,3,1118935724600,1118935724100,42,41,3,1118935724100,1118935725100,3
train,7,s0_t1118935720200_a39,high,15.0,0,10,1118935728100,1118935727600,37,38,3,1118935727600,1118935728600,3
train,7,s0_t1118935720200_a39,high,15.0,5,12,1118935729100,1118935728600,40,37,3,1118935728600,1118935729600,3
train,7,s0_t1118935720200_a39,high,15.0,0,13,1118935729600,1118935729100,38,37,3,1118935729100,1118935730100,3
train,7,s0_t1118935720200_a39,high,15.0,5,13,1118935729600,1118935729100,37,40,3,1118935729100,1118935730100,3
train,7,s0_t1118935720200_a39,high,15.0,0,15,1118935730600,1118935730100,37,38,3,1118935730100,1118935731100,3
train,7,s0_t1118935720200_a39,high,15.0,5,15,1118935730600,1118935730100,40,37,3,1118935730100,1118935731100,2
train,7,s0_t1118935720200_a39,high,15.0,0,18,1118935732100,1118935731600,38,37,3,1118935731600,1118935732600,3
train,7,s0_t1118935720200_a39,high,15.0,0,19,1118935732600,1118935732100,37,38,3,1118935732100,1118935733100,3
train,7,s0_t1118935720200_a39,high,15.0,3,21,1118935733600,1118935733100,37,38,3,1118935733100,1118935734100,2
train,7,s0_t1118935720200_a39,high,15.0,2,22,1118935734100,1118935733600,37,38,3,1118935733600,1118935734600,2
train,7,s0_t1118935720200_a39,high,20.0,6,3,1118935724600,1118935724100,42,41,3,1118935724100,1118935725100,3
train,7,s0_t1118935720200_a39,high,20.0,1,10,1118935728100,1118935727600,37,38,3,1118935727600,1118935728600,3
train,7,s0_t1118935720200_a39,high,20.0,5,12,1118935729100,1118935728600,40,37,3,1118935728600,1118935729600,3
train,7,s0_t1118935720200_a39,high,20.0,1,13,1118935729600,1118935729100,38,37,3,1118935729100,1118935730100,3
train,7,s0_t1118935720200_a39,high,20.0,5,13,1118935729600,1118935729100,37,40,3,1118935729100,1118935730100,3
train,7,s0_t1118935720200_a39,high,20.0,1,15,1118935730600,1118935730100,37,38,3,1118935730100,1118935731100,3
train,7,s0_t1118935720200_a39,high,20.0,5,15,1118935730600,1118935730100,40,37,3,1118935730100,1118935731100,2
train,7,s0_t1118935720200_a39,high,20.0,1,18,1118935732100,1118935731600,38,37,3,1118935731600,1118935732600,3
train,7,s0_t1118935720200_a39,high,20.0,1,19,1118935732600,1118935732100,37,38,3,1118935732100,1118935733100,3
train,7,s0_t1118935720200_a39,high,20.0,3,21,1118935733600,1118935733100,37,38,3,1118935733100,1118935734100,2
train,7,s0_t1118935720200_a39,high,20.0,2,22,1118935734100,1118935733600,37,38,3,1118935733600,1118935734600,2
train,8,s0_t1118935740200_a21,high,-5.0,1,2,1118935744100,1118935743600,26,28,3,1118935743600,1118935744600,3
train,8,s0_t1118935740200_a21,high,-5.0,2,2,1118935744100,1118935743600,21,10,3,1118935743600,1118935744600,3
train,8,s0_t1118935740200_a21,high,-5.0,4,2,1118935744100,1118935743600,24,26,3,1118935743600,1118935744600,3
train,8,s0_t1118935740200_a21,high,-5.0,2,5,1118935745600,1118935745100,10,21,3,1118935745100,1118935746100,3
train,8,s0_t1118935740200_a21,high,-5.0,0,7,1118935746600,1118935746100,24,19,3,1118935746100,1118935747100,3
train,8,s0_t1118935740200_a21,high,-5.0,2,7,1118935746600,1118935746100,21,10,3,1118935746100,1118935747100,3
train,8,s0_t1118935740200_a21,high,-5.0,7,7,1118935746600,1118935746100,19,21,3,1118935746100,1118935747100,2
train,8,s0_t1118935740200_a21,high,-5.0,4,9,1118935747600,1118935747100,26,24,3,1118935747100,1118935748100,3
train,8,s0_t1118935740200_a21,high,-5.0,1,10,1118935748100,1118935747600,28,19,3,1118935747600,1118935748600,3
train,8,s0_t1118935740200_a21,high,-5.0,0,14,1118935750100,1118935749600,24,26,3,1118935749600,1118935750600,3
train,8,s0_t1118935740200_a21,high,-5.0,1,14,1118935750100,1118935749600,19,21,3,1118935749600,1118935750600,3
train,8,s0_t1118935740200_a21,high,-5.0,0,15,1118935750600,1118935750100,26,24,3,1118935750100,1118935751100,3
train,8,s0_t1118935740200_a21,high,-5.0,1,15,1118935750600,1118935750100,21,19,3,1118935750100,1118935751100,2
train,8,s0_t1118935740200_a21,high,-5.0,5,15,1118935750600,1118935750100,24,26,3,1118935750100,1118935751100,3
train,8,s0_t1118935740200_a21,high,-5.0,6,15,1118935750600,1118935750100,19,28,3,1118935750100,1118935751100,2
train,8,s0_t1118935740200_a21,high,-5.0,0,16,1118935751100,1118935750600,24,26,3,1118935750600,1118935751600,3
train,8,s0_t1118935740200_a21,high,-5.0,2,16,1118935751100,1118935750600,10,18,3,1118935750600,1118935751600,2
train,8,s0_t1118935740200_a21,high,-5.0,5,16,1118935751100,1118935750600,26,28,3,1118935750600,1118935751600,2
train,8,s0_t1118935740200_a21,high,-5.0,2,20,1118935753100,1118935752600,21,24,3,1118935752600,1118935753600,2
train,8,s0_t1118935740200_a21,high,-5.0,0,21,1118935753600,1118935753100,26,24,3,1118935753100,1118935754100,3
train,8,s0_t1118935740200_a21,high,-5.0,4,25,1118935755600,1118935755100,18,10,3,1118935755100,1118935756100,3
train,8,s0_t1118935740200_a21,high,-5.0,1,28,1118935757100,1118935756600,19,21,3,1118935756600,1118935757600,3
train,8,s0_t1118935740200_a21,high,0.0,1,1,1118935743600,1118935743100,18,10,3,1118935743100,1118935744100,2
train,8,s0_t1118935740200_a21,high,0.0,7,2,1118935744100,1118935743600,18,10,3,1118935743600,1118935744600,2
train,8,s0_t1118935740200_a21,high,0.0,2,3,1118935744600,1118935744100,21,10,3,1118935744100,1118935745100,3
train,8,s0_t1118935740200_a21,high,0.0,0,5,1118935745600,1118935745100,26,24,3,1118935745100,1118935746100,3
train,8,s0_t1118935740200_a21,high,0.0,2,6,1118935746100,1118935745600,10,18,3,1118935745600,1118935746600,3
train,8,s0_t1118935740200_a21,high,0.0,4,6,1118935746100,1118935745600,20,10,3,1118935745600,1118935746600,2
train,8,s0_t1118935740200_a21,high,0.0,2,7,1118935746600,1118935746100,18,10,3,1118935746100,1118935747100,3
train,8,s0_t1118935740200_a21,high,0.0,5,7,1118935746600,1118935746100,19,21,3,1118935746100,1118935747100,2
train,8,s0_t1118935740200_a21,high,0.0,0,8,1118935747100,1118935746600,24,26,3,1118935746600,1118935747600,3
train,8,s0_t1118935740200_a21,high,0.0,0,9,1118935747600,1118935747100,26,24,3,1118935747100,1118935748100,3
train,8,s0_t1118935740200_a21,high,0.0,2,11,1118935748600,1118935748100,10,21,3,1118935748100,1118935749100,3
train,8,s0_t1118935740200_a21,high,0.0,2,12,1118935749100,1118935748600,21,10,3,1118935748600,1118935749600,3
train,8,s0_t1118935740200_a21,high,0.0,6,14,1118935750100,1118935749600,19,21,3,1118935749600,1118935750600,2
train,8,s0_t1118935740200_a21,high,0.0,0,16,1118935751100,1118935750600,24,19,3,1118935750600,1118935751600,2
train,8,s0_t1118935740200_a21,high,0.0,3,16,1118935751100,1118935750600,28,26,3,1118935750600,1118935751600,3
train,8,s0_t1118935740200_a21,high,0.0,5,16,1118935751100,1118935750600,26,24,3,1118935750600,1118935751600,3
train,8,s0_t1118935740200_a21,high,0.0,3,22,1118935754100,1118935753600,26,24,3,1118935753600,1118935754600,3
train,8,s0_t1118935740200_a21,high,0.0,0,26,1118935756100,1118935755600,18,10,3,1118935755600,1118935756600,3
train,8,s0_t1118935740200_a21,high,0.0,7,28,1118935757100,1118935756600,19,21,3,1118935756600,1118935757600,3
train,8,s0_t1118935740200_a21,high,0.0,2,30,1118935758100,1118935757600,26,24,2,1118935757600,1118935758100,2
train,8,s0_t1118935740200_a21,high,5.0,1,1,1118935743600,1118935743100,18,10,3,1118935743100,1118935744100,2
train,8,s0_t1118935740200_a21,high,5.0,7,2,1118935744100,1118935743600,18,10,3,1118935743600,1118935744600,2
train,8,s0_t1118935740200_a21,high,5.0,2,3,1118935744600,1118935744100,21,10,3,1118935744100,1118935745100,3
train,8,s0_t1118935740200_a21,high,5.0,2,6,1118935746100,1118935745600,10,18,3,1118935745600,1118935746600,3
train,8,s0_t1118935740200_a21,high,5.0,4,6,1118935746100,1118935745600,20,10,3,1118935745600,1118935746600,2
train,8,s0_t1118935740200_a21,high,5.0,2,7,1118935746600,1118935746100,18,10,3,1118935746100,1118935747100,3
train,8,s0_t1118935740200_a21,high,5.0,5,7,1118935746600,1118935746100,19,21,3,1118935746100,1118935747100,2
train,8,s0_t1118935740200_a21,high,5.0,0,9,1118935747600,1118935747100,26,24,3,1118935747100,1118935748100,3
train,8,s0_t1118935740200_a21,high,5.0,2,11,1118935748600,1118935748100,10,21,3,1118935748100,1118935749100,3
train,8,s0_t1118935740200_a21,high,5.0,2,12,1118935749100,1118935748600,21,10,3,1118935748600,1118935749600,3
train,8,s0_t1118935740200_a21,high,5.0,6,14,1118935750100,1118935749600,19,21,3,1118935749600,1118935750600,2
train,8,s0_t1118935740200_a21,high,5.0,0,16,1118935751100,1118935750600,24,19,3,1118935750600,1118935751600,2
train,8,s0_t1118935740200_a21,high,5.0,3,16,1118935751100,1118935750600,28,26,3,1118935750600,1118935751600,3
train,8,s0_t1118935740200_a21,high,5.0,5,16,1118935751100,1118935750600,26,24,3,1118935750600,1118935751600,3
train,8,s0_t1118935740200_a21,high,5.0,1,24,1118935755100,1118935754600,28,19,3,1118935754600,1118935755600,3
train,8,s0_t1118935740200_a21,high,5.0,3,24,1118935755100,1118935754600,26,28,3,1118935754600,1118935755600,3
train,8,s0_t1118935740200_a21,high,5.0,6,26,1118935756100,1118935755600,18,10,3,1118935755600,1118935756600,3
train,8,s0_t1118935740200_a21,high,5.0,6,27,1118935756600,1118935756100,10,18,3,1118935756100,1118935757100,2
train,8,s0_t1118935740200_a21,high,5.0,1,28,1118935757100,1118935756600,19,21,3,1118935756600,1118935757600,3
train,8,s0_t1118935740200_a21,high,5.0,3,29,1118935757600,1118935757100,28,26,3,1118935757100,1118935758100,3
train,8,s0_t1118935740200_a21,high,5.0,7,29,1118935757600,1118935757100,26,24,3,1118935757100,1118935758100,2
train,8,s0_t1118935740200_a21,high,5.0,5,30,1118935758100,1118935757600,10,20,2,1118935757600,1118935758100,2
train,8,s0_t1118935740200_a21,high,10.0,2,1,1118935743600,1118935743100,10,21,3,1118935743100,1118935744100,3
train,8,s0_t1118935740200_a21,high,10.0,2,3,1118935744600,1118935744100,21,10,3,1118935744100,1118935745100,3
train,8,s0_t1118935740200_a21,high,10.0,2,5,1118935745600,1118935745100,10,21,3,1118935745100,1118935746100,3
train,8,s0_t1118935740200_a21,high,10.0,0,7,1118935746600,1118935746100,24,19,3,1118935746100,1118935747100,3
train,8,s0_t1118935740200_a21,high,10.0,2,7,1118935746600,1118935746100,21,10,3,1118935746100,1118935747100,3
train,8,s0_t1118935740200_a21,high,10.0,4,7,1118935746600,1118935746100,19,28,3,1118935746100,1118935747100,2
train,8,s0_t1118935740200_a21,high,10.0,3,9,1118935747600,1118935747100,26,24,3,1118935747100,1118935748100,3
train,8,s0_t1118935740200_a21,high,10.0,5,14,1118935750100,1118935749600,19,24,3,1118935749600,1118935750600,3
train,8,s0_t1118935740200_a21,high,10.0,7,14,1118935750100,1118935749600,24,26,3,1118935749600,1118935750600,3
train,8,s0_t1118935740200_a21,high,10.0,1,15,1118935750600,1118935750100,20,10,3,1118935750100,1118935751100,3
train,8,s0_t1118935740200_a21,high,10.0,2,15,1118935750600,1118935750100,10,18,3,1118935750100,1118935751100,3
train,8,s0_t1118935740200_a21,high,10.0,1,17,1118935751600,1118935751100,10,20,3,1118935751100,1118935752100,3
train,8,s0_t1118935740200_a21,high,10.0,4,17,1118935751600,1118935751100,20,10,3,1118935751100,1118935752100,3
train,8,s0_t1118935740200_a21,high,10.0,7,21,1118935753600,1118935753100,26,24,3,1118935753100,1118935754100,3
train,8,s0_t1118935740200_a21,high,10.0,1,22,1118935754100,1118935753600,20,10,3,1118935753600,1118935754600,3
train,8,s0_t1118935740200_a21,high,10.0,1,23,1118935754600,1118935754100,10,20,3,1118935754100,1118935755100,3
train,8,s0_t1118935740200_a21,high,10.0,3,23,1118935754600,1118935754100,19,21,3,1118935754100,1118935755100,3
train,8,s0_t1118935740200_a21,high,10.0,4,23,1118935754600,1118935754100,21,19,3,1118935754100,1118935755100,2
train,8,s0_t1118935740200_a21,high,10.0,3,24,1118935755100,1118935754600,21,19,3,1118935754600,1118935755600,3
train,8,s0_t1118935740200_a21,high,10.0,0,25,1118935755600,1118935755100,18,10,3,1118935755100,1118935756100,2
train,8,s0_t1118935740200_a21,high,10.0,1,26,1118935756100,1118935755600,20,10,3,1118935755600,1118935756600,3
train,8,s0_t1118935740200_a21,high,10.0,1,27,1118935756600,1118935756100,10,20,3,1118935756100,1118935757100,3
train,8,s0_t1118935740200_a21,high,10.0,0,30,1118935758100,1118935757600,10,20,2,1118935757600,1118935758100,2
train,8,s0_t1118935740200_a21,high,10.0,6,30,1118935758100,1118935757600,28,26,2,1118935757600,1118935758100,2
train,8,s0_t1118935740200_a21,high,15.0,2,1,1118935743600,1118935743100,10,21,3,1118935743100,1118935744100,3
train,8,s0_t1118935740200_a21,high,15.0,2,3,1118935744600,1118935744100,21,10,3,1118935744100,1118935745100,3
train,8,s0_t1118935740200_a21,high,15.0,2,5,1118935745600,1118935745100,10,21,3,1118935745100,1118935746100,3
train,8,s0_t1118935740200_a21,high,15.0,0,7,1118935746600,1118935746100,24,19,3,1118935746100,1118935747100,3
train,8,s0_t1118935740200_a21,high,15.0,2,7,1118935746600,1118935746100,21,10,3,1118935746100,1118935747100,3
train,8,s0_t1118935740200_a21,high,15.0,4,7,1118935746600,1118935746100,19,28,3,1118935746100,1118935747100,2
train,8,s0_t1118935740200_a21,high,15.0,3,9,1118935747600,1118935747100,26,24,3,1118935747100,1118935748100,2
train,8,s0_t1118935740200_a21,high,15.0,5,12,1118935749100,1118935748600,19,28,3,1118935748600,1118935749600,2
train,8,s0_t1118935740200_a21,high,15.0,2,13,1118935749600,1118935749100,10,21,3,1118935749100,1118935750100,3
train,8,s0_t1118935740200_a21,high,15.0,2,14,1118935750100,1118935749600,21,10,3,1118935749600,1118935750600,3
train,8,s0_t1118935740200_a21,high,15.0,3,14,1118935750100,1118935749600,26,28,3,1118935749600,1118935750600,3
train,8,s0_t1118935740200_a21,high,15.0,6,14,1118935750100,1118935749600,10,18,3,1118935749600,1118935750600,3
train,8,s0_t1118935740200_a21,high,15.0,2,16,1118935751100,1118935750600,10,18,3,1118935750600,1118935751600,2
train,8,s0_t1118935740200_a21,high,15.0,1,17,1118935751600,1118935751100,10,20,3,1118935751100,1118935752100,3
train,8,s0_t1118935740200_a21,high,15.0,4,17,1118935751600,1118935751100,20,10,3,1118935751100,1118935752100,3
train,8,s0_t1118935740200_a21,high,15.0,5,20,1118935753100,1118935752600,26,24,3,1118935752600,1118935753600,3
train,8,s0_t1118935740200_a21,high,15.0,1,22,1118935754100,1118935753600,20,10,3,1118935753600,1118935754600,3
train,8,s0_t1118935740200_a21,high,15.0,1,23,1118935754600,1118935754100,10,20,3,1118935754100,1118935755100,3
train,8,s0_t1118935740200_a21,high,15.0,1,26,1118935756100,1118935755600,20,10,3,1118935755600,1118935756600,3
train,8,s0_t1118935740200_a21,high,15.0,1,27,1118935756600,1118935756100,10,20,3,1118935756100,1118935757100,3
train,8,s0_t1118935740200_a21,high,15.0,6,29,1118935757600,1118935757100,26,24,3,1118935757100,1118935758100,3
train,8,s0_t1118935740200_a21,high,15.0,0,30,1118935758100,1118935757600,10,20,2,1118935757600,1118935758100,2
train,8,s0_t1118935740200_a21,high,20.0,2,1,1118935743600,1118935743100,10,21,3,1118935743100,1118935744100,3
train,8,s0_t1118935740200_a21,high,20.0,2,3,1118935744600,1118935744100,21,10,3,1118935744100,1118935745100,3
train,8,s0_t1118935740200_a21,high,20.0,2,5,1118935745600,1118935745100,10,21,3,1118935745100,1118935746100,3
train,8,s0_t1118935740200_a21,high,20.0,0,7,1118935746600,1118935746100,24,19,3,1118935746100,1118935747100,3
train,8,s0_t1118935740200_a21,high,20.0,2,7,1118935746600,1118935746100,21,10,3,1118935746100,1118935747100,3
train,8,s0_t1118935740200_a21,high,20.0,4,7,1118935746600,1118935746100,19,28,3,1118935746100,1118935747100,2
train,8,s0_t1118935740200_a21,high,20.0,3,9,1118935747600,1118935747100,26,24,3,1118935747100,1118935748100,2
train,8,s0_t1118935740200_a21,high,20.0,5,12,1118935749100,1118935748600,19,28,3,1118935748600,1118935749600,2
train,8,s0_t1118935740200_a21,high,20.0,1,15,1118935750600,1118935750100,20,10,3,1118935750100,1118935751100,2
train,8,s0_t1118935740200_a21,high,20.0,2,15,1118935750600,1118935750100,10,18,3,1118935750100,1118935751100,3
train,8,s0_t1118935740200_a21,high,20.0,2,16,1118935751100,1118935750600,18,10,3,1118935750600,1118935751600,2
train,8,s0_t1118935740200_a21,high,20.0,3,17,1118935751600,1118935751100,28,26,3,1118935751100,1118935752100,3
train,8,s0_t1118935740200_a21,high,20.0,4,17,1118935751600,1118935751100,20,10,3,1118935751100,1118935752100,3
train,8,s0_t1118935740200_a21,high,20.0,5,17,1118935751600,1118935751100,26,28,3,1118935751100,1118935752100,2
train,8,s0_t1118935740200_a21,high,20.0,3,21,1118935753600,1118935753100,26,28,3,1118935753100,1118935754100,2
train,8,s0_t1118935740200_a21,high,20.0,1,22,1118935754100,1118935753600,20,10,3,1118935753600,1118935754600,3
train,8,s0_t1118935740200_a21,high,20.0,5,22,1118935754100,1118935753600,19,18,3,1118935753600,1118935754600,2
train,8,s0_t1118935740200_a21,high,20.0,1,23,1118935754600,1118935754100,10,20,3,1118935754100,1118935755100,3
train,8,s0_t1118935740200_a21,high,20.0,2,24,1118935755100,1118935754600,19,21,3,1118935754600,1118935755600,3
train,8,s0_t1118935740200_a21,high,20.0,2,25,1118935755600,1118935755100,21,28,3,1118935755100,1118935756100,3
train,8,s0_t1118935740200_a21,high,20.0,2,26,1118935756100,1118935755600,28,19,3,1118935755600,1118935756600,3
train,8,s0_t1118935740200_a21,high,20.0,4,27,1118935756600,1118935756100,26,24,3,1118935756100,1118935757100,3
train,8,s0_t1118935740200_a21,high,20.0,4,28,1118935757100,1118935756600,24,26,3,1118935756600,1118935757600,3
train,8,s0_t1118935740200_a21,high,20.0,4,29,1118935757600,1118935757100,26,24,3,1118935757100,1118935758100,2
train,8,s0_t1118935740200_a21,high,20.0,6,29,1118935757600,1118935757100,10,21,3,1118935757100,1118935758100,3
train,8,s0_t1118935740200_a21,high,20.0,6,30,1118935758100,1118935757600,21,10,2,1118935757600,1118935758100,2
train,10,s0_t1118935740200_a59,high,-5.0,7,14,1118935750100,1118935749600,62,63,3,1118935749600,1118935750600,2
train,11,s0_t1118935760200_a58,high,-5.0,3,12,1118935769100,1118935768600,56,52,3,1118935768600,1118935769600,2
train,11,s0_t1118935760200_a58,high,0.0,4,12,1118935769100,1118935768600,56,52,3,1118935768600,1118935769600,2
train,11,s0_t1118935760200_a58,high,0.0,5,20,1118935773100,1118935772600,58,59,3,1118935772600,1118935773600,3
train,11,s0_t1118935760200_a58,high,5.0,4,12,1118935769100,1118935768600,56,52,3,1118935768600,1118935769600,2
train,11,s0_t1118935760200_a58,high,10.0,6,12,1118935769100,1118935768600,56,52,3,1118935768600,1118935769600,2
train,11,s0_t1118935760200_a58,high,15.0,6,12,1118935769100,1118935768600,56,52,3,1118935768600,1118935769600,2
train,11,s0_t1118935760200_a58,high,20.0,6,12,1118935769100,1118935768600,56,52,3,1118935768600,1118935769600,2
train,12,s0_t1118935760200_a79,high,-5.0,7,9,1118935767600,1118935767100,77,79,3,1118935767100,1118935768100,2
train,12,s0_t1118935760200_a79,high,-5.0,0,18,1118935772100,1118935771600,72,79,3,1118935771600,1118935772600,3
train,12,s0_t1118935760200_a79,high,0.0,5,1,1118935763600,1118935763100,80,76,3,1118935763100,1118935764100,2
train,12,s0_t1118935760200_a79,high,0.0,1,18,1118935772100,1118935771600,72,79,3,1118935771600,1118935772600,3
train,12,s0_t1118935760200_a79,high,5.0,5,1,1118935763600,1118935763100,80,76,3,1118935763100,1118935764100,2
train,12,s0_t1118935760200_a79,high,5.0,3,19,1118935772600,1118935772100,72,79,3,1118935772100,1118935773100,2
train,12,s0_t1118935760200_a79,high,10.0,5,1,1118935763600,1118935763100,80,76,3,1118935763100,1118935764100,2
train,12,s0_t1118935760200_a79,high,10.0,3,19,1118935772600,1118935772100,72,79,3,1118935772100,1118935773100,2
train,12,s0_t1118935760200_a79,high,15.0,5,1,1118935763600,1118935763100,80,76,3,1118935763100,1118935764100,2
train,12,s0_t1118935760200_a79,high,15.0,3,19,1118935772600,1118935772100,72,79,3,1118935772100,1118935773100,2
train,12,s0_t1118935760200_a79,high,20.0,5,1,1118935763600,1118935763100,80,76,3,1118935763100,1118935764100,2
train,12,s0_t1118935760200_a79,high,20.0,3,19,1118935772600,1118935772100,72,79,3,1118935772100,1118935773100,2
train,13,s0_t1118935760200_a85,high,-5.0,0,4,1118935765100,1118935764600,31,85,3,1118935764600,1118935765600,2
train,13,s0_t1118935760200_a85,high,-5.0,4,15,1118935770600,1118935770100,85,31,3,1118935770100,1118935771100,2
train,13,s0_t1118935760200_a85,high,-5.0,0,18,1118935772100,1118935771600,26,28,3,1118935771600,1118935772600,3
train,13,s0_t1118935760200_a85,high,-5.0,2,22,1118935774100,1118935773600,31,85,3,1118935773600,1118935774600,2
train,13,s0_t1118935760200_a85,high,-5.0,6,22,1118935774100,1118935773600,85,31,3,1118935773600,1118935774600,2
train,13,s0_t1118935760200_a85,high,0.0,2,10,1118935768100,1118935767600,24,26,3,1118935767600,1118935768600,3
train,13,s0_t1118935760200_a85,high,0.0,0,14,1118935770100,1118935769600,85,31,3,1118935769600,1118935770600,3
train,13,s0_t1118935760200_a85,high,0.0,3,14,1118935770100,1118935769600,86,64,3,1118935769600,1118935770600,3
train,13,s0_t1118935760200_a85,high,0.0,1,17,1118935771600,1118935771100,26,24,3,1118935771100,1118935772100,3
train,13,s0_t1118935760200_a85,high,0.0,1,18,1118935772100,1118935771600,24,26,3,1118935771600,1118935772600,3
train,13,s0_t1118935760200_a85,high,0.0,6,18,1118935772100,1118935771600,28,82,3,1118935771600,1118935772600,3
train,13,s0_t1118935760200_a85,high,0.0,2,22,1118935774100,1118935773600,86,64,3,1118935773600,1118935774600,3
train,13,s0_t1118935760200_a85,high,0.0,5,24,1118935775100,1118935774600,82,31,3,1118935774600,1118935775600,3
train,13,s0_t1118935760200_a85,high,0.0,5,25,1118935775600,1118935775100,31,82,3,1118935775100,1118935776100,3
train,13,s0_t1118935760200_a85,high,5.0,2,4,1118935765100,1118935764600,31,85,3,1118935764600,1118935765600,2
train,13,s0_t1118935760200_a85,high,5.0,3,10,1118935768100,1118935767600,24,26,3,1118935767600,1118935768600,3
train,13,s0_t1118935760200_a85,high,5.0,6,20,1118935773100,1118935772600,26,24,3,1118935772600,1118935773600,3
train,13,s0_t1118935760200_a85,high,5.0,7,21,1118935773600,1118935773100,86,64,3,1118935773100,1118935774100,3
train,13,s0_t1118935760200_a85,high,10.0,2,4,1118935765100,1118935764600,31,85,3,1118935764600,1118935765600,2
train,13,s0_t1118935760200_a85,high,10.0,3,10,1118935768100,1118935767600,24,26,3,1118935767600,1118935768600,3
train,13,s0_t1118935760200_a85,high,10.0,3,16,1118935771100,1118935770600,85,31,3,1118935770600,1118935771600,3
train,13,s0_t1118935760200_a85,high,15.0,2,4,1118935765100,1118935764600,31,85,3,1118935764600,1118935765600,2
train,13,s0_t1118935760200_a85,high,15.0,3,10,1118935768100,1118935767600,24,26,3,1118935767600,1118935768600,3
train,13,s0_t1118935760200_a85,high,15.0,2,15,1118935770600,1118935770100,31,85,3,1118935770100,1118935771100,3
train,13,s0_t1118935760200_a85,high,15.0,3,15,1118935770600,1118935770100,85,31,3,1118935770100,1118935771100,3
train,13,s0_t1118935760200_a85,high,15.0,7,21,1118935773600,1118935773100,86,64,3,1118935773100,1118935774100,3
train,13,s0_t1118935760200_a85,high,15.0,6,22,1118935774100,1118935773600,26,24,3,1118935773600,1118935774600,2
train,13,s0_t1118935760200_a85,high,15.0,5,25,1118935775600,1118935775100,31,82,3,1118935775100,1118935776100,3
train,13,s0_t1118935760200_a85,high,20.0,2,4,1118935765100,1118935764600,31,85,3,1118935764600,1118935765600,2
train,13,s0_t1118935760200_a85,high,20.0,3,10,1118935768100,1118935767600,24,26,3,1118935767600,1118935768600,3
train,13,s0_t1118935760200_a85,high,20.0,2,15,1118935770600,1118935770100,31,85,3,1118935770100,1118935771100,3
train,13,s0_t1118935760200_a85,high,20.0,3,15,1118935770600,1118935770100,85,31,3,1118935770100,1118935771100,3
train,13,s0_t1118935760200_a85,high,20.0,7,21,1118935773600,1118935773100,86,64,3,1118935773100,1118935774100,3
train,13,s0_t1118935760200_a85,high,20.0,6,22,1118935774100,1118935773600,26,24,3,1118935773600,1118935774600,2
train,17,s0_t1118935800200_a84,high,-5.0,6,12,1118935809100,1118935808600,106,116,3,1118935808600,1118935809600,3
train,17,s0_t1118935800200_a84,high,-5.0,0,14,1118935810100,1118935809600,112,99,3,1118935809600,1118935810600,3
train,17,s0_t1118935800200_a84,high,-5.0,6,14,1118935810100,1118935809600,116,106,3,1118935809600,1118935810600,3
train,17,s0_t1118935800200_a84,high,-5.0,0,15,1118935810600,1118935810100,99,112,3,1118935810100,1118935811100,3
train,17,s0_t1118935800200_a84,high,-5.0,0,17,1118935811600,1118935811100,112,99,3,1118935811100,1118935812100,2
train,17,s0_t1118935800200_a84,high,-5.0,5,22,1118935814100,1118935813600,84,106,3,1118935813600,1118935814600,3
train,17,s0_t1118935800200_a84,high,-5.0,5,27,1118935816600,1118935816100,106,84,3,1118935816100,1118935817100,3
train,17,s0_t1118935800200_a84,high,-5.0,5,30,1118935818100,1118935817600,84,106,2,1118935817600,1118935818100,2
train,17,s0_t1118935800200_a84,high,0.0,1,6,1118935806100,1118935805600,106,116,3,1118935805600,1118935806600,3
train,17,s0_t1118935800200_a84,high,0.0,3,6,1118935806100,1118935805600,84,106,3,1118935805600,1118935806600,3
train,17,s0_t1118935800200_a84,high,0.0,5,6,1118935806100,1118935805600,112,84,3,1118935805600,1118935806600,2
train,17,s0_t1118935800200_a84,high,0.0,6,13,1118935809600,1118935809100,112,99,3,1118935809100,1118935810100,3
train,17,s0_t1118935800200_a84,high,0.0,6,15,1118935810600,1118935810100,99,112,3,1118935810100,1118935811100,3
train,17,s0_t1118935800200_a84,high,0.0,7,15,1118935810600,1118935810100,112,99,3,1118935810100,1118935811100,3
train,17,s0_t1118935800200_a84,high,0.0,3,16,1118935811100,1118935810600,106,84,3,1118935810600,1118935811600,3
train,17,s0_t1118935800200_a84,high,0.0,1,18,1118935812100,1118935811600,116,106,3,1118935811600,1118935812600,3
train,17,s0_t1118935800200_a84,high,0.0,3,22,1118935814100,1118935813600,84,106,3,1118935813600,1118935814600,3
train,17,s0_t1118935800200_a84,high,0.0,3,24,1118935815100,1118935814600,106,84,3,1118935814600,1118935815600,3
train,17,s0_t1118935800200_a84,high,0.0,5,24,1118935815100,1118935814600,112,99,3,1118935814600,1118935815600,3
train,17,s0_t1118935800200_a84,high,0.0,5,28,1118935817100,1118935816600,99,112,3,1118935816600,1118935817600,3
train,17,s0_t1118935800200_a84,high,0.0,3,30,1118935818100,1118935817600,84,106,2,1118935817600,1118935818100,2
train,17,s0_t1118935800200_a84,high,5.0,2,1,1118935803600,1118935803100,106,116,3,1118935803100,1118935804100,3
train,17,s0_t1118935800200_a84,high,5.0,3,5,1118935805600,1118935805100,84,106,3,1118935805100,1118935806100,3
train,17,s0_t1118935800200_a84,high,5.0,5,5,1118935805600,1118935805100,112,84,3,1118935805100,1118935806100,3
train,17,s0_t1118935800200_a84,high,5.0,3,9,1118935807600,1118935807100,106,84,3,1118935807100,1118935808100,3
train,17,s0_t1118935800200_a84,high,5.0,3,10,1118935808100,1118935807600,84,106,3,1118935807600,1118935808600,3
train,17,s0_t1118935800200_a84,high,5.0,2,17,1118935811600,1118935811100,116,106,3,1118935811100,1118935812100,2
train,17,s0_t1118935800200_a84,high,5.0,3,17,1118935811600,1118935811100,106,84,3,1118935811100,1118935812100,3
train,17,s0_t1118935800200_a84,high,5.0,5,17,1118935811600,1118935811100,84,112,3,1118935811100,1118935812100,2
train,17,s0_t1118935800200_a84,high,5.0,1,21,1118935813600,1118935813100,99,112,3,1118935813100,1118935814100,3
train,17,s0_t1118935800200_a84,high,5.0,1,22,1118935814100,1118935813600,112,99,3,1118935813600,1118935814600,2
train,17,s0_t1118935800200_a84,high,5.0,3,22,1118935814100,1118935813600,84,106,3,1118935813600,1118935814600,3
train,17,s0_t1118935800200_a84,high,5.0,3,24,1118935815100,1118935814600,106,84,3,1118935814600,1118935815600,3
train,17,s0_t1118935800200_a84,high,5.0,5,29,1118935817600,1118935817100,112,99,3,1118935817100,1118935818100,2
train,17,s0_t1118935800200_a84,high,10.0,2,1,1118935803600,1118935803100,106,116,3,1118935803100,1118935804100,2
train,17,s0_t1118935800200_a84,high,10.0,3,5,1118935805600,1118935805100,84,106,3,1118935805100,1118935806100,3
train,17,s0_t1118935800200_a84,high,10.0,1,6,1118935806100,1118935805600,112,84,3,1118935805600,1118935806600,2
train,17,s0_t1118935800200_a84,high,10.0,2,6,1118935806100,1118935805600,99,112,3,1118935805600,1118935806600,2
train,17,s0_t1118935800200_a84,high,10.0,3,9,1118935807600,1118935807100,106,84,3,1118935807100,1118935808100,3
train,17,s0_t1118935800200_a84,high,10.0,3,10,1118935808100,1118935807600,84,106,3,1118935807600,1118935808600,3
train,17,s0_t1118935800200_a84,high,10.0,1,13,1118935809600,1118935809100,112,99,3,1118935809100,1118935810100,3
train,17,s0_t1118935800200_a84,high,10.0,0,15,1118935810600,1118935810100,116,106,3,1118935810100,1118935811100,3
train,17,s0_t1118935800200_a84,high,10.0,3,15,1118935810600,1118935810100,106,84,3,1118935810100,1118935811100,3
train,17,s0_t1118935800200_a84,high,10.0,0,18,1118935812100,1118935811600,106,116,3,1118935811600,1118935812600,3
train,17,s0_t1118935800200_a84,high,10.0,0,21,1118935813600,1118935813100,116,106,3,1118935813100,1118935814100,3
train,17,s0_t1118935800200_a84,high,10.0,0,22,1118935814100,1118935813600,106,116,3,1118935813600,1118935814600,2
train,17,s0_t1118935800200_a84,high,10.0,3,22,1118935814100,1118935813600,84,106,3,1118935813600,1118935814600,3
train,17,s0_t1118935800200_a84,high,10.0,3,24,1118935815100,1118935814600,106,84,3,1118935814600,1118935815600,3
train,17,s0_t1118935800200_a84,high,10.0,6,28,1118935817100,1118935816600,112,84,3,1118935816600,1118935817600,3
train,17,s0_t1118935800200_a84,high,15.0,2,4,1118935805100,1118935804600,116,106,3,1118935804600,1118935805600,3
train,17,s0_t1118935800200_a84,high,15.0,3,5,1118935805600,1118935805100,99,112,3,1118935805100,1118935806100,3
train,17,s0_t1118935800200_a84,high,15.0,2,6,1118935806100,1118935805600,106,116,3,1118935805600,1118935806600,3
train,17,s0_t1118935800200_a84,high,15.0,2,7,1118935806600,1118935806100,116,106,3,1118935806100,1118935807100,3
train,17,s0_t1118935800200_a84,high,15.0,2,9,1118935807600,1118935807100,106,116,3,1118935807100,1118935808100,3
train,17,s0_t1118935800200_a84,high,15.0,5,9,1118935807600,1118935807100,84,106,3,1118935807100,1118935808100,3
train,17,s0_t1118935800200_a84,high,15.0,5,15,1118935810600,1118935810100,106,84,3,1118935810100,1118935811100,3
train,17,s0_t1118935800200_a84,high,15.0,5,22,1118935814100,1118935813600,84,106,3,1118935813600,1118935814600,3
train,17,s0_t1118935800200_a84,high,15.0,3,23,1118935814600,1118935814100,99,112,3,1118935814100,1118935815100,3
train,17,s0_t1118935800200_a84,high,15.0,3,24,1118935815100,1118935814600,112,99,3,1118935814600,1118935815600,3
train,17,s0_t1118935800200_a84,high,15.0,5,24,1118935815100,1118935814600,106,84,3,1118935814600,1118935815600,3
train,17,s0_t1118935800200_a84,high,15.0,5,25,1118935815600,1118935815100,84,112,3,1118935815100,1118935816100,3
train,17,s0_t1118935800200_a84,high,15.0,3,26,1118935816100,1118935815600,99,112,3,1118935815600,1118935816600,3
train,17,s0_t1118935800200_a84,high,15.0,5,26,1118935816100,1118935815600,112,84,3,1118935815600,1118935816600,3
train,17,s0_t1118935800200_a84,high,15.0,3,28,1118935817100,1118935816600,112,99,3,1118935816600,1118935817600,3
train,17,s0_t1118935800200_a84,high,15.0,0,29,1118935817600,1118935817100,112,99,3,1118935817100,1118935818100,2
train,17,s0_t1118935800200_a84,high,15.0,3,29,1118935817600,1118935817100,99,112,3,1118935817100,1118935818100,3
train,17,s0_t1118935800200_a84,high,15.0,3,30,1118935818100,1118935817600,112,99,2,1118935817600,1118935818100,2
train,17,s0_t1118935800200_a84,high,20.0,2,4,1118935805100,1118935804600,116,106,3,1118935804600,1118935805600,3
train,17,s0_t1118935800200_a84,high,20.0,3,5,1118935805600,1118935805100,99,112,3,1118935805100,1118935806100,3
train,17,s0_t1118935800200_a84,high,20.0,2,6,1118935806100,1118935805600,106,116,3,1118935805600,1118935806600,3
train,17,s0_t1118935800200_a84,high,20.0,2,7,1118935806600,1118935806100,116,106,3,1118935806100,1118935807100,3
train,17,s0_t1118935800200_a84,high,20.0,2,9,1118935807600,1118935807100,106,116,3,1118935807100,1118935808100,3
train,17,s0_t1118935800200_a84,high,20.0,5,9,1118935807600,1118935807100,84,106,3,1118935807100,1118935808100,3
train,17,s0_t1118935800200_a84,high,20.0,5,15,1118935810600,1118935810100,106,84,3,1118935810100,1118935811100,3
train,17,s0_t1118935800200_a84,high,20.0,5,22,1118935814100,1118935813600,84,106,3,1118935813600,1118935814600,3
train,17,s0_t1118935800200_a84,high,20.0,5,24,1118935815100,1118935814600,106,84,3,1118935814600,1118935815600,3
train,17,s0_t1118935800200_a84,high,20.0,0,28,1118935817100,1118935816600,112,84,3,1118935816600,1118935817600,3
train,17,s0_t1118935800200_a84,high,20.0,1,29,1118935817600,1118935817100,112,99,3,1118935817100,1118935818100,2
train,18,s0_t1118935800200_a99,high,-5.0,6,1,1118935803600,1118935803100,96,113,3,1118935803100,1118935804100,3
train,18,s0_t1118935800200_a99,high,-5.0,6,2,1118935804100,1118935803600,113,96,3,1118935803600,1118935804600,3
train,18,s0_t1118935800200_a99,high,-5.0,2,4,1118935805100,1118935804600,99,96,3,1118935804600,1118935805600,2
train,18,s0_t1118935800200_a99,high,-5.0,6,4,1118935805100,1118935804600,96,113,3,1118935804600,1118935805600,3
train,18,s0_t1118935800200_a99,high,-5.0,1,5,1118935805600,1118935805100,116,106,3,1118935805100,1118935806100,3
train,18,s0_t1118935800200_a99,high,-5.0,3,5,1118935805600,1118935805100,106,84,3,1118935805100,1118935806100,3
train,18,s0_t1118935800200_a99,high,-5.0,6,5,1118935805600,1118935805100,113,96,3,1118935805100,1118935806100,3
train,18,s0_t1118935800200_a99,high,-5.0,1,6,1118935806100,1118935805600,106,116,3,1118935805600,1118935806600,3
train,18,s0_t1118935800200_a99,high,-5.0,0,8,1118935807100,1118935806600,99,112,3,1118935806600,1118935807600,3
train,18,s0_t1118935800200_a99,high,-5.0,3,8,1118935807100,1118935806600,84,106,3,1118935806600,1118935807600,3
train,18,s0_t1118935800200_a99,high,-5.0,7,8,1118935807100,1118935806600,112,84,3,1118935806600,1118935807600,2
train,18,s0_t1118935800200_a99,high,-5.0,0,9,1118935807600,1118935807100,112,50,3,1118935807100,1118935808100,2
train,18,s0_t1118935800200_a99,high,-5.0,2,9,1118935807600,1118935807100,50,113,3,1118935807100,1118935808100,2
train,18,s0_t1118935800200_a99,high,-5.0,0,17,1118935811600,1118935811100,99,112,3,1118935811100,1118935812100,3
train,18,s0_t1118935800200_a99,high,-5.0,4,17,1118935811600,1118935811100,112,50,3,1118935811100,1118935812100,3
train,18,s0_t1118935800200_a99,high,-5.0,5,18,1118935812100,1118935811600,113,96,3,1118935811600,1118935812600,3
train,18,s0_t1118935800200_a99,high,-5.0,0,20,1118935813100,1118935812600,112,99,3,1118935812600,1118935813600,3
train,18,s0_t1118935800200_a99,high,-5.0,1,21,1118935813600,1118935813100,116,106,3,1118935813100,1118935814100,2
train,18,s0_t1118935800200_a99,high,-5.0,3,21,1118935813600,1118935813100,106,84,3,1118935813100,1118935814100,3
train,18,s0_t1118935800200_a99,high,-5.0,2,24,1118935815100,1118935814600,112,113,3,1118935814600,1118935815600,3
train,18,s0_t1118935800200_a99,high,-5.0,0,25,1118935815600,1118935815100,99,112,3,1118935815100,1118935816100,3
train,18,s0_t1118935800200_a99,high,-5.0,3,26,1118935816100,1118935815600,84,106,3,1118935815600,1118935816600,3
train,18,s0_t1118935800200_a99,high,-5.0,5,26,1118935816100,1118935815600,96,113,3,1118935815600,1118935816600,3
train,18,s0_t1118935800200_a99,high,-5.0,1,28,1118935817100,1118935816600,99,84,3,1118935816600,1118935817600,2
train,18,s0_t1118935800200_a99,high,-5.0,7,28,1118935817100,1118935816600,84,106,3,1118935816600,1118935817600,2
train,18,s0_t1118935800200_a99,high,0.0,5,3,1118935804600,1118935804100,112,99,3,1118935804100,1118935805100,3
train,18,s0_t1118935800200_a99,high,0.0,4,4,1118935805100,1118935804600,84,106,3,1118935804600,1118935805600,3
train,18,s0_t1118935800200_a99,high,0.0,0,5,1118935805600,1118935805100,113,96,3,1118935805100,1118935806100,3
train,18,s0_t1118935800200_a99,high,0.0,5,8,1118935807100,1118935806600,99,112,3,1118935806600,1118935807600,3
train,18,s0_t1118935800200_a99,high,0.0,4,10,1118935808100,1118935807600,106,84,3,1118935807600,1118935808600,3
train,18,s0_t1118935800200_a99,high,0.0,4,12,1118935809100,1118935808600,84,106,3,1118935808600,1118935809600,3
train,18,s0_t1118935800200_a99,high,0.0,3,14,1118935810100,1118935809600,99,112,3,1118935809600,1118935810600,3
train,18,s0_t1118935800200_a99,high,0.0,5,14,1118935810100,1118935809600,112,84,3,1118935809600,1118935810600,2
train,18,s0_t1118935800200_a99,high,0.0,4,21,1118935813600,1118935813100,106,84,3,1118935813100,1118935814100,3
train,18,s0_t1118935800200_a99,high,0.0,7,21,1118935813600,1118935813100,116,106,3,1118935813100,1118935814100,3
train,18,s0_t1118935800200_a99,high,0.0,4,24,1118935815100,1118935814600,84,106,3,1118935814600,1118935815600,3
train,18,s0_t1118935800200_a99,high,0.0,7,24,1118935815100,1118935814600,106,116,3,1118935814600,1118935815600,3
train,18,s0_t1118935800200_a99,high,0.0,2,26,1118935816100,1118935815600,113,50,3,1118935815600,1118935816600,3
train,18,s0_t1118935800200_a99,high,0.0,2,27,1118935816600,1118935816100,50,113,3,1118935816100,1118935817100,3
train,18,s0_t1118935800200_a99,high,0.0,0,28,1118935817100,1118935816600,99,112,3,1118935816600,1118935817600,3
train,18,s0_t1118935800200_a99,high,0.0,5,30,1118935818100,1118935817600,96,50,2,1118935817600,1118935818100,2
train,18,s0_t1118935800200_a99,high,5.0,7,1,1118935803600,1118935803100,113,96,3,1118935803100,1118935804100,3
train,18,s0_t1118935800200_a99,high,5.0,2,3,1118935804600,1118935804100,112,99,3,1118935804100,1118935805100,3
train,18,s0_t1118935800200_a99,high,5.0,2,4,1118935805100,1118935804600,99,112,3,1118935804600,1118935805600,2
train,18,s0_t1118935800200_a99,high,5.0,5,6,1118935806100,1118935805600,99,112,3,1118935805600,1118935806600,3
train,18,s0_t1118935800200_a99,high,5.0,6,6,1118935806100,1118935805600,112,84,3,1118935805600,1118935806600,2
train,18,s0_t1118935800200_a99,high,5.0,3,7,1118935806600,1118935806100,113,96,3,1118935806100,1118935807100,3
train,18,s0_t1118935800200_a99,high,5.0,7,7,1118935806600,1118935806100,96,113,3,1118935806100,1118935807100,2
train,18,s0_t1118935800200_a99,high,5.0,3,8,1118935807100,1118935806600,96,113,3,1118935806600,1118935807600,3
train,18,s0_t1118935800200_a99,high,5.0,5,8,1118935807100,1118935806600,112,50,3,1118935806600,1118935807600,3
train,18,s0_t1118935800200_a99,high,5.0,4,10,1118935808100,1118935807600,96,50,3,1118935807600,1118935808600,2
train,18,s0_t1118935800200_a99,high,5.0,0,12,1118935809100,1118935808600,112,99,3,1118935808600,1118935809600,3
train,18,s0_t1118935800200_a99,high,5.0,1,12,1118935809100,1118935808600,116,106,3,1118935808600,1118935809600,3
train,18,s0_t1118935800200_a99,high,5.0,1,13,1118935809600,1118935809100,106,116,3,1118935809100,1118935810100,3
train,18,s0_t1118935800200_a99,high,5.0,3,13,1118935809600,1118935809100,113,50,3,1118935809100,1118935810100,3
train,18,s0_t1118935800200_a99,high,5.0,7,13,1118935809600,1118935809100,96,113,3,1118935809100,1118935810100,3
train,18,s0_t1118935800200_a99,high,5.0,0,16,1118935811100,1118935810600,99,112,3,1118935810600,1118935811600,3
train,18,s0_t1118935800200_a99,high,5.0,0,18,1118935812100,1118935811600,112,50,3,1118935811600,1118935812600,3
train,18,s0_t1118935800200_a99,high,5.0,0,19,1118935812600,1118935812100,50,112,3,1118935812100,1118935813100,3
train,18,s0_t1118935800200_a99,high,5.0,7,19,1118935812600,1118935812100,113,96,3,1118935812100,1118935813100,3
train,18,s0_t1118935800200_a99,high,5.0,1,22,1118935814100,1118935813600,116,106,3,1118935813600,1118935814600,3
train,18,s0_t1118935800200_a99,high,5.0,1,24,1118935815100,1118935814600,106,116,3,1118935814600,1118935815600,3
train,18,s0_t1118935800200_a99,high,5.0,3,24,1118935815100,1118935814600,84,106,3,1118935814600,1118935815600,3
train,18,s0_t1118935800200_a99,high,5.0,0,25,1118935815600,1118935815100,84,106,3,1118935815100,1118935816100,2
train,18,s0_t1118935800200_a99,high,5.0,3,25,1118935815600,1118935815100,106,84,3,1118935815100,1118935816100,3
train,18,s0_t1118935800200_a99,high,5.0,3,26,1118935816100,1118935815600,84,106,3,1118935815600,1118935816600,3
train,18,s0_t1118935800200_a99,high,5.0,4,26,1118935816100,1118935815600,96,113,3,1118935815600,1118935816600,2
train,18,s0_t1118935800200_a99,high,5.0,7,27,1118935816600,1118935816100,112,50,3,1118935816100,1118935817100,2
train,18,s0_t1118935800200_a99,high,5.0,6,28,1118935817100,1118935816600,96,112,3,1118935816600,1118935817600,3
train,18,s0_t1118935800200_a99,high,5.0,0,30,1118935818100,1118935817600,99,112,2,1118935817600,1118935818100,2
train,18,s0_t1118935800200_a99,high,10.0,0,4,1118935805100,1118935804600,113,96,3,1118935804600,1118935805600,3
train,18,s0_t1118935800200_a99,high,10.0,3,4,1118935805100,1118935804600,84,106,3,1118935804600,1118935805600,3
train,18,s0_t1118935800200_a99,high,10.0,5,4,1118935805100,1118935804600,96,113,3,1118935804600,1118935805600,3
train,18,s0_t1118935800200_a99,high,10.0,4,6,1118935806100,1118935805600,112,50,3,1118935805600,1118935806600,3
train,18,s0_t1118935800200_a99,high,10.0,5,6,1118935806100,1118935805600,113,96,3,1118935805600,1118935806600,3
train,18,s0_t1118935800200_a99,high,10.0,4,7,1118935806600,1118935806100,50,112,3,1118935806100,1118935807100,3
train,18,s0_t1118935800200_a99,high,10.0,6,7,1118935806600,1118935806100,112,50,3,1118935806100,1118935807100,2
train,18,s0_t1118935800200_a99,high,10.0,2,8,1118935807100,1118935806600,113,96,3,1118935806600,1118935807600,3
train,18,s0_t1118935800200_a99,high,10.0,4,8,1118935807100,1118935806600,112,50,3,1118935806600,1118935807600,3
train,18,s0_t1118935800200_a99,high,10.0,5,8,1118935807100,1118935806600,96,113,3,1118935806600,1118935807600,3
train,18,s0_t1118935800200_a99,high,10.0,3,10,1118935808100,1118935807600,106,84,3,1118935807600,1118935808600,3
train,18,s0_t1118935800200_a99,high,10.0,3,12,1118935809100,1118935808600,84,106,3,1118935808600,1118935809600,3
train,18,s0_t1118935800200_a99,high,10.0,7,12,1118935809100,1118935808600,112,99,3,1118935808600,1118935809600,3
train,18,s0_t1118935800200_a99,high,10.0,6,13,1118935809600,1118935809100,96,113,3,1118935809100,1118935810100,3
train,18,s0_t1118935800200_a99,high,10.0,7,16,1118935811100,1118935810600,99,50,3,1118935810600,1118935811600,2
train,18,s0_t1118935800200_a99,high,10.0,6,19,1118935812600,1118935812100,113,96,3,1118935812100,1118935813100,3
train,18,s0_t1118935800200_a99,high,10.0,3,21,1118935813600,1118935813100,106,84,3,1118935813100,1118935814100,3
train,18,s0_t1118935800200_a99,high,10.0,6,24,1118935815100,1118935814600,96,113,3,1118935814600,1118935815600,3
train,18,s0_t1118935800200_a99,high,10.0,3,25,1118935815600,1118935815100,84,106,3,1118935815100,1118935816100,3
train,18,s0_t1118935800200_a99,high,15.0,2,2,1118935804100,1118935803600,113,96,3,1118935803600,1118935804600,3
train,18,s0_t1118935800200_a99,high,15.0,3,4,1118935805100,1118935804600,84,106,3,1118935804600,1118935805600,3
train,18,s0_t1118935800200_a99,high,15.0,5,4,1118935805100,1118935804600,99,112,3,1118935804600,1118935805600,3
train,18,s0_t1118935800200_a99,high,15.0,0,5,1118935805600,1118935805100,113,96,3,1118935805100,1118935806100,3
train,18,s0_t1118935800200_a99,high,15.0,2,5,1118935805600,1118935805100,96,113,3,1118935805100,1118935806100,3
train,18,s0_t1118935800200_a99,high,15.0,5,5,1118935805600,1118935805100,112,99,3,1118935805100,1118935806100,3
train,18,s0_t1118935800200_a99,high,15.0,4,7,1118935806600,1118935806100,112,50,3,1118935806100,1118935807100,2
train,18,s0_t1118935800200_a99,high,15.0,6,7,1118935806600,1118935806100,50,113,3,1118935806100,1118935807100,3
train,18,s0_t1118935800200_a99,high,15.0,6,8,1118935807100,1118935806600,113,96,3,1118935806600,1118935807600,3
train,18,s0_t1118935800200_a99,high,15.0,7,8,1118935807100,1118935806600,112,50,3,1118935806600,1118935807600,3
train,18,s0_t1118935800200_a99,high,15.0,3,10,1118935808100,1118935807600,106,84,3,1118935807600,1118935808600,3
train,18,s0_t1118935800200_a99,high,15.0,2,11,1118935808600,1118935808100,112,99,3,1118935808100,1118935809100,2
train,18,s0_t1118935800200_a99,high,15.0,4,12,1118935809100,1118935808600,113,50,3,1118935808600,1118935809600,3
train,18,s0_t1118935800200_a99,high,15.0,5,12,1118935809100,1118935808600,96,113,3,1118935808600,1118935809600,3
train,18,s0_t1118935800200_a99,high,15.0,3,14,1118935810100,1118935809600,84,106,3,1118935809600,1118935810600,3
train,18,s0_t1118935800200_a99,high,15.0,5,17,1118935811600,1118935811100,113,50,3,1118935811100,1118935812100,3
train,18,s0_t1118935800200_a99,high,15.0,4,18,1118935812100,1118935811600,113,96,3,1118935811600,1118935812600,3
train,18,s0_t1118935800200_a99,high,15.0,4,19,1118935812600,1118935812100,96,113,3,1118935812100,1118935813100,3
train,18,s0_t1118935800200_a99,high,15.0,4,20,1118935813100,1118935812600,113,96,3,1118935812600,1118935813600,3
train,18,s0_t1118935800200_a99,high,15.0,5,20,1118935813100,1118935812600,50,113,3,1118935812600,1118935813600,3
train,18,s0_t1118935800200_a99,high,15.0,1,21,1118935813600,1118935813100,116,106,3,1118935813100,1118935814100,3
train,18,s0_t1118935800200_a99,high,15.0,3,21,1118935813600,1118935813100,106,84,3,1118935813100,1118935814100,3
train,18,s0_t1118935800200_a99,high,15.0,4,21,1118935813600,1118935813100,96,113,3,1118935813100,1118935814100,3
train,18,s0_t1118935800200_a99,high,15.0,5,21,1118935813600,1118935813100,113,50,3,1118935813100,1118935814100,3
train,18,s0_t1118935800200_a99,high,15.0,1,22,1118935814100,1118935813600,106,116,3,1118935813600,1118935814600,3
train,18,s0_t1118935800200_a99,high,15.0,4,23,1118935814600,1118935814100,113,96,3,1118935814100,1118935815100,3
train,18,s0_t1118935800200_a99,high,15.0,5,23,1118935814600,1118935814100,50,113,3,1118935814100,1118935815100,3
train,18,s0_t1118935800200_a99,high,15.0,4,24,1118935815100,1118935814600,96,113,3,1118935814600,1118935815600,3
train,18,s0_t1118935800200_a99,high,15.0,5,24,1118935815100,1118935814600,113,50,3,1118935814600,1118935815600,3
train,18,s0_t1118935800200_a99,high,15.0,0,25,1118935815600,1118935815100,112,99,3,1118935815100,1118935816100,3
train,18,s0_t1118935800200_a99,high,15.0,3,25,1118935815600,1118935815100,84,106,3,1118935815100,1118935816100,2
train,18,s0_t1118935800200_a99,high,15.0,6,25,1118935815600,1118935815100,99,112,3,1118935815100,1118935816100,3
train,18,s0_t1118935800200_a99,high,15.0,2,26,1118935816100,1118935815600,96,113,3,1118935815600,1118935816600,2
train,18,s0_t1118935800200_a99,high,15.0,4,26,1118935816100,1118935815600,113,96,3,1118935815600,1118935816600,3
train,18,s0_t1118935800200_a99,high,15.0,0,27,1118935816600,1118935816100,99,112,3,1118935816100,1118935817100,3
train,18,s0_t1118935800200_a99,high,15.0,5,27,1118935816600,1118935816100,50,113,3,1118935816100,1118935817100,3
train,18,s0_t1118935800200_a99,high,15.0,6,27,1118935816600,1118935816100,112,50,3,1118935816100,1118935817100,2
train,18,s0_t1118935800200_a99,high,15.0,0,28,1118935817100,1118935816600,112,99,3,1118935816600,1118935817600,2
train,18,s0_t1118935800200_a99,high,20.0,2,3,1118935804600,1118935804100,113,96,3,1118935804100,1118935805100,3
train,18,s0_t1118935800200_a99,high,20.0,3,3,1118935804600,1118935804100,84,106,3,1118935804100,1118935805100,3
train,18,s0_t1118935800200_a99,high,20.0,4,4,1118935805100,1118935804600,112,84,3,1118935804600,1118935805600,3
train,18,s0_t1118935800200_a99,high,20.0,5,4,1118935805100,1118935804600,99,112,3,1118935804600,1118935805600,3
train,18,s0_t1118935800200_a99,high,20.0,5,5,1118935805600,1118935805100,112,99,3,1118935805100,1118935806100,3
train,18,s0_t1118935800200_a99,high,20.0,7,5,1118935805600,1118935805100,99,112,3,1118935805100,1118935806100,2
train,18,s0_t1118935800200_a99,high,20.0,4,6,1118935806100,1118935805600,84,112,3,1118935805600,1118935806600,3
train,18,s0_t1118935800200_a99,high,20.0,4,7,1118935806600,1118935806100,112,99,3,1118935806100,1118935807100,3
train,18,s0_t1118935800200_a99,high,20.0,6,7,1118935806600,1118935806100,84,112,3,1118935806100,1118935807100,3
train,18,s0_t1118935800200_a99,high,20.0,2,8,1118935807100,1118935806600,96,113,3,1118935806600,1118935807600,3
train,18,s0_t1118935800200_a99,high,20.0,3,10,1118935808100,1118935807600,106,84,3,1118935807600,1118935808600,3
train,18,s0_t1118935800200_a99,high,20.0,3,11,1118935808600,1118935808100,84,106,3,1118935808100,1118935809100,3
train,18,s0_t1118935800200_a99,high,20.0,4,11,1118935808600,1118935808100,99,84,3,1118935808100,1118935809100,3
train,18,s0_t1118935800200_a99,high,20.0,4,12,1118935809100,1118935808600,84,112,3,1118935808600,1118935809600,3
train,18,s0_t1118935800200_a99,high,20.0,6,12,1118935809100,1118935808600,112,99,3,1118935808600,1118935809600,3
train,18,s0_t1118935800200_a99,high,20.0,7,12,1118935809100,1118935808600,99,84,3,1118935808600,1118935809600,2
train,18,s0_t1118935800200_a99,high,20.0,3,13,1118935809600,1118935809100,106,84,3,1118935809100,1118935810100,3
train,18,s0_t1118935800200_a99,high,20.0,3,14,1118935810100,1118935809600,84,106,3,1118935809600,1118935810600,3
train,18,s0_t1118935800200_a99,high,20.0,4,15,1118935810600,1118935810100,112,84,3,1118935810100,1118935811100,3
train,18,s0_t1118935800200_a99,high,20.0,0,16,1118935811100,1118935810600,96,113,3,1118935810600,1118935811600,3
train,18,s0_t1118935800200_a99,high,20.0,5,16,1118935811100,1118935810600,112,50,3,1118935810600,1118935811600,2
train,18,s0_t1118935800200_a99,high,20.0,4,17,1118935811600,1118935811100,84,112,3,1118935811100,1118935812100,2
train,18,s0_t1118935800200_a99,high,20.0,6,17,1118935811600,1118935811100,99,50,3,1118935811100,1118935812100,3
train,18,s0_t1118935800200_a99,high,20.0,0,19,1118935812600,1118935812100,113,96,3,1118935812100,1118935813100,3
train,18,s0_t1118935800200_a99,high,20.0,2,19,1118935812600,1118935812100,112,99,3,1118935812100,1118935813100,3
train,18,s0_t1118935800200_a99,high,20.0,6,19,1118935812600,1118935812100,50,112,3,1118935812100,1118935813100,3
train,18,s0_t1118935800200_a99,high,20.0,0,20,1118935813100,1118935812600,96,113,3,1118935812600,1118935813600,3
train,18,s0_t1118935800200_a99,high,20.0,2,20,1118935813100,1118935812600,99,96,3,1118935812600,1118935813600,2
train,18,s0_t1118935800200_a99,high,20.0,0,21,1118935813600,1118935813100,113,96,3,1118935813100,1118935814100,3
train,18,s0_t1118935800200_a99,high,20.0,1,22,1118935814100,1118935813600,116,106,3,1118935813600,1118935814600,3
train,18,s0_t1118935800200_a99,high,20.0,3,22,1118935814100,1118935813600,106,84,3,1118935813600,1118935814600,3
train,18,s0_t1118935800200_a99,high,20.0,7,22,1118935814100,1118935813600,112,99,3,1118935813600,1118935814600,2
train,18,s0_t1118935800200_a99,high,20.0,1,23,1118935814600,1118935814100,106,116,3,1118935814100,1118935815100,3
train,18,s0_t1118935800200_a99,high,20.0,3,25,1118935815600,1118935815100,84,106,3,1118935815100,1118935816100,3
train,18,s0_t1118935800200_a99,high,20.0,0,29,1118935817600,1118935817100,113,50,3,1118935817100,1118935818100,3
train,18,s0_t1118935800200_a99,high,20.0,4,29,1118935817600,1118935817100,50,113,3,1118935817100,1118935818100,2
train,18,s0_t1118935800200_a99,high,20.0,0,30,1118935818100,1118935817600,50,113,2,1118935817600,1118935818100,2
train,19,s0_t1118935800200_a101,high,-5.0,7,7,1118935806600,1118935806100,101,64,3,1118935806100,1118935807100,3
train,19,s0_t1118935800200_a101,high,-5.0,7,8,1118935807100,1118935806600,64,101,3,1118935806600,1118935807600,3
train,19,s0_t1118935800200_a101,high,5.0,6,8,1118935807100,1118935806600,101,64,3,1118935806600,1118935807600,3
train,19,s0_t1118935800200_a101,high,5.0,6,9,1118935807600,1118935807100,64,101,3,1118935807100,1118935808100,3
train,19,s0_t1118935800200_a101,high,10.0,5,20,1118935813100,1118935812600,64,101,3,1118935812600,1118935813600,3
train,19,s0_t1118935800200_a101,high,10.0,5,21,1118935813600,1118935813100,101,64,3,1118935813100,1118935814100,2
train,20,s0_t1118935820200_a113,high,-5.0,7,1,1118935823600,1118935823100,112,84,3,1118935823100,1118935824100,3
train,20,s0_t1118935820200_a113,high,0.0,7,1,1118935823600,1118935823100,112,84,3,1118935823100,1118935824100,3
train,20,s0_t1118935820200_a113,high,5.0,1,1,1118935823600,1118935823100,113,96,3,1118935823100,1118935824100,3
train,20,s0_t1118935820200_a113,high,5.0,6,1,1118935823600,1118935823100,112,84,3,1118935823100,1118935824100,3
train,20,s0_t1118935820200_a113,high,10.0,1,1,1118935823600,1118935823100,113,96,3,1118935823100,1118935824100,3
train,20,s0_t1118935820200_a113,high,10.0,6,1,1118935823600,1118935823100,112,84,3,1118935823100,1118935824100,3
train,20,s0_t1118935820200_a113,high,15.0,1,1,1118935823600,1118935823100,113,96,3,1118935823100,1118935824100,3
train,20,s0_t1118935820200_a113,high,15.0,6,1,1118935823600,1118935823100,112,84,3,1118935823100,1118935824100,3
train,20,s0_t1118935820200_a113,high,15.0,4,5,1118935825600,1118935825100,112,84,3,1118935825100,1118935826100,2
train,20,s0_t1118935820200_a113,high,20.0,1,4,1118935825100,1118935824600,50,112,3,1118935824600,1118935825600,2
train,20,s0_t1118935820200_a113,high,20.0,4,4,1118935825100,1118935824600,99,50,3,1118935824600,1118935825600,3
train,20,s0_t1118935820200_a113,high,20.0,7,4,1118935825100,1118935824600,112,99,3,1118935824600,1118935825600,3
train,20,s0_t1118935820200_a113,high,20.0,0,7,1118935826600,1118935826100,99,112,3,1118935826100,1118935827100,1
train,21,s0_t1118935820200_a143,high,-5.0,5,14,1118935830100,1118935829600,143,139,3,1118935829600,1118935830600,2
train,21,s0_t1118935820200_a143,high,-5.0,1,15,1118935830600,1118935830100,144,149,3,1118935830100,1118935831100,2
train,21,s0_t1118935820200_a143,high,-5.0,4,30,1118935838100,1118935837600,152,143,2,1118935837600,1118935838100,2
train,21,s0_t1118935820200_a143,high,0.0,6,6,1118935826100,1118935825600,140,139,3,1118935825600,1118935826600,2
train,21,s0_t1118935820200_a143,high,0.0,6,13,1118935829600,1118935829100,143,152,3,1118935829100,1118935830100,2
train,21,s0_t1118935820200_a143,high,0.0,4,25,1118935835600,1118935835100,143,152,3,1118935835100,1118935836100,2
train,21,s0_t1118935820200_a143,high,0.0,1,27,1118935836600,1118935836100,149,151,3,1118935836100,1118935837100,2
train,21,s0_t1118935820200_a143,high,5.0,0,1,1118935823600,1118935823100,152,143,3,1118935823100,1118935824100,3
train,21,s0_t1118935820200_a143,high,5.0,5,1,1118935823600,1118935823100,143,139,3,1118935823100,1118935824100,2
train,21,s0_t1118935820200_a143,high,5.0,6,1,1118935823600,1118935823100,149,144,3,1118935823100,1118935824100,2
train,21,s0_t1118935820200_a143,high,5.0,0,10,1118935828100,1118935827600,143,152,3,1118935827600,1118935828600,2
train,21,s0_t1118935820200_a143,high,5.0,6,10,1118935828100,1118935827600,139,143,3,1118935827600,1118935828600,2
train,21,s0_t1118935820200_a143,high,5.0,6,14,1118935830100,1118935829600,139,140,3,1118935829600,1118935830600,3
train,21,s0_t1118935820200_a143,high,5.0,6,23,1118935834600,1118935834100,143,152,3,1118935834100,1118935835100,2
train,21,s0_t1118935820200_a143,high,5.0,7,27,1118935836600,1118935836100,149,151,3,1118935836100,1118935837100,2
train,21,s0_t1118935820200_a143,high,10.0,0,1,1118935823600,1118935823100,152,143,3,1118935823100,1118935824100,3
train,21,s0_t1118935820200_a143,high,10.0,5,1,1118935823600,1118935823100,143,139,3,1118935823100,1118935824100,2
train,21,s0_t1118935820200_a143,high,10.0,0,6,1118935826100,1118935825600,143,139,3,1118935825600,1118935826600,3
train,21,s0_t1118935820200_a143,high,10.0,0,10,1118935828100,1118935827600,139,143,3,1118935827600,1118935828600,3
train,21,s0_t1118935820200_a143,high,10.0,6,27,1118935836600,1118935836100,149,151,3,1118935836100,1118935837100,2
train,21,s0_t1118935820200_a143,high,15.0,0,1,1118935823600,1118935823100,152,143,3,1118935823100,1118935824100,3
train,21,s0_t1118935820200_a143,high,15.0,5,1,1118935823600,1118935823100,143,139,3,1118935823100,1118935824100,2
train,21,s0_t1118935820200_a143,high,15.0,5,13,1118935829600,1118935829100,140,139,3,1118935829100,1118935830100,2
train,21,s0_t1118935820200_a143,high,15.0,7,27,1118935836600,1118935836100,143,139,3,1118935836100,1118935837100,3
train,21,s0_t1118935820200_a143,high,20.0,0,1,1118935823600,1118935823100,152,143,3,1118935823100,1118935824100,3
train,21,s0_t1118935820200_a143,high,20.0,5,1,1118935823600,1118935823100,143,139,3,1118935823100,1118935824100,2
train,21,s0_t1118935820200_a143,high,20.0,5,13,1118935829600,1118935829100,140,139,3,1118935829100,1118935830100,2
train,21,s0_t1118935820200_a143,high,20.0,7,27,1118935836600,1118935836100,143,139,3,1118935836100,1118935837100,3
train,22,s0_t1118935820200_a149,high,-5.0,4,2,1118935824100,1118935823600,139,140,3,1118935823600,1118935824600,3
train,22,s0_t1118935820200_a149,high,-5.0,2,5,1118935825600,1118935825100,143,152,3,1118935825100,1118935826100,3
train,22,s0_t1118935820200_a149,high,-5.0,1,6,1118935826100,1118935825600,144,149,3,1118935825600,1118935826600,3
train,22,s0_t1118935820200_a149,high,-5.0,2,6,1118935826100,1118935825600,152,143,3,1118935825600,1118935826600,3
train,22,s0_t1118935820200_a149,high,-5.0,6,6,1118935826100,1118935825600,143,152,3,1118935825600,1118935826600,2
train,22,s0_t1118935820200_a149,high,-5.0,2,9,1118935827600,1118935827100,143,139,3,1118935827100,1118935828100,2
train,22,s0_t1118935820200_a149,high,-5.0,4,12,1118935829100,1118935828600,152,143,3,1118935828600,1118935829600,3
train,22,s0_t1118935820200_a149,high,-5.0,6,12,1118935829100,1118935828600,143,139,3,1118935828600,1118935829600,3
train,22,s0_t1118935820200_a149,high,-5.0,4,15,1118935830600,1118935830100,143,139,3,1118935830100,1118935831100,2
train,22,s0_t1118935820200_a149,high,-5.0,6,15,1118935830600,1118935830100,139,143,3,1118935830100,1118935831100,3
train,22,s0_t1118935820200_a149,high,-5.0,1,16,1118935831100,1118935830600,144,149,3,1118935830600,1118935831600,3
train,22,s0_t1118935820200_a149,high,-5.0,1,19,1118935832600,1118935832100,149,144,3,1118935832100,1118935833100,3
train,22,s0_t1118935820200_a149,high,-5.0,5,22,1118935834100,1118935833600,143,152,3,1118935833600,1118935834600,3
train,22,s0_t1118935820200_a149,high,-5.0,5,24,1118935835100,1118935834600,152,143,3,1118935834600,1118935835600,3
train,22,s0_t1118935820200_a149,high,-5.0,1,25,1118935835600,1118935835100,144,149,3,1118935835100,1118935836100,3
train,22,s0_t1118935820200_a149,high,-5.0,5,25,1118935835600,1118935835100,143,152,3,1118935835100,1118935836100,3
train,22,s0_t1118935820200_a149,high,-5.0,1,26,1118935836100,1118935835600,149,144,3,1118935835600,1118935836600,3
train,22,s0_t1118935820200_a149,high,-5.0,1,27,1118935836600,1118935836100,144,149,3,1118935836100,1118935837100,3
train,22,s0_t1118935820200_a149,high,-5.0,3,27,1118935836600,1118935836100,139,140,3,1118935836100,1118935837100,2
train,22,s0_t1118935820200_a149,high,-5.0,5,28,1118935837100,1118935836600,152,143,3,1118935836600,1118935837600,3
train,22,s0_t1118935820200_a149,high,-5.0,1,29,1118935837600,1118935837100,149,144,3,1118935837100,1118935838100,3
train,22,s0_t1118935820200_a149,high,-5.0,4,29,1118935837600,1118935837100,144,149,3,1118935837100,1118935838100,3
train,22,s0_t1118935820200_a149,high,0.0,1,2,1118935824100,1118935823600,144,149,3,1118935823600,1118935824600,3
train,22,s0_t1118935820200_a149,high,0.0,1,4,1118935825100,1118935824600,149,144,3,1118935824600,1118935825600,3
train,22,s0_t1118935820200_a149,high,0.0,1,5,1118935825600,1118935825100,144,149,3,1118935825100,1118935826100,3
train,22,s0_t1118935820200_a149,high,0.0,3,5,1118935825600,1118935825100,143,152,3,1118935825100,1118935826100,3
train,22,s0_t1118935820200_a149,high,0.0,3,6,1118935826100,1118935825600,152,143,3,1118935825600,1118935826600,3
train,22,s0_t1118935820200_a149,high,0.0,1,8,1118935827100,1118935826600,149,144,3,1118935826600,1118935827600,3
train,22,s0_t1118935820200_a149,high,0.0,2,18,1118935832100,1118935831600,143,139,3,1118935831600,1118935832600,3
train,22,s0_t1118935820200_a149,high,0.0,1,24,1118935835100,1118935834600,144,149,3,1118935834600,1118935835600,3
train,22,s0_t1118935820200_a149,high,0.0,1,25,1118935835600,1118935835100,149,144,3,1118935835100,1118935836100,3
train,22,s0_t1118935820200_a149,high,5.0,5,3,1118935824600,1118935824100,149,144,3,1118935824100,1118935825100,3
train,22,s0_t1118935820200_a149,high,5.0,1,6,1118935826100,1118935825600,152,143,3,1118935825600,1118935826600,3
train,22,s0_t1118935820200_a149,high,5.0,3,16,1118935831100,1118935830600,144,149,3,1118935830600,1118935831600,2
train,22,s0_t1118935820200_a149,high,5.0,4,16,1118935831100,1118935830600,143,152,3,1118935830600,1118935831600,3
train,22,s0_t1118935820200_a149,high,5.0,1,19,1118935832600,1118935832100,139,143,3,1118935832100,1118935833100,3
train,22,s0_t1118935820200_a149,high,5.0,2,19,1118935832600,1118935832100,143,139,3,1118935832100,1118935833100,3
train,22,s0_t1118935820200_a149,high,5.0,2,21,1118935833600,1118935833100,139,143,3,1118935833100,1118935834100,3
train,22,s0_t1118935820200_a149,high,5.0,7,22,1118935834100,1118935833600,149,144,3,1118935833600,1118935834600,3
train,22,s0_t1118935820200_a149,high,5.0,7,23,1118935834600,1118935834100,144,149,3,1118935834100,1118935835100,3
train,22,s0_t1118935820200_a149,high,5.0,7,25,1118935835600,1118935835100,149,144,3,1118935835100,1118935836100,3
train,22,s0_t1118935820200_a149,high,5.0,4,27,1118935836600,1118935836100,152,143,3,1118935836100,1118935837100,3
train,22,s0_t1118935820200_a149,high,10.0,2,6,1118935826100,1118935825600,149,144,3,1118935825600,1118935826600,3
train,22,s0_t1118935820200_a149,high,10.0,2,7,1118935826600,1118935826100,144,149,3,1118935826100,1118935827100,3
train,22,s0_t1118935820200_a149,high,10.0,3,7,1118935826600,1118935826100,152,143,3,1118935826100,1118935827100,3
train,22,s0_t1118935820200_a149,high,10.0,6,7,1118935826600,1118935826100,143,139,3,1118935826100,1118935827100,3
train,22,s0_t1118935820200_a149,high,10.0,3,9,1118935827600,1118935827100,143,139,3,1118935827100,1118935828100,2
train,22,s0_t1118935820200_a149,high,10.0,6,9,1118935827600,1118935827100,139,143,3,1118935827100,1118935828100,3
train,22,s0_t1118935820200_a149,high,10.0,2,10,1118935828100,1118935827600,149,144,3,1118935827600,1118935828600,3
train,22,s0_t1118935820200_a149,high,10.0,2,11,1118935828600,1118935828100,144,149,3,1118935828100,1118935829100,3
train,22,s0_t1118935820200_a149,high,10.0,2,12,1118935829100,1118935828600,149,144,3,1118935828600,1118935829600,3
train,22,s0_t1118935820200_a149,high,10.0,7,18,1118935832100,1118935831600,144,149,3,1118935831600,1118935832600,3
train,22,s0_t1118935820200_a149,high,10.0,1,19,1118935832600,1118935832100,143,139,3,1118935832100,1118935833100,2
train,22,s0_t1118935820200_a149,high,10.0,6,20,1118935833100,1118935832600,152,143,3,1118935832600,1118935833600,3
train,22,s0_t1118935820200_a149,high,10.0,7,20,1118935833100,1118935832600,149,144,3,1118935832600,1118935833600,3
train,22,s0_t1118935820200_a149,high,10.0,6,21,1118935833600,1118935833100,143,152,3,1118935833100,1118935834100,3
train,22,s0_t1118935820200_a149,high,10.0,1,25,1118935835600,1118935835100,143,152,3,1118935835100,1118935836100,3
train,22,s0_t1118935820200_a149,high,15.0,2,6,1118935826100,1118935825600,149,144,3,1118935825600,1118935826600,3
train,22,s0_t1118935820200_a149,high,15.0,2,7,1118935826600,1118935826100,144,149,3,1118935826100,1118935827100,3
train,22,s0_t1118935820200_a149,high,15.0,3,7,1118935826600,1118935826100,152,143,3,1118935826100,1118935827100,3
train,22,s0_t1118935820200_a149,high,15.0,6,7,1118935826600,1118935826100,143,139,3,1118935826100,1118935827100,3
train,22,s0_t1118935820200_a149,high,15.0,3,9,1118935827600,1118935827100,143,139,3,1118935827100,1118935828100,2
train,22,s0_t1118935820200_a149,high,15.0,6,9,1118935827600,1118935827100,139,143,3,1118935827100,1118935828100,3
train,22,s0_t1118935820200_a149,high,15.0,2,12,1118935829100,1118935828600,149,144,3,1118935828600,1118935829600,3
train,22,s0_t1118935820200_a149,high,15.0,7,18,1118935832100,1118935831600,144,149,3,1118935831600,1118935832600,3
train,22,s0_t1118935820200_a149,high,15.0,1,19,1118935832600,1118935832100,143,139,3,1118935832100,1118935833100,2
train,22,s0_t1118935820200_a149,high,15.0,6,20,1118935833100,1118935832600,152,143,3,1118935832600,1118935833600,3
train,22,s0_t1118935820200_a149,high,15.0,7,20,1118935833100,1118935832600,149,144,3,1118935832600,1118935833600,3
train,22,s0_t1118935820200_a149,high,15.0,6,21,1118935833600,1118935833100,143,152,3,1118935833100,1118935834100,3
train,22,s0_t1118935820200_a149,high,15.0,7,26,1118935836100,1118935835600,149,144,3,1118935835600,1118935836600,3
train,22,s0_t1118935820200_a149,high,20.0,7,2,1118935824100,1118935823600,143,139,3,1118935823600,1118935824600,3
train,22,s0_t1118935820200_a149,high,20.0,5,3,1118935824600,1118935824100,143,152,3,1118935824100,1118935825100,3
train,22,s0_t1118935820200_a149,high,20.0,7,3,1118935824600,1118935824100,139,143,3,1118935824100,1118935825100,3
train,22,s0_t1118935820200_a149,high,20.0,7,4,1118935825100,1118935824600,143,139,3,1118935824600,1118935825600,2
train,22,s0_t1118935820200_a149,high,20.0,5,7,1118935826600,1118935826100,152,143,3,1118935826100,1118935827100,3
train,22,s0_t1118935820200_a149,high,20.0,4,8,1118935827100,1118935826600,144,149,3,1118935826600,1118935827600,3
train,22,s0_t1118935820200_a149,high,20.0,4,12,1118935829100,1118935828600,149,144,3,1118935828600,1118935829600,3
train,22,s0_t1118935820200_a149,high,20.0,6,19,1118935832600,1118935832100,143,139,3,1118935832100,1118935833100,2
train,22,s0_t1118935820200_a149,high,20.0,4,20,1118935833100,1118935832600,152,143,3,1118935832600,1118935833600,3
train,22,s0_t1118935820200_a149,high,20.0,4,21,1118935833600,1118935833100,143,152,3,1118935833100,1118935834100,3
train,22,s0_t1118935820200_a149,high,20.0,2,24,1118935835100,1118935834600,144,149,3,1118935834600,1118935835600,3
train,22,s0_t1118935820200_a149,high,20.0,2,26,1118935836100,1118935835600,149,144,3,1118935835600,1118935836600,3
train,22,s0_t1118935820200_a149,high,20.0,4,29,1118935837600,1118935837100,139,140,3,1118935837100,1118935838100,3
train,23,s0_t1118935840200_a124,high,-5.0,5,2,1118935844100,1118935843600,121,75,3,1118935843600,1118935844600,3
train,23,s0_t1118935840200_a124,high,-5.0,3,10,1118935848100,1118935847600,124,122,3,1118935847600,1118935848600,3
train,23,s0_t1118935840200_a124,high,0.0,3,2,1118935844100,1118935843600,124,122,3,1118935843600,1118935844600,3
train,23,s0_t1118935840200_a124,high,0.0,3,3,1118935844600,1118935844100,122,124,3,1118935844100,1118935845100,3
train,23,s0_t1118935840200_a124,high,0.0,2,4,1118935845100,1118935844600,64,101,3,1118935844600,1118935845600,3
train,23,s0_t1118935840200_a124,high,0.0,2,5,1118935845600,1118935845100,101,64,3,1118935845100,1118935846100,3
train,23,s0_t1118935840200_a124,high,0.0,3,11,1118935848600,1118935848100,124,122,3,1118935848100,1118935849100,3
train,23,s0_t1118935840200_a124,high,0.0,5,13,1118935849600,1118935849100,101,135,3,1118935849100,1118935850100,2
train,23,s0_t1118935840200_a124,high,5.0,3,10,1118935848100,1118935847600,124,122,3,1118935847600,1118935848600,3
train,23,s0_t1118935840200_a124,high,5.0,0,13,1118935849600,1118935849100,101,135,3,1118935849100,1118935850100,3
train,23,s0_t1118935840200_a124,high,5.0,0,15,1118935850600,1118935850100,135,101,3,1118935850100,1118935851100,3
train,23,s0_t1118935840200_a124,high,10.0,1,1,1118935843600,1118935843100,75,121,3,1118935843100,1118935844100,2
train,23,s0_t1118935840200_a124,high,10.0,3,8,1118935847100,1118935846600,124,122,3,1118935846600,1118935847600,3
train,23,s0_t1118935840200_a124,high,10.0,1,13,1118935849600,1118935849100,101,135,3,1118935849100,1118935850100,2
train,23,s0_t1118935840200_a124,high,10.0,6,16,1118935851100,1118935850600,64,135,3,1118935850600,1118935851600,1
train,23,s0_t1118935840200_a124,high,15.0,3,8,1118935847100,1118935846600,124,122,3,1118935846600,1118935847600,3
train,23,s0_t1118935840200_a124,high,15.0,3,9,1118935847600,1118935847100,122,124,3,1118935847100,1118935848100,3
train,23,s0_t1118935840200_a124,high,15.0,3,10,1118935848100,1118935847600,124,122,3,1118935847600,1118935848600,3
train,23,s0_t1118935840200_a124,high,15.0,7,16,1118935851100,1118935850600,101,135,3,1118935850600,1118935851600,1
train,23,s0_t1118935840200_a124,high,15.0,3,17,1118935851600,1118935851100,64,101,3,1118935851100,1118935852100,0
train,23,s0_t1118935840200_a124,high,20.0,3,8,1118935847100,1118935846600,124,122,3,1118935846600,1118935847600,3
train,23,s0_t1118935840200_a124,high,20.0,3,9,1118935847600,1118935847100,122,124,3,1118935847100,1118935848100,3
train,23,s0_t1118935840200_a124,high,20.0,3,10,1118935848100,1118935847600,124,122,3,1118935847600,1118935848600,3
train,23,s0_t1118935840200_a124,high,20.0,7,16,1118935851100,1118935850600,101,135,3,1118935850600,1118935851600,1
train,23,s0_t1118935840200_a124,high,20.0,3,17,1118935851600,1118935851100,64,101,3,1118935851100,1118935852100,0
train,24,s0_t1118935840200_a126,high,-5.0,4,7,1118935846600,1118935846100,128,158,3,1118935846100,1118935847100,3
train,24,s0_t1118935840200_a126,high,-5.0,0,13,1118935849600,1118935849100,145,128,3,1118935849100,1118935850100,3
train,24,s0_t1118935840200_a126,high,-5.0,2,19,1118935852600,1118935852100,145,128,3,1118935852100,1118935853100,2
train,24,s0_t1118935840200_a126,high,0.0,7,5,1118935845600,1118935845100,126,141,3,1118935845100,1118935846100,2
train,24,s0_t1118935840200_a126,high,0.0,1,13,1118935849600,1118935849100,145,128,3,1118935849100,1118935850100,3
train,24,s0_t1118935840200_a126,high,5.0,6,3,1118935844600,1118935844100,126,145,3,1118935844100,1118935845100,2
train,24,s0_t1118935840200_a126,high,5.0,7,5,1118935845600,1118935845100,126,141,3,1118935845100,1118935846100,2
train,24,s0_t1118935840200_a126,high,5.0,0,13,1118935849600,1118935849100,145,128,3,1118935849100,1118935850100,3
train,24,s0_t1118935840200_a126,high,5.0,0,22,1118935854100,1118935853600,128,145,3,1118935853600,1118935854600,3
train,24,s0_t1118935840200_a126,high,5.0,0,23,1118935854600,1118935854100,145,128,3,1118935854100,1118935855100,3
train,24,s0_t1118935840200_a126,high,5.0,0,25,1118935855600,1118935855100,128,145,3,1118935855100,1118935856100,2
train,24,s0_t1118935840200_a126,high,10.0,6,3,1118935844600,1118935844100,126,145,3,1118935844100,1118935845100,2
train,24,s0_t1118935840200_a126,high,10.0,3,6,1118935846100,1118935845600,129,128,3,1118935845600,1118935846600,3
train,24,s0_t1118935840200_a126,high,10.0,4,6,1118935846100,1118935845600,141,127,3,1118935845600,1118935846600,2
train,24,s0_t1118935840200_a126,high,10.0,7,13,1118935849600,1118935849100,145,128,3,1118935849100,1118935850100,3
train,24,s0_t1118935840200_a126,high,10.0,7,22,1118935854100,1118935853600,128,145,3,1118935853600,1118935854600,3
train,24,s0_t1118935840200_a126,high,10.0,7,23,1118935854600,1118935854100,145,128,3,1118935854100,1118935855100,3
train,24,s0_t1118935840200_a126,high,10.0,7,25,1118935855600,1118935855100,128,145,3,1118935855100,1118935856100,2
train,24,s0_t1118935840200_a126,high,15.0,6,3,1118935844600,1118935844100,126,145,3,1118935844100,1118935845100,2
train,24,s0_t1118935840200_a126,high,15.0,3,6,1118935846100,1118935845600,129,128,3,1118935845600,1118935846600,3
train,24,s0_t1118935840200_a126,high,15.0,4,6,1118935846100,1118935845600,141,127,3,1118935845600,1118935846600,2
train,24,s0_t1118935840200_a126,high,15.0,7,13,1118935849600,1118935849100,145,128,3,1118935849100,1118935850100,3
train,24,s0_t1118935840200_a126,high,15.0,7,22,1118935854100,1118935853600,128,145,3,1118935853600,1118935854600,3
train,24,s0_t1118935840200_a126,high,15.0,7,23,1118935854600,1118935854100,145,128,3,1118935854100,1118935855100,3
train,24,s0_t1118935840200_a126,high,20.0,6,3,1118935844600,1118935844100,126,145,3,1118935844100,1118935845100,2
train,24,s0_t1118935840200_a126,high,20.0,3,6,1118935846100,1118935845600,129,128,3,1118935845600,1118935846600,3
train,24,s0_t1118935840200_a126,high,20.0,4,6,1118935846100,1118935845600,141,127,3,1118935845600,1118935846600,2
train,24,s0_t1118935840200_a126,high,20.0,7,13,1118935849600,1118935849100,145,128,3,1118935849100,1118935850100,3
train,24,s0_t1118935840200_a126,high,20.0,7,22,1118935854100,1118935853600,128,145,3,1118935853600,1118935854600,3
train,24,s0_t1118935840200_a126,high,20.0,7,23,1118935854600,1118935854100,145,128,3,1118935854100,1118935855100,3
train,25,s0_t1118935840200_a135,high,-5.0,6,1,1118935843600,1118935843100,75,121,3,1118935843100,1118935844100,2
train,25,s0_t1118935840200_a135,high,-5.0,0,4,1118935845100,1118935844600,122,124,3,1118935844600,1118935845600,3
train,25,s0_t1118935840200_a135,high,-5.0,3,11,1118935848600,1118935848100,81,121,3,1118935848100,1118935849100,2
train,25,s0_t1118935840200_a135,high,0.0,2,1,1118935843600,1118935843100,101,64,3,1118935843100,1118935844100,3
train,25,s0_t1118935840200_a135,high,0.0,3,11,1118935848600,1118935848100,81,121,3,1118935848100,1118935849100,3
train,25,s0_t1118935840200_a135,high,0.0,5,13,1118935849600,1118935849100,135,101,3,1118935849100,1118935850100,2
train,25,s0_t1118935840200_a135,high,5.0,3,11,1118935848600,1118935848100,81,121,3,1118935848100,1118935849100,3
train,25,s0_t1118935840200_a135,high,5.0,0,12,1118935849100,1118935848600,124,122,3,1118935848600,1118935849600,2
train,25,s0_t1118935840200_a135,high,10.0,0,6,1118935846100,1118935845600,124,122,3,1118935845600,1118935846600,3
train,25,s0_t1118935840200_a135,high,10.0,3,11,1118935848600,1118935848100,81,121,3,1118935848100,1118935849100,3
train,25,s0_t1118935840200_a135,high,15.0,0,8,1118935847100,1118935846600,124,122,3,1118935846600,1118935847600,3
train,25,s0_t1118935840200_a135,high,15.0,3,11,1118935848600,1118935848100,81,121,3,1118935848100,1118935849100,3
train,25,s0_t1118935840200_a135,high,20.0,0,8,1118935847100,1118935846600,124,122,3,1118935846600,1118935847600,3
train,25,s0_t1118935840200_a135,high,20.0,3,11,1118935848600,1118935848100,81,121,3,1118935848100,1118935849100,3
train,25,s0_t1118935840200_a135,high,20.0,4,16,1118935851100,1118935850600,101,135,3,1118935850600,1118935851600,1
train,26,s0_t1118935860200_a163,high,0.0,1,15,1118935870600,1118935870100,168,161,3,1118935870100,1118935871100,3
train,27,s0_t1118935860200_a175,high,-5.0,1,7,1118935866600,1118935866100,180,181,3,1118935866100,1118935867100,3
train,27,s0_t1118935860200_a175,high,-5.0,1,9,1118935867600,1118935867100,181,180,3,1118935867100,1118935868100,3
train,27,s0_t1118935860200_a175,high,0.0,5,7,1118935866600,1118935866100,180,181,3,1118935866100,1118935867100,3
train,27,s0_t1118935860200_a175,high,0.0,5,9,1118935867600,1118935867100,181,180,3,1118935867100,1118935868100,3
train,27,s0_t1118935860200_a175,high,0.0,3,23,1118935874600,1118935874100,180,173,3,1118935874100,1118935875100,3
train,27,s0_t1118935860200_a175,high,10.0,4,15,1118935870600,1118935870100,180,181,3,1118935870100,1118935871100,3
train,27,s0_t1118935860200_a175,high,15.0,3,2,1118935864100,1118935863600,174,181,3,1118935863600,1118935864600,3
train,27,s0_t1118935860200_a175,high,15.0,0,13,1118935869600,1118935869100,180,181,3,1118935869100,1118935870100,2
train,27,s0_t1118935860200_a175,high,20.0,3,2,1118935864100,1118935863600,174,181,3,1118935863600,1118935864600,3
train,27,s0_t1118935860200_a175,high,20.0,0,13,1118935869600,1118935869100,180,181,3,1118935869100,1118935870100,2
train,27,s0_t1118935860200_a175,high,20.0,4,24,1118935875100,1118935874600,180,173,3,1118935874600,1118935875600,3
train,27,s0_t1118935860200_a175,high,20.0,7,27,1118935876600,1118935876100,180,173,3,1118935876100,1118935877100,3
train,28,s0_t1118935860200_a181,high,-5.0,7,5,1118935865600,1118935865100,174,181,3,1118935865100,1118935866100,3
train,28,s0_t1118935860200_a181,high,-5.0,7,6,1118935866100,1118935865600,181,174,3,1118935865600,1118935866600,2
train,28,s0_t1118935860200_a181,high,-5.0,0,9,1118935867600,1118935867100,181,180,3,1118935867100,1118935868100,3
train,28,s0_t1118935860200_a181,high,-5.0,0,10,1118935868100,1118935867600,180,181,3,1118935867600,1118935868600,2
train,28,s0_t1118935860200_a181,high,0.0,1,1,1118935863600,1118935863100,174,181,3,1118935863100,1118935864100,3
train,28,s0_t1118935860200_a181,high,0.0,7,10,1118935868100,1118935867600,181,180,3,1118935867600,1118935868600,3
train,28,s0_t1118935860200_a181,high,0.0,7,13,1118935869600,1118935869100,180,181,3,1118935869100,1118935870100,3
train,28,s0_t1118935860200_a181,high,0.0,0,24,1118935875100,1118935874600,181,179,3,1118935874600,1118935875600,3
train,28,s0_t1118935860200_a181,high,0.0,0,25,1118935875600,1118935875100,179,181,3,1118935875100,1118935876100,3
train,28,s0_t1118935860200_a181,high,5.0,1,1,1118935863600,1118935863100,174,181,3,1118935863100,1118935864100,3
train,28,s0_t1118935860200_a181,high,5.0,3,10,1118935868100,1118935867600,180,181,3,1118935867600,1118935868600,2
train,28,s0_t1118935860200_a181,high,5.0,0,13,1118935869600,1118935869100,180,181,3,1118935869100,1118935870100,3
train,28,s0_t1118935860200_a181,high,5.0,6,24,1118935875100,1118935874600,181,179,3,1118935874600,1118935875600,3
train,28,s0_t1118935860200_a181,high,5.0,6,25,1118935875600,1118935875100,179,181,3,1118935875100,1118935876100,3
train,28,s0_t1118935860200_a181,high,10.0,1,1,1118935863600,1118935863100,174,181,3,1118935863100,1118935864100,3
train,28,s0_t1118935860200_a181,high,10.0,3,10,1118935868100,1118935867600,180,181,3,1118935867600,1118935868600,2
train,28,s0_t1118935860200_a181,high,10.0,0,13,1118935869600,1118935869100,180,181,3,1118935869100,1118935870100,3
train,28,s0_t1118935860200_a181,high,15.0,1,1,1118935863600,1118935863100,174,181,3,1118935863100,1118935864100,3
train,28,s0_t1118935860200_a181,high,15.0,3,10,1118935868100,1118935867600,180,181,3,1118935867600,1118935868600,2
train,28,s0_t1118935860200_a181,high,15.0,0,13,1118935869600,1118935869100,180,181,3,1118935869100,1118935870100,3
train,28,s0_t1118935860200_a181,high,20.0,1,1,1118935863600,1118935863100,174,181,3,1118935863100,1118935864100,3
train,28,s0_t1118935860200_a181,high,20.0,3,10,1118935868100,1118935867600,180,181,3,1118935867600,1118935868600,2
train,28,s0_t1118935860200_a181,high,20.0,0,13,1118935869600,1118935869100,180,181,3,1118935869100,1118935870100,3
train,30,s0_t1118935880200_a184,high,-5.0,4,9,1118935887600,1118935887100,188,186,3,1118935887100,1118935888100,3
train,30,s0_t1118935880200_a184,high,-5.0,4,11,1118935888600,1118935888100,186,180,3,1118935888100,1118935889100,3
train,30,s0_t1118935880200_a184,high,-5.0,4,18,1118935892100,1118935891600,180,188,3,1118935891600,1118935892600,3
train,30,s0_t1118935880200_a184,high,-5.0,4,22,1118935894100,1118935893600,188,180,3,1118935893600,1118935894600,3
train,30,s0_t1118935880200_a184,high,0.0,5,9,1118935887600,1118935887100,188,186,3,1118935887100,1118935888100,3
train,30,s0_t1118935880200_a184,high,0.0,7,22,1118935894100,1118935893600,188,180,3,1118935893600,1118935894600,3
train,30,s0_t1118935880200_a184,high,5.0,5,9,1118935887600,1118935887100,188,186,3,1118935887100,1118935888100,3
train,30,s0_t1118935880200_a184,high,5.0,5,19,1118935892600,1118935892100,180,188,3,1118935892100,1118935893100,3
train,30,s0_t1118935880200_a184,high,5.0,5,22,1118935894100,1118935893600,188,180,3,1118935893600,1118935894600,3
train,30,s0_t1118935880200_a184,high,10.0,5,9,1118935887600,1118935887100,188,186,3,1118935887100,1118935888100,3
train,30,s0_t1118935880200_a184,high,10.0,7,17,1118935891600,1118935891100,180,188,3,1118935891100,1118935892100,3
train,30,s0_t1118935880200_a184,high,10.0,7,22,1118935894100,1118935893600,188,180,3,1118935893600,1118935894600,3
train,30,s0_t1118935880200_a184,high,15.0,5,9,1118935887600,1118935887100,188,186,3,1118935887100,1118935888100,3
train,30,s0_t1118935880200_a184,high,15.0,7,17,1118935891600,1118935891100,180,188,3,1118935891100,1118935892100,3
train,30,s0_t1118935880200_a184,high,15.0,7,22,1118935894100,1118935893600,188,180,3,1118935893600,1118935894600,3
train,30,s0_t1118935880200_a184,high,20.0,5,9,1118935887600,1118935887100,188,186,3,1118935887100,1118935888100,3
train,30,s0_t1118935880200_a184,high,20.0,7,17,1118935891600,1118935891100,180,188,3,1118935891100,1118935892100,3
train,30,s0_t1118935880200_a184,high,20.0,7,22,1118935894100,1118935893600,188,180,3,1118935893600,1118935894600,3
train,31,s0_t1118935880200_a194,high,-5.0,4,16,1118935891100,1118935890600,192,194,3,1118935890600,1118935891600,3
train,31,s0_t1118935880200_a194,high,-5.0,4,17,1118935891600,1118935891100,194,192,3,1118935891100,1118935892100,3
train,31,s0_t1118935880200_a194,high,-5.0,4,25,1118935895600,1118935895100,192,194,3,1118935895100,1118935896100,3
train,31,s0_t1118935880200_a194,high,-5.0,4,26,1118935896100,1118935895600,194,192,3,1118935895600,1118935896600,3
train,31,s0_t1118935880200_a194,high,-5.0,4,29,1118935897600,1118935897100,192,194,3,1118935897100,1118935898100,3
train,31,s0_t1118935880200_a194,high,-5.0,4,30,1118935898100,1118935897600,194,192,2,1118935897600,1118935898100,2
train,31,s0_t1118935880200_a194,high,0.0,7,1,1118935883600,1118935883100,189,193,3,1118935883100,1118935884100,2
train,31,s0_t1118935880200_a194,high,0.0,6,15,1118935890600,1118935890100,192,194,3,1118935890100,1118935891100,3
train,31,s0_t1118935880200_a194,high,0.0,6,17,1118935891600,1118935891100,194,192,3,1118935891100,1118935892100,3
train,31,s0_t1118935880200_a194,high,0.0,0,25,1118935895600,1118935895100,195,192,3,1118935895100,1118935896100,3
train,31,s0_t1118935880200_a194,high,0.0,6,25,1118935895600,1118935895100,192,194,3,1118935895100,1118935896100,3
train,31,s0_t1118935880200_a194,high,5.0,7,1,1118935883600,1118935883100,189,193,3,1118935883100,1118935884100,2
train,31,s0_t1118935880200_a194,high,5.0,0,25,1118935895600,1118935895100,195,192,3,1118935895100,1118935896100,3
train,31,s0_t1118935880200_a194,high,5.0,5,25,1118935895600,1118935895100,192,194,3,1118935895100,1118935896100,3
train,31,s0_t1118935880200_a194,high,10.0,7,1,1118935883600,1118935883100,189,193,3,1118935883100,1118935884100,2
train,31,s0_t1118935880200_a194,high,10.0,0,25,1118935895600,1118935895100,195,192,3,1118935895100,1118935896100,3
train,31,s0_t1118935880200_a194,high,10.0,5,25,1118935895600,1118935895100,192,194,3,1118935895100,1118935896100,3
train,31,s0_t1118935880200_a194,high,15.0,7,1,1118935883600,1118935883100,189,193,3,1118935883100,1118935884100,2
train,31,s0_t1118935880200_a194,high,15.0,0,25,1118935895600,1118935895100,195,192,3,1118935895100,1118935896100,3
train,31,s0_t1118935880200_a194,high,15.0,5,25,1118935895600,1118935895100,192,194,3,1118935895100,1118935896100,3
train,31,s0_t1118935880200_a194,high,20.0,7,1,1118935883600,1118935883100,189,193,3,1118935883100,1118935884100,2
train,31,s0_t1118935880200_a194,high,20.0,0,25,1118935895600,1118935895100,195,192,3,1118935895100,1118935896100,3
train,31,s0_t1118935880200_a194,high,20.0,5,25,1118935895600,1118935895100,192,194,3,1118935895100,1118935896100,3
train,32,s0_t1118935900200_a207,high,5.0,0,14,1118935910100,1118935909600,170,197,3,1118935909600,1118935910600,3
train,32,s0_t1118935900200_a207,high,5.0,7,14,1118935910100,1118935909600,197,163,3,1118935909600,1118935910600,2
train,32,s0_t1118935900200_a207,high,5.0,0,15,1118935910600,1118935910100,197,170,3,1118935910100,1118935911100,3
train,32,s0_t1118935900200_a207,high,10.0,4,14,1118935910100,1118935909600,163,197,3,1118935909600,1118935910600,2
train,32,s0_t1118935900200_a207,high,10.0,7,14,1118935910100,1118935909600,197,163,3,1118935909600,1118935910600,2
train,32,s0_t1118935900200_a207,high,15.0,4,14,1118935910100,1118935909600,163,197,3,1118935909600,1118935910600,2
train,32,s0_t1118935900200_a207,high,15.0,7,14,1118935910100,1118935909600,197,163,3,1118935909600,1118935910600,2
train,32,s0_t1118935900200_a207,high,20.0,5,14,1118935910100,1118935909600,163,197,3,1118935909600,1118935910600,2
train,32,s0_t1118935900200_a207,high,20.0,7,14,1118935910100,1118935909600,197,163,3,1118935909600,1118935910600,2
train,35,s0_t1118935920200_a162,high,-5.0,5,3,1118935924600,1118935924100,218,173,3,1118935924100,1118935925100,2
train,35,s0_t1118935920200_a162,high,-5.0,4,4,1118935925100,1118935924600,211,220,3,1118935924600,1118935925600,3
train,35,s0_t1118935920200_a162,high,-5.0,1,5,1118935925600,1118935925100,180,188,3,1118935925100,1118935926100,3
train,35,s0_t1118935920200_a162,high,-5.0,7,11,1118935928600,1118935928100,180,188,3,1118935928100,1118935929100,3
train,35,s0_t1118935920200_a162,high,-5.0,6,20,1118935933100,1118935932600,180,221,3,1118935932600,1118935933600,2
train,35,s0_t1118935920200_a162,high,-5.0,3,23,1118935934600,1118935934100,211,220,3,1118935934100,1118935935100,3
train,35,s0_t1118935920200_a162,high,-5.0,1,26,1118935936100,1118935935600,180,188,3,1118935935600,1118935936600,3
train,35,s0_t1118935920200_a162,high,-5.0,1,27,1118935936600,1118935936100,188,180,3,1118935936100,1118935937100,3
train,35,s0_t1118935920200_a162,high,-5.0,2,27,1118935936600,1118935936100,162,173,3,1118935936100,1118935937100,3
train,35,s0_t1118935920200_a162,high,0.0,1,2,1118935924100,1118935923600,180,188,3,1118935923600,1118935924600,3
train,35,s0_t1118935920200_a162,high,0.0,2,4,1118935925100,1118935924600,220,211,3,1118935924600,1118935925600,2
train,35,s0_t1118935920200_a162,high,0.0,4,4,1118935925100,1118935924600,211,220,3,1118935924600,1118935925600,3
train,35,s0_t1118935920200_a162,high,0.0,4,11,1118935928600,1118935928100,180,188,3,1118935928100,1118935929100,3
train,35,s0_t1118935920200_a162,high,0.0,7,23,1118935934600,1118935934100,180,188,3,1118935934100,1118935935100,2
train,35,s0_t1118935920200_a162,high,0.0,6,26,1118935936100,1118935935600,180,188,3,1118935935600,1118935936600,3
train,35,s0_t1118935920200_a162,high,0.0,2,27,1118935936600,1118935936100,162,173,3,1118935936100,1118935937100,3
train,35,s0_t1118935920200_a162,high,0.0,6,27,1118935936600,1118935936100,188,180,3,1118935936100,1118935937100,3
train,35,s0_t1118935920200_a162,high,5.0,5,3,1118935924600,1118935924100,180,188,3,1118935924100,1118935925100,3
train,35,s0_t1118935920200_a162,high,5.0,2,4,1118935925100,1118935924600,220,211,3,1118935924600,1118935925600,2
train,35,s0_t1118935920200_a162,high,5.0,4,4,1118935925100,1118935924600,211,220,3,1118935924600,1118935925600,3
train,35,s0_t1118935920200_a162,high,5.0,4,11,1118935928600,1118935928100,180,188,3,1118935928100,1118935929100,3
train,35,s0_t1118935920200_a162,high,5.0,1,12,1118935929100,1118935928600,211,220,3,1118935928600,1118935929600,2
train,35,s0_t1118935920200_a162,high,5.0,5,16,1118935931100,1118935930600,218,221,3,1118935930600,1118935931600,2
train,35,s0_t1118935920200_a162,high,5.0,7,25,1118935935600,1118935935100,188,180,3,1118935935100,1118935936100,3
train,35,s0_t1118935920200_a162,high,5.0,3,27,1118935936600,1118935936100,162,173,3,1118935936100,1118935937100,3
train,35,s0_t1118935920200_a162,high,10.0,5,3,1118935924600,1118935924100,180,188,3,1118935924100,1118935925100,3
train,35,s0_t1118935920200_a162,high,10.0,2,4,1118935925100,1118935924600,220,211,3,1118935924600,1118935925600,2
train,35,s0_t1118935920200_a162,high,10.0,4,4,1118935925100,1118935924600,211,220,3,1118935924600,1118935925600,3
train,35,s0_t1118935920200_a162,high,10.0,4,11,1118935928600,1118935928100,180,188,3,1118935928100,1118935929100,3
train,35,s0_t1118935920200_a162,high,10.0,1,12,1118935929100,1118935928600,211,220,3,1118935928600,1118935929600,2
train,35,s0_t1118935920200_a162,high,10.0,5,16,1118935931100,1118935930600,218,221,3,1118935930600,1118935931600,2
train,35,s0_t1118935920200_a162,high,10.0,7,25,1118935935600,1118935935100,188,180,3,1118935935100,1118935936100,3
train,35,s0_t1118935920200_a162,high,10.0,3,27,1118935936600,1118935936100,162,173,3,1118935936100,1118935937100,3
train,35,s0_t1118935920200_a162,high,10.0,3,30,1118935938100,1118935937600,173,188,2,1118935937600,1118935938100,2
train,35,s0_t1118935920200_a162,high,10.0,4,30,1118935938100,1118935937600,188,180,2,1118935937600,1118935938100,2
train,35,s0_t1118935920200_a162,high,15.0,4,3,1118935924600,1118935924100,218,173,3,1118935924100,1118935925100,2
train,35,s0_t1118935920200_a162,high,15.0,0,4,1118935925100,1118935924600,211,220,3,1118935924600,1118935925600,3
train,35,s0_t1118935920200_a162,high,15.0,2,4,1118935925100,1118935924600,220,211,3,1118935924600,1118935925600,2
train,35,s0_t1118935920200_a162,high,15.0,1,5,1118935925600,1118935925100,180,188,3,1118935925100,1118935926100,3
train,35,s0_t1118935920200_a162,high,15.0,0,11,1118935928600,1118935928100,180,188,3,1118935928100,1118935929100,3
train,35,s0_t1118935920200_a162,high,15.0,5,16,1118935931100,1118935930600,218,221,3,1118935930600,1118935931600,2
train,35,s0_t1118935920200_a162,high,15.0,7,25,1118935935600,1118935935100,188,180,3,1118935935100,1118935936100,3
train,35,s0_t1118935920200_a162,high,15.0,4,27,1118935936600,1118935936100,162,173,3,1118935936100,1118935937100,3
train,35,s0_t1118935920200_a162,high,15.0,3,30,1118935938100,1118935937600,188,180,2,1118935937600,1118935938100,2
train,35,s0_t1118935920200_a162,high,15.0,4,30,1118935938100,1118935937600,173,188,2,1118935937600,1118935938100,2
train,35,s0_t1118935920200_a162,high,20.0,4,3,1118935924600,1118935924100,218,173,3,1118935924100,1118935925100,2
train,35,s0_t1118935920200_a162,high,20.0,0,4,1118935925100,1118935924600,211,220,3,1118935924600,1118935925600,3
train,35,s0_t1118935920200_a162,high,20.0,2,4,1118935925100,1118935924600,220,211,3,1118935924600,1118935925600,2
train,35,s0_t1118935920200_a162,high,20.0,1,5,1118935925600,1118935925100,180,188,3,1118935925100,1118935926100,3
train,35,s0_t1118935920200_a162,high,20.0,0,11,1118935928600,1118935928100,180,188,3,1118935928100,1118935929100,3
train,35,s0_t1118935920200_a162,high,20.0,5,16,1118935931100,1118935930600,218,221,3,1118935930600,1118935931600,2
train,35,s0_t1118935920200_a162,high,20.0,7,25,1118935935600,1118935935100,188,180,3,1118935935100,1118935936100,3
train,35,s0_t1118935920200_a162,high,20.0,2,26,1118935936100,1118935935600,220,211,3,1118935935600,1118935936600,3
train,36,s0_t1118935920200_a170,high,-5.0,4,3,1118935924600,1118935924100,211,220,3,1118935924100,1118935925100,3
train,36,s0_t1118935920200_a170,high,-5.0,4,4,1118935925100,1118935924600,220,211,3,1118935924600,1118935925600,3
train,36,s0_t1118935920200_a170,high,-5.0,4,5,1118935925600,1118935925100,211,220,3,1118935925100,1118935926100,3
train,36,s0_t1118935920200_a170,high,-5.0,4,7,1118935926600,1118935926100,220,211,3,1118935926100,1118935927100,3
train,36,s0_t1118935920200_a170,high,-5.0,2,17,1118935931600,1118935931100,162,173,3,1118935931100,1118935932100,3
train,36,s0_t1118935920200_a170,high,-5.0,2,18,1118935932100,1118935931600,173,162,3,1118935931600,1118935932600,3
train,36,s0_t1118935920200_a170,high,-5.0,7,21,1118935933600,1118935933100,211,220,3,1118935933100,1118935934100,3
train,36,s0_t1118935920200_a170,high,-5.0,7,22,1118935934100,1118935933600,220,211,3,1118935933600,1118935934600,3
train,36,s0_t1118935920200_a170,high,-5.0,7,23,1118935934600,1118935934100,211,220,3,1118935934100,1118935935100,3
train,36,s0_t1118935920200_a170,high,-5.0,2,29,1118935937600,1118935937100,173,162,3,1118935937100,1118935938100,3
train,36,s0_t1118935920200_a170,high,0.0,7,4,1118935925100,1118935924600,173,162,3,1118935924600,1118935925600,3
train,36,s0_t1118935920200_a170,high,0.0,4,16,1118935931100,1118935930600,220,211,3,1118935930600,1118935931600,3
train,36,s0_t1118935920200_a170,high,0.0,4,19,1118935932600,1118935932100,211,220,3,1118935932100,1118935933100,3
train,36,s0_t1118935920200_a170,high,0.0,5,19,1118935932600,1118935932100,220,211,3,1118935932100,1118935933100,2
train,36,s0_t1118935920200_a170,high,0.0,4,20,1118935933100,1118935932600,220,211,3,1118935932600,1118935933600,3
train,36,s0_t1118935920200_a170,high,0.0,4,21,1118935933600,1118935933100,211,220,3,1118935933100,1118935934100,3
train,36,s0_t1118935920200_a170,high,0.0,4,22,1118935934100,1118935933600,220,211,3,1118935933600,1118935934600,3
train,36,s0_t1118935920200_a170,high,0.0,4,23,1118935934600,1118935934100,211,220,3,1118935934100,1118935935100,3
train,36,s0_t1118935920200_a170,high,0.0,3,29,1118935937600,1118935937100,173,162,3,1118935937100,1118935938100,3
train,36,s0_t1118935920200_a170,high,5.0,0,3,1118935924600,1118935924100,220,211,3,1118935924100,1118935925100,2
train,36,s0_t1118935920200_a170,high,5.0,7,5,1118935925600,1118935925100,173,162,3,1118935925100,1118935926100,2
train,36,s0_t1118935920200_a170,high,5.0,1,9,1118935927600,1118935927100,162,173,3,1118935927100,1118935928100,2
train,36,s0_t1118935920200_a170,high,5.0,4,9,1118935927600,1118935927100,173,162,3,1118935927100,1118935928100,3
train,36,s0_t1118935920200_a170,high,5.0,4,10,1118935928100,1118935927600,162,173,3,1118935927600,1118935928600,2
train,36,s0_t1118935920200_a170,high,5.0,7,16,1118935931100,1118935930600,220,211,3,1118935930600,1118935931600,3
train,36,s0_t1118935920200_a170,high,5.0,4,19,1118935932600,1118935932100,220,211,3,1118935932100,1118935933100,2
train,36,s0_t1118935920200_a170,high,5.0,7,19,1118935932600,1118935932100,211,220,3,1118935932100,1118935933100,3
train,36,s0_t1118935920200_a170,high,5.0,7,20,1118935933100,1118935932600,220,211,3,1118935932600,1118935933600,3
train,36,s0_t1118935920200_a170,high,5.0,7,21,1118935933600,1118935933100,211,220,3,1118935933100,1118935934100,3
train,36,s0_t1118935920200_a170,high,5.0,1,29,1118935937600,1118935937100,173,162,3,1118935937100,1118935938100,2
train,36,s0_t1118935920200_a170,high,10.0,0,3,1118935924600,1118935924100,220,211,3,1118935924100,1118935925100,2
train,36,s0_t1118935920200_a170,high,10.0,7,5,1118935925600,1118935925100,173,162,3,1118935925100,1118935926100,2
train,36,s0_t1118935920200_a170,high,10.0,1,9,1118935927600,1118935927100,162,173,3,1118935927100,1118935928100,2
train,36,s0_t1118935920200_a170,high,10.0,4,9,1118935927600,1118935927100,173,162,3,1118935927100,1118935928100,3
train,36,s0_t1118935920200_a170,high,10.0,4,10,1118935928100,1118935927600,162,173,3,1118935927600,1118935928600,2
train,36,s0_t1118935920200_a170,high,10.0,7,16,1118935931100,1118935930600,220,211,3,1118935930600,1118935931600,2
train,36,s0_t1118935920200_a170,high,10.0,0,21,1118935933600,1118935933100,173,162,3,1118935933100,1118935934100,2
train,36,s0_t1118935920200_a170,high,15.0,0,3,1118935924600,1118935924100,220,211,3,1118935924100,1118935925100,2
train,36,s0_t1118935920200_a170,high,15.0,7,5,1118935925600,1118935925100,173,162,3,1118935925100,1118935926100,2
train,36,s0_t1118935920200_a170,high,15.0,1,9,1118935927600,1118935927100,162,173,3,1118935927100,1118935928100,2
train,36,s0_t1118935920200_a170,high,15.0,3,9,1118935927600,1118935927100,173,162,3,1118935927100,1118935928100,3
train,36,s0_t1118935920200_a170,high,15.0,3,10,1118935928100,1118935927600,162,173,3,1118935927600,1118935928600,2
train,36,s0_t1118935920200_a170,high,15.0,7,16,1118935931100,1118935930600,220,211,3,1118935930600,1118935931600,2
train,36,s0_t1118935920200_a170,high,15.0,0,21,1118935933600,1118935933100,173,162,3,1118935933100,1118935934100,2
train,36,s0_t1118935920200_a170,high,20.0,0,3,1118935924600,1118935924100,220,211,3,1118935924100,1118935925100,2
train,36,s0_t1118935920200_a170,high,20.0,7,5,1118935925600,1118935925100,173,162,3,1118935925100,1118935926100,2
train,36,s0_t1118935920200_a170,high,20.0,7,21,1118935933600,1118935933100,173,162,3,1118935933100,1118935934100,2
train,36,s0_t1118935920200_a170,high,20.0,1,24,1118935935100,1118935934600,211,220,3,1118935934600,1118935935600,3
train,36,s0_t1118935920200_a170,high,20.0,5,24,1118935935100,1118935934600,220,211,3,1118935934600,1118935935600,3
train,37,s0_t1118935920200_a233,high,5.0,1,15,1118935930600,1118935930100,213,219,3,1118935930100,1118935931100,3
train,37,s0_t1118935920200_a233,high,10.0,1,15,1118935930600,1118935930100,213,219,3,1118935930100,1118935931100,3
train,37,s0_t1118935920200_a233,high,15.0,1,15,1118935930600,1118935930100,213,219,3,1118935930100,1118935931100,3
train,37,s0_t1118935920200_a233,high,20.0,1,15,1118935930600,1118935930100,213,219,3,1118935930100,1118935931100,3
train,38,s0_t1118935940200_a203,high,-5.0,1,1,1118935943600,1118935943100,202,234,3,1118935943100,1118935944100,3
train,38,s0_t1118935940200_a203,high,-5.0,5,1,1118935943600,1118935943100,234,201,3,1118935943100,1118935944100,2
train,38,s0_t1118935940200_a203,high,-5.0,0,9,1118935947600,1118935947100,201,234,3,1118935947100,1118935948100,3
train,38,s0_t1118935940200_a203,high,-5.0,0,14,1118935950100,1118935949600,234,201,3,1118935949600,1118935950600,3
train,38,s0_t1118935940200_a203,high,0.0,1,1,1118935943600,1118935943100,202,234,3,1118935943100,1118935944100,3
train,38,s0_t1118935940200_a203,high,0.0,5,1,1118935943600,1118935943100,234,201,3,1118935943100,1118935944100,2
train,38,s0_t1118935940200_a203,high,0.0,0,4,1118935945100,1118935944600,201,226,3,1118935944600,1118935945600,3
train,38,s0_t1118935940200_a203,high,0.0,1,6,1118935946100,1118935945600,234,201,3,1118935945600,1118935946600,3
train,38,s0_t1118935940200_a203,high,0.0,5,6,1118935946100,1118935945600,201,234,3,1118935945600,1118935946600,3
train,38,s0_t1118935940200_a203,high,0.0,0,7,1118935946600,1118935946100,226,201,3,1118935946100,1118935947100,3
train,38,s0_t1118935940200_a203,high,0.0,1,7,1118935946600,1118935946100,201,202,3,1118935946100,1118935947100,2
train,38,s0_t1118935940200_a203,high,0.0,0,9,1118935947600,1118935947100,201,226,3,1118935947100,1118935948100,3
train,38,s0_t1118935940200_a203,high,0.0,0,10,1118935948100,1118935947600,226,201,3,1118935947600,1118935948600,3
train,38,s0_t1118935940200_a203,high,0.0,0,25,1118935955600,1118935955100,201,234,3,1118935955100,1118935956100,3
train,38,s0_t1118935940200_a203,high,15.0,0,5,1118935945600,1118935945100,234,201,3,1118935945100,1118935946100,3
train,38,s0_t1118935940200_a203,high,15.0,0,6,1118935946100,1118935945600,201,234,3,1118935945600,1118935946600,3
train,38,s0_t1118935940200_a203,high,15.0,1,6,1118935946100,1118935945600,234,201,3,1118935945600,1118935946600,3
train,38,s0_t1118935940200_a203,high,20.0,0,5,1118935945600,1118935945100,234,201,3,1118935945100,1118935946100,3
train,38,s0_t1118935940200_a203,high,20.0,0,6,1118935946100,1118935945600,201,234,3,1118935945600,1118935946600,3
train,38,s0_t1118935940200_a203,high,20.0,1,6,1118935946100,1118935945600,234,201,3,1118935945600,1118935946600,3
train,39,s0_t1118935940200_a213,high,-5.0,7,2,1118935944100,1118935943600,213,200,3,1118935943600,1118935944600,3
train,39,s0_t1118935940200_a213,high,-5.0,4,3,1118935944600,1118935944100,195,214,3,1118935944100,1118935945100,2
train,39,s0_t1118935940200_a213,high,-5.0,7,5,1118935945600,1118935945100,200,214,3,1118935945100,1118935946100,3
train,39,s0_t1118935940200_a213,high,-5.0,7,7,1118935946600,1118935946100,214,200,3,1118935946100,1118935947100,3
train,39,s0_t1118935940200_a213,high,-5.0,0,8,1118935947100,1118935946600,214,200,3,1118935946600,1118935947600,3
train,39,s0_t1118935940200_a213,high,-5.0,7,8,1118935947100,1118935946600,200,214,3,1118935946600,1118935947600,3
train,39,s0_t1118935940200_a213,high,-5.0,0,10,1118935948100,1118935947600,200,214,3,1118935947600,1118935948600,3
train,39,s0_t1118935940200_a213,high,-5.0,0,11,1118935948600,1118935948100,214,200,3,1118935948100,1118935949100,3
train,39,s0_t1118935940200_a213,high,-5.0,3,15,1118935950600,1118935950100,195,230,3,1118935950100,1118935951100,2
train,39,s0_t1118935940200_a213,high,0.0,7,1,1118935943600,1118935943100,213,214,3,1118935943100,1118935944100,3
train,39,s0_t1118935940200_a213,high,0.0,7,2,1118935944100,1118935943600,214,200,3,1118935943600,1118935944600,3
train,39,s0_t1118935940200_a213,high,0.0,4,3,1118935944600,1118935944100,195,214,3,1118935944100,1118935945100,3
train,39,s0_t1118935940200_a213,high,0.0,4,5,1118935945600,1118935945100,214,195,3,1118935945100,1118935946100,3
train,39,s0_t1118935940200_a213,high,0.0,7,5,1118935945600,1118935945100,200,214,3,1118935945100,1118935946100,3
train,39,s0_t1118935940200_a213,high,0.0,7,7,1118935946600,1118935946100,214,200,3,1118935946100,1118935947100,3
train,39,s0_t1118935940200_a213,high,0.0,0,8,1118935947100,1118935946600,214,200,3,1118935946600,1118935947600,3
train,39,s0_t1118935940200_a213,high,0.0,7,8,1118935947100,1118935946600,200,214,3,1118935946600,1118935947600,3
train,39,s0_t1118935940200_a213,high,0.0,0,10,1118935948100,1118935947600,200,214,3,1118935947600,1118935948600,3
train,39,s0_t1118935940200_a213,high,0.0,0,11,1118935948600,1118935948100,214,200,3,1118935948100,1118935949100,3
train,39,s0_t1118935940200_a213,high,0.0,4,15,1118935950600,1118935950100,195,230,3,1118935950100,1118935951100,2
train,39,s0_t1118935940200_a213,high,0.0,5,29,1118935957600,1118935957100,200,213,3,1118935957100,1118935958100,2
train,39,s0_t1118935940200_a213,high,5.0,7,7,1118935946600,1118935946100,198,213,3,1118935946100,1118935947100,3
train,39,s0_t1118935940200_a213,high,5.0,2,8,1118935947100,1118935946600,200,214,3,1118935946600,1118935947600,3
train,39,s0_t1118935940200_a213,high,5.0,2,11,1118935948600,1118935948100,214,200,3,1118935948100,1118935949100,3
train,39,s0_t1118935940200_a213,high,5.0,7,13,1118935949600,1118935949100,213,198,3,1118935949100,1118935950100,2
train,39,s0_t1118935940200_a213,high,5.0,5,14,1118935950100,1118935949600,213,198,3,1118935949600,1118935950600,3
train,39,s0_t1118935940200_a213,high,5.0,4,15,1118935950600,1118935950100,195,230,3,1118935950100,1118935951100,2
train,39,s0_t1118935940200_a213,high,5.0,5,20,1118935953100,1118935952600,195,214,3,1118935952600,1118935953600,3
train,39,s0_t1118935940200_a213,high,5.0,5,22,1118935954100,1118935953600,214,195,3,1118935953600,1118935954600,2
train,39,s0_t1118935940200_a213,high,5.0,3,29,1118935957600,1118935957100,200,213,3,1118935957100,1118935958100,2
train,39,s0_t1118935940200_a213,high,10.0,7,7,1118935946600,1118935946100,198,213,3,1118935946100,1118935947100,3
train,39,s0_t1118935940200_a213,high,10.0,2,8,1118935947100,1118935946600,200,214,3,1118935946600,1118935947600,3
train,39,s0_t1118935940200_a213,high,10.0,2,11,1118935948600,1118935948100,214,200,3,1118935948100,1118935949100,3
train,39,s0_t1118935940200_a213,high,10.0,7,13,1118935949600,1118935949100,213,198,3,1118935949100,1118935950100,2
train,39,s0_t1118935940200_a213,high,10.0,5,14,1118935950100,1118935949600,213,198,3,1118935949600,1118935950600,3
train,39,s0_t1118935940200_a213,high,10.0,4,15,1118935950600,1118935950100,195,230,3,1118935950100,1118935951100,2
train,39,s0_t1118935940200_a213,high,10.0,5,20,1118935953100,1118935952600,195,214,3,1118935952600,1118935953600,3
train,39,s0_t1118935940200_a213,high,10.0,5,22,1118935954100,1118935953600,214,195,3,1118935953600,1118935954600,2
train,39,s0_t1118935940200_a213,high,10.0,2,29,1118935957600,1118935957100,200,213,3,1118935957100,1118935958100,2
train,39,s0_t1118935940200_a213,high,15.0,7,7,1118935946600,1118935946100,198,213,3,1118935946100,1118935947100,3
train,39,s0_t1118935940200_a213,high,15.0,2,8,1118935947100,1118935946600,200,214,3,1118935946600,1118935947600,3
train,39,s0_t1118935940200_a213,high,15.0,2,11,1118935948600,1118935948100,214,200,3,1118935948100,1118935949100,3
train,39,s0_t1118935940200_a213,high,15.0,7,13,1118935949600,1118935949100,213,198,3,1118935949100,1118935950100,2
train,39,s0_t1118935940200_a213,high,15.0,5,14,1118935950100,1118935949600,213,198,3,1118935949600,1118935950600,3
train,39,s0_t1118935940200_a213,high,15.0,4,15,1118935950600,1118935950100,195,230,3,1118935950100,1118935951100,2
train,39,s0_t1118935940200_a213,high,15.0,3,21,1118935953600,1118935953100,214,195,3,1118935953100,1118935954100,3
train,39,s0_t1118935940200_a213,high,15.0,2,29,1118935957600,1118935957100,200,213,3,1118935957100,1118935958100,2
train,39,s0_t1118935940200_a213,high,20.0,7,7,1118935946600,1118935946100,198,213,3,1118935946100,1118935947100,3
train,39,s0_t1118935940200_a213,high,20.0,2,8,1118935947100,1118935946600,200,214,3,1118935946600,1118935947600,3
train,39,s0_t1118935940200_a213,high,20.0,2,11,1118935948600,1118935948100,214,200,3,1118935948100,1118935949100,3
train,39,s0_t1118935940200_a213,high,20.0,7,13,1118935949600,1118935949100,213,198,3,1118935949100,1118935950100,2
train,39,s0_t1118935940200_a213,high,20.0,5,14,1118935950100,1118935949600,213,198,3,1118935949600,1118935950600,3
train,39,s0_t1118935940200_a213,high,20.0,4,15,1118935950600,1118935950100,195,230,3,1118935950100,1118935951100,2
train,39,s0_t1118935940200_a213,high,20.0,3,21,1118935953600,1118935953100,214,195,3,1118935953100,1118935954100,3
train,39,s0_t1118935940200_a213,high,20.0,2,29,1118935957600,1118935957100,200,213,3,1118935957100,1118935958100,2
train,40,s0_t1118935940200_a247,high,-5.0,0,1,1118935943600,1118935943100,240,249,3,1118935943100,1118935944100,2
train,40,s0_t1118935940200_a247,high,-5.0,5,7,1118935946600,1118935946100,249,224,3,1118935946100,1118935947100,2
train,40,s0_t1118935940200_a247,high,-5.0,4,10,1118935948100,1118935947600,240,249,3,1118935947600,1118935948600,3
train,40,s0_t1118935940200_a247,high,-5.0,7,11,1118935948600,1118935948100,229,268,3,1118935948100,1118935949100,2
train,40,s0_t1118935940200_a247,high,-5.0,2,17,1118935951600,1118935951100,229,268,3,1118935951100,1118935952100,3
train,40,s0_t1118935940200_a247,high,-5.0,3,17,1118935951600,1118935951100,268,229,3,1118935951100,1118935952100,3
train,40,s0_t1118935940200_a247,high,-5.0,0,18,1118935952100,1118935951600,267,249,3,1118935951600,1118935952600,3
train,40,s0_t1118935940200_a247,high,-5.0,0,23,1118935954600,1118935954100,240,249,3,1118935954100,1118935955100,3
train,40,s0_t1118935940200_a247,high,-5.0,0,24,1118935955100,1118935954600,249,224,3,1118935954600,1118935955600,3
train,40,s0_t1118935940200_a247,high,-5.0,7,24,1118935955100,1118935954600,224,268,3,1118935954600,1118935955600,3
train,40,s0_t1118935940200_a247,high,-5.0,2,30,1118935958100,1118935957600,249,224,2,1118935957600,1118935958100,2
train,40,s0_t1118935940200_a247,high,-5.0,4,30,1118935958100,1118935957600,240,249,2,1118935957600,1118935958100,2
train,40,s0_t1118935940200_a247,high,0.0,0,4,1118935945100,1118935944600,240,249,3,1118935944600,1118935945600,3
train,40,s0_t1118935940200_a247,high,0.0,0,5,1118935945600,1118935945100,249,240,3,1118935945100,1118935946100,3
train,40,s0_t1118935940200_a247,high,0.0,6,5,1118935945600,1118935945100,240,158,3,1118935945100,1118935946100,3
train,40,s0_t1118935940200_a247,high,0.0,4,7,1118935946600,1118935946100,249,240,3,1118935946100,1118935947100,3
train,40,s0_t1118935940200_a247,high,0.0,1,11,1118935948600,1118935948100,229,268,3,1118935948100,1118935949100,3
train,40,s0_t1118935940200_a247,high,0.0,4,11,1118935948600,1118935948100,240,249,3,1118935948100,1118935949100,3
train,40,s0_t1118935940200_a247,high,0.0,1,12,1118935949100,1118935948600,268,229,3,1118935948600,1118935949600,3
train,40,s0_t1118935940200_a247,high,0.0,2,12,1118935949100,1118935948600,229,268,3,1118935948600,1118935949600,3
train,40,s0_t1118935940200_a247,high,0.0,3,12,1118935949100,1118935948600,240,249,3,1118935948600,1118935949600,3
train,40,s0_t1118935940200_a247,high,0.0,4,12,1118935949100,1118935948600,249,224,3,1118935948600,1118935949600,2
train,40,s0_t1118935940200_a247,high,0.0,3,15,1118935950600,1118935950100,249,224,3,1118935950100,1118935951100,3
train,40,s0_t1118935940200_a247,high,0.0,7,15,1118935950600,1118935950100,240,249,3,1118935950100,1118935951100,3
train,40,s0_t1118935940200_a247,high,0.0,2,16,1118935951100,1118935950600,268,267,3,1118935950600,1118935951600,3
train,40,s0_t1118935940200_a247,high,0.0,5,16,1118935951100,1118935950600,229,268,3,1118935950600,1118935951600,3
train,40,s0_t1118935940200_a247,high,0.0,7,17,1118935951600,1118935951100,249,240,3,1118935951100,1118935952100,3
train,40,s0_t1118935940200_a247,high,0.0,3,20,1118935953100,1118935952600,224,249,3,1118935952600,1118935953600,3
train,40,s0_t1118935940200_a247,high,0.0,2,24,1118935955100,1118935954600,267,268,3,1118935954600,1118935955600,2
train,40,s0_t1118935940200_a247,high,0.0,4,25,1118935955600,1118935955100,224,249,3,1118935955100,1118935956100,3
train,40,s0_t1118935940200_a247,high,0.0,1,27,1118935956600,1118935956100,229,268,3,1118935956100,1118935957100,3
train,40,s0_t1118935940200_a247,high,0.0,7,28,1118935957100,1118935956600,240,249,3,1118935956600,1118935957600,3
train,40,s0_t1118935940200_a247,high,5.0,0,3,1118935944600,1118935944100,240,249,3,1118935944100,1118935945100,3
train,40,s0_t1118935940200_a247,high,5.0,0,4,1118935945100,1118935944600,249,240,3,1118935944600,1118935945600,3
train,40,s0_t1118935940200_a247,high,5.0,1,4,1118935945100,1118935944600,240,249,3,1118935944600,1118935945600,3
train,40,s0_t1118935940200_a247,high,5.0,2,4,1118935945100,1118935944600,229,268,3,1118935944600,1118935945600,3
train,40,s0_t1118935940200_a247,high,5.0,1,7,1118935946600,1118935946100,249,240,3,1118935946100,1118935947100,3
train,40,s0_t1118935940200_a247,high,5.0,7,7,1118935946600,1118935946100,267,268,3,1118935946100,1118935947100,2
train,40,s0_t1118935940200_a247,high,5.0,1,10,1118935948100,1118935947600,240,249,3,1118935947600,1118935948600,3
train,40,s0_t1118935940200_a247,high,5.0,2,11,1118935948600,1118935948100,229,268,3,1118935948100,1118935949100,2
train,40,s0_t1118935940200_a247,high,5.0,1,12,1118935949100,1118935948600,249,224,3,1118935948600,1118935949600,3
train,40,s0_t1118935940200_a247,high,5.0,1,17,1118935951600,1118935951100,249,267,3,1118935951100,1118935952100,3
train,40,s0_t1118935940200_a247,high,5.0,1,18,1118935952100,1118935951600,267,268,3,1118935951600,1118935952600,2
train,40,s0_t1118935940200_a247,high,5.0,2,24,1118935955100,1118935954600,267,268,3,1118935954600,1118935955600,2
train,40,s0_t1118935940200_a247,high,5.0,3,26,1118935956100,1118935955600,249,224,3,1118935955600,1118935956600,2
train,40,s0_t1118935940200_a247,high,5.0,5,27,1118935956600,1118935956100,240,249,3,1118935956100,1118935957100,3
train,40,s0_t1118935940200_a247,high,5.0,4,30,1118935958100,1118935957600,240,249,2,1118935957600,1118935958100,2
train,40,s0_t1118935940200_a247,high,5.0,5,30,1118935958100,1118935957600,249,224,2,1118935957600,1118935958100,2
train,40,s0_t1118935940200_a247,high,10.0,0,4,1118935945100,1118935944600,240,249,3,1118935944600,1118935945600,3
train,40,s0_t1118935940200_a247,high,10.0,0,7,1118935946600,1118935946100,249,240,3,1118935946100,1118935947100,3
train,40,s0_t1118935940200_a247,high,10.0,0,10,1118935948100,1118935947600,240,249,3,1118935947600,1118935948600,3
train,40,s0_t1118935940200_a247,high,10.0,2,11,1118935948600,1118935948100,229,268,3,1118935948100,1118935949100,2
train,40,s0_t1118935940200_a247,high,10.0,0,13,1118935949600,1118935949100,249,224,3,1118935949100,1118935950100,3
train,40,s0_t1118935940200_a247,high,10.0,1,13,1118935949600,1118935949100,240,249,3,1118935949100,1118935950100,3
train,40,s0_t1118935940200_a247,high,10.0,1,14,1118935950100,1118935949600,249,240,3,1118935949600,1118935950600,3
train,40,s0_t1118935940200_a247,high,10.0,5,14,1118935950100,1118935949600,240,249,3,1118935949600,1118935950600,3
train,40,s0_t1118935940200_a247,high,10.0,5,16,1118935951100,1118935950600,249,268,3,1118935950600,1118935951600,2
train,40,s0_t1118935940200_a247,high,10.0,3,18,1118935952100,1118935951600,229,268,3,1118935951600,1118935952600,3
train,40,s0_t1118935940200_a247,high,10.0,5,24,1118935955100,1118935954600,249,224,3,1118935954600,1118935955600,3
train,40,s0_t1118935940200_a247,high,10.0,5,25,1118935955600,1118935955100,224,249,3,1118935955100,1118935956100,3
train,40,s0_t1118935940200_a247,high,10.0,5,26,1118935956100,1118935955600,249,224,3,1118935955600,1118935956600,3
train,40,s0_t1118935940200_a247,high,10.0,6,26,1118935956100,1118935955600,268,249,3,1118935955600,1118935956600,2
train,40,s0_t1118935940200_a247,high,10.0,2,28,1118935957100,1118935956600,229,268,3,1118935956600,1118935957600,3
train,40,s0_t1118935940200_a247,high,10.0,4,28,1118935957100,1118935956600,249,224,3,1118935956600,1118935957600,3
train,40,s0_t1118935940200_a247,high,10.0,5,28,1118935957100,1118935956600,224,249,3,1118935956600,1118935957600,3
train,40,s0_t1118935940200_a247,high,15.0,0,4,1118935945100,1118935944600,240,249,3,1118935944600,1118935945600,3
train,40,s0_t1118935940200_a247,high,15.0,0,7,1118935946600,1118935946100,249,240,3,1118935946100,1118935947100,3
train,40,s0_t1118935940200_a247,high,15.0,0,10,1118935948100,1118935947600,240,249,3,1118935947600,1118935948600,3
train,40,s0_t1118935940200_a247,high,15.0,2,11,1118935948600,1118935948100,229,268,3,1118935948100,1118935949100,2
train,40,s0_t1118935940200_a247,high,15.0,0,16,1118935951100,1118935950600,249,224,3,1118935950600,1118935951600,2
train,40,s0_t1118935940200_a247,high,15.0,3,16,1118935951100,1118935950600,229,268,3,1118935950600,1118935951600,3
train,40,s0_t1118935940200_a247,high,15.0,2,19,1118935952600,1118935952100,267,224,3,1118935952100,1118935953100,3
train,40,s0_t1118935940200_a247,high,15.0,0,20,1118935953100,1118935952600,249,224,3,1118935952600,1118935953600,2
train,40,s0_t1118935940200_a247,high,15.0,2,20,1118935953100,1118935952600,224,268,3,1118935952600,1118935953600,3
train,40,s0_t1118935940200_a247,high,15.0,2,21,1118935953600,1118935953100,268,224,3,1118935953100,1118935954100,3
train,40,s0_t1118935940200_a247,high,15.0,7,24,1118935955100,1118935954600,249,224,3,1118935954600,1118935955600,3
train,40,s0_t1118935940200_a247,high,15.0,7,25,1118935955600,1118935955100,224,249,3,1118935955100,1118935956100,3
train,40,s0_t1118935940200_a247,high,15.0,2,26,1118935956100,1118935955600,268,249,3,1118935955600,1118935956600,2
train,40,s0_t1118935940200_a247,high,15.0,7,26,1118935956100,1118935955600,249,224,3,1118935955600,1118935956600,3
train,40,s0_t1118935940200_a247,high,15.0,4,28,1118935957100,1118935956600,249,224,3,1118935956600,1118935957600,3
train,40,s0_t1118935940200_a247,high,15.0,5,28,1118935957100,1118935956600,229,268,3,1118935956600,1118935957600,3
train,40,s0_t1118935940200_a247,high,15.0,7,28,1118935957100,1118935956600,224,249,3,1118935956600,1118935957600,3
train,40,s0_t1118935940200_a247,high,20.0,0,4,1118935945100,1118935944600,240,249,3,1118935944600,1118935945600,3
train,40,s0_t1118935940200_a247,high,20.0,0,7,1118935946600,1118935946100,249,240,3,1118935946100,1118935947100,3
train,40,s0_t1118935940200_a247,high,20.0,0,10,1118935948100,1118935947600,240,249,3,1118935947600,1118935948600,3
train,40,s0_t1118935940200_a247,high,20.0,2,11,1118935948600,1118935948100,229,268,3,1118935948100,1118935949100,2
train,40,s0_t1118935940200_a247,high,20.0,0,16,1118935951100,1118935950600,249,224,3,1118935950600,1118935951600,2
train,40,s0_t1118935940200_a247,high,20.0,3,16,1118935951100,1118935950600,229,268,3,1118935950600,1118935951600,3
train,40,s0_t1118935940200_a247,high,20.0,2,19,1118935952600,1118935952100,267,224,3,1118935952100,1118935953100,3
train,40,s0_t1118935940200_a247,high,20.0,6,23,1118935954600,1118935954100,267,268,3,1118935954100,1118935955100,3
train,40,s0_t1118935940200_a247,high,20.0,1,26,1118935956100,1118935955600,240,249,3,1118935955600,1118935956600,3
train,40,s0_t1118935940200_a247,high,20.0,1,27,1118935956600,1118935956100,249,224,3,1118935956100,1118935957100,3
train,40,s0_t1118935940200_a247,high,20.0,0,30,1118935958100,1118935957600,240,249,2,1118935957600,1118935958100,2
train,40,s0_t1118935940200_a247,high,20.0,2,30,1118935958100,1118935957600,268,267,2,1118935957600,1118935958100,2
train,41,s0_t1118935960200_a244,high,-5.0,2,5,1118935965600,1118935965100,211,220,3,1118935965100,1118935966100,3
train,41,s0_t1118935960200_a244,high,-5.0,3,5,1118935965600,1118935965100,220,211,3,1118935965100,1118935966100,3
train,41,s0_t1118935960200_a244,high,-5.0,2,8,1118935967100,1118935966600,220,211,3,1118935966600,1118935967600,3
train,41,s0_t1118935960200_a244,high,-5.0,2,11,1118935968600,1118935968100,211,220,3,1118935968100,1118935969100,2
train,41,s0_t1118935960200_a244,high,-5.0,7,11,1118935968600,1118935968100,220,211,3,1118935968100,1118935969100,2
train,41,s0_t1118935960200_a244,high,0.0,7,3,1118935964600,1118935964100,220,211,3,1118935964100,1118935965100,3
train,41,s0_t1118935960200_a244,high,0.0,5,8,1118935967100,1118935966600,220,211,3,1118935966600,1118935967600,3
train,41,s0_t1118935960200_a244,high,0.0,5,11,1118935968600,1118935968100,211,220,3,1118935968100,1118935969100,2
train,41,s0_t1118935960200_a244,high,0.0,7,11,1118935968600,1118935968100,220,211,3,1118935968100,1118935969100,2
train,41,s0_t1118935960200_a244,high,5.0,7,4,1118935965100,1118935964600,220,211,3,1118935964600,1118935965600,3
train,41,s0_t1118935960200_a244,high,5.0,3,8,1118935967100,1118935966600,220,211,3,1118935966600,1118935967600,3
train,41,s0_t1118935960200_a244,high,10.0,7,4,1118935965100,1118935964600,220,211,3,1118935964600,1118935965600,3
train,41,s0_t1118935960200_a244,high,10.0,3,8,1118935967100,1118935966600,220,211,3,1118935966600,1118935967600,3
train,41,s0_t1118935960200_a244,high,15.0,7,4,1118935965100,1118935964600,220,211,3,1118935964600,1118935965600,3
train,41,s0_t1118935960200_a244,high,15.0,3,8,1118935967100,1118935966600,220,211,3,1118935966600,1118935967600,3
train,41,s0_t1118935960200_a244,high,20.0,7,4,1118935965100,1118935964600,220,211,3,1118935964600,1118935965600,3
train,41,s0_t1118935960200_a244,high,20.0,3,8,1118935967100,1118935966600,220,211,3,1118935966600,1118935967600,3
train,42,s0_t1118935960200_a289,high,0.0,7,6,1118935966100,1118935965600,282,278,3,1118935965600,1118935966600,3
train,42,s0_t1118935960200_a289,high,5.0,6,6,1118935966100,1118935965600,282,278,3,1118935965600,1118935966600,3
train,42,s0_t1118935960200_a289,high,10.0,6,6,1118935966100,1118935965600,282,278,3,1118935965600,1118935966600,3
train,43,s0_t1118935960200_a317,high,-5.0,0,5,1118935965600,1118935965100,324,325,3,1118935965100,1118935966100,3
train,43,s0_t1118935960200_a317,high,-5.0,2,5,1118935965600,1118935965100,325,324,3,1118935965100,1118935966100,3
train,43,s0_t1118935960200_a317,high,-5.0,2,7,1118935966600,1118935966100,324,325,3,1118935966100,1118935967100,2
train,43,s0_t1118935960200_a317,high,0.0,0,5,1118935965600,1118935965100,324,325,3,1118935965100,1118935966100,3
train,43,s0_t1118935960200_a317,high,0.0,2,5,1118935965600,1118935965100,325,324,3,1118935965100,1118935966100,3
train,43,s0_t1118935960200_a317,high,0.0,2,7,1118935966600,1118935966100,324,325,3,1118935966100,1118935967100,2
train,43,s0_t1118935960200_a317,high,5.0,2,7,1118935966600,1118935966100,324,325,3,1118935966100,1118935967100,2
train,43,s0_t1118935960200_a317,high,10.0,2,7,1118935966600,1118935966100,324,325,3,1118935966100,1118935967100,2
train,43,s0_t1118935960200_a317,high,15.0,2,7,1118935966600,1118935966100,324,325,3,1118935966100,1118935967100,2
train,43,s0_t1118935960200_a317,high,20.0,0,5,1118935965600,1118935965100,324,325,3,1118935965100,1118935966100,3
train,43,s0_t1118935960200_a317,high,20.0,2,7,1118935966600,1118935966100,324,325,3,1118935966100,1118935967100,2
train,47,s0_t1118936000200_a272,high,0.0,5,20,1118936013100,1118936012600,348,352,3,1118936012600,1118936013600,3
train,47,s0_t1118936000200_a272,high,0.0,5,26,1118936016100,1118936015600,352,348,3,1118936015600,1118936016600,3
train,47,s0_t1118936000200_a272,high,5.0,5,20,1118936013100,1118936012600,348,352,3,1118936012600,1118936013600,3
train,47,s0_t1118936000200_a272,high,5.0,5,26,1118936016100,1118936015600,352,348,3,1118936015600,1118936016600,3
train,47,s0_t1118936000200_a272,high,10.0,4,20,1118936013100,1118936012600,348,352,3,1118936012600,1118936013600,3
train,47,s0_t1118936000200_a272,high,10.0,4,22,1118936014100,1118936013600,352,348,3,1118936013600,1118936014600,3
train,47,s0_t1118936000200_a272,high,15.0,4,20,1118936013100,1118936012600,348,352,3,1118936012600,1118936013600,3
train,47,s0_t1118936000200_a272,high,15.0,4,22,1118936014100,1118936013600,352,348,3,1118936013600,1118936014600,3
train,47,s0_t1118936000200_a272,high,20.0,4,20,1118936013100,1118936012600,348,352,3,1118936012600,1118936013600,3
train,47,s0_t1118936000200_a272,high,20.0,4,22,1118936014100,1118936013600,352,348,3,1118936013600,1118936014600,3
train,49,s0_t1118936000200_a310,high,-5.0,3,1,1118936003600,1118936003100,1197,301,3,1118936003100,1118936004100,3
train,49,s0_t1118936000200_a310,high,-5.0,2,2,1118936004100,1118936003600,1197,301,3,1118936003600,1118936004600,3
train,49,s0_t1118936000200_a310,high,-5.0,3,2,1118936004100,1118936003600,301,208,3,1118936003600,1118936004600,3
train,49,s0_t1118936000200_a310,high,-5.0,2,5,1118936005600,1118936005100,301,208,3,1118936005100,1118936006100,2
train,49,s0_t1118936000200_a310,high,-5.0,7,5,1118936005600,1118936005100,1197,301,3,1118936005100,1118936006100,2
train,49,s0_t1118936000200_a310,high,-5.0,1,7,1118936006600,1118936006100,310,210,3,1118936006100,1118936007100,3
train,49,s0_t1118936000200_a310,high,-5.0,1,11,1118936008600,1118936008100,210,310,3,1118936008100,1118936009100,3
train,49,s0_t1118936000200_a310,high,-5.0,1,12,1118936009100,1118936008600,310,210,3,1118936008600,1118936009600,3
train,49,s0_t1118936000200_a310,high,-5.0,3,16,1118936011100,1118936010600,208,301,3,1118936010600,1118936011600,3
train,49,s0_t1118936000200_a310,high,-5.0,4,16,1118936011100,1118936010600,301,1197,3,1118936010600,1118936011600,2
train,49,s0_t1118936000200_a310,high,-5.0,3,17,1118936011600,1118936011100,301,1197,3,1118936011100,1118936012100,3
train,49,s0_t1118936000200_a310,high,-5.0,3,18,1118936012100,1118936011600,1197,301,3,1118936011600,1118936012600,3
train,49,s0_t1118936000200_a310,high,-5.0,6,22,1118936014100,1118936013600,310,304,3,1118936013600,1118936014600,2
train,49,s0_t1118936000200_a310,high,-5.0,1,26,1118936016100,1118936015600,210,310,3,1118936015600,1118936016600,2
train,49,s0_t1118936000200_a310,high,-5.0,3,26,1118936016100,1118936015600,301,1197,3,1118936015600,1118936016600,2
train,49,s0_t1118936000200_a310,high,-5.0,1,30,1118936018100,1118936017600,208,301,2,1118936017600,1118936018100,2
train,49,s0_t1118936000200_a310,high,-5.0,4,30,1118936018100,1118936017600,301,208,2,1118936017600,1118936018100,2
train,49,s0_t1118936000200_a310,high,0.0,3,1,1118936003600,1118936003100,1197,208,3,1118936003100,1118936004100,3
train,49,s0_t1118936000200_a310,high,0.0,2,2,1118936004100,1118936003600,1197,301,3,1118936003600,1118936004600,3
train,49,s0_t1118936000200_a310,high,0.0,6,5,1118936005600,1118936005100,1197,301,3,1118936005100,1118936006100,2
train,49,s0_t1118936000200_a310,high,0.0,2,7,1118936006600,1118936006100,310,210,3,1118936006100,1118936007100,3
train,49,s0_t1118936000200_a310,high,0.0,2,11,1118936008600,1118936008100,210,310,3,1118936008100,1118936009100,3
train,49,s0_t1118936000200_a310,high,0.0,2,12,1118936009100,1118936008600,310,210,3,1118936008600,1118936009600,3
train,49,s0_t1118936000200_a310,high,0.0,5,16,1118936011100,1118936010600,301,1197,3,1118936010600,1118936011600,2
train,49,s0_t1118936000200_a310,high,0.0,6,16,1118936011100,1118936010600,208,301,3,1118936010600,1118936011600,3
train,49,s0_t1118936000200_a310,high,0.0,6,17,1118936011600,1118936011100,301,1197,3,1118936011100,1118936012100,3
train,49,s0_t1118936000200_a310,high,0.0,6,18,1118936012100,1118936011600,1197,301,3,1118936011600,1118936012600,3
train,49,s0_t1118936000200_a310,high,0.0,4,22,1118936014100,1118936013600,310,304,3,1118936013600,1118936014600,2
train,49,s0_t1118936000200_a310,high,0.0,2,26,1118936016100,1118936015600,210,310,3,1118936015600,1118936016600,2
train,49,s0_t1118936000200_a310,high,0.0,6,26,1118936016100,1118936015600,301,1197,3,1118936015600,1118936016600,2
train,49,s0_t1118936000200_a310,high,0.0,5,29,1118936017600,1118936017100,208,310,3,1118936017100,1118936018100,2
train,49,s0_t1118936000200_a310,high,5.0,2,2,1118936004100,1118936003600,1197,301,3,1118936003600,1118936004600,3
train,49,s0_t1118936000200_a310,high,5.0,5,5,1118936005600,1118936005100,1197,301,3,1118936005100,1118936006100,2
train,49,s0_t1118936000200_a310,high,5.0,7,7,1118936006600,1118936006100,310,210,3,1118936006100,1118936007100,3
train,49,s0_t1118936000200_a310,high,5.0,7,11,1118936008600,1118936008100,210,310,3,1118936008100,1118936009100,3
train,49,s0_t1118936000200_a310,high,5.0,7,12,1118936009100,1118936008600,310,210,3,1118936008600,1118936009600,3
train,49,s0_t1118936000200_a310,high,5.0,4,16,1118936011100,1118936010600,301,1197,3,1118936010600,1118936011600,2
train,49,s0_t1118936000200_a310,high,5.0,5,16,1118936011100,1118936010600,208,301,3,1118936010600,1118936011600,3
train,49,s0_t1118936000200_a310,high,5.0,5,17,1118936011600,1118936011100,301,1197,3,1118936011100,1118936012100,3
train,49,s0_t1118936000200_a310,high,5.0,7,18,1118936012100,1118936011600,210,310,3,1118936011600,1118936012600,3
train,49,s0_t1118936000200_a310,high,5.0,5,19,1118936012600,1118936012100,1197,301,3,1118936012100,1118936013100,2
train,49,s0_t1118936000200_a310,high,5.0,6,19,1118936012600,1118936012100,210,208,3,1118936012100,1118936013100,2
train,49,s0_t1118936000200_a310,high,5.0,7,19,1118936012600,1118936012100,310,210,3,1118936012100,1118936013100,3
train,49,s0_t1118936000200_a310,high,5.0,3,22,1118936014100,1118936013600,310,304,3,1118936013600,1118936014600,2
train,49,s0_t1118936000200_a310,high,5.0,5,26,1118936016100,1118936015600,301,1197,3,1118936015600,1118936016600,2
train,49,s0_t1118936000200_a310,high,5.0,7,26,1118936016100,1118936015600,210,310,3,1118936015600,1118936016600,2
train,49,s0_t1118936000200_a310,high,5.0,4,29,1118936017600,1118936017100,208,310,3,1118936017100,1118936018100,2
train,49,s0_t1118936000200_a310,high,10.0,2,2,1118936004100,1118936003600,1197,301,3,1118936003600,1118936004600,3
train,49,s0_t1118936000200_a310,high,10.0,5,5,1118936005600,1118936005100,1197,301,3,1118936005100,1118936006100,2
train,49,s0_t1118936000200_a310,high,10.0,7,7,1118936006600,1118936006100,310,210,3,1118936006100,1118936007100,3
train,49,s0_t1118936000200_a310,high,10.0,6,11,1118936008600,1118936008100,301,208,3,1118936008100,1118936009100,3
train,49,s0_t1118936000200_a310,high,10.0,4,16,1118936011100,1118936010600,208,301,3,1118936010600,1118936011600,3
train,49,s0_t1118936000200_a310,high,10.0,5,16,1118936011100,1118936010600,301,1197,3,1118936010600,1118936011600,2
train,49,s0_t1118936000200_a310,high,10.0,4,17,1118936011600,1118936011100,301,1197,3,1118936011100,1118936012100,3
train,49,s0_t1118936000200_a310,high,10.0,7,18,1118936012100,1118936011600,210,310,3,1118936011600,1118936012600,3
train,49,s0_t1118936000200_a310,high,10.0,4,19,1118936012600,1118936012100,1197,301,3,1118936012100,1118936013100,2
train,49,s0_t1118936000200_a310,high,10.0,6,19,1118936012600,1118936012100,210,208,3,1118936012100,1118936013100,2
train,49,s0_t1118936000200_a310,high,10.0,7,19,1118936012600,1118936012100,310,210,3,1118936012100,1118936013100,3
train,49,s0_t1118936000200_a310,high,10.0,3,22,1118936014100,1118936013600,310,304,3,1118936013600,1118936014600,2
train,49,s0_t1118936000200_a310,high,10.0,5,26,1118936016100,1118936015600,301,1197,3,1118936015600,1118936016600,2
train,49,s0_t1118936000200_a310,high,10.0,7,26,1118936016100,1118936015600,210,310,3,1118936015600,1118936016600,2
train,49,s0_t1118936000200_a310,high,10.0,4,29,1118936017600,1118936017100,208,310,3,1118936017100,1118936018100,2
train,49,s0_t1118936000200_a310,high,15.0,2,2,1118936004100,1118936003600,1197,301,3,1118936003600,1118936004600,3
train,49,s0_t1118936000200_a310,high,15.0,4,5,1118936005600,1118936005100,208,301,3,1118936005100,1118936006100,3
train,49,s0_t1118936000200_a310,high,15.0,4,6,1118936006100,1118936005600,301,1197,3,1118936005600,1118936006600,2
train,49,s0_t1118936000200_a310,high,15.0,7,7,1118936006600,1118936006100,310,210,3,1118936006100,1118936007100,3
train,49,s0_t1118936000200_a310,high,15.0,4,11,1118936008600,1118936008100,301,208,3,1118936008100,1118936009100,3
train,49,s0_t1118936000200_a310,high,15.0,5,16,1118936011100,1118936010600,208,301,3,1118936010600,1118936011600,3
train,49,s0_t1118936000200_a310,high,15.0,6,16,1118936011100,1118936010600,301,1197,3,1118936010600,1118936011600,2
train,49,s0_t1118936000200_a310,high,15.0,5,17,1118936011600,1118936011100,301,1197,3,1118936011100,1118936012100,3
train,49,s0_t1118936000200_a310,high,15.0,7,18,1118936012100,1118936011600,210,310,3,1118936011600,1118936012600,3
train,49,s0_t1118936000200_a310,high,15.0,4,19,1118936012600,1118936012100,210,208,3,1118936012100,1118936013100,2
train,49,s0_t1118936000200_a310,high,15.0,5,19,1118936012600,1118936012100,1197,301,3,1118936012100,1118936013100,2
train,49,s0_t1118936000200_a310,high,15.0,7,19,1118936012600,1118936012100,310,210,3,1118936012100,1118936013100,3
train,49,s0_t1118936000200_a310,high,15.0,3,22,1118936014100,1118936013600,310,304,3,1118936013600,1118936014600,2
train,49,s0_t1118936000200_a310,high,15.0,5,26,1118936016100,1118936015600,301,1197,3,1118936015600,1118936016600,2
train,49,s0_t1118936000200_a310,high,15.0,7,26,1118936016100,1118936015600,210,310,3,1118936015600,1118936016600,2
train,49,s0_t1118936000200_a310,high,15.0,4,29,1118936017600,1118936017100,208,310,3,1118936017100,1118936018100,2
train,49,s0_t1118936000200_a310,high,20.0,2,2,1118936004100,1118936003600,1197,301,3,1118936003600,1118936004600,3
train,49,s0_t1118936000200_a310,high,20.0,0,5,1118936005600,1118936005100,208,301,3,1118936005100,1118936006100,3
train,49,s0_t1118936000200_a310,high,20.0,0,6,1118936006100,1118936005600,301,1197,3,1118936005600,1118936006600,2
train,49,s0_t1118936000200_a310,high,20.0,7,7,1118936006600,1118936006100,310,210,3,1118936006100,1118936007100,3
train,49,s0_t1118936000200_a310,high,20.0,0,11,1118936008600,1118936008100,301,208,3,1118936008100,1118936009100,3
train,49,s0_t1118936000200_a310,high,20.0,5,16,1118936011100,1118936010600,208,301,3,1118936010600,1118936011600,3
train,49,s0_t1118936000200_a310,high,20.0,6,16,1118936011100,1118936010600,301,1197,3,1118936010600,1118936011600,2
train,49,s0_t1118936000200_a310,high,20.0,5,17,1118936011600,1118936011100,301,1197,3,1118936011100,1118936012100,3
train,49,s0_t1118936000200_a310,high,20.0,5,19,1118936012600,1118936012100,1197,301,3,1118936012100,1118936013100,3
train,49,s0_t1118936000200_a310,high,20.0,7,26,1118936016100,1118936015600,210,310,3,1118936015600,1118936016600,2
train,50,s0_t1118936020200_a356,high,-5.0,6,2,1118936024100,1118936023600,373,356,3,1118936023600,1118936024600,2
train,50,s0_t1118936020200_a356,high,-5.0,2,6,1118936026100,1118936025600,371,356,3,1118936025600,1118936026600,3
train,50,s0_t1118936020200_a356,high,-5.0,6,8,1118936027100,1118936026600,371,356,3,1118936026600,1118936027600,2
train,50,s0_t1118936020200_a356,high,-5.0,0,20,1118936033100,1118936032600,373,356,3,1118936032600,1118936033600,3
train,50,s0_t1118936020200_a356,high,-5.0,1,20,1118936033100,1118936032600,356,371,3,1118936032600,1118936033600,3
train,50,s0_t1118936020200_a356,high,-5.0,1,24,1118936035100,1118936034600,371,356,3,1118936034600,1118936035600,3
train,50,s0_t1118936020200_a356,high,-5.0,1,25,1118936035600,1118936035100,356,371,3,1118936035100,1118936036100,3
train,50,s0_t1118936020200_a356,high,-5.0,6,25,1118936035600,1118936035100,371,356,3,1118936035100,1118936036100,3
train,50,s0_t1118936020200_a356,high,-5.0,1,26,1118936036100,1118936035600,371,356,3,1118936035600,1118936036600,3
train,50,s0_t1118936020200_a356,high,-5.0,6,26,1118936036100,1118936035600,356,359,3,1118936035600,1118936036600,2
train,50,s0_t1118936020200_a356,high,0.0,6,2,1118936024100,1118936023600,359,356,3,1118936023600,1118936024600,2
train,50,s0_t1118936020200_a356,high,0.0,2,6,1118936026100,1118936025600,371,356,3,1118936025600,1118936026600,3
train,50,s0_t1118936020200_a356,high,0.0,6,8,1118936027100,1118936026600,371,356,3,1118936026600,1118936027600,3
train,50,s0_t1118936020200_a356,high,0.0,6,9,1118936027600,1118936027100,356,371,3,1118936027100,1118936028100,2
train,50,s0_t1118936020200_a356,high,5.0,6,2,1118936024100,1118936023600,359,356,3,1118936023600,1118936024600,3
train,50,s0_t1118936020200_a356,high,5.0,2,6,1118936026100,1118936025600,371,356,3,1118936025600,1118936026600,3
train,50,s0_t1118936020200_a356,high,5.0,7,8,1118936027100,1118936026600,371,356,3,1118936026600,1118936027600,3
train,50,s0_t1118936020200_a356,high,5.0,7,9,1118936027600,1118936027100,356,371,3,1118936027100,1118936028100,2
train,50,s0_t1118936020200_a356,high,5.0,6,22,1118936034100,1118936033600,371,356,3,1118936033600,1118936034600,2
train,50,s0_t1118936020200_a356,high,5.0,7,26,1118936036100,1118936035600,371,356,3,1118936035600,1118936036600,2
train,50,s0_t1118936020200_a356,high,10.0,6,1,1118936023600,1118936023100,359,373,3,1118936023100,1118936024100,3
train,50,s0_t1118936020200_a356,high,10.0,2,20,1118936033100,1118936032600,356,371,3,1118936032600,1118936033600,3
train,50,s0_t1118936020200_a356,high,15.0,6,3,1118936024600,1118936024100,359,356,3,1118936024100,1118936025100,2
train,50,s0_t1118936020200_a356,high,15.0,7,3,1118936024600,1118936024100,356,371,3,1118936024100,1118936025100,2
train,50,s0_t1118936020200_a356,high,15.0,2,7,1118936026600,1118936026100,371,356,3,1118936026100,1118936027100,3
train,50,s0_t1118936020200_a356,high,15.0,6,7,1118936026600,1118936026100,356,371,3,1118936026100,1118936027100,2
train,50,s0_t1118936020200_a356,high,15.0,7,23,1118936034600,1118936034100,356,371,3,1118936034100,1118936035100,3
train,50,s0_t1118936020200_a356,high,15.0,7,25,1118936035600,1118936035100,371,356,3,1118936035100,1118936036100,3
train,50,s0_t1118936020200_a356,high,20.0,0,2,1118936024100,1118936023600,373,356,3,1118936023600,1118936024600,3
train,50,s0_t1118936020200_a356,high,20.0,6,2,1118936024100,1118936023600,359,373,3,1118936023600,1118936024600,3
train,50,s0_t1118936020200_a356,high,20.0,6,6,1118936026100,1118936025600,373,359,3,1118936025600,1118936026600,3
train,50,s0_t1118936020200_a356,high,20.0,2,7,1118936026600,1118936026100,373,356,3,1118936026100,1118936027100,3
train,50,s0_t1118936020200_a356,high,20.0,6,7,1118936026600,1118936026100,359,373,3,1118936026100,1118936027100,3
train,50,s0_t1118936020200_a356,high,20.0,2,11,1118936028600,1118936028100,356,373,3,1118936028100,1118936029100,3
train,50,s0_t1118936020200_a356,high,20.0,6,11,1118936028600,1118936028100,373,359,3,1118936028100,1118936029100,3
train,50,s0_t1118936020200_a356,high,20.0,2,15,1118936030600,1118936030100,373,356,3,1118936030100,1118936031100,3
train,50,s0_t1118936020200_a356,high,20.0,6,15,1118936030600,1118936030100,359,373,3,1118936030100,1118936031100,3
train,50,s0_t1118936020200_a356,high,20.0,2,17,1118936031600,1118936031100,356,373,3,1118936031100,1118936032100,3
train,50,s0_t1118936020200_a356,high,20.0,6,17,1118936031600,1118936031100,373,359,3,1118936031100,1118936032100,3
train,50,s0_t1118936020200_a356,high,20.0,6,20,1118936033100,1118936032600,359,373,3,1118936032600,1118936033600,3
train,50,s0_t1118936020200_a356,high,20.0,0,22,1118936034100,1118936033600,356,371,3,1118936033600,1118936034600,3
train,50,s0_t1118936020200_a356,high,20.0,0,23,1118936034600,1118936034100,371,356,3,1118936034100,1118936035100,3
train,50,s0_t1118936020200_a356,high,20.0,2,23,1118936034600,1118936034100,356,373,3,1118936034100,1118936035100,3
train,51,s0_t1118936020200_a369,high,-5.0,4,7,1118936026600,1118936026100,370,369,3,1118936026100,1118936027100,3
train,51,s0_t1118936020200_a369,high,-5.0,2,9,1118936027600,1118936027100,370,369,3,1118936027100,1118936028100,2
train,51,s0_t1118936020200_a369,high,-5.0,4,9,1118936027600,1118936027100,369,368,3,1118936027100,1118936028100,2
train,51,s0_t1118936020200_a369,high,-5.0,7,26,1118936036100,1118936035600,368,367,3,1118936035600,1118936036600,3
train,51,s0_t1118936020200_a369,high,0.0,2,4,1118936025100,1118936024600,370,368,3,1118936024600,1118936025600,2
train,51,s0_t1118936020200_a369,high,0.0,7,4,1118936025100,1118936024600,369,370,3,1118936024600,1118936025600,3
train,51,s0_t1118936020200_a369,high,0.0,7,7,1118936026600,1118936026100,370,369,3,1118936026100,1118936027100,3
train,51,s0_t1118936020200_a369,high,0.0,0,9,1118936027600,1118936027100,370,369,3,1118936027100,1118936028100,2
train,51,s0_t1118936020200_a369,high,0.0,7,9,1118936027600,1118936027100,369,368,3,1118936027100,1118936028100,2
train,51,s0_t1118936020200_a369,high,0.0,0,13,1118936029600,1118936029100,370,372,3,1118936029100,1118936030100,2
train,51,s0_t1118936020200_a369,high,5.0,2,4,1118936025100,1118936024600,370,368,3,1118936024600,1118936025600,2
train,51,s0_t1118936020200_a369,high,20.0,7,3,1118936024600,1118936024100,369,370,3,1118936024100,1118936025100,3
train,51,s0_t1118936020200_a369,high,20.0,7,4,1118936025100,1118936024600,370,368,3,1118936024600,1118936025600,2
train,51,s0_t1118936020200_a369,high,20.0,2,15,1118936030600,1118936030100,353,285,3,1118936030100,1118936031100,2
train,52,s0_t1118936020200_a371,high,-5.0,1,1,1118936023600,1118936023100,359,373,3,1118936023100,1118936024100,3
train,52,s0_t1118936020200_a371,high,-5.0,2,1,1118936023600,1118936023100,356,371,3,1118936023100,1118936024100,3
train,52,s0_t1118936020200_a371,high,-5.0,1,2,1118936024100,1118936023600,373,359,3,1118936023600,1118936024600,2
train,52,s0_t1118936020200_a371,high,-5.0,2,2,1118936024100,1118936023600,371,356,3,1118936023600,1118936024600,3
train,52,s0_t1118936020200_a371,high,-5.0,5,2,1118936024100,1118936023600,356,373,3,1118936023600,1118936024600,2
train,52,s0_t1118936020200_a371,high,-5.0,2,5,1118936025600,1118936025100,356,371,3,1118936025100,1118936026100,3
train,52,s0_t1118936020200_a371,high,-5.0,7,5,1118936025600,1118936025100,373,356,3,1118936025100,1118936026100,3
train,52,s0_t1118936020200_a371,high,-5.0,7,6,1118936026100,1118936025600,356,373,3,1118936025600,1118936026600,3
train,52,s0_t1118936020200_a371,high,-5.0,2,9,1118936027600,1118936027100,371,356,3,1118936027100,1118936028100,3
train,52,s0_t1118936020200_a371,high,-5.0,5,9,1118936027600,1118936027100,356,371,3,1118936027100,1118936028100,2
train,52,s0_t1118936020200_a371,high,-5.0,2,10,1118936028100,1118936027600,356,371,3,1118936027600,1118936028600,3
train,52,s0_t1118936020200_a371,high,-5.0,3,20,1118936033100,1118936032600,356,373,3,1118936032600,1118936033600,3
train,52,s0_t1118936020200_a371,high,-5.0,7,20,1118936033100,1118936032600,373,356,3,1118936032600,1118936033600,2
train,52,s0_t1118936020200_a371,high,-5.0,3,22,1118936034100,1118936033600,373,356,3,1118936033600,1118936034600,2
train,52,s0_t1118936020200_a371,high,-5.0,2,24,1118936035100,1118936034600,371,356,3,1118936034600,1118936035600,3
train,52,s0_t1118936020200_a371,high,-5.0,7,24,1118936035100,1118936034600,356,371,3,1118936034600,1118936035600,3
train,52,s0_t1118936020200_a371,high,0.0,2,5,1118936025600,1118936025100,356,371,3,1118936025100,1118936026100,3
train,52,s0_t1118936020200_a371,high,0.0,6,5,1118936025600,1118936025100,373,356,3,1118936025100,1118936026100,3
train,52,s0_t1118936020200_a371,high,0.0,6,6,1118936026100,1118936025600,356,373,3,1118936025600,1118936026600,3
train,52,s0_t1118936020200_a371,high,0.0,6,7,1118936026600,1118936026100,373,356,3,1118936026100,1118936027100,2
train,52,s0_t1118936020200_a371,high,0.0,2,8,1118936027100,1118936026600,371,356,3,1118936026600,1118936027600,2
train,52,s0_t1118936020200_a371,high,0.0,7,9,1118936027600,1118936027100,373,356,3,1118936027100,1118936028100,3
train,52,s0_t1118936020200_a371,high,0.0,7,10,1118936028100,1118936027600,356,373,3,1118936027600,1118936028600,3
train,52,s0_t1118936020200_a371,high,0.0,4,11,1118936028600,1118936028100,356,371,3,1118936028100,1118936029100,3
train,52,s0_t1118936020200_a371,high,0.0,7,11,1118936028600,1118936028100,373,356,3,1118936028100,1118936029100,2
train,52,s0_t1118936020200_a371,high,0.0,4,12,1118936029100,1118936028600,371,356,3,1118936028600,1118936029600,3
train,52,s0_t1118936020200_a371,high,0.0,7,20,1118936033100,1118936032600,373,356,3,1118936032600,1118936033600,2
train,52,s0_t1118936020200_a371,high,0.0,1,21,1118936033600,1118936033100,373,356,3,1118936033100,1118936034100,3
train,52,s0_t1118936020200_a371,high,0.0,4,23,1118936034600,1118936034100,371,356,3,1118936034100,1118936035100,3
train,52,s0_t1118936020200_a371,high,5.0,1,1,1118936023600,1118936023100,359,373,3,1118936023100,1118936024100,3
train,52,s0_t1118936020200_a371,high,5.0,1,2,1118936024100,1118936023600,373,359,3,1118936023600,1118936024600,2
train,52,s0_t1118936020200_a371,high,5.0,7,5,1118936025600,1118936025100,356,373,3,1118936025100,1118936026100,3
train,52,s0_t1118936020200_a371,high,5.0,1,6,1118936026100,1118936025600,359,356,3,1118936025600,1118936026600,3
train,52,s0_t1118936020200_a371,high,5.0,6,6,1118936026100,1118936025600,356,371,3,1118936025600,1118936026600,3
train,52,s0_t1118936020200_a371,high,5.0,6,8,1118936027100,1118936026600,371,356,3,1118936026600,1118936027600,2
train,52,s0_t1118936020200_a371,high,5.0,1,11,1118936028600,1118936028100,356,371,3,1118936028100,1118936029100,3
train,52,s0_t1118936020200_a371,high,5.0,7,11,1118936028600,1118936028100,373,356,3,1118936028100,1118936029100,3
train,52,s0_t1118936020200_a371,high,5.0,1,13,1118936029600,1118936029100,371,356,3,1118936029100,1118936030100,3
train,52,s0_t1118936020200_a371,high,5.0,7,13,1118936029600,1118936029100,356,373,3,1118936029100,1118936030100,3
train,52,s0_t1118936020200_a371,high,5.0,7,20,1118936033100,1118936032600,373,356,3,1118936032600,1118936033600,2
train,52,s0_t1118936020200_a371,high,5.0,2,21,1118936033600,1118936033100,373,356,3,1118936033100,1118936034100,3
train,52,s0_t1118936020200_a371,high,5.0,6,23,1118936034600,1118936034100,371,356,3,1118936034100,1118936035100,3
train,52,s0_t1118936020200_a371,high,10.0,1,1,1118936023600,1118936023100,359,373,3,1118936023100,1118936024100,3
train,52,s0_t1118936020200_a371,high,10.0,1,2,1118936024100,1118936023600,373,359,3,1118936023600,1118936024600,2
train,52,s0_t1118936020200_a371,high,10.0,7,5,1118936025600,1118936025100,356,373,3,1118936025100,1118936026100,3
train,52,s0_t1118936020200_a371,high,10.0,1,6,1118936026100,1118936025600,359,356,3,1118936025600,1118936026600,3
train,52,s0_t1118936020200_a371,high,10.0,6,6,1118936026100,1118936025600,356,371,3,1118936025600,1118936026600,3
train,52,s0_t1118936020200_a371,high,10.0,6,8,1118936027100,1118936026600,371,356,3,1118936026600,1118936027600,2
train,52,s0_t1118936020200_a371,high,10.0,1,11,1118936028600,1118936028100,356,371,3,1118936028100,1118936029100,3
train,52,s0_t1118936020200_a371,high,10.0,7,11,1118936028600,1118936028100,373,356,3,1118936028100,1118936029100,3
train,52,s0_t1118936020200_a371,high,10.0,1,13,1118936029600,1118936029100,371,356,3,1118936029100,1118936030100,3
train,52,s0_t1118936020200_a371,high,10.0,7,13,1118936029600,1118936029100,356,373,3,1118936029100,1118936030100,3
train,52,s0_t1118936020200_a371,high,10.0,7,20,1118936033100,1118936032600,373,356,3,1118936032600,1118936033600,2
train,52,s0_t1118936020200_a371,high,10.0,2,21,1118936033600,1118936033100,373,356,3,1118936033100,1118936034100,3
train,52,s0_t1118936020200_a371,high,10.0,6,23,1118936034600,1118936034100,371,356,3,1118936034100,1118936035100,3
train,52,s0_t1118936020200_a371,high,15.0,1,1,1118936023600,1118936023100,359,373,3,1118936023100,1118936024100,3
train,52,s0_t1118936020200_a371,high,15.0,2,1,1118936023600,1118936023100,356,371,3,1118936023100,1118936024100,3
train,52,s0_t1118936020200_a371,high,15.0,1,2,1118936024100,1118936023600,373,359,3,1118936023600,1118936024600,2
train,52,s0_t1118936020200_a371,high,15.0,2,2,1118936024100,1118936023600,371,356,3,1118936023600,1118936024600,3
train,52,s0_t1118936020200_a371,high,15.0,6,2,1118936024100,1118936023600,356,373,3,1118936023600,1118936024600,2
train,52,s0_t1118936020200_a371,high,15.0,2,6,1118936026100,1118936025600,356,371,3,1118936025600,1118936026600,3
train,52,s0_t1118936020200_a371,high,15.0,7,7,1118936026600,1118936026100,373,356,3,1118936026100,1118936027100,2
train,52,s0_t1118936020200_a371,high,15.0,2,8,1118936027100,1118936026600,371,356,3,1118936026600,1118936027600,2
train,52,s0_t1118936020200_a371,high,15.0,6,11,1118936028600,1118936028100,373,356,3,1118936028100,1118936029100,3
train,52,s0_t1118936020200_a371,high,15.0,7,11,1118936028600,1118936028100,356,371,3,1118936028100,1118936029100,3
train,52,s0_t1118936020200_a371,high,15.0,6,13,1118936029600,1118936029100,356,373,3,1118936029100,1118936030100,3
train,52,s0_t1118936020200_a371,high,15.0,7,13,1118936029600,1118936029100,371,356,3,1118936029100,1118936030100,3
train,52,s0_t1118936020200_a371,high,15.0,6,20,1118936033100,1118936032600,373,356,3,1118936032600,1118936033600,2
train,52,s0_t1118936020200_a371,high,15.0,2,21,1118936033600,1118936033100,373,356,3,1118936033100,1118936034100,3
train,52,s0_t1118936020200_a371,high,15.0,7,23,1118936034600,1118936034100,371,356,3,1118936034100,1118936035100,3
train,52,s0_t1118936020200_a371,high,20.0,1,1,1118936023600,1118936023100,359,373,3,1118936023100,1118936024100,3
train,52,s0_t1118936020200_a371,high,20.0,2,1,1118936023600,1118936023100,356,371,3,1118936023100,1118936024100,3
train,52,s0_t1118936020200_a371,high,20.0,1,2,1118936024100,1118936023600,373,359,3,1118936023600,1118936024600,2
train,52,s0_t1118936020200_a371,high,20.0,2,2,1118936024100,1118936023600,371,356,3,1118936023600,1118936024600,3
train,52,s0_t1118936020200_a371,high,20.0,6,2,1118936024100,1118936023600,356,373,3,1118936023600,1118936024600,2
train,52,s0_t1118936020200_a371,high,20.0,2,6,1118936026100,1118936025600,356,371,3,1118936025600,1118936026600,3
train,52,s0_t1118936020200_a371,high,20.0,7,7,1118936026600,1118936026100,373,356,3,1118936026100,1118936027100,2
train,52,s0_t1118936020200_a371,high,20.0,2,8,1118936027100,1118936026600,371,356,3,1118936026600,1118936027600,2
train,52,s0_t1118936020200_a371,high,20.0,6,11,1118936028600,1118936028100,373,356,3,1118936028100,1118936029100,3
train,52,s0_t1118936020200_a371,high,20.0,7,11,1118936028600,1118936028100,356,371,3,1118936028100,1118936029100,3
train,52,s0_t1118936020200_a371,high,20.0,6,13,1118936029600,1118936029100,356,373,3,1118936029100,1118936030100,3
train,52,s0_t1118936020200_a371,high,20.0,7,13,1118936029600,1118936029100,371,356,3,1118936029100,1118936030100,3
train,52,s0_t1118936020200_a371,high,20.0,6,20,1118936033100,1118936032600,373,356,3,1118936032600,1118936033600,2
train,52,s0_t1118936020200_a371,high,20.0,2,21,1118936033600,1118936033100,373,356,3,1118936033100,1118936034100,3
train,52,s0_t1118936020200_a371,high,20.0,7,23,1118936034600,1118936034100,371,356,3,1118936034100,1118936035100,3
train,53,s0_t1118936040200_a350,high,-5.0,4,1,1118936043600,1118936043100,325,350,3,1118936043100,1118936044100,3
train,53,s0_t1118936040200_a350,high,-5.0,4,2,1118936044100,1118936043600,350,325,3,1118936043600,1118936044600,3
train,53,s0_t1118936040200_a350,high,-5.0,0,4,1118936045100,1118936044600,352,354,3,1118936044600,1118936045600,3
train,53,s0_t1118936040200_a350,high,-5.0,0,6,1118936046100,1118936045600,354,208,3,1118936045600,1118936046600,3
train,53,s0_t1118936040200_a350,high,-5.0,4,8,1118936047100,1118936046600,325,329,3,1118936046600,1118936047600,3
train,53,s0_t1118936040200_a350,high,-5.0,2,9,1118936047600,1118936047100,354,352,3,1118936047100,1118936048100,2
train,53,s0_t1118936040200_a350,high,-5.0,2,13,1118936049600,1118936049100,329,352,3,1118936049100,1118936050100,3
train,53,s0_t1118936040200_a350,high,-5.0,2,14,1118936050100,1118936049600,352,350,3,1118936049600,1118936050600,2
train,53,s0_t1118936040200_a350,high,-5.0,6,17,1118936051600,1118936051100,329,352,3,1118936051100,1118936052100,3
train,53,s0_t1118936040200_a350,high,-5.0,6,21,1118936053600,1118936053100,352,350,3,1118936053100,1118936054100,3
train,53,s0_t1118936040200_a350,high,-5.0,6,24,1118936055100,1118936054600,350,352,3,1118936054600,1118936055600,3
train,53,s0_t1118936040200_a350,high,-5.0,0,29,1118936057600,1118936057100,350,329,3,1118936057100,1118936058100,2
train,53,s0_t1118936040200_a350,high,0.0,4,1,1118936043600,1118936043100,325,350,3,1118936043100,1118936044100,3
train,53,s0_t1118936040200_a350,high,0.0,4,2,1118936044100,1118936043600,350,325,3,1118936043600,1118936044600,3
train,53,s0_t1118936040200_a350,high,0.0,0,4,1118936045100,1118936044600,352,354,3,1118936044600,1118936045600,3
train,53,s0_t1118936040200_a350,high,0.0,0,6,1118936046100,1118936045600,354,208,3,1118936045600,1118936046600,3
train,53,s0_t1118936040200_a350,high,0.0,4,8,1118936047100,1118936046600,325,329,3,1118936046600,1118936047600,3
train,53,s0_t1118936040200_a350,high,0.0,2,9,1118936047600,1118936047100,354,352,3,1118936047100,1118936048100,2
train,53,s0_t1118936040200_a350,high,0.0,2,13,1118936049600,1118936049100,329,352,3,1118936049100,1118936050100,3
train,53,s0_t1118936040200_a350,high,0.0,2,14,1118936050100,1118936049600,352,350,3,1118936049600,1118936050600,2
train,53,s0_t1118936040200_a350,high,0.0,6,17,1118936051600,1118936051100,329,352,3,1118936051100,1118936052100,3
train,53,s0_t1118936040200_a350,high,0.0,6,21,1118936053600,1118936053100,352,350,3,1118936053100,1118936054100,3
train,53,s0_t1118936040200_a350,high,0.0,6,24,1118936055100,1118936054600,350,352,3,1118936054600,1118936055600,3
train,53,s0_t1118936040200_a350,high,0.0,0,29,1118936057600,1118936057100,350,329,3,1118936057100,1118936058100,2
train,53,s0_t1118936040200_a350,high,5.0,0,4,1118936045100,1118936044600,352,354,3,1118936044600,1118936045600,3
train,53,s0_t1118936040200_a350,high,5.0,0,6,1118936046100,1118936045600,354,208,3,1118936045600,1118936046600,3
train,53,s0_t1118936040200_a350,high,5.0,4,8,1118936047100,1118936046600,325,329,3,1118936046600,1118936047600,3
train,53,s0_t1118936040200_a350,high,5.0,2,9,1118936047600,1118936047100,354,352,3,1118936047100,1118936048100,2
train,53,s0_t1118936040200_a350,high,5.0,1,10,1118936048100,1118936047600,348,350,3,1118936047600,1118936048600,3
train,53,s0_t1118936040200_a350,high,5.0,2,17,1118936051600,1118936051100,329,325,3,1118936051100,1118936052100,3
train,53,s0_t1118936040200_a350,high,5.0,5,24,1118936055100,1118936054600,354,352,3,1118936054600,1118936055600,3
train,53,s0_t1118936040200_a350,high,10.0,0,3,1118936044600,1118936044100,352,354,3,1118936044100,1118936045100,3
train,53,s0_t1118936040200_a350,high,10.0,2,3,1118936044600,1118936044100,348,352,3,1118936044100,1118936045100,3
train,53,s0_t1118936040200_a350,high,10.0,3,3,1118936044600,1118936044100,350,325,3,1118936044100,1118936045100,3
train,53,s0_t1118936040200_a350,high,10.0,4,3,1118936044600,1118936044100,325,350,3,1118936044100,1118936045100,3
train,53,s0_t1118936040200_a350,high,10.0,0,7,1118936046600,1118936046100,354,208,3,1118936046100,1118936047100,3
train,53,s0_t1118936040200_a350,high,10.0,3,8,1118936047100,1118936046600,325,350,3,1118936046600,1118936047600,3
train,53,s0_t1118936040200_a350,high,10.0,0,10,1118936048100,1118936047600,208,354,3,1118936047600,1118936048600,3
train,53,s0_t1118936040200_a350,high,10.0,3,10,1118936048100,1118936047600,350,325,3,1118936047600,1118936048600,2
train,53,s0_t1118936040200_a350,high,10.0,1,12,1118936049100,1118936048600,348,350,3,1118936048600,1118936049600,2
train,53,s0_t1118936040200_a350,high,10.0,7,13,1118936049600,1118936049100,329,352,3,1118936049100,1118936050100,3
train,53,s0_t1118936040200_a350,high,10.0,7,14,1118936050100,1118936049600,352,350,3,1118936049600,1118936050600,2
train,53,s0_t1118936040200_a350,high,10.0,0,15,1118936050600,1118936050100,354,352,3,1118936050100,1118936051100,2
train,53,s0_t1118936040200_a350,high,10.0,1,18,1118936052100,1118936051600,329,352,3,1118936051600,1118936052600,3
train,53,s0_t1118936040200_a350,high,10.0,1,21,1118936053600,1118936053100,352,350,3,1118936053100,1118936054100,3
train,53,s0_t1118936040200_a350,high,10.0,6,21,1118936053600,1118936053100,350,352,3,1118936053100,1118936054100,3
train,53,s0_t1118936040200_a350,high,10.0,1,22,1118936054100,1118936053600,350,354,3,1118936053600,1118936054600,3
train,53,s0_t1118936040200_a350,high,10.0,2,22,1118936054100,1118936053600,354,352,3,1118936053600,1118936054600,3
train,53,s0_t1118936040200_a350,high,10.0,3,22,1118936054100,1118936053600,325,350,3,1118936053600,1118936054600,2
train,53,s0_t1118936040200_a350,high,10.0,6,22,1118936054100,1118936053600,352,329,3,1118936053600,1118936054600,2
train,53,s0_t1118936040200_a350,high,10.0,0,23,1118936054600,1118936054100,325,350,3,1118936054100,1118936055100,2
train,53,s0_t1118936040200_a350,high,10.0,1,24,1118936055100,1118936054600,354,350,3,1118936054600,1118936055600,3
train,53,s0_t1118936040200_a350,high,10.0,1,25,1118936055600,1118936055100,350,352,3,1118936055100,1118936056100,3
train,53,s0_t1118936040200_a350,high,10.0,2,25,1118936055600,1118936055100,352,350,3,1118936055100,1118936056100,2
train,53,s0_t1118936040200_a350,high,10.0,7,27,1118936056600,1118936056100,325,350,3,1118936056100,1118936057100,3
train,53,s0_t1118936040200_a350,high,10.0,0,28,1118936057100,1118936056600,325,350,3,1118936056600,1118936057600,3
train,53,s0_t1118936040200_a350,high,10.0,7,28,1118936057100,1118936056600,350,325,3,1118936056600,1118936057600,3
train,53,s0_t1118936040200_a350,high,10.0,0,29,1118936057600,1118936057100,350,329,3,1118936057100,1118936058100,2
train,53,s0_t1118936040200_a350,high,15.0,0,3,1118936044600,1118936044100,352,354,3,1118936044100,1118936045100,3
train,53,s0_t1118936040200_a350,high,15.0,2,3,1118936044600,1118936044100,348,352,3,1118936044100,1118936045100,3
train,53,s0_t1118936040200_a350,high,15.0,3,3,1118936044600,1118936044100,350,325,3,1118936044100,1118936045100,3
train,53,s0_t1118936040200_a350,high,15.0,4,3,1118936044600,1118936044100,325,350,3,1118936044100,1118936045100,3
train,53,s0_t1118936040200_a350,high,15.0,0,6,1118936046100,1118936045600,354,208,3,1118936045600,1118936046600,3
train,53,s0_t1118936040200_a350,high,15.0,4,7,1118936046600,1118936046100,350,348,3,1118936046100,1118936047100,3
train,53,s0_t1118936040200_a350,high,15.0,3,8,1118936047100,1118936046600,325,350,3,1118936046600,1118936047600,3
train,53,s0_t1118936040200_a350,high,15.0,4,8,1118936047100,1118936046600,348,352,3,1118936046600,1118936047600,2
train,53,s0_t1118936040200_a350,high,15.0,3,10,1118936048100,1118936047600,350,325,3,1118936047600,1118936048600,2
train,53,s0_t1118936040200_a350,high,15.0,5,11,1118936048600,1118936048100,354,352,3,1118936048100,1118936049100,2
train,53,s0_t1118936040200_a350,high,15.0,1,17,1118936051600,1118936051100,329,325,3,1118936051100,1118936052100,3
train,53,s0_t1118936040200_a350,high,15.0,3,17,1118936051600,1118936051100,325,352,3,1118936051100,1118936052100,3
train,53,s0_t1118936040200_a350,high,15.0,1,23,1118936054600,1118936054100,325,350,3,1118936054100,1118936055100,3
train,53,s0_t1118936040200_a350,high,15.0,1,24,1118936055100,1118936054600,350,325,3,1118936054600,1118936055600,3
train,53,s0_t1118936040200_a350,high,15.0,3,24,1118936055100,1118936054600,352,354,3,1118936054600,1118936055600,2
train,53,s0_t1118936040200_a350,high,15.0,4,28,1118936057100,1118936056600,352,329,3,1118936056600,1118936057600,2
train,53,s0_t1118936040200_a350,high,20.0,0,3,1118936044600,1118936044100,352,354,3,1118936044100,1118936045100,3
train,53,s0_t1118936040200_a350,high,20.0,2,3,1118936044600,1118936044100,348,352,3,1118936044100,1118936045100,3
train,53,s0_t1118936040200_a350,high,20.0,3,3,1118936044600,1118936044100,350,325,3,1118936044100,1118936045100,3
train,53,s0_t1118936040200_a350,high,20.0,4,3,1118936044600,1118936044100,325,350,3,1118936044100,1118936045100,3
train,53,s0_t1118936040200_a350,high,20.0,0,6,1118936046100,1118936045600,354,208,3,1118936045600,1118936046600,3
train,53,s0_t1118936040200_a350,high,20.0,4,7,1118936046600,1118936046100,350,348,3,1118936046100,1118936047100,3
train,53,s0_t1118936040200_a350,high,20.0,3,8,1118936047100,1118936046600,325,350,3,1118936046600,1118936047600,3
train,53,s0_t1118936040200_a350,high,20.0,4,8,1118936047100,1118936046600,348,352,3,1118936046600,1118936047600,2
train,53,s0_t1118936040200_a350,high,20.0,3,10,1118936048100,1118936047600,350,325,3,1118936047600,1118936048600,2
train,53,s0_t1118936040200_a350,high,20.0,1,11,1118936048600,1118936048100,350,325,3,1118936048100,1118936049100,2
train,53,s0_t1118936040200_a350,high,20.0,5,11,1118936048600,1118936048100,354,350,3,1118936048100,1118936049100,2
train,53,s0_t1118936040200_a350,high,20.0,5,17,1118936051600,1118936051100,329,325,3,1118936051100,1118936052100,3
train,53,s0_t1118936040200_a350,high,20.0,1,28,1118936057100,1118936056600,352,329,3,1118936056600,1118936057600,3
train,53,s0_t1118936040200_a350,high,20.0,0,29,1118936057600,1118936057100,350,329,3,1118936057100,1118936058100,2
train,53,s0_t1118936040200_a350,high,20.0,1,29,1118936057600,1118936057100,329,352,3,1118936057100,1118936058100,3
train,54,s0_t1118936040200_a356,high,-5.0,6,3,1118936044600,1118936044100,376,1201,3,1118936044100,1118936045100,3
train,54,s0_t1118936040200_a356,high,-5.0,7,3,1118936044600,1118936044100,356,371,3,1118936044100,1118936045100,3
train,54,s0_t1118936040200_a356,high,-5.0,7,4,1118936045100,1118936044600,371,356,3,1118936044600,1118936045600,3
train,54,s0_t1118936040200_a356,high,-5.0,6,8,1118936047100,1118936046600,376,1201,3,1118936046600,1118936047600,2
train,54,s0_t1118936040200_a356,high,-5.0,3,12,1118936049100,1118936048600,376,1201,3,1118936048600,1118936049600,3
train,54,s0_t1118936040200_a356,high,-5.0,3,13,1118936049600,1118936049100,1201,376,3,1118936049100,1118936050100,3
train,54,s0_t1118936040200_a356,high,-5.0,4,13,1118936049600,1118936049100,371,356,3,1118936049100,1118936050100,3
train,54,s0_t1118936040200_a356,high,-5.0,3,14,1118936050100,1118936049600,376,1201,3,1118936049600,1118936050600,3
train,54,s0_t1118936040200_a356,high,-5.0,4,14,1118936050100,1118936049600,356,371,3,1118936049600,1118936050600,3
train,54,s0_t1118936040200_a356,high,-5.0,0,19,1118936052600,1118936052100,373,356,3,1118936052100,1118936053100,3
train,54,s0_t1118936040200_a356,high,-5.0,2,19,1118936052600,1118936052100,356,371,3,1118936052100,1118936053100,3
train,54,s0_t1118936040200_a356,high,-5.0,0,20,1118936053100,1118936052600,356,373,3,1118936052600,1118936053600,3
train,54,s0_t1118936040200_a356,high,-5.0,2,20,1118936053100,1118936052600,371,356,3,1118936052600,1118936053600,3
train,54,s0_t1118936040200_a356,high,-5.0,6,20,1118936053100,1118936052600,1201,376,3,1118936052600,1118936053600,3
train,54,s0_t1118936040200_a356,high,-5.0,7,20,1118936053100,1118936052600,376,1201,3,1118936052600,1118936053600,3
train,54,s0_t1118936040200_a356,high,-5.0,4,23,1118936054600,1118936054100,371,376,3,1118936054100,1118936055100,2
train,54,s0_t1118936040200_a356,high,-5.0,7,24,1118936055100,1118936054600,1201,376,3,1118936054600,1118936055600,3
train,54,s0_t1118936040200_a356,high,-5.0,7,25,1118936055600,1118936055100,376,1201,3,1118936055100,1118936056100,3
train,54,s0_t1118936040200_a356,high,-5.0,7,26,1118936056100,1118936055600,1201,376,3,1118936055600,1118936056600,3
train,54,s0_t1118936040200_a356,high,-5.0,7,29,1118936057600,1118936057100,376,1201,3,1118936057100,1118936058100,3
train,54,s0_t1118936040200_a356,high,-5.0,4,30,1118936058100,1118936057600,371,1201,2,1118936057600,1118936058100,2
train,54,s0_t1118936040200_a356,high,-5.0,7,30,1118936058100,1118936057600,1201,376,2,1118936057600,1118936058100,2
train,54,s0_t1118936040200_a356,high,0.0,7,3,1118936044600,1118936044100,356,371,3,1118936044100,1118936045100,3
train,54,s0_t1118936040200_a356,high,0.0,6,4,1118936045100,1118936044600,376,1201,3,1118936044600,1118936045600,2
train,54,s0_t1118936040200_a356,high,0.0,7,4,1118936045100,1118936044600,371,356,3,1118936044600,1118936045600,3
train,54,s0_t1118936040200_a356,high,0.0,6,11,1118936048600,1118936048100,356,371,3,1118936048100,1118936049100,3
train,54,s0_t1118936040200_a356,high,0.0,7,11,1118936048600,1118936048100,371,1201,3,1118936048100,1118936049100,2
train,54,s0_t1118936040200_a356,high,0.0,6,13,1118936049600,1118936049100,371,356,3,1118936049100,1118936050100,3
train,54,s0_t1118936040200_a356,high,0.0,6,14,1118936050100,1118936049600,356,371,3,1118936049600,1118936050600,3
train,54,s0_t1118936040200_a356,high,0.0,4,20,1118936053100,1118936052600,1201,376,3,1118936052600,1118936053600,3
train,54,s0_t1118936040200_a356,high,0.0,7,22,1118936054100,1118936053600,356,371,3,1118936053600,1118936054600,3
train,54,s0_t1118936040200_a356,high,0.0,7,23,1118936054600,1118936054100,371,356,3,1118936054100,1118936055100,3
train,54,s0_t1118936040200_a356,high,0.0,3,24,1118936055100,1118936054600,1201,376,3,1118936054600,1118936055600,2
train,54,s0_t1118936040200_a356,high,0.0,4,24,1118936055100,1118936054600,376,1201,3,1118936054600,1118936055600,3
train,54,s0_t1118936040200_a356,high,0.0,5,29,1118936057600,1118936057100,376,1201,3,1118936057100,1118936058100,3
train,54,s0_t1118936040200_a356,high,0.0,4,30,1118936058100,1118936057600,356,1201,2,1118936057600,1118936058100,2
train,54,s0_t1118936040200_a356,high,0.0,5,30,1118936058100,1118936057600,1201,376,2,1118936057600,1118936058100,2
train,54,s0_t1118936040200_a356,high,5.0,7,3,1118936044600,1118936044100,356,371,3,1118936044100,1118936045100,3
train,54,s0_t1118936040200_a356,high,5.0,6,4,1118936045100,1118936044600,376,1201,3,1118936044600,1118936045600,2
train,54,s0_t1118936040200_a356,high,5.0,7,4,1118936045100,1118936044600,371,356,3,1118936044600,1118936045600,3
train,54,s0_t1118936040200_a356,high,5.0,3,14,1118936050100,1118936049600,356,371,3,1118936049600,1118936050600,3
train,54,s0_t1118936040200_a356,high,5.0,2,18,1118936052100,1118936051600,1201,376,3,1118936051600,1118936052600,3
train,54,s0_t1118936040200_a356,high,5.0,5,19,1118936052600,1118936052100,356,371,3,1118936052100,1118936053100,3
train,54,s0_t1118936040200_a356,high,5.0,2,20,1118936053100,1118936052600,376,1201,3,1118936052600,1118936053600,3
train,54,s0_t1118936040200_a356,high,5.0,2,21,1118936053600,1118936053100,1201,376,3,1118936053100,1118936054100,3
train,54,s0_t1118936040200_a356,high,5.0,2,22,1118936054100,1118936053600,376,1201,3,1118936053600,1118936054600,3
train,54,s0_t1118936040200_a356,high,5.0,2,23,1118936054600,1118936054100,1201,376,3,1118936054100,1118936055100,3
train,54,s0_t1118936040200_a356,high,5.0,7,25,1118936055600,1118936055100,356,371,3,1118936055100,1118936056100,3
train,54,s0_t1118936040200_a356,high,5.0,5,28,1118936057100,1118936056600,371,1201,3,1118936056600,1118936057600,2
train,54,s0_t1118936040200_a356,high,5.0,2,29,1118936057600,1118936057100,371,356,3,1118936057100,1118936058100,3
train,54,s0_t1118936040200_a356,high,5.0,7,30,1118936058100,1118936057600,371,1201,2,1118936057600,1118936058100,2
train,54,s0_t1118936040200_a356,high,10.0,7,3,1118936044600,1118936044100,356,371,3,1118936044100,1118936045100,3
train,54,s0_t1118936040200_a356,high,10.0,6,4,1118936045100,1118936044600,376,1201,3,1118936044600,1118936045600,2
train,54,s0_t1118936040200_a356,high,10.0,7,4,1118936045100,1118936044600,371,356,3,1118936044600,1118936045600,3
train,54,s0_t1118936040200_a356,high,10.0,3,14,1118936050100,1118936049600,356,371,3,1118936049600,1118936050600,3
train,54,s0_t1118936040200_a356,high,10.0,3,23,1118936054600,1118936054100,371,376,3,1118936054100,1118936055100,2
train,54,s0_t1118936040200_a356,high,10.0,5,24,1118936055100,1118936054600,356,371,3,1118936054600,1118936055600,2
train,54,s0_t1118936040200_a356,high,10.0,6,25,1118936055600,1118936055100,356,371,3,1118936055100,1118936056100,3
train,54,s0_t1118936040200_a356,high,10.0,2,29,1118936057600,1118936057100,371,356,3,1118936057100,1118936058100,3
train,54,s0_t1118936040200_a356,high,10.0,3,29,1118936057600,1118936057100,376,1201,3,1118936057100,1118936058100,3
train,54,s0_t1118936040200_a356,high,10.0,3,30,1118936058100,1118936057600,1201,376,2,1118936057600,1118936058100,2
train,54,s0_t1118936040200_a356,high,10.0,7,30,1118936058100,1118936057600,371,1201,2,1118936057600,1118936058100,2
train,54,s0_t1118936040200_a356,high,15.0,7,4,1118936045100,1118936044600,356,371,3,1118936044600,1118936045600,3
train,54,s0_t1118936040200_a356,high,15.0,6,14,1118936050100,1118936049600,356,371,3,1118936049600,1118936050600,3
train,54,s0_t1118936040200_a356,high,15.0,5,19,1118936052600,1118936052100,1201,371,3,1118936052100,1118936053100,2
train,54,s0_t1118936040200_a356,high,15.0,6,21,1118936053600,1118936053100,1201,376,3,1118936053100,1118936054100,3
train,54,s0_t1118936040200_a356,high,15.0,3,23,1118936054600,1118936054100,371,356,3,1118936054100,1118936055100,2
train,54,s0_t1118936040200_a356,high,15.0,7,23,1118936054600,1118936054100,356,371,3,1118936054100,1118936055100,3
train,54,s0_t1118936040200_a356,high,15.0,7,24,1118936055100,1118936054600,371,356,3,1118936054600,1118936055600,2
train,54,s0_t1118936040200_a356,high,15.0,5,26,1118936056100,1118936055600,356,371,3,1118936055600,1118936056600,2
train,54,s0_t1118936040200_a356,high,15.0,5,30,1118936058100,1118936057600,371,1201,2,1118936057600,1118936058100,2
train,54,s0_t1118936040200_a356,high,20.0,7,4,1118936045100,1118936044600,356,371,3,1118936044600,1118936045600,3
train,54,s0_t1118936040200_a356,high,20.0,6,14,1118936050100,1118936049600,356,371,3,1118936049600,1118936050600,3
train,54,s0_t1118936040200_a356,high,20.0,5,19,1118936052600,1118936052100,1201,371,3,1118936052100,1118936053100,2
train,54,s0_t1118936040200_a356,high,20.0,6,21,1118936053600,1118936053100,1201,376,3,1118936053100,1118936054100,3
train,54,s0_t1118936040200_a356,high,20.0,3,23,1118936054600,1118936054100,371,356,3,1118936054100,1118936055100,2
train,54,s0_t1118936040200_a356,high,20.0,7,23,1118936054600,1118936054100,356,371,3,1118936054100,1118936055100,3
train,54,s0_t1118936040200_a356,high,20.0,7,24,1118936055100,1118936054600,371,356,3,1118936054600,1118936055600,2
train,54,s0_t1118936040200_a356,high,20.0,5,26,1118936056100,1118936055600,356,371,3,1118936055600,1118936056600,2
train,54,s0_t1118936040200_a356,high,20.0,5,30,1118936058100,1118936057600,371,1201,2,1118936057600,1118936058100,2
train,54,s0_t1118936040200_a356,high,20.0,6,30,1118936058100,1118936057600,356,371,2,1118936057600,1118936058100,2
train,55,s0_t1118936040200_a372,high,-5.0,7,24,1118936055100,1118936054600,391,369,3,1118936054600,1118936055600,2
train,55,s0_t1118936040200_a372,high,-5.0,2,25,1118936055600,1118936055100,388,369,3,1118936055100,1118936056100,2
train,55,s0_t1118936040200_a372,high,-5.0,4,25,1118936055600,1118936055100,391,388,3,1118936055100,1118936056100,2
train,55,s0_t1118936040200_a372,high,-5.0,0,29,1118936057600,1118936057100,383,394,3,1118936057100,1118936058100,3
train,55,s0_t1118936040200_a372,high,-5.0,0,30,1118936058100,1118936057600,394,383,2,1118936057600,1118936058100,2
train,55,s0_t1118936040200_a372,high,-5.0,6,30,1118936058100,1118936057600,383,394,2,1118936057600,1118936058100,2
train,55,s0_t1118936040200_a372,high,0.0,6,24,1118936055100,1118936054600,391,369,3,1118936054600,1118936055600,2
train,55,s0_t1118936040200_a372,high,0.0,4,29,1118936057600,1118936057100,383,394,3,1118936057100,1118936058100,3
train,55,s0_t1118936040200_a372,high,0.0,4,30,1118936058100,1118936057600,394,383,2,1118936057600,1118936058100,2
train,55,s0_t1118936040200_a372,high,0.0,5,30,1118936058100,1118936057600,383,394,2,1118936057600,1118936058100,2
train,55,s0_t1118936040200_a372,high,5.0,6,24,1118936055100,1118936054600,391,369,3,1118936054600,1118936055600,2
train,55,s0_t1118936040200_a372,high,5.0,1,29,1118936057600,1118936057100,383,394,3,1118936057100,1118936058100,3
train,55,s0_t1118936040200_a372,high,5.0,1,30,1118936058100,1118936057600,394,383,2,1118936057600,1118936058100,2
train,55,s0_t1118936040200_a372,high,5.0,3,30,1118936058100,1118936057600,383,394,2,1118936057600,1118936058100,2
train,55,s0_t1118936040200_a372,high,10.0,5,24,1118936055100,1118936054600,391,369,3,1118936054600,1118936055600,2
train,55,s0_t1118936040200_a372,high,10.0,0,29,1118936057600,1118936057100,383,394,3,1118936057100,1118936058100,3
train,55,s0_t1118936040200_a372,high,10.0,0,30,1118936058100,1118936057600,394,383,2,1118936057600,1118936058100,2
train,55,s0_t1118936040200_a372,high,10.0,3,30,1118936058100,1118936057600,383,394,2,1118936057600,1118936058100,2
train,55,s0_t1118936040200_a372,high,15.0,5,5,1118936045600,1118936045100,369,388,3,1118936045100,1118936046100,3
train,55,s0_t1118936040200_a372,high,15.0,5,16,1118936051100,1118936050600,388,369,3,1118936050600,1118936051600,3
train,55,s0_t1118936040200_a372,high,15.0,6,24,1118936055100,1118936054600,391,369,3,1118936054600,1118936055600,2
train,55,s0_t1118936040200_a372,high,15.0,1,29,1118936057600,1118936057100,383,394,3,1118936057100,1118936058100,3
train,55,s0_t1118936040200_a372,high,15.0,1,30,1118936058100,1118936057600,394,383,2,1118936057600,1118936058100,2
train,55,s0_t1118936040200_a372,high,15.0,5,30,1118936058100,1118936057600,383,394,2,1118936057600,1118936058100,2
train,55,s0_t1118936040200_a372,high,20.0,7,24,1118936055100,1118936054600,391,369,3,1118936054600,1118936055600,2
train,55,s0_t1118936040200_a372,high,20.0,0,29,1118936057600,1118936057100,383,394,3,1118936057100,1118936058100,3
train,55,s0_t1118936040200_a372,high,20.0,0,30,1118936058100,1118936057600,394,383,2,1118936057600,1118936058100,2
train,55,s0_t1118936040200_a372,high,20.0,6,30,1118936058100,1118936057600,383,394,2,1118936057600,1118936058100,2
train,56,s0_t1118936060200_a272,high,-5.0,1,6,1118936066100,1118936065600,329,352,3,1118936065600,1118936066600,3
train,56,s0_t1118936060200_a272,high,-5.0,1,10,1118936068100,1118936067600,352,329,3,1118936067600,1118936068600,3
train,56,s0_t1118936060200_a272,high,0.0,3,1,1118936063600,1118936063100,357,362,3,1118936063100,1118936064100,3
train,56,s0_t1118936060200_a272,high,0.0,2,2,1118936064100,1118936063600,352,354,3,1118936063600,1118936064600,3
train,56,s0_t1118936060200_a272,high,0.0,5,8,1118936067100,1118936066600,329,352,3,1118936066600,1118936067600,3
train,56,s0_t1118936060200_a272,high,0.0,5,9,1118936067600,1118936067100,352,329,3,1118936067100,1118936068100,3
train,56,s0_t1118936060200_a272,high,5.0,5,8,1118936067100,1118936066600,329,352,3,1118936066600,1118936067600,3
train,56,s0_t1118936060200_a272,high,5.0,5,9,1118936067600,1118936067100,352,329,3,1118936067100,1118936068100,3
train,56,s0_t1118936060200_a272,high,5.0,7,27,1118936076600,1118936076100,354,362,3,1118936076100,1118936077100,1
train,56,s0_t1118936060200_a272,high,10.0,2,1,1118936063600,1118936063100,352,354,3,1118936063100,1118936064100,2
train,56,s0_t1118936060200_a272,high,10.0,7,2,1118936064100,1118936063600,362,357,3,1118936063600,1118936064600,3
train,56,s0_t1118936060200_a272,high,10.0,5,8,1118936067100,1118936066600,329,352,3,1118936066600,1118936067600,3
train,56,s0_t1118936060200_a272,high,10.0,5,10,1118936068100,1118936067600,352,329,3,1118936067600,1118936068600,3
train,56,s0_t1118936060200_a272,high,15.0,2,1,1118936063600,1118936063100,352,354,3,1118936063100,1118936064100,2
train,56,s0_t1118936060200_a272,high,15.0,7,2,1118936064100,1118936063600,362,357,3,1118936063600,1118936064600,3
train,56,s0_t1118936060200_a272,high,15.0,5,8,1118936067100,1118936066600,329,352,3,1118936066600,1118936067600,3
train,56,s0_t1118936060200_a272,high,15.0,5,10,1118936068100,1118936067600,352,329,3,1118936067600,1118936068600,3
train,56,s0_t1118936060200_a272,high,20.0,2,1,1118936063600,1118936063100,352,354,3,1118936063100,1118936064100,2
train,56,s0_t1118936060200_a272,high,20.0,7,2,1118936064100,1118936063600,362,357,3,1118936063600,1118936064600,3
train,56,s0_t1118936060200_a272,high,20.0,5,8,1118936067100,1118936066600,329,352,3,1118936066600,1118936067600,3
train,56,s0_t1118936060200_a272,high,20.0,5,10,1118936068100,1118936067600,352,329,3,1118936067600,1118936068600,3
train,58,s0_t1118936060200_a414,high,5.0,3,15,1118936070600,1118936070100,399,423,3,1118936070100,1118936071100,3
train,58,s0_t1118936060200_a414,high,10.0,3,15,1118936070600,1118936070100,399,423,3,1118936070100,1118936071100,3
train,58,s0_t1118936060200_a414,high,10.0,6,20,1118936073100,1118936072600,399,423,3,1118936072600,1118936073600,3
train,58,s0_t1118936060200_a414,high,15.0,3,15,1118936070600,1118936070100,399,423,3,1118936070100,1118936071100,3
train,58,s0_t1118936060200_a414,high,15.0,6,20,1118936073100,1118936072600,399,423,3,1118936072600,1118936073600,3
train,58,s0_t1118936060200_a414,high,20.0,3,15,1118936070600,1118936070100,399,423,3,1118936070100,1118936071100,3
train,59,s0_t1118936080200_a356,high,-5.0,3,3,1118936084600,1118936084100,373,356,3,1118936084100,1118936085100,3
train,59,s0_t1118936080200_a356,high,-5.0,0,10,1118936088100,1118936087600,371,396,3,1118936087600,1118936088600,2
train,59,s0_t1118936080200_a356,high,-5.0,2,10,1118936088100,1118936087600,396,371,3,1118936087600,1118936088600,3
train,59,s0_t1118936080200_a356,high,-5.0,2,11,1118936088600,1118936088100,371,396,3,1118936088100,1118936089100,3
train,59,s0_t1118936080200_a356,high,0.0,5,15,1118936090600,1118936090100,446,441,3,1118936090100,1118936091100,2
train,59,s0_t1118936080200_a356,high,5.0,5,21,1118936093600,1118936093100,373,356,3,1118936093100,1118936094100,2
train,59,s0_t1118936080200_a356,high,10.0,5,5,1118936085600,1118936085100,373,356,3,1118936085100,1118936086100,3
train,59,s0_t1118936080200_a356,high,15.0,5,5,1118936085600,1118936085100,373,356,3,1118936085100,1118936086100,3
train,59,s0_t1118936080200_a356,high,15.0,4,21,1118936093600,1118936093100,373,356,3,1118936093100,1118936094100,2
train,59,s0_t1118936080200_a356,high,20.0,5,5,1118936085600,1118936085100,373,356,3,1118936085100,1118936086100,3
train,62,s0_t1118936100200_a323,high,-5.0,1,1,1118936103600,1118936103100,323,393,3,1118936103100,1118936104100,3
train,62,s0_t1118936100200_a323,high,-5.0,1,3,1118936104600,1118936104100,393,331,3,1118936104100,1118936105100,2
train,62,s0_t1118936100200_a323,high,-5.0,3,4,1118936105100,1118936104600,323,393,3,1118936104600,1118936105600,3
train,62,s0_t1118936100200_a323,high,-5.0,3,7,1118936106600,1118936106100,393,417,3,1118936106100,1118936107100,3
train,62,s0_t1118936100200_a323,high,-5.0,6,9,1118936107600,1118936107100,323,393,3,1118936107100,1118936108100,3
train,62,s0_t1118936100200_a323,high,-5.0,2,11,1118936108600,1118936108100,323,331,3,1118936108100,1118936109100,2
train,62,s0_t1118936100200_a323,high,-5.0,6,11,1118936108600,1118936108100,393,323,3,1118936108100,1118936109100,2
train,62,s0_t1118936100200_a323,high,-5.0,0,13,1118936109600,1118936109100,334,417,3,1118936109100,1118936110100,3
train,62,s0_t1118936100200_a323,high,-5.0,1,14,1118936110100,1118936109600,393,323,3,1118936109600,1118936110600,3
train,62,s0_t1118936100200_a323,high,-5.0,0,16,1118936111100,1118936110600,417,331,3,1118936110600,1118936111600,3
train,62,s0_t1118936100200_a323,high,-5.0,0,17,1118936111600,1118936111100,331,417,3,1118936111100,1118936112100,3
train,62,s0_t1118936100200_a323,high,-5.0,1,18,1118936112100,1118936111600,323,393,3,1118936111600,1118936112600,3
train,62,s0_t1118936100200_a323,high,-5.0,0,20,1118936113100,1118936112600,417,334,3,1118936112600,1118936113600,3
train,62,s0_t1118936100200_a323,high,-5.0,0,21,1118936113600,1118936113100,334,417,3,1118936113100,1118936114100,3
train,62,s0_t1118936100200_a323,high,-5.0,6,23,1118936114600,1118936114100,323,393,3,1118936114100,1118936115100,2
train,62,s0_t1118936100200_a323,high,-5.0,0,26,1118936116100,1118936115600,417,334,3,1118936115600,1118936116600,3
train,62,s0_t1118936100200_a323,high,-5.0,0,28,1118936117100,1118936116600,334,417,3,1118936116600,1118936117600,3
train,62,s0_t1118936100200_a323,high,-5.0,3,29,1118936117600,1118936117100,334,444,3,1118936117100,1118936118100,2
train,62,s0_t1118936100200_a323,high,0.0,1,1,1118936103600,1118936103100,323,393,3,1118936103100,1118936104100,3
train,62,s0_t1118936100200_a323,high,0.0,1,3,1118936104600,1118936104100,393,331,3,1118936104100,1118936105100,2
train,62,s0_t1118936100200_a323,high,0.0,3,4,1118936105100,1118936104600,323,393,3,1118936104600,1118936105600,3
train,62,s0_t1118936100200_a323,high,0.0,3,7,1118936106600,1118936106100,393,417,3,1118936106100,1118936107100,3
train,62,s0_t1118936100200_a323,high,0.0,5,9,1118936107600,1118936107100,323,393,3,1118936107100,1118936108100,3
train,62,s0_t1118936100200_a323,high,0.0,0,13,1118936109600,1118936109100,334,417,3,1118936109100,1118936110100,3
train,62,s0_t1118936100200_a323,high,0.0,5,14,1118936110100,1118936109600,393,331,3,1118936109600,1118936110600,3
train,62,s0_t1118936100200_a323,high,0.0,1,17,1118936111600,1118936111100,323,393,3,1118936111100,1118936112100,2
train,62,s0_t1118936100200_a323,high,0.0,0,20,1118936113100,1118936112600,417,334,3,1118936112600,1118936113600,3
train,62,s0_t1118936100200_a323,high,0.0,0,21,1118936113600,1118936113100,334,417,3,1118936113100,1118936114100,3
train,62,s0_t1118936100200_a323,high,0.0,1,23,1118936114600,1118936114100,323,393,3,1118936114100,1118936115100,2
train,62,s0_t1118936100200_a323,high,0.0,0,26,1118936116100,1118936115600,417,334,3,1118936115600,1118936116600,3
train,62,s0_t1118936100200_a323,high,0.0,0,28,1118936117100,1118936116600,334,417,3,1118936116600,1118936117600,3
train,62,s0_t1118936100200_a323,high,0.0,6,29,1118936117600,1118936117100,334,444,3,1118936117100,1118936118100,2
train,62,s0_t1118936100200_a323,high,5.0,1,1,1118936103600,1118936103100,323,393,3,1118936103100,1118936104100,3
train,62,s0_t1118936100200_a323,high,5.0,1,3,1118936104600,1118936104100,393,331,3,1118936104100,1118936105100,3
train,62,s0_t1118936100200_a323,high,5.0,3,4,1118936105100,1118936104600,323,393,3,1118936104600,1118936105600,3
train,62,s0_t1118936100200_a323,high,5.0,3,5,1118936105600,1118936105100,393,323,3,1118936105100,1118936106100,3
train,62,s0_t1118936100200_a323,high,5.0,6,9,1118936107600,1118936107100,393,323,3,1118936107100,1118936108100,3
train,62,s0_t1118936100200_a323,high,5.0,1,16,1118936111100,1118936110600,331,334,3,1118936110600,1118936111600,3
train,62,s0_t1118936100200_a323,high,5.0,6,16,1118936111100,1118936110600,323,393,3,1118936110600,1118936111600,3
train,62,s0_t1118936100200_a323,high,5.0,1,19,1118936112600,1118936112100,334,417,3,1118936112100,1118936113100,3
train,62,s0_t1118936100200_a323,high,5.0,4,23,1118936114600,1118936114100,323,393,3,1118936114100,1118936115100,2
train,62,s0_t1118936100200_a323,high,5.0,1,26,1118936116100,1118936115600,417,334,3,1118936115600,1118936116600,3
train,62,s0_t1118936100200_a323,high,5.0,1,28,1118936117100,1118936116600,334,417,3,1118936116600,1118936117600,3
train,62,s0_t1118936100200_a323,high,5.0,6,29,1118936117600,1118936117100,334,444,3,1118936117100,1118936118100,2
train,62,s0_t1118936100200_a323,high,10.0,1,1,1118936103600,1118936103100,323,393,3,1118936103100,1118936104100,3
train,62,s0_t1118936100200_a323,high,10.0,1,3,1118936104600,1118936104100,393,331,3,1118936104100,1118936105100,3
train,62,s0_t1118936100200_a323,high,10.0,3,4,1118936105100,1118936104600,323,393,3,1118936104600,1118936105600,3
train,62,s0_t1118936100200_a323,high,10.0,3,5,1118936105600,1118936105100,393,323,3,1118936105100,1118936106100,3
train,62,s0_t1118936100200_a323,high,10.0,0,13,1118936109600,1118936109100,334,417,3,1118936109100,1118936110100,3
train,62,s0_t1118936100200_a323,high,10.0,6,14,1118936110100,1118936109600,393,331,3,1118936109600,1118936110600,3
train,62,s0_t1118936100200_a323,high,10.0,6,18,1118936112100,1118936111600,331,393,3,1118936111600,1118936112600,3
train,62,s0_t1118936100200_a323,high,10.0,0,20,1118936113100,1118936112600,417,334,3,1118936112600,1118936113600,3
train,62,s0_t1118936100200_a323,high,10.0,0,21,1118936113600,1118936113100,334,417,3,1118936113100,1118936114100,3
train,62,s0_t1118936100200_a323,high,10.0,0,26,1118936116100,1118936115600,417,334,3,1118936115600,1118936116600,3
train,62,s0_t1118936100200_a323,high,10.0,0,28,1118936117100,1118936116600,334,417,3,1118936116600,1118936117600,3
train,62,s0_t1118936100200_a323,high,10.0,5,29,1118936117600,1118936117100,334,444,3,1118936117100,1118936118100,2
train,62,s0_t1118936100200_a323,high,15.0,1,1,1118936103600,1118936103100,323,393,3,1118936103100,1118936104100,3
train,62,s0_t1118936100200_a323,high,15.0,1,2,1118936104100,1118936103600,393,323,3,1118936103600,1118936104600,3
train,62,s0_t1118936100200_a323,high,15.0,5,2,1118936104100,1118936103600,331,393,3,1118936103600,1118936104600,2
train,62,s0_t1118936100200_a323,high,15.0,1,11,1118936108600,1118936108100,323,393,3,1118936108100,1118936109100,3
train,62,s0_t1118936100200_a323,high,15.0,1,12,1118936109100,1118936108600,393,323,3,1118936108600,1118936109600,3
train,62,s0_t1118936100200_a323,high,15.0,6,12,1118936109100,1118936108600,417,334,3,1118936108600,1118936109600,3
train,62,s0_t1118936100200_a323,high,15.0,6,13,1118936109600,1118936109100,334,417,3,1118936109100,1118936110100,3
train,62,s0_t1118936100200_a323,high,15.0,6,16,1118936111100,1118936110600,417,334,3,1118936110600,1118936111600,3
train,62,s0_t1118936100200_a323,high,15.0,6,17,1118936111600,1118936111100,334,417,3,1118936111100,1118936112100,3
train,62,s0_t1118936100200_a323,high,15.0,1,18,1118936112100,1118936111600,323,393,3,1118936111600,1118936112600,3
train,62,s0_t1118936100200_a323,high,15.0,1,19,1118936112600,1118936112100,393,323,3,1118936112100,1118936113100,3
train,62,s0_t1118936100200_a323,high,15.0,4,19,1118936112600,1118936112100,323,393,3,1118936112100,1118936113100,2
train,62,s0_t1118936100200_a323,high,15.0,6,20,1118936113100,1118936112600,417,334,3,1118936112600,1118936113600,3
train,62,s0_t1118936100200_a323,high,15.0,6,21,1118936113600,1118936113100,334,417,3,1118936113100,1118936114100,3
train,62,s0_t1118936100200_a323,high,15.0,1,22,1118936114100,1118936113600,323,393,3,1118936113600,1118936114600,3
train,62,s0_t1118936100200_a323,high,15.0,1,23,1118936114600,1118936114100,393,323,3,1118936114100,1118936115100,2
train,62,s0_t1118936100200_a323,high,15.0,6,26,1118936116100,1118936115600,417,334,3,1118936115600,1118936116600,3
train,62,s0_t1118936100200_a323,high,15.0,6,28,1118936117100,1118936116600,334,417,3,1118936116600,1118936117600,3
train,62,s0_t1118936100200_a323,high,15.0,3,29,1118936117600,1118936117100,334,444,3,1118936117100,1118936118100,2
train,62,s0_t1118936100200_a323,high,20.0,3,2,1118936104100,1118936103600,323,393,3,1118936103600,1118936104600,3
train,62,s0_t1118936100200_a323,high,20.0,5,2,1118936104100,1118936103600,331,323,3,1118936103600,1118936104600,2
train,62,s0_t1118936100200_a323,high,20.0,3,3,1118936104600,1118936104100,393,323,3,1118936104100,1118936105100,3
train,62,s0_t1118936100200_a323,high,20.0,3,7,1118936106600,1118936106100,323,393,3,1118936106100,1118936107100,3
train,62,s0_t1118936100200_a323,high,20.0,6,11,1118936108600,1118936108100,393,331,3,1118936108100,1118936109100,3
train,62,s0_t1118936100200_a323,high,20.0,5,16,1118936111100,1118936110600,323,393,3,1118936110600,1118936111600,3
train,62,s0_t1118936100200_a323,high,20.0,6,16,1118936111100,1118936110600,331,334,3,1118936110600,1118936111600,3
train,62,s0_t1118936100200_a323,high,20.0,6,19,1118936112600,1118936112100,334,417,3,1118936112100,1118936113100,3
train,62,s0_t1118936100200_a323,high,20.0,4,23,1118936114600,1118936114100,323,393,3,1118936114100,1118936115100,2
train,62,s0_t1118936100200_a323,high,20.0,6,26,1118936116100,1118936115600,417,334,3,1118936115600,1118936116600,3
train,62,s0_t1118936100200_a323,high,20.0,6,28,1118936117100,1118936116600,334,417,3,1118936116600,1118936117600,3
train,62,s0_t1118936100200_a323,high,20.0,0,29,1118936117600,1118936117100,334,444,3,1118936117100,1118936118100,2
train,63,s0_t1118936100200_a334,high,-5.0,0,4,1118936105100,1118936104600,331,334,3,1118936104600,1118936105600,2
train,63,s0_t1118936100200_a334,high,-5.0,6,5,1118936105600,1118936105100,444,385,3,1118936105100,1118936106100,3
train,63,s0_t1118936100200_a334,high,-5.0,7,5,1118936105600,1118936105100,331,393,3,1118936105100,1118936106100,3
train,63,s0_t1118936100200_a334,high,-5.0,4,10,1118936108100,1118936107600,323,393,3,1118936107600,1118936108600,2
train,63,s0_t1118936100200_a334,high,-5.0,7,10,1118936108100,1118936107600,393,323,3,1118936107600,1118936108600,3
train,63,s0_t1118936100200_a334,high,-5.0,2,11,1118936108600,1118936108100,385,444,3,1118936108100,1118936109100,3
train,63,s0_t1118936100200_a334,high,-5.0,1,12,1118936109100,1118936108600,331,334,3,1118936108600,1118936109600,2
train,63,s0_t1118936100200_a334,high,-5.0,2,12,1118936109100,1118936108600,444,385,3,1118936108600,1118936109600,3
train,63,s0_t1118936100200_a334,high,-5.0,6,12,1118936109100,1118936108600,393,331,3,1118936108600,1118936109600,3
train,63,s0_t1118936100200_a334,high,-5.0,6,13,1118936109600,1118936109100,331,417,3,1118936109100,1118936110100,2
train,63,s0_t1118936100200_a334,high,-5.0,2,15,1118936110600,1118936110100,385,444,3,1118936110100,1118936111100,3
train,63,s0_t1118936100200_a334,high,-5.0,2,16,1118936111100,1118936110600,444,385,3,1118936110600,1118936111600,3
train,63,s0_t1118936100200_a334,high,-5.0,5,16,1118936111100,1118936110600,385,399,3,1118936110600,1118936111600,2
train,63,s0_t1118936100200_a334,high,-5.0,2,17,1118936111600,1118936111100,385,444,3,1118936111100,1118936112100,2
train,63,s0_t1118936100200_a334,high,-5.0,6,18,1118936112100,1118936111600,334,444,3,1118936111600,1118936112600,2
train,63,s0_t1118936100200_a334,high,-5.0,7,20,1118936113100,1118936112600,323,393,3,1118936112600,1118936113600,3
train,63,s0_t1118936100200_a334,high,-5.0,3,21,1118936113600,1118936113100,385,444,3,1118936113100,1118936114100,3
train,63,s0_t1118936100200_a334,high,-5.0,0,22,1118936114100,1118936113600,331,393,3,1118936113600,1118936114600,3
train,63,s0_t1118936100200_a334,high,-5.0,0,23,1118936114600,1118936114100,393,331,3,1118936114100,1118936115100,3
train,63,s0_t1118936100200_a334,high,-5.0,3,25,1118936115600,1118936115100,444,385,3,1118936115100,1118936116100,3
train,63,s0_t1118936100200_a334,high,-5.0,4,25,1118936115600,1118936115100,323,393,3,1118936115100,1118936116100,3
train,63,s0_t1118936100200_a334,high,-5.0,5,25,1118936115600,1118936115100,393,417,3,1118936115100,1118936116100,3
train,63,s0_t1118936100200_a334,high,-5.0,4,26,1118936116100,1118936115600,393,323,3,1118936115600,1118936116600,2
train,63,s0_t1118936100200_a334,high,-5.0,5,26,1118936116100,1118936115600,417,393,3,1118936115600,1118936116600,3
train,63,s0_t1118936100200_a334,high,-5.0,1,27,1118936116600,1118936116100,334,417,3,1118936116100,1118936117100,3
train,63,s0_t1118936100200_a334,high,-5.0,1,28,1118936117100,1118936116600,417,334,3,1118936116600,1118936117600,3
train,63,s0_t1118936100200_a334,high,-5.0,5,28,1118936117100,1118936116600,393,417,3,1118936116600,1118936117600,2
train,63,s0_t1118936100200_a334,high,-5.0,1,29,1118936117600,1118936117100,334,417,3,1118936117100,1118936118100,3
train,63,s0_t1118936100200_a334,high,-5.0,1,30,1118936118100,1118936117600,417,334,2,1118936117600,1118936118100,2
train,63,s0_t1118936100200_a334,high,-5.0,6,30,1118936118100,1118936117600,331,393,2,1118936117600,1118936118100,2
train,63,s0_t1118936100200_a334,high,0.0,3,1,1118936103600,1118936103100,417,334,3,1118936103100,1118936104100,3
train,63,s0_t1118936100200_a334,high,0.0,3,2,1118936104100,1118936103600,334,417,3,1118936103600,1118936104600,3
train,63,s0_t1118936100200_a334,high,0.0,0,6,1118936106100,1118936105600,331,417,3,1118936105600,1118936106600,3
train,63,s0_t1118936100200_a334,high,0.0,3,6,1118936106100,1118936105600,417,334,3,1118936105600,1118936106600,3
train,63,s0_t1118936100200_a334,high,0.0,4,6,1118936106100,1118936105600,323,393,3,1118936105600,1118936106600,3
train,63,s0_t1118936100200_a334,high,0.0,7,6,1118936106100,1118936105600,393,331,3,1118936105600,1118936106600,3
train,63,s0_t1118936100200_a334,high,0.0,4,7,1118936106600,1118936106100,393,323,3,1118936106100,1118936107100,3
train,63,s0_t1118936100200_a334,high,0.0,7,7,1118936106600,1118936106100,331,393,3,1118936106100,1118936107100,3
train,63,s0_t1118936100200_a334,high,0.0,4,10,1118936108100,1118936107600,323,393,3,1118936107600,1118936108600,3
train,63,s0_t1118936100200_a334,high,0.0,7,10,1118936108100,1118936107600,393,323,3,1118936107600,1118936108600,3
train,63,s0_t1118936100200_a334,high,0.0,1,13,1118936109600,1118936109100,444,385,3,1118936109100,1118936110100,3
train,63,s0_t1118936100200_a334,high,0.0,5,13,1118936109600,1118936109100,417,444,3,1118936109100,1118936110100,2
train,63,s0_t1118936100200_a334,high,0.0,1,17,1118936111600,1118936111100,385,444,3,1118936111100,1118936112100,3
train,63,s0_t1118936100200_a334,high,0.0,3,17,1118936111600,1118936111100,334,417,3,1118936111100,1118936112100,3
train,63,s0_t1118936100200_a334,high,0.0,0,18,1118936112100,1118936111600,331,334,3,1118936111600,1118936112600,2
train,63,s0_t1118936100200_a334,high,0.0,3,18,1118936112100,1118936111600,417,331,3,1118936111600,1118936112600,3
train,63,s0_t1118936100200_a334,high,0.0,3,19,1118936112600,1118936112100,331,417,3,1118936112100,1118936113100,3
train,63,s0_t1118936100200_a334,high,0.0,4,19,1118936112600,1118936112100,393,331,3,1118936112100,1118936113100,3
train,63,s0_t1118936100200_a334,high,0.0,4,20,1118936113100,1118936112600,331,393,3,1118936112600,1118936113600,3
train,63,s0_t1118936100200_a334,high,0.0,4,21,1118936113600,1118936113100,393,331,3,1118936113100,1118936114100,3
train,63,s0_t1118936100200_a334,high,0.0,5,21,1118936113600,1118936113100,385,444,3,1118936113100,1118936114100,3
train,63,s0_t1118936100200_a334,high,0.0,7,21,1118936113600,1118936113100,323,393,3,1118936113100,1118936114100,3
train,63,s0_t1118936100200_a334,high,0.0,3,22,1118936114100,1118936113600,417,334,3,1118936113600,1118936114600,3
train,63,s0_t1118936100200_a334,high,0.0,4,22,1118936114100,1118936113600,331,393,3,1118936113600,1118936114600,2
train,63,s0_t1118936100200_a334,high,0.0,7,22,1118936114100,1118936113600,393,323,3,1118936113600,1118936114600,3
train,63,s0_t1118936100200_a334,high,0.0,5,24,1118936115100,1118936114600,444,385,3,1118936114600,1118936115600,3
train,63,s0_t1118936100200_a334,high,0.0,1,25,1118936115600,1118936115100,417,393,3,1118936115100,1118936116100,3
train,63,s0_t1118936100200_a334,high,0.0,3,27,1118936116600,1118936116100,334,417,3,1118936116100,1118936117100,3
train,63,s0_t1118936100200_a334,high,0.0,0,28,1118936117100,1118936116600,323,393,3,1118936116600,1118936117600,2
train,63,s0_t1118936100200_a334,high,0.0,1,28,1118936117100,1118936116600,393,323,3,1118936116600,1118936117600,3
train,63,s0_t1118936100200_a334,high,0.0,5,29,1118936117600,1118936117100,385,444,3,1118936117100,1118936118100,3
train,63,s0_t1118936100200_a334,high,0.0,3,30,1118936118100,1118936117600,417,334,2,1118936117600,1118936118100,2
train,63,s0_t1118936100200_a334,high,5.0,3,1,1118936103600,1118936103100,417,334,3,1118936103100,1118936104100,3
train,63,s0_t1118936100200_a334,high,5.0,3,2,1118936104100,1118936103600,334,417,3,1118936103600,1118936104600,3
train,63,s0_t1118936100200_a334,high,5.0,0,5,1118936105600,1118936105100,331,323,3,1118936105100,1118936106100,3
train,63,s0_t1118936100200_a334,high,5.0,6,5,1118936105600,1118936105100,444,385,3,1118936105100,1118936106100,3
train,63,s0_t1118936100200_a334,high,5.0,0,6,1118936106100,1118936105600,323,393,3,1118936105600,1118936106600,2
train,63,s0_t1118936100200_a334,high,5.0,3,7,1118936106600,1118936106100,417,444,3,1118936106100,1118936107100,3
train,63,s0_t1118936100200_a334,high,5.0,5,7,1118936106600,1118936106100,331,334,3,1118936106100,1118936107100,3
train,63,s0_t1118936100200_a334,high,5.0,7,7,1118936106600,1118936106100,334,417,3,1118936106100,1118936107100,2
train,63,s0_t1118936100200_a334,high,5.0,2,8,1118936107100,1118936106600,331,417,3,1118936106600,1118936107600,3
train,63,s0_t1118936100200_a334,high,5.0,3,8,1118936107100,1118936106600,444,334,3,1118936106600,1118936107600,3
train,63,s0_t1118936100200_a334,high,5.0,5,8,1118936107100,1118936106600,334,331,3,1118936106600,1118936107600,3
train,63,s0_t1118936100200_a334,high,5.0,1,11,1118936108600,1118936108100,385,444,3,1118936108100,1118936109100,3
train,63,s0_t1118936100200_a334,high,5.0,1,14,1118936110100,1118936109600,444,385,3,1118936109600,1118936110600,3
train,63,s0_t1118936100200_a334,high,5.0,3,14,1118936110100,1118936109600,334,417,3,1118936109600,1118936110600,3
train,63,s0_t1118936100200_a334,high,5.0,3,15,1118936110600,1118936110100,417,334,3,1118936110100,1118936111100,3
train,63,s0_t1118936100200_a334,high,5.0,5,15,1118936110600,1118936110100,331,393,3,1118936110100,1118936111100,2
train,63,s0_t1118936100200_a334,high,5.0,1,16,1118936111100,1118936110600,385,444,3,1118936110600,1118936111600,3
train,63,s0_t1118936100200_a334,high,5.0,1,17,1118936111600,1118936111100,444,385,3,1118936111100,1118936112100,3
train,63,s0_t1118936100200_a334,high,5.0,3,17,1118936111600,1118936111100,334,417,3,1118936111100,1118936112100,3
train,63,s0_t1118936100200_a334,high,5.0,1,19,1118936112600,1118936112100,385,444,3,1118936112100,1118936113100,3
train,63,s0_t1118936100200_a334,high,5.0,5,20,1118936113100,1118936112600,331,393,3,1118936112600,1118936113600,3
train,63,s0_t1118936100200_a334,high,5.0,0,21,1118936113600,1118936113100,323,393,3,1118936113100,1118936114100,3
train,63,s0_t1118936100200_a334,high,5.0,5,21,1118936113600,1118936113100,393,331,3,1118936113100,1118936114100,2
train,63,s0_t1118936100200_a334,high,5.0,3,22,1118936114100,1118936113600,417,334,3,1118936113600,1118936114600,3
train,63,s0_t1118936100200_a334,high,5.0,0,23,1118936114600,1118936114100,393,323,3,1118936114100,1118936115100,3
train,63,s0_t1118936100200_a334,high,5.0,1,24,1118936115100,1118936114600,444,385,3,1118936114600,1118936115600,3
train,63,s0_t1118936100200_a334,high,5.0,4,24,1118936115100,1118936114600,393,331,3,1118936114600,1118936115600,3
train,63,s0_t1118936100200_a334,high,5.0,0,25,1118936115600,1118936115100,323,393,3,1118936115100,1118936116100,3
train,63,s0_t1118936100200_a334,high,5.0,3,27,1118936116600,1118936116100,334,417,3,1118936116100,1118936117100,3
train,63,s0_t1118936100200_a334,high,5.0,0,28,1118936117100,1118936116600,393,417,3,1118936116600,1118936117600,3
train,63,s0_t1118936100200_a334,high,5.0,2,28,1118936117100,1118936116600,323,393,3,1118936116600,1118936117600,2
train,63,s0_t1118936100200_a334,high,5.0,3,28,1118936117100,1118936116600,417,334,3,1118936116600,1118936117600,3
train,63,s0_t1118936100200_a334,high,5.0,5,30,1118936118100,1118936117600,331,393,2,1118936117600,1118936118100,2
train,63,s0_t1118936100200_a334,high,10.0,3,1,1118936103600,1118936103100,417,334,3,1118936103100,1118936104100,3
train,63,s0_t1118936100200_a334,high,10.0,3,2,1118936104100,1118936103600,334,417,3,1118936103600,1118936104600,3
train,63,s0_t1118936100200_a334,high,10.0,2,4,1118936105100,1118936104600,385,444,3,1118936104600,1118936105600,3
train,63,s0_t1118936100200_a334,high,10.0,0,5,1118936105600,1118936105100,331,323,3,1118936105100,1118936106100,3
train,63,s0_t1118936100200_a334,high,10.0,0,6,1118936106100,1118936105600,323,393,3,1118936105600,1118936106600,2
train,63,s0_t1118936100200_a334,high,10.0,2,6,1118936106100,1118936105600,444,385,3,1118936105600,1118936106600,3
train,63,s0_t1118936100200_a334,high,10.0,3,8,1118936107100,1118936106600,417,334,3,1118936106600,1118936107600,3
train,63,s0_t1118936100200_a334,high,10.0,2,13,1118936109600,1118936109100,385,444,3,1118936109100,1118936110100,3
train,63,s0_t1118936100200_a334,high,10.0,4,13,1118936109600,1118936109100,393,331,3,1118936109100,1118936110100,3
train,63,s0_t1118936100200_a334,high,10.0,2,14,1118936110100,1118936109600,444,385,3,1118936109600,1118936110600,3
train,63,s0_t1118936100200_a334,high,10.0,2,16,1118936111100,1118936110600,385,444,3,1118936110600,1118936111600,3
train,63,s0_t1118936100200_a334,high,10.0,3,17,1118936111600,1118936111100,334,417,3,1118936111100,1118936112100,3
train,63,s0_t1118936100200_a334,high,10.0,0,18,1118936112100,1118936111600,323,393,3,1118936111600,1118936112600,3
train,63,s0_t1118936100200_a334,high,10.0,7,18,1118936112100,1118936111600,393,323,3,1118936111600,1118936112600,3
train,63,s0_t1118936100200_a334,high,10.0,0,19,1118936112600,1118936112100,393,331,3,1118936112100,1118936113100,2
train,63,s0_t1118936100200_a334,high,10.0,3,19,1118936112600,1118936112100,417,334,3,1118936112100,1118936113100,3
train,63,s0_t1118936100200_a334,high,10.0,5,19,1118936112600,1118936112100,331,417,3,1118936112100,1118936113100,3
train,63,s0_t1118936100200_a334,high,10.0,3,20,1118936113100,1118936112600,334,417,3,1118936112600,1118936113600,3
train,63,s0_t1118936100200_a334,high,10.0,5,20,1118936113100,1118936112600,417,393,3,1118936112600,1118936113600,3
train,63,s0_t1118936100200_a334,high,10.0,6,20,1118936113100,1118936112600,393,331,3,1118936112600,1118936113600,2
train,63,s0_t1118936100200_a334,high,10.0,5,21,1118936113600,1118936113100,393,331,3,1118936113100,1118936114100,3
train,63,s0_t1118936100200_a334,high,10.0,3,23,1118936114600,1118936114100,417,334,3,1118936114100,1118936115100,3
train,63,s0_t1118936100200_a334,high,10.0,2,24,1118936115100,1118936114600,444,385,3,1118936114600,1118936115600,3
train,63,s0_t1118936100200_a334,high,10.0,1,25,1118936115600,1118936115100,393,417,3,1118936115100,1118936116100,2
train,63,s0_t1118936100200_a334,high,10.0,7,25,1118936115600,1118936115100,323,393,3,1118936115100,1118936116100,3
train,63,s0_t1118936100200_a334,high,10.0,3,27,1118936116600,1118936116100,334,417,3,1118936116100,1118936117100,3
train,63,s0_t1118936100200_a334,high,10.0,3,28,1118936117100,1118936116600,417,334,3,1118936116600,1118936117600,3
train,63,s0_t1118936100200_a334,high,10.0,7,28,1118936117100,1118936116600,393,417,3,1118936116600,1118936117600,2
train,63,s0_t1118936100200_a334,high,10.0,3,29,1118936117600,1118936117100,334,417,3,1118936117100,1118936118100,3
train,63,s0_t1118936100200_a334,high,10.0,3,30,1118936118100,1118936117600,417,334,2,1118936117600,1118936118100,2
train,63,s0_t1118936100200_a334,high,15.0,3,1,1118936103600,1118936103100,417,334,3,1118936103100,1118936104100,3
train,63,s0_t1118936100200_a334,high,15.0,3,2,1118936104100,1118936103600,334,417,3,1118936103600,1118936104600,3
train,63,s0_t1118936100200_a334,high,15.0,2,4,1118936105100,1118936104600,385,444,3,1118936104600,1118936105600,3
train,63,s0_t1118936100200_a334,high,15.0,0,5,1118936105600,1118936105100,331,323,3,1118936105100,1118936106100,3
train,63,s0_t1118936100200_a334,high,15.0,2,5,1118936105600,1118936105100,444,385,3,1118936105100,1118936106100,3
train,63,s0_t1118936100200_a334,high,15.0,0,6,1118936106100,1118936105600,323,393,3,1118936105600,1118936106600,2
train,63,s0_t1118936100200_a334,high,15.0,3,7,1118936106600,1118936106100,417,334,3,1118936106100,1118936107100,3
train,63,s0_t1118936100200_a334,high,15.0,4,9,1118936107600,1118936107100,323,393,3,1118936107100,1118936108100,3
train,63,s0_t1118936100200_a334,high,15.0,2,13,1118936109600,1118936109100,385,444,3,1118936109100,1118936110100,3
train,63,s0_t1118936100200_a334,high,15.0,4,13,1118936109600,1118936109100,393,331,3,1118936109100,1118936110100,3
train,63,s0_t1118936100200_a334,high,15.0,2,14,1118936110100,1118936109600,444,385,3,1118936109600,1118936110600,3
train,63,s0_t1118936100200_a334,high,15.0,3,17,1118936111600,1118936111100,334,417,3,1118936111100,1118936112100,3
train,63,s0_t1118936100200_a334,high,15.0,2,18,1118936112100,1118936111600,385,444,3,1118936111600,1118936112600,3
train,63,s0_t1118936100200_a334,high,15.0,3,18,1118936112100,1118936111600,417,334,3,1118936111600,1118936112600,3
train,63,s0_t1118936100200_a334,high,15.0,3,19,1118936112600,1118936112100,334,417,3,1118936112100,1118936113100,3
train,63,s0_t1118936100200_a334,high,15.0,1,20,1118936113100,1118936112600,331,393,3,1118936112600,1118936113600,3
train,63,s0_t1118936100200_a334,high,15.0,5,20,1118936113100,1118936112600,323,331,3,1118936112600,1118936113600,2
train,63,s0_t1118936100200_a334,high,15.0,1,21,1118936113600,1118936113100,393,331,3,1118936113100,1118936114100,3
train,63,s0_t1118936100200_a334,high,15.0,1,22,1118936114100,1118936113600,331,393,3,1118936113600,1118936114600,3
train,63,s0_t1118936100200_a334,high,15.0,1,23,1118936114600,1118936114100,393,331,3,1118936114100,1118936115100,3
train,63,s0_t1118936100200_a334,high,15.0,3,23,1118936114600,1118936114100,417,334,3,1118936114100,1118936115100,3
train,63,s0_t1118936100200_a334,high,15.0,2,24,1118936115100,1118936114600,444,385,3,1118936114600,1118936115600,3
train,63,s0_t1118936100200_a334,high,15.0,3,26,1118936116100,1118936115600,334,417,3,1118936115600,1118936116600,3
train,63,s0_t1118936100200_a334,high,15.0,0,30,1118936118100,1118936117600,331,393,2,1118936117600,1118936118100,2
train,63,s0_t1118936100200_a334,high,15.0,3,30,1118936118100,1118936117600,417,334,2,1118936117600,1118936118100,2
train,63,s0_t1118936100200_a334,high,20.0,3,1,1118936103600,1118936103100,417,334,3,1118936103100,1118936104100,3
train,63,s0_t1118936100200_a334,high,20.0,3,2,1118936104100,1118936103600,334,417,3,1118936103600,1118936104600,3
train,63,s0_t1118936100200_a334,high,20.0,2,4,1118936105100,1118936104600,385,444,3,1118936104600,1118936105600,3
train,63,s0_t1118936100200_a334,high,20.0,0,5,1118936105600,1118936105100,331,323,3,1118936105100,1118936106100,3
train,63,s0_t1118936100200_a334,high,20.0,2,5,1118936105600,1118936105100,444,385,3,1118936105100,1118936106100,3
train,63,s0_t1118936100200_a334,high,20.0,0,6,1118936106100,1118936105600,323,393,3,1118936105600,1118936106600,2
train,63,s0_t1118936100200_a334,high,20.0,3,7,1118936106600,1118936106100,417,334,3,1118936106100,1118936107100,3
train,63,s0_t1118936100200_a334,high,20.0,4,9,1118936107600,1118936107100,323,393,3,1118936107100,1118936108100,3
train,63,s0_t1118936100200_a334,high,20.0,2,13,1118936109600,1118936109100,385,444,3,1118936109100,1118936110100,3
train,63,s0_t1118936100200_a334,high,20.0,4,13,1118936109600,1118936109100,393,331,3,1118936109100,1118936110100,3
train,63,s0_t1118936100200_a334,high,20.0,2,14,1118936110100,1118936109600,444,385,3,1118936109600,1118936110600,3
train,63,s0_t1118936100200_a334,high,20.0,3,17,1118936111600,1118936111100,334,417,3,1118936111100,1118936112100,3
train,63,s0_t1118936100200_a334,high,20.0,2,18,1118936112100,1118936111600,385,444,3,1118936111600,1118936112600,3
train,63,s0_t1118936100200_a334,high,20.0,3,18,1118936112100,1118936111600,417,334,3,1118936111600,1118936112600,3
train,63,s0_t1118936100200_a334,high,20.0,3,19,1118936112600,1118936112100,334,417,3,1118936112100,1118936113100,3
train,63,s0_t1118936100200_a334,high,20.0,1,20,1118936113100,1118936112600,331,393,3,1118936112600,1118936113600,3
train,63,s0_t1118936100200_a334,high,20.0,5,20,1118936113100,1118936112600,323,331,3,1118936112600,1118936113600,2
train,63,s0_t1118936100200_a334,high,20.0,1,21,1118936113600,1118936113100,393,331,3,1118936113100,1118936114100,3
train,63,s0_t1118936100200_a334,high,20.0,1,22,1118936114100,1118936113600,331,393,3,1118936113600,1118936114600,3
train,63,s0_t1118936100200_a334,high,20.0,1,23,1118936114600,1118936114100,393,331,3,1118936114100,1118936115100,3
train,63,s0_t1118936100200_a334,high,20.0,3,23,1118936114600,1118936114100,417,334,3,1118936114100,1118936115100,3
train,63,s0_t1118936100200_a334,high,20.0,2,24,1118936115100,1118936114600,444,385,3,1118936114600,1118936115600,3
train,63,s0_t1118936100200_a334,high,20.0,3,26,1118936116100,1118936115600,334,417,3,1118936115600,1118936116600,3
train,63,s0_t1118936100200_a334,high,20.0,0,30,1118936118100,1118936117600,331,393,2,1118936117600,1118936118100,2
train,63,s0_t1118936100200_a334,high,20.0,3,30,1118936118100,1118936117600,417,334,2,1118936117600,1118936118100,2
train,65,s0_t1118936120200_a403,high,-5.0,0,7,1118936126600,1118936126100,403,430,3,1118936126100,1118936127100,3
train,65,s0_t1118936120200_a403,high,-5.0,0,9,1118936127600,1118936127100,430,403,3,1118936127100,1118936128100,3
train,65,s0_t1118936120200_a403,high,-5.0,0,13,1118936129600,1118936129100,403,430,3,1118936129100,1118936130100,3
train,65,s0_t1118936120200_a403,high,-5.0,3,13,1118936129600,1118936129100,402,403,3,1118936129100,1118936130100,3
train,65,s0_t1118936120200_a403,high,-5.0,3,18,1118936132100,1118936131600,403,402,3,1118936131600,1118936132600,2
train,65,s0_t1118936120200_a403,high,-5.0,6,24,1118936135100,1118936134600,470,467,3,1118936134600,1118936135600,3
train,65,s0_t1118936120200_a403,high,-5.0,7,24,1118936135100,1118936134600,467,470,3,1118936134600,1118936135600,3
train,65,s0_t1118936120200_a403,high,0.0,6,1,1118936123600,1118936123100,467,470,3,1118936123100,1118936124100,3
train,65,s0_t1118936120200_a403,high,0.0,6,22,1118936134100,1118936133600,402,403,3,1118936133600,1118936134600,3
train,65,s0_t1118936120200_a403,high,5.0,6,7,1118936126600,1118936126100,403,430,3,1118936126100,1118936127100,3
train,65,s0_t1118936120200_a403,high,5.0,6,9,1118936127600,1118936127100,430,403,3,1118936127100,1118936128100,3
train,65,s0_t1118936120200_a403,high,15.0,2,20,1118936133100,1118936132600,402,403,3,1118936132600,1118936133600,3
train,65,s0_t1118936120200_a403,high,15.0,3,24,1118936135100,1118936134600,467,470,3,1118936134600,1118936135600,3
train,65,s0_t1118936120200_a403,high,20.0,3,20,1118936133100,1118936132600,402,403,3,1118936132600,1118936133600,3
train,65,s0_t1118936120200_a403,high,20.0,7,24,1118936135100,1118936134600,467,470,3,1118936134600,1118936135600,3
train,66,s0_t1118936120200_a479,mid,-5.0,6,8,1118936127100,1118936126600,470,467,3,1118936126600,1118936127600,2
train,66,s0_t1118936120200_a479,mid,-5.0,6,20,1118936133100,1118936132600,479,473,3,1118936132600,1118936133600,2
train,66,s0_t1118936120200_a479,mid,-5.0,0,27,1118936136600,1118936136100,473,467,3,1118936136100,1118936137100,2
train,66,s0_t1118936120200_a479,mid,0.0,2,3,1118936124600,1118936124100,473,467,3,1118936124100,1118936125100,2
train,66,s0_t1118936120200_a479,mid,0.0,4,8,1118936127100,1118936126600,470,467,3,1118936126600,1118936127600,3
train,66,s0_t1118936120200_a479,mid,0.0,5,14,1118936130100,1118936129600,470,467,3,1118936129600,1118936130600,2
train,66,s0_t1118936120200_a479,mid,0.0,3,20,1118936133100,1118936132600,467,479,3,1118936132600,1118936133600,2
train,66,s0_t1118936120200_a479,mid,5.0,5,14,1118936130100,1118936129600,470,467,3,1118936129600,1118936130600,2
train,66,s0_t1118936120200_a479,mid,5.0,5,22,1118936134100,1118936133600,473,470,3,1118936133600,1118936134600,3
train,66,s0_t1118936120200_a479,mid,10.0,3,12,1118936129100,1118936128600,473,467,3,1118936128600,1118936129600,3
train,66,s0_t1118936120200_a479,mid,10.0,6,12,1118936129100,1118936128600,467,473,3,1118936128600,1118936129600,2
train,66,s0_t1118936120200_a479,mid,10.0,3,13,1118936129600,1118936129100,467,473,3,1118936129100,1118936130100,3
train,66,s0_t1118936120200_a479,mid,10.0,5,14,1118936130100,1118936129600,470,467,3,1118936129600,1118936130600,2
train,66,s0_t1118936120200_a479,mid,10.0,2,19,1118936132600,1118936132100,467,470,3,1118936132100,1118936133100,3
train,66,s0_t1118936120200_a479,mid,10.0,7,23,1118936134600,1118936134100,473,467,3,1118936134100,1118936135100,2
train,66,s0_t1118936120200_a479,mid,15.0,4,2,1118936124100,1118936123600,467,470,3,1118936123600,1118936124600,3
train,66,s0_t1118936120200_a479,mid,15.0,4,3,1118936124600,1118936124100,470,467,3,1118936124100,1118936125100,3
train,66,s0_t1118936120200_a479,mid,15.0,4,14,1118936130100,1118936129600,470,467,3,1118936129600,1118936130600,2
train,66,s0_t1118936120200_a479,mid,15.0,1,23,1118936134600,1118936134100,473,467,3,1118936134100,1118936135100,2
train,66,s0_t1118936120200_a479,mid,20.0,4,2,1118936124100,1118936123600,467,470,3,1118936123600,1118936124600,3
train,66,s0_t1118936120200_a479,mid,20.0,4,3,1118936124600,1118936124100,470,467,3,1118936124100,1118936125100,3
train,66,s0_t1118936120200_a479,mid,20.0,4,14,1118936130100,1118936129600,470,467,3,1118936129600,1118936130600,2
train,66,s0_t1118936120200_a479,mid,20.0,1,23,1118936134600,1118936134100,473,467,3,1118936134100,1118936135100,2
train,68,s0_t1118936140200_a458,high,0.0,5,1,1118936143600,1118936143100,440,472,3,1118936143100,1118936144100,3
train,68,s0_t1118936140200_a458,high,0.0,5,2,1118936144100,1118936143600,472,440,3,1118936143600,1118936144600,3
train,69,s0_t1118936140200_a506,high,-5.0,3,9,1118936147600,1118936147100,491,498,3,1118936147100,1118936148100,2
train,69,s0_t1118936140200_a506,high,0.0,1,7,1118936146600,1118936146100,474,503,3,1118936146100,1118936147100,3
train,69,s0_t1118936140200_a506,high,0.0,3,9,1118936147600,1118936147100,491,498,3,1118936147100,1118936148100,2
train,69,s0_t1118936140200_a506,high,5.0,7,8,1118936147100,1118936146600,474,503,3,1118936146600,1118936147600,3
train,69,s0_t1118936140200_a506,high,10.0,3,9,1118936147600,1118936147100,491,498,3,1118936147100,1118936148100,2
train,69,s0_t1118936140200_a506,high,15.0,6,8,1118936147100,1118936146600,474,503,3,1118936146600,1118936147600,3
train,69,s0_t1118936140200_a506,high,15.0,3,9,1118936147600,1118936147100,491,498,3,1118936147100,1118936148100,2
train,69,s0_t1118936140200_a506,high,20.0,6,8,1118936147100,1118936146600,474,503,3,1118936146600,1118936147600,3
train,69,s0_t1118936140200_a506,high,20.0,3,9,1118936147600,1118936147100,491,498,3,1118936147100,1118936148100,2
train,70,s0_t1118936140200_a512,high,-5.0,7,15,1118936150600,1118936150100,509,508,3,1118936150100,1118936151100,2
train,70,s0_t1118936140200_a512,high,5.0,2,21,1118936153600,1118936153100,508,509,3,1118936153100,1118936154100,2
train,70,s0_t1118936140200_a512,high,10.0,2,15,1118936150600,1118936150100,509,508,3,1118936150100,1118936151100,3
train,70,s0_t1118936140200_a512,high,15.0,2,15,1118936150600,1118936150100,509,508,3,1118936150100,1118936151100,3
train,70,s0_t1118936140200_a512,high,20.0,2,15,1118936150600,1118936150100,509,508,3,1118936150100,1118936151100,3
train,71,s0_t1118936160200_a516,high,-5.0,3,11,1118936168600,1118936168100,524,520,3,1118936168100,1118936169100,3
train,71,s0_t1118936160200_a516,high,0.0,3,10,1118936168100,1118936167600,520,524,3,1118936167600,1118936168600,3
train,71,s0_t1118936160200_a516,high,0.0,3,11,1118936168600,1118936168100,524,520,3,1118936168100,1118936169100,3
train,71,s0_t1118936160200_a516,high,10.0,6,11,1118936168600,1118936168100,520,524,3,1118936168100,1118936169100,3
train,71,s0_t1118936160200_a516,high,15.0,6,11,1118936168600,1118936168100,520,524,3,1118936168100,1118936169100,3
train,73,s0_t1118936160200_a547,high,-5.0,7,9,1118936167600,1118936167100,547,549,3,1118936167100,1118936168100,2
train,73,s0_t1118936160200_a547,high,-5.0,6,11,1118936168600,1118936168100,544,549,3,1118936168100,1118936169100,2
train,73,s0_t1118936160200_a547,high,0.0,3,4,1118936165100,1118936164600,548,549,3,1118936164600,1118936165600,2
train,73,s0_t1118936160200_a547,high,5.0,3,3,1118936164600,1118936164100,548,549,3,1118936164100,1118936165100,3
train,73,s0_t1118936160200_a547,high,5.0,3,4,1118936165100,1118936164600,549,548,3,1118936164600,1118936165600,2
train,74,s0_t1118936180200_a475,high,-5.0,6,6,1118936186100,1118936185600,569,560,3,1118936185600,1118936186600,2
train,74,s0_t1118936180200_a475,high,-5.0,4,11,1118936188600,1118936188100,569,572,3,1118936188100,1118936189100,3
train,74,s0_t1118936180200_a475,high,0.0,6,8,1118936187100,1118936186600,572,569,3,1118936186600,1118936187600,2
train,74,s0_t1118936180200_a475,high,10.0,3,13,1118936189600,1118936189100,572,569,3,1118936189100,1118936190100,3
train,74,s0_t1118936180200_a475,high,10.0,3,14,1118936190100,1118936189600,569,572,3,1118936189600,1118936190600,3
train,74,s0_t1118936180200_a475,high,10.0,3,15,1118936190600,1118936190100,572,569,3,1118936190100,1118936191100,2
train,74,s0_t1118936180200_a475,high,10.0,7,17,1118936191600,1118936191100,569,572,3,1118936191100,1118936192100,2
train,74,s0_t1118936180200_a475,high,15.0,7,17,1118936191600,1118936191100,569,572,3,1118936191100,1118936192100,2
train,77,s0_t1118936200200_a579,high,-5.0,3,2,1118936204100,1118936203600,535,523,3,1118936203600,1118936204600,3
train,77,s0_t1118936200200_a579,high,-5.0,2,4,1118936205100,1118936204600,535,523,3,1118936204600,1118936205600,2
train,77,s0_t1118936200200_a579,high,-5.0,3,4,1118936205100,1118936204600,523,535,3,1118936204600,1118936205600,3
train,77,s0_t1118936200200_a579,high,-5.0,0,5,1118936205600,1118936205100,534,541,3,1118936205100,1118936206100,3
train,77,s0_t1118936200200_a579,high,-5.0,3,5,1118936205600,1118936205100,535,523,3,1118936205100,1118936206100,3
train,77,s0_t1118936200200_a579,high,-5.0,4,5,1118936205600,1118936205100,579,567,3,1118936205100,1118936206100,3
train,77,s0_t1118936200200_a579,high,-5.0,5,5,1118936205600,1118936205100,567,501,3,1118936205100,1118936206100,3
train,77,s0_t1118936200200_a579,high,-5.0,0,6,1118936206100,1118936205600,541,534,3,1118936205600,1118936206600,3
train,77,s0_t1118936200200_a579,high,-5.0,4,6,1118936206100,1118936205600,567,579,3,1118936205600,1118936206600,3
train,77,s0_t1118936200200_a579,high,-5.0,5,6,1118936206100,1118936205600,501,567,3,1118936205600,1118936206600,3
train,77,s0_t1118936200200_a579,high,-5.0,0,7,1118936206600,1118936206100,534,541,3,1118936206100,1118936207100,3
train,77,s0_t1118936200200_a579,high,-5.0,4,9,1118936207600,1118936207100,579,567,3,1118936207100,1118936208100,3
train,77,s0_t1118936200200_a579,high,-5.0,5,9,1118936207600,1118936207100,567,501,3,1118936207100,1118936208100,3
train,77,s0_t1118936200200_a579,high,-5.0,4,10,1118936208100,1118936207600,567,579,3,1118936207600,1118936208600,3
train,77,s0_t1118936200200_a579,high,-5.0,5,10,1118936208100,1118936207600,501,567,3,1118936207600,1118936208600,3
train,77,s0_t1118936200200_a579,high,-5.0,4,11,1118936208600,1118936208100,579,567,3,1118936208100,1118936209100,3
train,77,s0_t1118936200200_a579,high,-5.0,5,11,1118936208600,1118936208100,567,501,3,1118936208100,1118936209100,3
train,77,s0_t1118936200200_a579,high,-5.0,5,12,1118936209100,1118936208600,501,516,3,1118936208600,1118936209600,3
train,77,s0_t1118936200200_a579,high,-5.0,6,12,1118936209100,1118936208600,516,501,3,1118936208600,1118936209600,2
train,77,s0_t1118936200200_a579,high,-5.0,7,12,1118936209100,1118936208600,535,523,3,1118936208600,1118936209600,3
train,77,s0_t1118936200200_a579,high,-5.0,0,13,1118936209600,1118936209100,535,516,3,1118936209100,1118936210100,3
train,77,s0_t1118936200200_a579,high,-5.0,4,13,1118936209600,1118936209100,567,579,3,1118936209100,1118936210100,3
train,77,s0_t1118936200200_a579,high,-5.0,5,13,1118936209600,1118936209100,516,567,3,1118936209100,1118936210100,3
train,77,s0_t1118936200200_a579,high,-5.0,4,14,1118936210100,1118936209600,579,567,3,1118936209600,1118936210600,3
train,77,s0_t1118936200200_a579,high,-5.0,5,14,1118936210100,1118936209600,567,501,3,1118936209600,1118936210600,3
train,77,s0_t1118936200200_a579,high,-5.0,4,15,1118936210600,1118936210100,567,579,3,1118936210100,1118936211100,3
train,77,s0_t1118936200200_a579,high,-5.0,5,15,1118936210600,1118936210100,501,567,3,1118936210100,1118936211100,3
train,77,s0_t1118936200200_a579,high,-5.0,5,16,1118936211100,1118936210600,567,501,3,1118936210600,1118936211600,3
train,77,s0_t1118936200200_a579,high,-5.0,2,18,1118936212100,1118936211600,534,541,3,1118936211600,1118936212600,3
train,77,s0_t1118936200200_a579,high,-5.0,1,19,1118936212600,1118936212100,567,516,3,1118936212100,1118936213100,3
train,77,s0_t1118936200200_a579,high,-5.0,2,19,1118936212600,1118936212100,541,534,3,1118936212100,1118936213100,3
train,77,s0_t1118936200200_a579,high,-5.0,3,19,1118936212600,1118936212100,516,535,3,1118936212100,1118936213100,3
train,77,s0_t1118936200200_a579,high,-5.0,4,19,1118936212600,1118936212100,579,567,3,1118936212100,1118936213100,3
train,77,s0_t1118936200200_a579,high,-5.0,1,20,1118936213100,1118936212600,516,567,3,1118936212600,1118936213600,3
train,77,s0_t1118936200200_a579,high,-5.0,3,20,1118936213100,1118936212600,535,516,3,1118936212600,1118936213600,3
train,77,s0_t1118936200200_a579,high,-5.0,4,20,1118936213100,1118936212600,567,579,3,1118936212600,1118936213600,3
train,77,s0_t1118936200200_a579,high,-5.0,2,21,1118936213600,1118936213100,534,541,3,1118936213100,1118936214100,3
train,77,s0_t1118936200200_a579,high,-5.0,1,22,1118936214100,1118936213600,567,516,3,1118936213600,1118936214600,3
train,77,s0_t1118936200200_a579,high,-5.0,4,23,1118936214600,1118936214100,579,567,3,1118936214100,1118936215100,3
train,77,s0_t1118936200200_a579,high,-5.0,7,23,1118936214600,1118936214100,567,579,3,1118936214100,1118936215100,3
train,77,s0_t1118936200200_a579,high,-5.0,2,25,1118936215600,1118936215100,541,534,3,1118936215100,1118936216100,3
train,77,s0_t1118936200200_a579,high,-5.0,3,30,1118936218100,1118936217600,535,523,2,1118936217600,1118936218100,2
train,77,s0_t1118936200200_a579,high,-5.0,6,30,1118936218100,1118936217600,516,567,2,1118936217600,1118936218100,2
train,77,s0_t1118936200200_a579,high,-5.0,7,30,1118936218100,1118936217600,523,535,2,1118936217600,1118936218100,2
train,77,s0_t1118936200200_a579,high,0.0,0,1,1118936203600,1118936203100,534,541,3,1118936203100,1118936204100,3
train,77,s0_t1118936200200_a579,high,0.0,3,1,1118936203600,1118936203100,535,523,3,1118936203100,1118936204100,3
train,77,s0_t1118936200200_a579,high,0.0,0,2,1118936204100,1118936203600,541,534,3,1118936203600,1118936204600,3
train,77,s0_t1118936200200_a579,high,0.0,2,4,1118936205100,1118936204600,535,523,3,1118936204600,1118936205600,2
train,77,s0_t1118936200200_a579,high,0.0,3,4,1118936205100,1118936204600,523,535,3,1118936204600,1118936205600,3
train,77,s0_t1118936200200_a579,high,0.0,0,5,1118936205600,1118936205100,534,541,3,1118936205100,1118936206100,3
train,77,s0_t1118936200200_a579,high,0.0,3,5,1118936205600,1118936205100,535,523,3,1118936205100,1118936206100,3
train,77,s0_t1118936200200_a579,high,0.0,0,6,1118936206100,1118936205600,541,534,3,1118936205600,1118936206600,3
train,77,s0_t1118936200200_a579,high,0.0,0,7,1118936206600,1118936206100,534,541,3,1118936206100,1118936207100,3
train,77,s0_t1118936200200_a579,high,0.0,7,9,1118936207600,1118936207100,535,523,3,1118936207100,1118936208100,3
train,77,s0_t1118936200200_a579,high,0.0,1,10,1118936208100,1118936207600,535,523,3,1118936207600,1118936208600,2
train,77,s0_t1118936200200_a579,high,0.0,7,10,1118936208100,1118936207600,523,535,3,1118936207600,1118936208600,3
train,77,s0_t1118936200200_a579,high,0.0,4,11,1118936208600,1118936208100,579,567,3,1118936208100,1118936209100,3
train,77,s0_t1118936200200_a579,high,0.0,5,11,1118936208600,1118936208100,567,501,3,1118936208100,1118936209100,3
train,77,s0_t1118936200200_a579,high,0.0,4,13,1118936209600,1118936209100,567,579,3,1118936209100,1118936210100,3
train,77,s0_t1118936200200_a579,high,0.0,5,13,1118936209600,1118936209100,501,567,3,1118936209100,1118936210100,3
train,77,s0_t1118936200200_a579,high,0.0,7,13,1118936209600,1118936209100,535,523,3,1118936209100,1118936210100,3
train,77,s0_t1118936200200_a579,high,0.0,4,14,1118936210100,1118936209600,579,567,3,1118936209600,1118936210600,3
train,77,s0_t1118936200200_a579,high,0.0,5,14,1118936210100,1118936209600,567,501,3,1118936209600,1118936210600,3
train,77,s0_t1118936200200_a579,high,0.0,4,15,1118936210600,1118936210100,567,579,3,1118936210100,1118936211100,3
train,77,s0_t1118936200200_a579,high,0.0,5,15,1118936210600,1118936210100,501,567,3,1118936210100,1118936211100,3
train,77,s0_t1118936200200_a579,high,0.0,2,16,1118936211100,1118936210600,534,541,3,1118936210600,1118936211600,3
train,77,s0_t1118936200200_a579,high,0.0,5,16,1118936211100,1118936210600,567,501,3,1118936210600,1118936211600,3
train,77,s0_t1118936200200_a579,high,0.0,7,16,1118936211100,1118936210600,523,535,3,1118936210600,1118936211600,3
train,77,s0_t1118936200200_a579,high,0.0,2,17,1118936211600,1118936211100,541,534,3,1118936211100,1118936212100,3
train,77,s0_t1118936200200_a579,high,0.0,7,18,1118936212100,1118936211600,535,523,3,1118936211600,1118936212600,3
train,77,s0_t1118936200200_a579,high,0.0,2,22,1118936214100,1118936213600,534,541,3,1118936213600,1118936214600,3
train,77,s0_t1118936200200_a579,high,0.0,0,24,1118936215100,1118936214600,567,516,3,1118936214600,1118936215600,3
train,77,s0_t1118936200200_a579,high,0.0,2,25,1118936215600,1118936215100,541,534,3,1118936215100,1118936216100,3
train,77,s0_t1118936200200_a579,high,0.0,0,26,1118936216100,1118936215600,516,567,3,1118936215600,1118936216600,2
train,77,s0_t1118936200200_a579,high,0.0,3,26,1118936216100,1118936215600,535,516,3,1118936215600,1118936216600,3
train,77,s0_t1118936200200_a579,high,0.0,7,26,1118936216100,1118936215600,567,579,3,1118936215600,1118936216600,3
train,77,s0_t1118936200200_a579,high,0.0,7,27,1118936216600,1118936216100,579,567,3,1118936216100,1118936217100,3
train,77,s0_t1118936200200_a579,high,0.0,1,29,1118936217600,1118936217100,535,523,3,1118936217100,1118936218100,3
train,77,s0_t1118936200200_a579,high,5.0,0,1,1118936203600,1118936203100,534,541,3,1118936203100,1118936204100,3
train,77,s0_t1118936200200_a579,high,5.0,0,2,1118936204100,1118936203600,541,534,3,1118936203600,1118936204600,3
train,77,s0_t1118936200200_a579,high,5.0,3,2,1118936204100,1118936203600,535,523,3,1118936203600,1118936204600,3
train,77,s0_t1118936200200_a579,high,5.0,5,3,1118936204600,1118936204100,567,501,3,1118936204100,1118936205100,3
train,77,s0_t1118936200200_a579,high,5.0,0,5,1118936205600,1118936205100,534,541,3,1118936205100,1118936206100,3
train,77,s0_t1118936200200_a579,high,5.0,0,6,1118936206100,1118936205600,541,534,3,1118936205600,1118936206600,3
train,77,s0_t1118936200200_a579,high,5.0,0,8,1118936207100,1118936206600,534,541,3,1118936206600,1118936207600,2
train,77,s0_t1118936200200_a579,high,5.0,2,11,1118936208600,1118936208100,567,516,3,1118936208100,1118936209100,3
train,77,s0_t1118936200200_a579,high,5.0,4,11,1118936208600,1118936208100,579,567,3,1118936208100,1118936209100,3
train,77,s0_t1118936200200_a579,high,5.0,6,11,1118936208600,1118936208100,516,535,3,1118936208100,1118936209100,3
train,77,s0_t1118936200200_a579,high,5.0,2,12,1118936209100,1118936208600,516,567,3,1118936208600,1118936209600,3
train,77,s0_t1118936200200_a579,high,5.0,4,12,1118936209100,1118936208600,567,579,3,1118936208600,1118936209600,3
train,77,s0_t1118936200200_a579,high,5.0,6,12,1118936209100,1118936208600,535,516,3,1118936208600,1118936209600,2
train,77,s0_t1118936200200_a579,high,5.0,2,14,1118936210100,1118936209600,567,516,3,1118936209600,1118936210600,2
train,77,s0_t1118936200200_a579,high,5.0,4,14,1118936210100,1118936209600,579,567,3,1118936209600,1118936210600,3
train,77,s0_t1118936200200_a579,high,5.0,4,15,1118936210600,1118936210100,567,579,3,1118936210100,1118936211100,3
train,77,s0_t1118936200200_a579,high,5.0,5,15,1118936210600,1118936210100,501,567,3,1118936210100,1118936211100,3
train,77,s0_t1118936200200_a579,high,5.0,5,16,1118936211100,1118936210600,567,501,3,1118936210600,1118936211600,3
train,77,s0_t1118936200200_a579,high,5.0,7,16,1118936211100,1118936210600,534,541,3,1118936210600,1118936211600,3
train,77,s0_t1118936200200_a579,high,5.0,1,18,1118936212100,1118936211600,516,523,3,1118936211600,1118936212600,2
train,77,s0_t1118936200200_a579,high,5.0,7,18,1118936212100,1118936211600,541,534,3,1118936211600,1118936212600,3
train,77,s0_t1118936200200_a579,high,5.0,0,20,1118936213100,1118936212600,516,535,3,1118936212600,1118936213600,3
train,77,s0_t1118936200200_a579,high,5.0,6,20,1118936213100,1118936212600,567,516,3,1118936212600,1118936213600,3
train,77,s0_t1118936200200_a579,high,5.0,4,22,1118936214100,1118936213600,579,567,3,1118936213600,1118936214600,3
train,77,s0_t1118936200200_a579,high,5.0,7,22,1118936214100,1118936213600,534,541,3,1118936213600,1118936214600,3
train,77,s0_t1118936200200_a579,high,5.0,4,23,1118936214600,1118936214100,567,579,3,1118936214100,1118936215100,3
train,77,s0_t1118936200200_a579,high,5.0,6,23,1118936214600,1118936214100,516,567,3,1118936214100,1118936215100,3
train,77,s0_t1118936200200_a579,high,5.0,6,25,1118936215600,1118936215100,567,516,3,1118936215100,1118936216100,3
train,77,s0_t1118936200200_a579,high,5.0,7,25,1118936215600,1118936215100,541,534,3,1118936215100,1118936216100,3
train,77,s0_t1118936200200_a579,high,5.0,3,26,1118936216100,1118936215600,567,579,3,1118936215600,1118936216600,3
train,77,s0_t1118936200200_a579,high,5.0,6,26,1118936216100,1118936215600,516,567,3,1118936215600,1118936216600,2
train,77,s0_t1118936200200_a579,high,5.0,5,27,1118936216600,1118936216100,501,567,3,1118936216100,1118936217100,3
train,77,s0_t1118936200200_a579,high,5.0,3,28,1118936217100,1118936216600,579,567,3,1118936216600,1118936217600,3
train,77,s0_t1118936200200_a579,high,5.0,5,28,1118936217100,1118936216600,567,501,3,1118936216600,1118936217600,3
train,77,s0_t1118936200200_a579,high,5.0,2,29,1118936217600,1118936217100,535,523,3,1118936217100,1118936218100,3
train,77,s0_t1118936200200_a579,high,5.0,0,30,1118936218100,1118936217600,516,567,2,1118936217600,1118936218100,2
train,77,s0_t1118936200200_a579,high,10.0,0,1,1118936203600,1118936203100,534,541,3,1118936203100,1118936204100,3
train,77,s0_t1118936200200_a579,high,10.0,0,2,1118936204100,1118936203600,541,534,3,1118936203600,1118936204600,3
train,77,s0_t1118936200200_a579,high,10.0,3,2,1118936204100,1118936203600,535,523,3,1118936203600,1118936204600,3
train,77,s0_t1118936200200_a579,high,10.0,5,3,1118936204600,1118936204100,567,501,3,1118936204100,1118936205100,3
train,77,s0_t1118936200200_a579,high,10.0,0,5,1118936205600,1118936205100,534,541,3,1118936205100,1118936206100,3
train,77,s0_t1118936200200_a579,high,10.0,0,6,1118936206100,1118936205600,541,534,3,1118936205600,1118936206600,3
train,77,s0_t1118936200200_a579,high,10.0,0,8,1118936207100,1118936206600,534,541,3,1118936206600,1118936207600,2
train,77,s0_t1118936200200_a579,high,10.0,2,11,1118936208600,1118936208100,567,516,3,1118936208100,1118936209100,3
train,77,s0_t1118936200200_a579,high,10.0,4,11,1118936208600,1118936208100,579,567,3,1118936208100,1118936209100,3
train,77,s0_t1118936200200_a579,high,10.0,6,11,1118936208600,1118936208100,516,535,3,1118936208100,1118936209100,3
train,77,s0_t1118936200200_a579,high,10.0,2,12,1118936209100,1118936208600,516,567,3,1118936208600,1118936209600,3
train,77,s0_t1118936200200_a579,high,10.0,4,12,1118936209100,1118936208600,567,579,3,1118936208600,1118936209600,3
train,77,s0_t1118936200200_a579,high,10.0,6,12,1118936209100,1118936208600,535,516,3,1118936208600,1118936209600,2
train,77,s0_t1118936200200_a579,high,10.0,2,14,1118936210100,1118936209600,567,516,3,1118936209600,1118936210600,2
train,77,s0_t1118936200200_a579,high,10.0,4,14,1118936210100,1118936209600,579,567,3,1118936209600,1118936210600,3
train,77,s0_t1118936200200_a579,high,10.0,4,15,1118936210600,1118936210100,567,579,3,1118936210100,1118936211100,3
train,77,s0_t1118936200200_a579,high,10.0,5,15,1118936210600,1118936210100,501,567,3,1118936210100,1118936211100,3
train,77,s0_t1118936200200_a579,high,10.0,5,16,1118936211100,1118936210600,567,501,3,1118936210600,1118936211600,3
train,77,s0_t1118936200200_a579,high,10.0,7,16,1118936211100,1118936210600,534,541,3,1118936210600,1118936211600,3
train,77,s0_t1118936200200_a579,high,10.0,1,18,1118936212100,1118936211600,516,523,3,1118936211600,1118936212600,2
train,77,s0_t1118936200200_a579,high,10.0,7,18,1118936212100,1118936211600,541,534,3,1118936211600,1118936212600,3
train,77,s0_t1118936200200_a579,high,10.0,0,20,1118936213100,1118936212600,516,535,3,1118936212600,1118936213600,3
train,77,s0_t1118936200200_a579,high,10.0,6,20,1118936213100,1118936212600,567,516,3,1118936212600,1118936213600,3
train,77,s0_t1118936200200_a579,high,10.0,4,22,1118936214100,1118936213600,579,567,3,1118936213600,1118936214600,3
train,77,s0_t1118936200200_a579,high,10.0,4,23,1118936214600,1118936214100,567,579,3,1118936214100,1118936215100,3
train,77,s0_t1118936200200_a579,high,10.0,6,23,1118936214600,1118936214100,516,567,3,1118936214100,1118936215100,3
train,77,s0_t1118936200200_a579,high,10.0,2,25,1118936215600,1118936215100,523,535,3,1118936215100,1118936216100,2
train,77,s0_t1118936200200_a579,high,10.0,3,26,1118936216100,1118936215600,523,535,3,1118936215600,1118936216600,2
train,77,s0_t1118936200200_a579,high,10.0,7,26,1118936216100,1118936215600,534,541,3,1118936215600,1118936216600,3
train,77,s0_t1118936200200_a579,high,10.0,5,27,1118936216600,1118936216100,501,567,3,1118936216100,1118936217100,3
train,77,s0_t1118936200200_a579,high,10.0,0,28,1118936217100,1118936216600,579,567,3,1118936216600,1118936217600,3
train,77,s0_t1118936200200_a579,high,10.0,5,28,1118936217100,1118936216600,567,501,3,1118936216600,1118936217600,3
train,77,s0_t1118936200200_a579,high,10.0,7,30,1118936218100,1118936217600,541,534,2,1118936217600,1118936218100,2
train,77,s0_t1118936200200_a579,high,15.0,0,1,1118936203600,1118936203100,534,541,3,1118936203100,1118936204100,3
train,77,s0_t1118936200200_a579,high,15.0,0,2,1118936204100,1118936203600,541,534,3,1118936203600,1118936204600,3
train,77,s0_t1118936200200_a579,high,15.0,3,2,1118936204100,1118936203600,535,523,3,1118936203600,1118936204600,3
train,77,s0_t1118936200200_a579,high,15.0,5,3,1118936204600,1118936204100,567,501,3,1118936204100,1118936205100,3
train,77,s0_t1118936200200_a579,high,15.0,0,5,1118936205600,1118936205100,534,541,3,1118936205100,1118936206100,3
train,77,s0_t1118936200200_a579,high,15.0,0,6,1118936206100,1118936205600,541,534,3,1118936205600,1118936206600,3
train,77,s0_t1118936200200_a579,high,15.0,0,8,1118936207100,1118936206600,534,541,3,1118936206600,1118936207600,2
train,77,s0_t1118936200200_a579,high,15.0,2,11,1118936208600,1118936208100,567,516,3,1118936208100,1118936209100,3
train,77,s0_t1118936200200_a579,high,15.0,4,11,1118936208600,1118936208100,579,567,3,1118936208100,1118936209100,3
train,77,s0_t1118936200200_a579,high,15.0,6,11,1118936208600,1118936208100,516,535,3,1118936208100,1118936209100,3
train,77,s0_t1118936200200_a579,high,15.0,2,12,1118936209100,1118936208600,516,567,3,1118936208600,1118936209600,3
train,77,s0_t1118936200200_a579,high,15.0,4,12,1118936209100,1118936208600,567,579,3,1118936208600,1118936209600,3
train,77,s0_t1118936200200_a579,high,15.0,6,12,1118936209100,1118936208600,535,516,3,1118936208600,1118936209600,2
train,77,s0_t1118936200200_a579,high,15.0,2,14,1118936210100,1118936209600,567,516,3,1118936209600,1118936210600,2
train,77,s0_t1118936200200_a579,high,15.0,4,14,1118936210100,1118936209600,579,567,3,1118936209600,1118936210600,3
train,77,s0_t1118936200200_a579,high,15.0,4,15,1118936210600,1118936210100,567,579,3,1118936210100,1118936211100,3
train,77,s0_t1118936200200_a579,high,15.0,5,15,1118936210600,1118936210100,501,567,3,1118936210100,1118936211100,3
train,77,s0_t1118936200200_a579,high,15.0,5,16,1118936211100,1118936210600,567,501,3,1118936210600,1118936211600,3
train,77,s0_t1118936200200_a579,high,15.0,7,16,1118936211100,1118936210600,534,541,3,1118936210600,1118936211600,3
train,77,s0_t1118936200200_a579,high,15.0,7,17,1118936211600,1118936211100,541,534,3,1118936211100,1118936212100,3
train,77,s0_t1118936200200_a579,high,15.0,1,18,1118936212100,1118936211600,516,523,3,1118936211600,1118936212600,2
train,77,s0_t1118936200200_a579,high,15.0,0,20,1118936213100,1118936212600,516,535,3,1118936212600,1118936213600,3
train,77,s0_t1118936200200_a579,high,15.0,6,20,1118936213100,1118936212600,567,516,3,1118936212600,1118936213600,3
train,77,s0_t1118936200200_a579,high,15.0,4,22,1118936214100,1118936213600,579,567,3,1118936213600,1118936214600,3
train,77,s0_t1118936200200_a579,high,15.0,4,23,1118936214600,1118936214100,567,579,3,1118936214100,1118936215100,3
train,77,s0_t1118936200200_a579,high,15.0,6,23,1118936214600,1118936214100,516,567,3,1118936214100,1118936215100,3
train,77,s0_t1118936200200_a579,high,15.0,3,25,1118936215600,1118936215100,523,535,3,1118936215100,1118936216100,2
train,77,s0_t1118936200200_a579,high,15.0,2,26,1118936216100,1118936215600,523,535,3,1118936215600,1118936216600,2
train,77,s0_t1118936200200_a579,high,15.0,7,26,1118936216100,1118936215600,534,541,3,1118936215600,1118936216600,3
train,77,s0_t1118936200200_a579,high,15.0,5,27,1118936216600,1118936216100,501,567,3,1118936216100,1118936217100,3
train,77,s0_t1118936200200_a579,high,15.0,0,28,1118936217100,1118936216600,579,567,3,1118936216600,1118936217600,3
train,77,s0_t1118936200200_a579,high,15.0,5,28,1118936217100,1118936216600,567,501,3,1118936216600,1118936217600,3
train,77,s0_t1118936200200_a579,high,20.0,0,1,1118936203600,1118936203100,534,541,3,1118936203100,1118936204100,3
train,77,s0_t1118936200200_a579,high,20.0,0,2,1118936204100,1118936203600,541,534,3,1118936203600,1118936204600,3
train,77,s0_t1118936200200_a579,high,20.0,3,2,1118936204100,1118936203600,535,523,3,1118936203600,1118936204600,3
train,77,s0_t1118936200200_a579,high,20.0,5,3,1118936204600,1118936204100,567,501,3,1118936204100,1118936205100,3
train,77,s0_t1118936200200_a579,high,20.0,0,5,1118936205600,1118936205100,534,541,3,1118936205100,1118936206100,3
train,77,s0_t1118936200200_a579,high,20.0,0,6,1118936206100,1118936205600,541,534,3,1118936205600,1118936206600,3
train,77,s0_t1118936200200_a579,high,20.0,0,8,1118936207100,1118936206600,534,541,3,1118936206600,1118936207600,2
train,77,s0_t1118936200200_a579,high,20.0,2,11,1118936208600,1118936208100,567,516,3,1118936208100,1118936209100,3
train,77,s0_t1118936200200_a579,high,20.0,4,11,1118936208600,1118936208100,579,567,3,1118936208100,1118936209100,3
train,77,s0_t1118936200200_a579,high,20.0,6,11,1118936208600,1118936208100,516,535,3,1118936208100,1118936209100,3
train,77,s0_t1118936200200_a579,high,20.0,2,12,1118936209100,1118936208600,516,567,3,1118936208600,1118936209600,3
train,77,s0_t1118936200200_a579,high,20.0,4,12,1118936209100,1118936208600,567,579,3,1118936208600,1118936209600,3
train,77,s0_t1118936200200_a579,high,20.0,6,12,1118936209100,1118936208600,535,516,3,1118936208600,1118936209600,2
train,77,s0_t1118936200200_a579,high,20.0,2,14,1118936210100,1118936209600,567,516,3,1118936209600,1118936210600,2
train,77,s0_t1118936200200_a579,high,20.0,4,14,1118936210100,1118936209600,579,567,3,1118936209600,1118936210600,3
train,77,s0_t1118936200200_a579,high,20.0,4,15,1118936210600,1118936210100,567,579,3,1118936210100,1118936211100,3
train,77,s0_t1118936200200_a579,high,20.0,5,15,1118936210600,1118936210100,501,567,3,1118936210100,1118936211100,3
train,77,s0_t1118936200200_a579,high,20.0,5,16,1118936211100,1118936210600,567,501,3,1118936210600,1118936211600,3
train,77,s0_t1118936200200_a579,high,20.0,7,16,1118936211100,1118936210600,534,541,3,1118936210600,1118936211600,3
train,77,s0_t1118936200200_a579,high,20.0,7,17,1118936211600,1118936211100,541,534,3,1118936211100,1118936212100,3
train,77,s0_t1118936200200_a579,high,20.0,1,18,1118936212100,1118936211600,516,523,3,1118936211600,1118936212600,2
train,77,s0_t1118936200200_a579,high,20.0,0,20,1118936213100,1118936212600,516,535,3,1118936212600,1118936213600,3
train,77,s0_t1118936200200_a579,high,20.0,6,20,1118936213100,1118936212600,567,516,3,1118936212600,1118936213600,3
train,77,s0_t1118936200200_a579,high,20.0,4,22,1118936214100,1118936213600,579,567,3,1118936213600,1118936214600,3
train,77,s0_t1118936200200_a579,high,20.0,4,23,1118936214600,1118936214100,567,579,3,1118936214100,1118936215100,3
train,77,s0_t1118936200200_a579,high,20.0,6,23,1118936214600,1118936214100,516,567,3,1118936214100,1118936215100,3
train,77,s0_t1118936200200_a579,high,20.0,3,25,1118936215600,1118936215100,523,535,3,1118936215100,1118936216100,2
train,77,s0_t1118936200200_a579,high,20.0,2,26,1118936216100,1118936215600,523,535,3,1118936215600,1118936216600,2
train,77,s0_t1118936200200_a579,high,20.0,7,26,1118936216100,1118936215600,534,541,3,1118936215600,1118936216600,3
train,77,s0_t1118936200200_a579,high,20.0,5,27,1118936216600,1118936216100,501,567,3,1118936216100,1118936217100,3
train,77,s0_t1118936200200_a579,high,20.0,0,28,1118936217100,1118936216600,579,567,3,1118936216600,1118936217600,3
train,77,s0_t1118936200200_a579,high,20.0,5,28,1118936217100,1118936216600,567,501,3,1118936216600,1118936217600,3
train,79,s0_t1118936200200_a595,high,10.0,0,3,1118936204600,1118936204100,556,555,3,1118936204100,1118936205100,3
train,79,s0_t1118936200200_a595,high,15.0,0,3,1118936204600,1118936204100,556,555,3,1118936204100,1118936205100,3
train,79,s0_t1118936200200_a595,high,20.0,0,3,1118936204600,1118936204100,556,555,3,1118936204100,1118936205100,3
train,80,s0_t1118936220200_a608,high,-5.0,0,26,1118936236100,1118936235600,608,610,3,1118936235600,1118936236600,3
train,80,s0_t1118936220200_a608,high,-5.0,0,27,1118936236600,1118936236100,610,608,3,1118936236100,1118936237100,3
train,80,s0_t1118936220200_a608,high,0.0,4,3,1118936224600,1118936224100,607,602,3,1118936224100,1118936225100,3
train,80,s0_t1118936220200_a608,high,0.0,2,7,1118936226600,1118936226100,599,601,3,1118936226100,1118936227100,3
train,80,s0_t1118936220200_a608,high,0.0,7,8,1118936227100,1118936226600,607,602,3,1118936226600,1118936227600,3
train,80,s0_t1118936220200_a608,high,0.0,3,9,1118936227600,1118936227100,607,610,3,1118936227100,1118936228100,2
train,80,s0_t1118936220200_a608,high,0.0,7,9,1118936227600,1118936227100,602,607,3,1118936227100,1118936228100,3
train,80,s0_t1118936220200_a608,high,0.0,6,16,1118936231100,1118936230600,608,610,3,1118936230600,1118936231600,3
train,80,s0_t1118936220200_a608,high,0.0,6,17,1118936231600,1118936231100,610,608,3,1118936231100,1118936232100,3
train,80,s0_t1118936220200_a608,high,5.0,6,11,1118936228600,1118936228100,601,599,3,1118936228100,1118936229100,3
train,80,s0_t1118936220200_a608,high,5.0,1,15,1118936230600,1118936230100,602,607,3,1118936230100,1118936231100,2
train,80,s0_t1118936220200_a608,high,5.0,5,15,1118936230600,1118936230100,607,602,3,1118936230100,1118936231100,3
train,80,s0_t1118936220200_a608,high,5.0,7,20,1118936233100,1118936232600,608,610,3,1118936232600,1118936233600,3
train,80,s0_t1118936220200_a608,high,10.0,2,4,1118936225100,1118936224600,608,610,3,1118936224600,1118936225600,3
train,80,s0_t1118936220200_a608,high,10.0,2,5,1118936225600,1118936225100,610,608,3,1118936225100,1118936226100,3
train,80,s0_t1118936220200_a608,high,10.0,3,6,1118936226100,1118936225600,599,601,3,1118936225600,1118936226600,2
train,80,s0_t1118936220200_a608,high,10.0,3,23,1118936234600,1118936234100,608,610,3,1118936234100,1118936235100,3
train,80,s0_t1118936220200_a608,high,10.0,7,23,1118936234600,1118936234100,607,608,3,1118936234100,1118936235100,3
train,80,s0_t1118936220200_a608,high,10.0,3,26,1118936236100,1118936235600,610,608,3,1118936235600,1118936236600,3
train,80,s0_t1118936220200_a608,high,15.0,1,4,1118936225100,1118936224600,608,610,3,1118936224600,1118936225600,3
train,80,s0_t1118936220200_a608,high,15.0,2,4,1118936225100,1118936224600,607,602,3,1118936224600,1118936225600,3
train,80,s0_t1118936220200_a608,high,15.0,1,5,1118936225600,1118936225100,610,608,3,1118936225100,1118936226100,3
train,80,s0_t1118936220200_a608,high,15.0,3,6,1118936226100,1118936225600,599,601,3,1118936225600,1118936226600,2
train,80,s0_t1118936220200_a608,high,15.0,2,13,1118936229600,1118936229100,602,607,3,1118936229100,1118936230100,2
train,80,s0_t1118936220200_a608,high,15.0,6,13,1118936229600,1118936229100,601,599,3,1118936229100,1118936230100,3
train,80,s0_t1118936220200_a608,high,15.0,7,13,1118936229600,1118936229100,607,602,3,1118936229100,1118936230100,3
train,80,s0_t1118936220200_a608,high,15.0,5,23,1118936234600,1118936234100,607,608,3,1118936234100,1118936235100,3
train,80,s0_t1118936220200_a608,high,15.0,4,26,1118936236100,1118936235600,610,608,3,1118936235600,1118936236600,3
train,80,s0_t1118936220200_a608,high,20.0,1,4,1118936225100,1118936224600,608,610,3,1118936224600,1118936225600,3
train,80,s0_t1118936220200_a608,high,20.0,2,4,1118936225100,1118936224600,607,602,3,1118936224600,1118936225600,3
train,80,s0_t1118936220200_a608,high,20.0,1,5,1118936225600,1118936225100,610,608,3,1118936225100,1118936226100,3
train,80,s0_t1118936220200_a608,high,20.0,2,13,1118936229600,1118936229100,602,607,3,1118936229100,1118936230100,2
train,80,s0_t1118936220200_a608,high,20.0,7,13,1118936229600,1118936229100,607,602,3,1118936229100,1118936230100,3
train,80,s0_t1118936220200_a608,high,20.0,1,20,1118936233100,1118936232600,608,610,3,1118936232600,1118936233600,3
train,80,s0_t1118936220200_a608,high,20.0,1,21,1118936233600,1118936233100,610,608,3,1118936233100,1118936234100,2
train,80,s0_t1118936220200_a608,high,20.0,5,25,1118936235600,1118936235100,607,602,3,1118936235100,1118936236100,2
train,80,s0_t1118936220200_a608,high,20.0,7,25,1118936235600,1118936235100,602,607,3,1118936235100,1118936236100,3
train,81,s0_t1118936220200_a618,high,-5.0,0,4,1118936225100,1118936224600,614,604,3,1118936224600,1118936225600,2
train,81,s0_t1118936220200_a618,high,-5.0,2,4,1118936225100,1118936224600,604,615,3,1118936224600,1118936225600,2
train,81,s0_t1118936220200_a618,high,-5.0,4,12,1118936229100,1118936228600,622,617,3,1118936228600,1118936229600,3
train,81,s0_t1118936220200_a618,high,-5.0,6,14,1118936230100,1118936229600,604,614,3,1118936229600,1118936230600,2
train,81,s0_t1118936220200_a618,high,-5.0,0,16,1118936231100,1118936230600,614,604,3,1118936230600,1118936231600,3
train,81,s0_t1118936220200_a618,high,-5.0,1,25,1118936235600,1118936235100,604,615,3,1118936235100,1118936236100,3
train,81,s0_t1118936220200_a618,high,-5.0,4,25,1118936235600,1118936235100,622,618,3,1118936235100,1118936236100,3
train,81,s0_t1118936220200_a618,high,-5.0,5,25,1118936235600,1118936235100,614,604,3,1118936235100,1118936236100,3
train,81,s0_t1118936220200_a618,high,-5.0,2,27,1118936236600,1118936236100,614,615,3,1118936236100,1118936237100,2
train,81,s0_t1118936220200_a618,high,-5.0,0,29,1118936237600,1118936237100,622,618,3,1118936237100,1118936238100,2
train,81,s0_t1118936220200_a618,high,-5.0,4,29,1118936237600,1118936237100,618,622,3,1118936237100,1118936238100,3
train,81,s0_t1118936220200_a618,high,-5.0,4,30,1118936238100,1118936237600,622,618,2,1118936237600,1118936238100,2
train,81,s0_t1118936220200_a618,high,0.0,6,2,1118936224100,1118936223600,604,614,3,1118936223600,1118936224600,2
train,81,s0_t1118936220200_a618,high,0.0,4,15,1118936230600,1118936230100,622,617,3,1118936230100,1118936231100,3
train,81,s0_t1118936220200_a618,high,0.0,1,18,1118936232100,1118936231600,615,614,3,1118936231600,1118936232600,2
train,81,s0_t1118936220200_a618,high,0.0,4,19,1118936232600,1118936232100,617,622,3,1118936232100,1118936233100,2
train,81,s0_t1118936220200_a618,high,0.0,7,20,1118936233100,1118936232600,604,614,3,1118936232600,1118936233600,3
train,81,s0_t1118936220200_a618,high,0.0,7,21,1118936233600,1118936233100,614,604,3,1118936233100,1118936234100,3
train,81,s0_t1118936220200_a618,high,0.0,0,23,1118936234600,1118936234100,614,604,3,1118936234100,1118936235100,2
train,81,s0_t1118936220200_a618,high,0.0,4,23,1118936234600,1118936234100,622,617,3,1118936234100,1118936235100,3
train,81,s0_t1118936220200_a618,high,0.0,7,23,1118936234600,1118936234100,604,614,3,1118936234100,1118936235100,3
train,81,s0_t1118936220200_a618,high,0.0,7,24,1118936235100,1118936234600,614,604,3,1118936234600,1118936235600,3
train,81,s0_t1118936220200_a618,high,0.0,7,26,1118936236100,1118936235600,604,614,3,1118936235600,1118936236600,3
train,81,s0_t1118936220200_a618,high,0.0,7,27,1118936236600,1118936236100,614,604,3,1118936236100,1118936237100,3
train,81,s0_t1118936220200_a618,high,5.0,1,1,1118936223600,1118936223100,614,604,3,1118936223100,1118936224100,2
train,81,s0_t1118936220200_a618,high,5.0,7,1,1118936223600,1118936223100,604,614,3,1118936223100,1118936224100,3
train,81,s0_t1118936220200_a618,high,5.0,6,5,1118936225600,1118936225100,617,622,3,1118936225100,1118936226100,2
train,81,s0_t1118936220200_a618,high,5.0,0,8,1118936227100,1118936226600,615,604,3,1118936226600,1118936227600,2
train,81,s0_t1118936220200_a618,high,5.0,1,9,1118936227600,1118936227100,618,622,3,1118936227100,1118936228100,2
train,81,s0_t1118936220200_a618,high,5.0,5,15,1118936230600,1118936230100,614,604,3,1118936230100,1118936231100,2
train,81,s0_t1118936220200_a618,high,5.0,0,17,1118936231600,1118936231100,622,618,3,1118936231100,1118936232100,3
train,81,s0_t1118936220200_a618,high,5.0,7,21,1118936233600,1118936233100,614,604,3,1118936233100,1118936234100,2
train,81,s0_t1118936220200_a618,high,5.0,6,23,1118936234600,1118936234100,615,604,3,1118936234100,1118936235100,3
train,81,s0_t1118936220200_a618,high,5.0,1,25,1118936235600,1118936235100,614,604,3,1118936235100,1118936236100,3
train,81,s0_t1118936220200_a618,high,5.0,6,25,1118936235600,1118936235100,604,615,3,1118936235100,1118936236100,3
train,81,s0_t1118936220200_a618,high,5.0,4,28,1118936237100,1118936236600,622,617,3,1118936236600,1118936237600,3
train,81,s0_t1118936220200_a618,high,5.0,7,28,1118936237100,1118936236600,617,622,3,1118936236600,1118936237600,3
train,81,s0_t1118936220200_a618,high,10.0,4,1,1118936223600,1118936223100,604,614,3,1118936223100,1118936224100,3
train,81,s0_t1118936220200_a618,high,10.0,4,2,1118936224100,1118936223600,614,604,3,1118936223600,1118936224600,2
train,81,s0_t1118936220200_a618,high,10.0,2,5,1118936225600,1118936225100,622,617,3,1118936225100,1118936226100,3
train,81,s0_t1118936220200_a618,high,10.0,2,12,1118936229100,1118936228600,604,615,3,1118936228600,1118936229600,3
train,81,s0_t1118936220200_a618,high,10.0,6,14,1118936230100,1118936229600,604,614,3,1118936229600,1118936230600,3
train,81,s0_t1118936220200_a618,high,10.0,4,18,1118936232100,1118936231600,622,618,3,1118936231600,1118936232600,3
train,81,s0_t1118936220200_a618,high,10.0,2,25,1118936235600,1118936235100,604,615,3,1118936235100,1118936236100,3
train,81,s0_t1118936220200_a618,high,10.0,2,28,1118936237100,1118936236600,615,604,3,1118936236600,1118936237600,3
train,81,s0_t1118936220200_a618,high,10.0,7,28,1118936237100,1118936236600,604,614,3,1118936236600,1118936237600,3
train,81,s0_t1118936220200_a618,high,10.0,7,30,1118936238100,1118936237600,614,604,2,1118936237600,1118936238100,2
train,81,s0_t1118936220200_a618,high,15.0,4,1,1118936223600,1118936223100,604,614,3,1118936223100,1118936224100,3
train,81,s0_t1118936220200_a618,high,15.0,4,2,1118936224100,1118936223600,614,604,3,1118936223600,1118936224600,2
train,81,s0_t1118936220200_a618,high,15.0,2,5,1118936225600,1118936225100,622,617,3,1118936225100,1118936226100,3
train,81,s0_t1118936220200_a618,high,15.0,2,30,1118936238100,1118936237600,615,604,2,1118936237600,1118936238100,2
train,81,s0_t1118936220200_a618,high,15.0,5,30,1118936238100,1118936237600,604,614,2,1118936237600,1118936238100,2
train,81,s0_t1118936220200_a618,high,20.0,4,1,1118936223600,1118936223100,604,614,3,1118936223100,1118936224100,3
train,81,s0_t1118936220200_a618,high,20.0,4,2,1118936224100,1118936223600,614,604,3,1118936223600,1118936224600,2
train,81,s0_t1118936220200_a618,high,20.0,2,5,1118936225600,1118936225100,622,617,3,1118936225100,1118936226100,3
train,81,s0_t1118936220200_a618,high,20.0,5,15,1118936230600,1118936230100,614,615,3,1118936230100,1118936231100,2
train,81,s0_t1118936220200_a618,high,20.0,4,19,1118936232600,1118936232100,615,617,3,1118936232100,1118936233100,3
train,81,s0_t1118936220200_a618,high,20.0,0,28,1118936237100,1118936236600,615,604,3,1118936236600,1118936237600,3
train,81,s0_t1118936220200_a618,high,20.0,7,28,1118936237100,1118936236600,604,614,3,1118936236600,1118936237600,3
train,81,s0_t1118936220200_a618,high,20.0,7,30,1118936238100,1118936237600,614,604,2,1118936237600,1118936238100,2
train,82,s0_t1118936220200_a622,mid,-5.0,3,5,1118936225600,1118936225100,618,622,3,1118936225100,1118936226100,3
train,82,s0_t1118936220200_a622,mid,-5.0,3,6,1118936226100,1118936225600,622,618,3,1118936225600,1118936226600,3
train,82,s0_t1118936220200_a622,mid,-5.0,2,7,1118936226600,1118936226100,614,604,3,1118936226100,1118936227100,3
train,82,s0_t1118936220200_a622,mid,-5.0,3,26,1118936236100,1118936235600,617,622,3,1118936235600,1118936236600,3
train,82,s0_t1118936220200_a622,mid,-5.0,6,26,1118936236100,1118936235600,622,618,3,1118936235600,1118936236600,2
train,82,s0_t1118936220200_a622,mid,-5.0,3,27,1118936236600,1118936236100,622,617,3,1118936236100,1118936237100,3
train,82,s0_t1118936220200_a622,mid,0.0,6,2,1118936224100,1118936223600,617,622,3,1118936223600,1118936224600,3
train,82,s0_t1118936220200_a622,mid,0.0,6,10,1118936228100,1118936227600,618,622,3,1118936227600,1118936228600,3
train,82,s0_t1118936220200_a622,mid,0.0,5,15,1118936230600,1118936230100,622,617,3,1118936230100,1118936231100,2
train,82,s0_t1118936220200_a622,mid,0.0,3,16,1118936231100,1118936230600,604,614,3,1118936230600,1118936231600,3
train,82,s0_t1118936220200_a622,mid,0.0,1,18,1118936232100,1118936231600,617,622,3,1118936231600,1118936232600,3
train,82,s0_t1118936220200_a622,mid,0.0,1,19,1118936232600,1118936232100,622,617,3,1118936232100,1118936233100,3
train,82,s0_t1118936220200_a622,mid,0.0,7,21,1118936233600,1118936233100,618,622,3,1118936233100,1118936234100,2
train,82,s0_t1118936220200_a622,mid,0.0,6,25,1118936235600,1118936235100,618,622,3,1118936235100,1118936236100,3
train,82,s0_t1118936220200_a622,mid,0.0,4,26,1118936236100,1118936235600,604,614,3,1118936235600,1118936236600,3
train,82,s0_t1118936220200_a622,mid,0.0,4,27,1118936236600,1118936236100,614,604,3,1118936236100,1118936237100,3
train,82,s0_t1118936220200_a622,mid,5.0,5,7,1118936226600,1118936226100,618,622,3,1118936226100,1118936227100,2
train,82,s0_t1118936220200_a622,mid,5.0,1,13,1118936229600,1118936229100,618,622,3,1118936229100,1118936230100,3
train,82,s0_t1118936220200_a622,mid,5.0,2,13,1118936229600,1118936229100,604,614,3,1118936229100,1118936230100,3
train,82,s0_t1118936220200_a622,mid,5.0,1,15,1118936230600,1118936230100,622,617,3,1118936230100,1118936231100,3
train,82,s0_t1118936220200_a622,mid,5.0,7,15,1118936230600,1118936230100,617,622,3,1118936230100,1118936231100,2
train,82,s0_t1118936220200_a622,mid,5.0,0,21,1118936233600,1118936233100,614,604,3,1118936233100,1118936234100,3
train,82,s0_t1118936220200_a622,mid,5.0,2,23,1118936234600,1118936234100,618,622,3,1118936234100,1118936235100,3
train,82,s0_t1118936220200_a622,mid,5.0,2,24,1118936235100,1118936234600,622,618,3,1118936234600,1118936235600,2
train,82,s0_t1118936220200_a622,mid,5.0,7,25,1118936235600,1118936235100,604,614,3,1118936235100,1118936236100,2
train,82,s0_t1118936220200_a622,mid,5.0,1,27,1118936236600,1118936236100,617,622,3,1118936236100,1118936237100,3
train,82,s0_t1118936220200_a622,mid,5.0,1,29,1118936237600,1118936237100,622,617,3,1118936237100,1118936238100,3
train,82,s0_t1118936220200_a622,mid,5.0,1,30,1118936238100,1118936237600,617,622,2,1118936237600,1118936238100,2
train,82,s0_t1118936220200_a622,mid,10.0,0,9,1118936227600,1118936227100,615,604,3,1118936227100,1118936228100,2
train,82,s0_t1118936220200_a622,mid,10.0,7,13,1118936229600,1118936229100,618,622,3,1118936229100,1118936230100,2
train,82,s0_t1118936220200_a622,mid,10.0,5,15,1118936230600,1118936230100,617,622,3,1118936230100,1118936231100,3
train,82,s0_t1118936220200_a622,mid,10.0,0,23,1118936234600,1118936234100,614,604,3,1118936234100,1118936235100,2
train,82,s0_t1118936220200_a622,mid,10.0,5,28,1118936237100,1118936236600,614,604,3,1118936236600,1118936237600,2
train,82,s0_t1118936220200_a622,mid,10.0,6,28,1118936237100,1118936236600,604,614,3,1118936236600,1118936237600,3
train,82,s0_t1118936220200_a622,mid,10.0,6,29,1118936237600,1118936237100,614,604,3,1118936237100,1118936238100,3
train,82,s0_t1118936220200_a622,mid,15.0,4,2,1118936224100,1118936223600,622,617,3,1118936223600,1118936224600,2
train,82,s0_t1118936220200_a622,mid,15.0,2,4,1118936225100,1118936224600,618,622,3,1118936224600,1118936225600,2
train,82,s0_t1118936220200_a622,mid,15.0,0,14,1118936230100,1118936229600,615,604,3,1118936229600,1118936230600,3
train,82,s0_t1118936220200_a622,mid,15.0,6,15,1118936230600,1118936230100,617,622,3,1118936230100,1118936231100,3
train,82,s0_t1118936220200_a622,mid,15.0,5,17,1118936231600,1118936231100,604,614,3,1118936231100,1118936232100,2
train,82,s0_t1118936220200_a622,mid,15.0,3,20,1118936233100,1118936232600,604,614,3,1118936232600,1118936233600,3
train,82,s0_t1118936220200_a622,mid,15.0,4,22,1118936234100,1118936233600,615,604,3,1118936233600,1118936234600,2
train,82,s0_t1118936220200_a622,mid,15.0,6,22,1118936234100,1118936233600,604,614,3,1118936233600,1118936234600,2
train,82,s0_t1118936220200_a622,mid,15.0,5,24,1118936235100,1118936234600,617,622,3,1118936234600,1118936235600,3
train,82,s0_t1118936220200_a622,mid,15.0,5,25,1118936235600,1118936235100,622,617,3,1118936235100,1118936236100,3
train,82,s0_t1118936220200_a622,mid,15.0,5,29,1118936237600,1118936237100,617,618,3,1118936237100,1118936238100,3
train,82,s0_t1118936220200_a622,mid,15.0,6,29,1118936237600,1118936237100,622,617,3,1118936237100,1118936238100,2
train,82,s0_t1118936220200_a622,mid,15.0,5,30,1118936238100,1118936237600,618,622,2,1118936237600,1118936238100,2
train,82,s0_t1118936220200_a622,mid,20.0,4,2,1118936224100,1118936223600,622,617,3,1118936223600,1118936224600,2
train,82,s0_t1118936220200_a622,mid,20.0,2,4,1118936225100,1118936224600,618,622,3,1118936224600,1118936225600,2
train,82,s0_t1118936220200_a622,mid,20.0,3,9,1118936227600,1118936227100,614,604,3,1118936227100,1118936228100,3
train,82,s0_t1118936220200_a622,mid,20.0,0,14,1118936230100,1118936229600,615,604,3,1118936229600,1118936230600,3
train,82,s0_t1118936220200_a622,mid,20.0,1,15,1118936230600,1118936230100,617,622,3,1118936230100,1118936231100,3
train,82,s0_t1118936220200_a622,mid,20.0,6,17,1118936231600,1118936231100,604,614,3,1118936231100,1118936232100,3
train,82,s0_t1118936220200_a622,mid,20.0,6,18,1118936232100,1118936231600,614,604,3,1118936231600,1118936232600,3
train,82,s0_t1118936220200_a622,mid,20.0,1,29,1118936237600,1118936237100,617,618,3,1118936237100,1118936238100,3
train,82,s0_t1118936220200_a622,mid,20.0,6,29,1118936237600,1118936237100,622,617,3,1118936237100,1118936238100,2
train,82,s0_t1118936220200_a622,mid,20.0,1,30,1118936238100,1118936237600,618,622,2,1118936237600,1118936238100,2
train,83,s0_t1118936240200_a582,high,-5.0,7,3,1118936244600,1118936244100,532,586,3,1118936244100,1118936245100,3
train,83,s0_t1118936240200_a582,high,-5.0,0,5,1118936245600,1118936245100,582,546,3,1118936245100,1118936246100,3
train,83,s0_t1118936240200_a582,high,-5.0,7,14,1118936250100,1118936249600,532,586,3,1118936249600,1118936250600,3
train,83,s0_t1118936240200_a582,high,0.0,1,2,1118936244100,1118936243600,586,532,3,1118936243600,1118936244600,3
train,83,s0_t1118936240200_a582,high,0.0,0,5,1118936245600,1118936245100,582,546,3,1118936245100,1118936246100,2
train,83,s0_t1118936240200_a582,high,0.0,1,14,1118936250100,1118936249600,586,532,3,1118936249600,1118936250600,2
train,83,s0_t1118936240200_a582,high,5.0,1,6,1118936246100,1118936245600,532,586,3,1118936245600,1118936246600,3
train,83,s0_t1118936240200_a582,high,5.0,4,6,1118936246100,1118936245600,586,532,3,1118936245600,1118936246600,2
train,83,s0_t1118936240200_a582,high,5.0,1,7,1118936246600,1118936246100,586,532,3,1118936246100,1118936247100,3
train,83,s0_t1118936240200_a582,high,5.0,1,9,1118936247600,1118936247100,532,586,3,1118936247100,1118936248100,3
train,83,s0_t1118936240200_a582,high,10.0,4,6,1118936246100,1118936245600,586,532,3,1118936245600,1118936246600,2
train,83,s0_t1118936240200_a582,high,10.0,7,6,1118936246100,1118936245600,532,586,3,1118936245600,1118936246600,3
train,83,s0_t1118936240200_a582,high,10.0,7,7,1118936246600,1118936246100,586,532,3,1118936246100,1118936247100,3
train,83,s0_t1118936240200_a582,high,10.0,7,9,1118936247600,1118936247100,532,586,3,1118936247100,1118936248100,2
train,83,s0_t1118936240200_a582,high,10.0,7,13,1118936249600,1118936249100,586,532,3,1118936249100,1118936250100,3
train,83,s0_t1118936240200_a582,high,20.0,4,5,1118936245600,1118936245100,586,532,3,1118936245100,1118936246100,3
train,83,s0_t1118936240200_a582,high,20.0,6,5,1118936245600,1118936245100,532,586,3,1118936245100,1118936246100,3
train,83,s0_t1118936240200_a582,high,20.0,6,7,1118936246600,1118936246100,586,532,3,1118936246100,1118936247100,3
train,83,s0_t1118936240200_a582,high,20.0,6,9,1118936247600,1118936247100,532,586,3,1118936247100,1118936248100,3
train,83,s0_t1118936240200_a582,high,20.0,6,10,1118936248100,1118936247600,586,532,3,1118936247600,1118936248600,3
train,83,s0_t1118936240200_a582,high,20.0,6,12,1118936249100,1118936248600,532,586,3,1118936248600,1118936249600,3
train,83,s0_t1118936240200_a582,high,20.0,6,13,1118936249600,1118936249100,586,532,3,1118936249100,1118936250100,3
train,83,s0_t1118936240200_a582,high,20.0,6,15,1118936250600,1118936250100,532,586,3,1118936250100,1118936251100,2
train,84,s0_t1118936240200_a617,high,-5.0,0,3,1118936244600,1118936244100,615,617,3,1118936244100,1118936245100,2
train,84,s0_t1118936240200_a617,high,-5.0,3,3,1118936244600,1118936244100,622,618,3,1118936244100,1118936245100,2
train,84,s0_t1118936240200_a617,high,-5.0,5,5,1118936245600,1118936245100,614,604,3,1118936245100,1118936246100,2
train,84,s0_t1118936240200_a617,high,-5.0,6,6,1118936246100,1118936245600,615,604,3,1118936245600,1118936246600,2
train,84,s0_t1118936240200_a617,high,-5.0,0,7,1118936246600,1118936246100,614,604,3,1118936246100,1118936247100,2
train,84,s0_t1118936240200_a617,high,-5.0,7,8,1118936247100,1118936246600,615,614,3,1118936246600,1118936247600,3
train,84,s0_t1118936240200_a617,high,-5.0,6,10,1118936248100,1118936247600,615,614,3,1118936247600,1118936248600,3
train,84,s0_t1118936240200_a617,high,-5.0,7,19,1118936252600,1118936252100,622,618,3,1118936252100,1118936253100,3
train,84,s0_t1118936240200_a617,high,-5.0,7,23,1118936254600,1118936254100,618,622,3,1118936254100,1118936255100,3
train,84,s0_t1118936240200_a617,high,-5.0,7,25,1118936255600,1118936255100,622,618,3,1118936255100,1118936256100,3
train,84,s0_t1118936240200_a617,high,0.0,5,7,1118936246600,1118936246100,614,604,3,1118936246100,1118936247100,3
train,84,s0_t1118936240200_a617,high,0.0,0,12,1118936249100,1118936248600,615,614,3,1118936248600,1118936249600,3
train,84,s0_t1118936240200_a617,high,0.0,6,12,1118936249100,1118936248600,614,615,3,1118936248600,1118936249600,2
train,84,s0_t1118936240200_a617,high,5.0,0,2,1118936244100,1118936243600,615,604,3,1118936243600,1118936244600,2
train,84,s0_t1118936240200_a617,high,5.0,4,8,1118936247100,1118936246600,615,614,3,1118936246600,1118936247600,3
train,84,s0_t1118936240200_a617,high,5.0,0,16,1118936251100,1118936250600,622,618,3,1118936250600,1118936251600,3
train,84,s0_t1118936240200_a617,high,10.0,3,12,1118936249100,1118936248600,614,615,3,1118936248600,1118936249600,2
train,84,s0_t1118936240200_a617,high,10.0,1,16,1118936251100,1118936250600,622,618,3,1118936250600,1118936251600,3
train,84,s0_t1118936240200_a617,high,15.0,6,9,1118936247600,1118936247100,618,622,3,1118936247100,1118936248100,3
train,84,s0_t1118936240200_a617,high,15.0,6,10,1118936248100,1118936247600,622,618,3,1118936247600,1118936248600,3
train,84,s0_t1118936240200_a617,high,15.0,0,13,1118936249600,1118936249100,622,618,3,1118936249100,1118936250100,3
train,84,s0_t1118936240200_a617,high,20.0,7,4,1118936245100,1118936244600,604,614,3,1118936244600,1118936245600,2
train,84,s0_t1118936240200_a617,high,20.0,5,11,1118936248600,1118936248100,615,614,3,1118936248100,1118936249100,3
train,87,s0_t1118936260200_a610,high,0.0,5,11,1118936268600,1118936268100,602,608,3,1118936268100,1118936269100,3
train,87,s0_t1118936260200_a610,high,0.0,5,12,1118936269100,1118936268600,608,602,3,1118936268600,1118936269600,3
train,87,s0_t1118936260200_a610,high,0.0,5,13,1118936269600,1118936269100,602,608,3,1118936269100,1118936270100,3
train,87,s0_t1118936260200_a610,high,5.0,4,7,1118936266600,1118936266100,619,610,3,1118936266100,1118936267100,3
train,87,s0_t1118936260200_a610,high,10.0,4,7,1118936266600,1118936266100,619,610,3,1118936266100,1118936267100,3
train,87,s0_t1118936260200_a610,high,10.0,5,10,1118936268100,1118936267600,608,602,3,1118936267600,1118936268600,3
train,87,s0_t1118936260200_a610,high,10.0,6,10,1118936268100,1118936267600,602,608,3,1118936267600,1118936268600,2
train,87,s0_t1118936260200_a610,high,10.0,5,11,1118936268600,1118936268100,602,608,3,1118936268100,1118936269100,3
train,87,s0_t1118936260200_a610,high,10.0,5,12,1118936269100,1118936268600,608,602,3,1118936268600,1118936269600,3
train,87,s0_t1118936260200_a610,high,15.0,6,8,1118936267100,1118936266600,610,619,3,1118936266600,1118936267600,3
train,87,s0_t1118936260200_a610,high,15.0,6,21,1118936273600,1118936273100,619,610,3,1118936273100,1118936274100,2
train,87,s0_t1118936260200_a610,high,20.0,6,8,1118936267100,1118936266600,610,619,3,1118936266600,1118936267600,3
train,87,s0_t1118936260200_a610,high,20.0,6,21,1118936273600,1118936273100,619,610,3,1118936273100,1118936274100,2
train,87,s0_t1118936260200_a610,high,20.0,0,25,1118936275600,1118936275100,619,610,3,1118936275100,1118936276100,3
train,88,s0_t1118936260200_a648,high,-5.0,1,1,1118936263600,1118936263100,607,599,3,1118936263100,1118936264100,3
train,88,s0_t1118936260200_a648,high,-5.0,2,1,1118936263600,1118936263100,599,607,3,1118936263100,1118936264100,3
train,88,s0_t1118936260200_a648,high,-5.0,7,4,1118936265100,1118936264600,602,607,3,1118936264600,1118936265600,3
train,88,s0_t1118936260200_a648,high,-5.0,1,6,1118936266100,1118936265600,599,607,3,1118936265600,1118936266600,3
train,88,s0_t1118936260200_a648,high,-5.0,7,6,1118936266100,1118936265600,607,602,3,1118936265600,1118936266600,2
train,88,s0_t1118936260200_a648,high,-5.0,1,10,1118936268100,1118936267600,607,599,3,1118936267600,1118936268600,3
train,88,s0_t1118936260200_a648,high,-5.0,2,10,1118936268100,1118936267600,599,607,3,1118936267600,1118936268600,2
train,88,s0_t1118936260200_a648,high,-5.0,6,26,1118936276100,1118936275600,601,607,3,1118936275600,1118936276600,3
train,88,s0_t1118936260200_a648,high,-5.0,6,27,1118936276600,1118936276100,607,601,3,1118936276100,1118936277100,2
train,88,s0_t1118936260200_a648,high,0.0,3,1,1118936263600,1118936263100,601,648,3,1118936263100,1118936264100,3
train,88,s0_t1118936260200_a648,high,0.0,3,4,1118936265100,1118936264600,648,601,3,1118936264600,1118936265600,3
train,88,s0_t1118936260200_a648,high,0.0,5,7,1118936266600,1118936266100,602,607,3,1118936266100,1118936267100,2
train,88,s0_t1118936260200_a648,high,0.0,2,9,1118936267600,1118936267100,599,607,3,1118936267100,1118936268100,3
train,88,s0_t1118936260200_a648,high,0.0,2,13,1118936269600,1118936269100,607,599,3,1118936269100,1118936270100,3
train,88,s0_t1118936260200_a648,high,0.0,5,20,1118936273100,1118936272600,607,601,3,1118936272600,1118936273600,3
train,88,s0_t1118936260200_a648,high,0.0,5,24,1118936275100,1118936274600,601,607,3,1118936274600,1118936275600,3
train,88,s0_t1118936260200_a648,high,0.0,1,29,1118936277600,1118936277100,601,648,3,1118936277100,1118936278100,2
train,88,s0_t1118936260200_a648,high,5.0,2,7,1118936266600,1118936266100,599,607,3,1118936266100,1118936267100,3
train,88,s0_t1118936260200_a648,high,5.0,2,10,1118936268100,1118936267600,607,599,3,1118936267600,1118936268600,3
train,88,s0_t1118936260200_a648,high,5.0,7,10,1118936268100,1118936267600,599,607,3,1118936267600,1118936268600,2
train,88,s0_t1118936260200_a648,high,5.0,2,11,1118936268600,1118936268100,599,607,3,1118936268100,1118936269100,3
train,88,s0_t1118936260200_a648,high,5.0,2,13,1118936269600,1118936269100,607,599,3,1118936269100,1118936270100,3
train,88,s0_t1118936260200_a648,high,5.0,1,20,1118936273100,1118936272600,607,601,3,1118936272600,1118936273600,3
train,88,s0_t1118936260200_a648,high,10.0,2,7,1118936266600,1118936266100,599,607,3,1118936266100,1118936267100,3
train,88,s0_t1118936260200_a648,high,10.0,2,10,1118936268100,1118936267600,607,599,3,1118936267600,1118936268600,3
train,88,s0_t1118936260200_a648,high,10.0,7,10,1118936268100,1118936267600,599,607,3,1118936267600,1118936268600,2
train,88,s0_t1118936260200_a648,high,10.0,2,11,1118936268600,1118936268100,599,607,3,1118936268100,1118936269100,3
train,88,s0_t1118936260200_a648,high,10.0,2,13,1118936269600,1118936269100,607,599,3,1118936269100,1118936270100,3
train,88,s0_t1118936260200_a648,high,10.0,1,20,1118936273100,1118936272600,607,601,3,1118936272600,1118936273600,3
train,88,s0_t1118936260200_a648,high,15.0,2,3,1118936264600,1118936264100,599,607,3,1118936264100,1118936265100,3
train,88,s0_t1118936260200_a648,high,15.0,1,10,1118936268100,1118936267600,599,607,3,1118936267600,1118936268600,2
train,88,s0_t1118936260200_a648,high,15.0,2,10,1118936268100,1118936267600,607,599,3,1118936267600,1118936268600,3
train,88,s0_t1118936260200_a648,high,15.0,2,11,1118936268600,1118936268100,599,607,3,1118936268100,1118936269100,3
train,88,s0_t1118936260200_a648,high,15.0,2,13,1118936269600,1118936269100,607,599,3,1118936269100,1118936270100,3
train,88,s0_t1118936260200_a648,high,15.0,5,25,1118936275600,1118936275100,601,607,3,1118936275100,1118936276100,3
train,88,s0_t1118936260200_a648,high,15.0,5,26,1118936276100,1118936275600,607,601,3,1118936275600,1118936276600,3
train,88,s0_t1118936260200_a648,high,15.0,5,27,1118936276600,1118936276100,601,607,3,1118936276100,1118936277100,3
train,88,s0_t1118936260200_a648,high,15.0,5,29,1118936277600,1118936277100,607,648,3,1118936277100,1118936278100,2
train,88,s0_t1118936260200_a648,high,20.0,7,4,1118936265100,1118936264600,607,648,3,1118936264600,1118936265600,2
train,88,s0_t1118936260200_a648,high,20.0,1,6,1118936266100,1118936265600,607,599,3,1118936265600,1118936266600,3
train,88,s0_t1118936260200_a648,high,20.0,1,7,1118936266600,1118936266100,599,607,3,1118936266100,1118936267100,3
train,88,s0_t1118936260200_a648,high,20.0,1,9,1118936267600,1118936267100,607,599,3,1118936267100,1118936268100,3
train,88,s0_t1118936260200_a648,high,20.0,1,11,1118936268600,1118936268100,599,607,3,1118936268100,1118936269100,3
train,88,s0_t1118936260200_a648,high,20.0,1,13,1118936269600,1118936269100,607,599,3,1118936269100,1118936270100,3
train,88,s0_t1118936260200_a648,high,20.0,5,25,1118936275600,1118936275100,601,607,3,1118936275100,1118936276100,3
train,88,s0_t1118936260200_a648,high,20.0,5,26,1118936276100,1118936275600,607,601,3,1118936275600,1118936276600,3
train,88,s0_t1118936260200_a648,high,20.0,5,27,1118936276600,1118936276100,601,607,3,1118936276100,1118936277100,3
train,88,s0_t1118936260200_a648,high,20.0,5,29,1118936277600,1118936277100,607,648,3,1118936277100,1118936278100,2
train,90,s0_t1118936280200_a622,high,-5.0,5,1,1118936283600,1118936283100,650,622,3,1118936283100,1118936284100,3
train,93,s0_t1118936300200_a679,high,-5.0,7,16,1118936311100,1118936310600,671,635,3,1118936310600,1118936311600,2
train,94,s0_t1118936300200_a710,high,-5.0,6,2,1118936304100,1118936303600,709,704,3,1118936303600,1118936304600,3
train,94,s0_t1118936300200_a710,high,-5.0,4,4,1118936305100,1118936304600,663,670,3,1118936304600,1118936305600,3
train,94,s0_t1118936300200_a710,high,0.0,2,30,1118936318100,1118936317600,704,710,2,1118936317600,1118936318100,2
train,94,s0_t1118936300200_a710,high,5.0,2,26,1118936316100,1118936315600,704,710,3,1118936315600,1118936316600,3
train,94,s0_t1118936300200_a710,high,5.0,1,30,1118936318100,1118936317600,705,704,2,1118936317600,1118936318100,2
train,94,s0_t1118936300200_a710,high,10.0,0,27,1118936316600,1118936316100,710,704,3,1118936316100,1118936317100,3
train,94,s0_t1118936300200_a710,high,10.0,6,27,1118936316600,1118936316100,704,710,3,1118936316100,1118936317100,2
train,94,s0_t1118936300200_a710,high,10.0,0,28,1118936317100,1118936316600,704,710,3,1118936316600,1118936317600,2
train,94,s0_t1118936300200_a710,high,10.0,1,30,1118936318100,1118936317600,705,704,2,1118936317600,1118936318100,2
train,94,s0_t1118936300200_a710,high,15.0,0,27,1118936316600,1118936316100,710,704,3,1118936316100,1118936317100,3
train,94,s0_t1118936300200_a710,high,15.0,6,27,1118936316600,1118936316100,704,710,3,1118936316100,1118936317100,2
train,94,s0_t1118936300200_a710,high,15.0,0,28,1118936317100,1118936316600,704,710,3,1118936316600,1118936317600,2
train,94,s0_t1118936300200_a710,high,15.0,1,30,1118936318100,1118936317600,705,704,2,1118936317600,1118936318100,2
train,94,s0_t1118936300200_a710,high,20.0,6,25,1118936315600,1118936315100,704,710,3,1118936315100,1118936316100,3
train,95,s0_t1118936320200_a612,high,-5.0,1,1,1118936323600,1118936323100,678,689,3,1118936323100,1118936324100,3
train,95,s0_t1118936320200_a612,high,-5.0,5,7,1118936326600,1118936326100,612,677,3,1118936326100,1118936327100,3
train,95,s0_t1118936320200_a612,high,-5.0,5,11,1118936328600,1118936328100,677,612,3,1118936328100,1118936329100,3
train,95,s0_t1118936320200_a612,high,0.0,1,5,1118936325600,1118936325100,689,672,3,1118936325100,1118936326100,2
train,95,s0_t1118936320200_a612,high,0.0,5,5,1118936325600,1118936325100,672,689,3,1118936325100,1118936326100,3
train,95,s0_t1118936320200_a612,high,0.0,5,6,1118936326100,1118936325600,689,672,3,1118936325600,1118936326600,2
train,95,s0_t1118936320200_a612,high,0.0,1,9,1118936327600,1118936327100,689,672,3,1118936327100,1118936328100,3
train,95,s0_t1118936320200_a612,high,0.0,2,9,1118936327600,1118936327100,678,689,3,1118936327100,1118936328100,3
train,95,s0_t1118936320200_a612,high,0.0,2,11,1118936328600,1118936328100,689,678,3,1118936328100,1118936329100,3
train,95,s0_t1118936320200_a612,high,0.0,1,15,1118936330600,1118936330100,672,689,3,1118936330100,1118936331100,1
train,95,s0_t1118936320200_a612,high,5.0,6,2,1118936324100,1118936323600,678,677,3,1118936323600,1118936324600,2
train,95,s0_t1118936320200_a612,high,5.0,2,6,1118936326100,1118936325600,689,672,3,1118936325600,1118936326600,2
train,95,s0_t1118936320200_a612,high,5.0,3,9,1118936327600,1118936327100,678,689,3,1118936327100,1118936328100,3
train,95,s0_t1118936320200_a612,high,5.0,5,10,1118936328100,1118936327600,678,677,3,1118936327600,1118936328600,2
train,95,s0_t1118936320200_a612,high,5.0,3,11,1118936328600,1118936328100,689,678,3,1118936328100,1118936329100,3
train,95,s0_t1118936320200_a612,high,10.0,2,6,1118936326100,1118936325600,689,672,3,1118936325600,1118936326600,3
train,95,s0_t1118936320200_a612,high,10.0,2,7,1118936326600,1118936326100,672,689,3,1118936326100,1118936327100,3
train,95,s0_t1118936320200_a612,high,10.0,2,9,1118936327600,1118936327100,689,672,3,1118936327100,1118936328100,3
train,95,s0_t1118936320200_a612,high,10.0,2,10,1118936328100,1118936327600,672,689,3,1118936327600,1118936328600,3
train,95,s0_t1118936320200_a612,high,10.0,3,11,1118936328600,1118936328100,612,677,3,1118936328100,1118936329100,3
train,95,s0_t1118936320200_a612,high,10.0,2,12,1118936329100,1118936328600,689,672,3,1118936328600,1118936329600,3
train,95,s0_t1118936320200_a612,high,10.0,3,12,1118936329100,1118936328600,677,612,3,1118936328600,1118936329600,3
train,95,s0_t1118936320200_a612,high,15.0,2,5,1118936325600,1118936325100,689,672,3,1118936325100,1118936326100,3
train,95,s0_t1118936320200_a612,high,15.0,6,10,1118936328100,1118936327600,678,689,3,1118936327600,1118936328600,3
train,95,s0_t1118936320200_a612,high,15.0,2,11,1118936328600,1118936328100,672,689,3,1118936328100,1118936329100,3
train,95,s0_t1118936320200_a612,high,15.0,6,11,1118936328600,1118936328100,689,678,3,1118936328100,1118936329100,2
train,95,s0_t1118936320200_a612,high,15.0,2,12,1118936329100,1118936328600,689,672,3,1118936328600,1118936329600,3
train,95,s0_t1118936320200_a612,high,20.0,3,1,1118936323600,1118936323100,689,672,3,1118936323100,1118936324100,3
train,95,s0_t1118936320200_a612,high,20.0,3,2,1118936324100,1118936323600,672,689,3,1118936323600,1118936324600,2
train,95,s0_t1118936320200_a612,high,20.0,2,6,1118936326100,1118936325600,689,672,3,1118936325600,1118936326600,3
train,95,s0_t1118936320200_a612,high,20.0,6,10,1118936328100,1118936327600,678,689,3,1118936327600,1118936328600,3
train,95,s0_t1118936320200_a612,high,20.0,2,11,1118936328600,1118936328100,672,689,3,1118936328100,1118936329100,3
train,95,s0_t1118936320200_a612,high,20.0,6,11,1118936328600,1118936328100,689,678,3,1118936328100,1118936329100,2
train,95,s0_t1118936320200_a612,high,20.0,2,12,1118936329100,1118936328600,689,672,3,1118936328600,1118936329600,3
train,96,s0_t1118936320200_a719,mid,-5.0,1,2,1118936324100,1118936323600,695,684,3,1118936323600,1118936324600,3
train,96,s0_t1118936320200_a719,mid,-5.0,1,3,1118936324600,1118936324100,684,695,3,1118936324100,1118936325100,3
train,96,s0_t1118936320200_a719,mid,-5.0,5,12,1118936329100,1118936328600,684,695,3,1118936328600,1118936329600,3
train,96,s0_t1118936320200_a719,mid,-5.0,1,23,1118936334600,1118936334100,684,695,3,1118936334100,1118936335100,3
train,96,s0_t1118936320200_a719,mid,0.0,1,2,1118936324100,1118936323600,695,684,3,1118936323600,1118936324600,3
train,96,s0_t1118936320200_a719,mid,0.0,1,3,1118936324600,1118936324100,684,695,3,1118936324100,1118936325100,3
train,96,s0_t1118936320200_a719,mid,0.0,5,12,1118936329100,1118936328600,684,695,3,1118936328600,1118936329600,3
train,96,s0_t1118936320200_a719,mid,0.0,5,21,1118936333600,1118936333100,695,684,3,1118936333100,1118936334100,3
train,96,s0_t1118936320200_a719,mid,0.0,5,22,1118936334100,1118936333600,684,695,3,1118936333600,1118936334600,3
train,96,s0_t1118936320200_a719,mid,5.0,1,2,1118936324100,1118936323600,695,684,3,1118936323600,1118936324600,3
train,96,s0_t1118936320200_a719,mid,5.0,1,3,1118936324600,1118936324100,684,695,3,1118936324100,1118936325100,3
train,96,s0_t1118936320200_a719,mid,5.0,4,12,1118936329100,1118936328600,712,719,3,1118936328600,1118936329600,3
train,96,s0_t1118936320200_a719,mid,5.0,5,12,1118936329100,1118936328600,684,695,3,1118936328600,1118936329600,3
train,96,s0_t1118936320200_a719,mid,5.0,4,13,1118936329600,1118936329100,719,712,3,1118936329100,1118936330100,3
train,96,s0_t1118936320200_a719,mid,5.0,5,21,1118936333600,1118936333100,695,684,3,1118936333100,1118936334100,3
train,96,s0_t1118936320200_a719,mid,5.0,5,22,1118936334100,1118936333600,684,695,3,1118936333600,1118936334600,3
train,96,s0_t1118936320200_a719,mid,10.0,1,2,1118936324100,1118936323600,695,684,3,1118936323600,1118936324600,3
train,96,s0_t1118936320200_a719,mid,10.0,1,3,1118936324600,1118936324100,684,695,3,1118936324100,1118936325100,3
train,96,s0_t1118936320200_a719,mid,10.0,4,12,1118936329100,1118936328600,712,719,3,1118936328600,1118936329600,3
train,96,s0_t1118936320200_a719,mid,10.0,5,12,1118936329100,1118936328600,684,695,3,1118936328600,1118936329600,3
train,96,s0_t1118936320200_a719,mid,10.0,4,13,1118936329600,1118936329100,719,712,3,1118936329100,1118936330100,3
train,96,s0_t1118936320200_a719,mid,10.0,5,21,1118936333600,1118936333100,695,684,3,1118936333100,1118936334100,3
train,96,s0_t1118936320200_a719,mid,10.0,5,22,1118936334100,1118936333600,684,695,3,1118936333600,1118936334600,3
train,96,s0_t1118936320200_a719,mid,15.0,1,2,1118936324100,1118936323600,695,684,3,1118936323600,1118936324600,3
train,96,s0_t1118936320200_a719,mid,15.0,1,3,1118936324600,1118936324100,684,695,3,1118936324100,1118936325100,3
train,96,s0_t1118936320200_a719,mid,15.0,5,3,1118936324600,1118936324100,695,684,3,1118936324100,1118936325100,2
train,96,s0_t1118936320200_a719,mid,15.0,6,12,1118936329100,1118936328600,684,695,3,1118936328600,1118936329600,3
train,96,s0_t1118936320200_a719,mid,15.0,6,21,1118936333600,1118936333100,695,684,3,1118936333100,1118936334100,3
train,96,s0_t1118936320200_a719,mid,15.0,6,22,1118936334100,1118936333600,684,695,3,1118936333600,1118936334600,3
train,96,s0_t1118936320200_a719,mid,20.0,1,2,1118936324100,1118936323600,695,684,3,1118936323600,1118936324600,3
train,96,s0_t1118936320200_a719,mid,20.0,1,3,1118936324600,1118936324100,684,695,3,1118936324100,1118936325100,3
train,96,s0_t1118936320200_a719,mid,20.0,5,3,1118936324600,1118936324100,695,684,3,1118936324100,1118936325100,2
train,96,s0_t1118936320200_a719,mid,20.0,1,14,1118936330100,1118936329600,695,684,3,1118936329600,1118936330600,2
train,96,s0_t1118936320200_a719,mid,20.0,6,14,1118936330100,1118936329600,684,695,3,1118936329600,1118936330600,2
train,96,s0_t1118936320200_a719,mid,20.0,0,21,1118936333600,1118936333100,695,684,3,1118936333100,1118936334100,3
train,96,s0_t1118936320200_a719,mid,20.0,0,22,1118936334100,1118936333600,684,695,3,1118936333600,1118936334600,3
train,97,s0_t1118936320200_a728,high,-5.0,5,11,1118936328600,1118936328100,721,722,3,1118936328100,1118936329100,3
train,97,s0_t1118936320200_a728,high,-5.0,7,12,1118936329100,1118936328600,727,720,3,1118936328600,1118936329600,2
train,97,s0_t1118936320200_a728,high,-5.0,4,20,1118936333100,1118936332600,721,727,3,1118936332600,1118936333600,3
train,97,s0_t1118936320200_a728,high,-5.0,4,21,1118936333600,1118936333100,727,721,3,1118936333100,1118936334100,2
train,97,s0_t1118936320200_a728,high,-5.0,5,21,1118936333600,1118936333100,720,727,3,1118936333100,1118936334100,2
train,97,s0_t1118936320200_a728,high,0.0,0,2,1118936324100,1118936323600,721,722,3,1118936323600,1118936324600,3
train,97,s0_t1118936320200_a728,high,0.0,0,3,1118936324600,1118936324100,722,721,3,1118936324100,1118936325100,2
train,97,s0_t1118936320200_a728,high,0.0,5,9,1118936327600,1118936327100,722,721,3,1118936327100,1118936328100,3
train,97,s0_t1118936320200_a728,high,0.0,5,13,1118936329600,1118936329100,721,722,3,1118936329100,1118936330100,3
train,97,s0_t1118936320200_a728,high,5.0,6,5,1118936325600,1118936325100,721,722,3,1118936325100,1118936326100,2
train,97,s0_t1118936320200_a728,high,5.0,4,6,1118936326100,1118936325600,720,721,3,1118936325600,1118936326600,3
train,97,s0_t1118936320200_a728,high,5.0,4,17,1118936331600,1118936331100,721,727,3,1118936331100,1118936332100,2
train,97,s0_t1118936320200_a728,high,5.0,4,21,1118936333600,1118936333100,720,727,3,1118936333100,1118936334100,2
train,97,s0_t1118936320200_a728,high,5.0,7,24,1118936335100,1118936334600,721,727,3,1118936334600,1118936335600,3
train,97,s0_t1118936320200_a728,high,5.0,4,25,1118936335600,1118936335100,721,727,3,1118936335100,1118936336100,2
train,97,s0_t1118936320200_a728,high,5.0,7,25,1118936335600,1118936335100,727,721,3,1118936335100,1118936336100,3
train,97,s0_t1118936320200_a728,high,5.0,7,27,1118936336600,1118936336100,721,727,3,1118936336100,1118936337100,2
train,97,s0_t1118936320200_a728,high,10.0,3,2,1118936324100,1118936323600,721,727,3,1118936323600,1118936324600,2
train,97,s0_t1118936320200_a728,high,10.0,7,5,1118936325600,1118936325100,722,721,3,1118936325100,1118936326100,3
train,97,s0_t1118936320200_a728,high,10.0,3,7,1118936326600,1118936326100,720,721,3,1118936326100,1118936327100,3
train,97,s0_t1118936320200_a728,high,10.0,7,7,1118936326600,1118936326100,721,722,3,1118936326100,1118936327100,2
train,97,s0_t1118936320200_a728,high,10.0,3,8,1118936327100,1118936326600,721,720,3,1118936326600,1118936327600,2
train,97,s0_t1118936320200_a728,high,10.0,5,8,1118936327100,1118936326600,720,727,3,1118936326600,1118936327600,2
train,97,s0_t1118936320200_a728,high,10.0,6,8,1118936327100,1118936326600,727,721,3,1118936326600,1118936327600,2
train,97,s0_t1118936320200_a728,high,10.0,5,17,1118936331600,1118936331100,721,727,3,1118936331100,1118936332100,2
train,97,s0_t1118936320200_a728,high,10.0,5,21,1118936333600,1118936333100,720,727,3,1118936333100,1118936334100,2
train,97,s0_t1118936320200_a728,high,10.0,7,24,1118936335100,1118936334600,721,727,3,1118936334600,1118936335600,3
train,97,s0_t1118936320200_a728,high,10.0,5,25,1118936335600,1118936335100,721,727,3,1118936335100,1118936336100,2
train,97,s0_t1118936320200_a728,high,10.0,7,25,1118936335600,1118936335100,727,721,3,1118936335100,1118936336100,3
train,97,s0_t1118936320200_a728,high,10.0,7,27,1118936336600,1118936336100,721,727,3,1118936336100,1118936337100,2
train,97,s0_t1118936320200_a728,high,15.0,3,2,1118936324100,1118936323600,721,727,3,1118936323600,1118936324600,2
train,97,s0_t1118936320200_a728,high,15.0,7,5,1118936325600,1118936325100,722,721,3,1118936325100,1118936326100,3
train,97,s0_t1118936320200_a728,high,15.0,0,7,1118936326600,1118936326100,722,721,3,1118936326100,1118936327100,2
train,97,s0_t1118936320200_a728,high,15.0,3,12,1118936329100,1118936328600,720,727,3,1118936328600,1118936329600,3
train,97,s0_t1118936320200_a728,high,15.0,5,12,1118936329100,1118936328600,722,721,3,1118936328600,1118936329600,2
train,97,s0_t1118936320200_a728,high,15.0,0,24,1118936335100,1118936334600,721,727,3,1118936334600,1118936335600,3
train,97,s0_t1118936320200_a728,high,15.0,0,25,1118936335600,1118936335100,727,721,3,1118936335100,1118936336100,3
train,97,s0_t1118936320200_a728,high,15.0,3,25,1118936335600,1118936335100,721,727,3,1118936335100,1118936336100,2
train,97,s0_t1118936320200_a728,high,15.0,0,27,1118936336600,1118936336100,721,727,3,1118936336100,1118936337100,2
train,97,s0_t1118936320200_a728,high,20.0,3,2,1118936324100,1118936323600,721,727,3,1118936323600,1118936324600,2
train,97,s0_t1118936320200_a728,high,20.0,7,5,1118936325600,1118936325100,722,721,3,1118936325100,1118936326100,3
train,97,s0_t1118936320200_a728,high,20.0,0,7,1118936326600,1118936326100,722,721,3,1118936326100,1118936327100,2
train,97,s0_t1118936320200_a728,high,20.0,3,12,1118936329100,1118936328600,720,727,3,1118936328600,1118936329600,3
train,97,s0_t1118936320200_a728,high,20.0,5,12,1118936329100,1118936328600,722,721,3,1118936328600,1118936329600,2
train,97,s0_t1118936320200_a728,high,20.0,3,21,1118936333600,1118936333100,727,721,3,1118936333100,1118936334100,2
train,97,s0_t1118936320200_a728,high,20.0,4,21,1118936333600,1118936333100,720,727,3,1118936333100,1118936334100,2
train,97,s0_t1118936320200_a728,high,20.0,0,24,1118936335100,1118936334600,721,727,3,1118936334600,1118936335600,3
train,97,s0_t1118936320200_a728,high,20.0,0,25,1118936335600,1118936335100,727,721,3,1118936335100,1118936336100,3
train,97,s0_t1118936320200_a728,high,20.0,4,25,1118936335600,1118936335100,721,727,3,1118936335100,1118936336100,2
train,97,s0_t1118936320200_a728,high,20.0,3,28,1118936337100,1118936336600,727,720,3,1118936336600,1118936337600,3
train,98,s0_t1118936340200_a680,high,-5.0,6,1,1118936343600,1118936343100,693,680,3,1118936343100,1118936344100,3
train,98,s0_t1118936340200_a680,high,-5.0,6,2,1118936344100,1118936343600,680,691,3,1118936343600,1118936344600,3
train,98,s0_t1118936340200_a680,high,-5.0,6,3,1118936344600,1118936344100,691,682,3,1118936344100,1118936345100,3
train,98,s0_t1118936340200_a680,high,-5.0,2,4,1118936345100,1118936344600,691,680,3,1118936344600,1118936345600,2
train,98,s0_t1118936340200_a680,high,0.0,6,1,1118936343600,1118936343100,693,680,3,1118936343100,1118936344100,3
train,98,s0_t1118936340200_a680,high,0.0,6,2,1118936344100,1118936343600,680,691,3,1118936343600,1118936344600,3
train,98,s0_t1118936340200_a680,high,0.0,6,3,1118936344600,1118936344100,691,682,3,1118936344100,1118936345100,3
train,98,s0_t1118936340200_a680,high,0.0,2,4,1118936345100,1118936344600,691,680,3,1118936344600,1118936345600,2
train,98,s0_t1118936340200_a680,high,5.0,6,1,1118936343600,1118936343100,693,680,3,1118936343100,1118936344100,3
train,98,s0_t1118936340200_a680,high,5.0,6,2,1118936344100,1118936343600,680,691,3,1118936343600,1118936344600,3
train,98,s0_t1118936340200_a680,high,5.0,6,3,1118936344600,1118936344100,691,682,3,1118936344100,1118936345100,3
train,98,s0_t1118936340200_a680,high,5.0,2,4,1118936345100,1118936344600,691,680,3,1118936344600,1118936345600,2
train,98,s0_t1118936340200_a680,high,10.0,6,1,1118936343600,1118936343100,693,680,3,1118936343100,1118936344100,3
train,98,s0_t1118936340200_a680,high,10.0,6,2,1118936344100,1118936343600,680,691,3,1118936343600,1118936344600,3
train,98,s0_t1118936340200_a680,high,10.0,6,3,1118936344600,1118936344100,691,682,3,1118936344100,1118936345100,3
train,98,s0_t1118936340200_a680,high,10.0,2,4,1118936345100,1118936344600,691,680,3,1118936344600,1118936345600,2
train,98,s0_t1118936340200_a680,high,15.0,6,1,1118936343600,1118936343100,693,680,3,1118936343100,1118936344100,3
train,98,s0_t1118936340200_a680,high,15.0,6,2,1118936344100,1118936343600,680,691,3,1118936343600,1118936344600,3
train,98,s0_t1118936340200_a680,high,15.0,6,3,1118936344600,1118936344100,691,682,3,1118936344100,1118936345100,3
train,98,s0_t1118936340200_a680,high,15.0,2,4,1118936345100,1118936344600,691,680,3,1118936344600,1118936345600,2
train,98,s0_t1118936340200_a680,high,20.0,6,1,1118936343600,1118936343100,693,680,3,1118936343100,1118936344100,3
train,98,s0_t1118936340200_a680,high,20.0,6,2,1118936344100,1118936343600,680,691,3,1118936343600,1118936344600,3
train,98,s0_t1118936340200_a680,high,20.0,6,3,1118936344600,1118936344100,691,682,3,1118936344100,1118936345100,3
train,98,s0_t1118936340200_a680,high,20.0,2,4,1118936345100,1118936344600,691,680,3,1118936344600,1118936345600,2
train,99,s0_t1118936340200_a717,high,-5.0,5,1,1118936343600,1118936343100,713,743,3,1118936343100,1118936344100,3
train,99,s0_t1118936340200_a717,high,-5.0,7,1,1118936343600,1118936343100,743,713,3,1118936343100,1118936344100,2
train,99,s0_t1118936340200_a717,high,-5.0,0,2,1118936344100,1118936343600,729,743,3,1118936343600,1118936344600,2
train,99,s0_t1118936340200_a717,high,-5.0,5,2,1118936344100,1118936343600,743,713,3,1118936343600,1118936344600,3
train,99,s0_t1118936340200_a717,high,-5.0,4,5,1118936345600,1118936345100,729,743,3,1118936345100,1118936346100,2
train,99,s0_t1118936340200_a717,high,-5.0,4,11,1118936348600,1118936348100,743,729,3,1118936348100,1118936349100,3
train,99,s0_t1118936340200_a717,high,-5.0,4,12,1118936349100,1118936348600,729,743,3,1118936348600,1118936349600,2
train,99,s0_t1118936340200_a717,high,-5.0,6,18,1118936352100,1118936351600,729,743,3,1118936351600,1118936352600,2
train,99,s0_t1118936340200_a717,high,0.0,5,1,1118936343600,1118936343100,713,743,3,1118936343100,1118936344100,3
train,99,s0_t1118936340200_a717,high,0.0,7,1,1118936343600,1118936343100,743,713,3,1118936343100,1118936344100,2
train,99,s0_t1118936340200_a717,high,0.0,0,2,1118936344100,1118936343600,729,743,3,1118936343600,1118936344600,2
train,99,s0_t1118936340200_a717,high,0.0,5,2,1118936344100,1118936343600,743,713,3,1118936343600,1118936344600,3
train,99,s0_t1118936340200_a717,high,0.0,4,5,1118936345600,1118936345100,729,743,3,1118936345100,1118936346100,2
train,99,s0_t1118936340200_a717,high,0.0,7,8,1118936347100,1118936346600,729,743,3,1118936346600,1118936347600,2
train,99,s0_t1118936340200_a717,high,5.0,5,1,1118936343600,1118936343100,713,743,3,1118936343100,1118936344100,3
train,99,s0_t1118936340200_a717,high,5.0,7,1,1118936343600,1118936343100,743,713,3,1118936343100,1118936344100,2
train,99,s0_t1118936340200_a717,high,5.0,0,2,1118936344100,1118936343600,729,743,3,1118936343600,1118936344600,2
train,99,s0_t1118936340200_a717,high,5.0,5,2,1118936344100,1118936343600,743,713,3,1118936343600,1118936344600,3
train,99,s0_t1118936340200_a717,high,5.0,4,5,1118936345600,1118936345100,729,743,3,1118936345100,1118936346100,2
train,99,s0_t1118936340200_a717,high,5.0,7,8,1118936347100,1118936346600,729,743,3,1118936346600,1118936347600,2
train,99,s0_t1118936340200_a717,high,5.0,4,24,1118936355100,1118936354600,729,743,3,1118936354600,1118936355600,3
train,99,s0_t1118936340200_a717,high,5.0,4,30,1118936358100,1118936357600,743,729,2,1118936357600,1118936358100,2
train,99,s0_t1118936340200_a717,high,5.0,7,30,1118936358100,1118936357600,729,743,2,1118936357600,1118936358100,2
train,99,s0_t1118936340200_a717,high,10.0,5,1,1118936343600,1118936343100,713,743,3,1118936343100,1118936344100,3
train,99,s0_t1118936340200_a717,high,10.0,7,1,1118936343600,1118936343100,743,713,3,1118936343100,1118936344100,2
train,99,s0_t1118936340200_a717,high,10.0,0,2,1118936344100,1118936343600,729,743,3,1118936343600,1118936344600,2
train,99,s0_t1118936340200_a717,high,10.0,5,2,1118936344100,1118936343600,743,713,3,1118936343600,1118936344600,3
train,99,s0_t1118936340200_a717,high,10.0,4,5,1118936345600,1118936345100,729,743,3,1118936345100,1118936346100,2
train,99,s0_t1118936340200_a717,high,10.0,7,8,1118936347100,1118936346600,729,743,3,1118936346600,1118936347600,2
train,99,s0_t1118936340200_a717,high,10.0,4,18,1118936352100,1118936351600,729,743,3,1118936351600,1118936352600,2
train,99,s0_t1118936340200_a717,high,10.0,7,21,1118936353600,1118936353100,743,713,3,1118936353100,1118936354100,3
train,99,s0_t1118936340200_a717,high,15.0,5,1,1118936343600,1118936343100,713,743,3,1118936343100,1118936344100,3
train,99,s0_t1118936340200_a717,high,15.0,7,1,1118936343600,1118936343100,743,713,3,1118936343100,1118936344100,2
train,99,s0_t1118936340200_a717,high,15.0,0,2,1118936344100,1118936343600,729,743,3,1118936343600,1118936344600,2
train,99,s0_t1118936340200_a717,high,15.0,5,2,1118936344100,1118936343600,743,713,3,1118936343600,1118936344600,3
train,99,s0_t1118936340200_a717,high,15.0,4,5,1118936345600,1118936345100,729,743,3,1118936345100,1118936346100,2
train,99,s0_t1118936340200_a717,high,15.0,7,8,1118936347100,1118936346600,729,743,3,1118936346600,1118936347600,2
train,99,s0_t1118936340200_a717,high,15.0,4,18,1118936352100,1118936351600,729,743,3,1118936351600,1118936352600,2
train,99,s0_t1118936340200_a717,high,15.0,7,21,1118936353600,1118936353100,743,713,3,1118936353100,1118936354100,3
train,99,s0_t1118936340200_a717,high,20.0,5,1,1118936343600,1118936343100,713,743,3,1118936343100,1118936344100,3
train,99,s0_t1118936340200_a717,high,20.0,7,1,1118936343600,1118936343100,743,713,3,1118936343100,1118936344100,2
train,99,s0_t1118936340200_a717,high,20.0,0,2,1118936344100,1118936343600,729,743,3,1118936343600,1118936344600,2
train,99,s0_t1118936340200_a717,high,20.0,5,2,1118936344100,1118936343600,743,713,3,1118936343600,1118936344600,3
train,99,s0_t1118936340200_a717,high,20.0,4,5,1118936345600,1118936345100,729,743,3,1118936345100,1118936346100,2
train,99,s0_t1118936340200_a717,high,20.0,7,8,1118936347100,1118936346600,729,743,3,1118936346600,1118936347600,2
train,99,s0_t1118936340200_a717,high,20.0,6,19,1118936352600,1118936352100,715,739,3,1118936352100,1118936353100,2
train,100,s0_t1118936340200_a745,high,-5.0,0,13,1118936349600,1118936349100,745,742,3,1118936349100,1118936350100,3
train,100,s0_t1118936340200_a745,high,0.0,2,13,1118936349600,1118936349100,745,742,3,1118936349100,1118936350100,3
train,100,s0_t1118936340200_a745,high,5.0,0,13,1118936349600,1118936349100,745,742,3,1118936349100,1118936350100,3
train,103,s0_t1118936360200_a714,high,-5.0,1,5,1118936365600,1118936365100,724,714,3,1118936365100,1118936366100,3
train,103,s0_t1118936360200_a714,high,-5.0,1,6,1118936366100,1118936365600,714,724,3,1118936365600,1118936366600,3
train,103,s0_t1118936360200_a714,high,-5.0,1,7,1118936366600,1118936366100,724,714,3,1118936366100,1118936367100,3
train,103,s0_t1118936360200_a714,high,-5.0,7,7,1118936366600,1118936366100,714,743,3,1118936366100,1118936367100,2
train,103,s0_t1118936360200_a714,high,-5.0,0,11,1118936368600,1118936368100,705,704,3,1118936368100,1118936369100,2
train,103,s0_t1118936360200_a714,high,-5.0,7,11,1118936368600,1118936368100,709,705,3,1118936368100,1118936369100,3
train,103,s0_t1118936360200_a714,high,-5.0,6,12,1118936369100,1118936368600,729,743,3,1118936368600,1118936369600,3
train,103,s0_t1118936360200_a714,high,-5.0,3,14,1118936370100,1118936369600,709,729,3,1118936369600,1118936370600,3
train,103,s0_t1118936360200_a714,high,-5.0,6,16,1118936371100,1118936370600,743,729,3,1118936370600,1118936371600,2
train,103,s0_t1118936360200_a714,high,-5.0,1,21,1118936373600,1118936373100,713,743,3,1118936373100,1118936374100,2
train,103,s0_t1118936360200_a714,high,0.0,3,1,1118936363600,1118936363100,743,729,3,1118936363100,1118936364100,3
train,103,s0_t1118936360200_a714,high,0.0,2,2,1118936364100,1118936363600,714,729,3,1118936363600,1118936364600,2
train,103,s0_t1118936360200_a714,high,0.0,3,2,1118936364100,1118936363600,729,743,3,1118936363600,1118936364600,3
train,103,s0_t1118936360200_a714,high,0.0,6,6,1118936366100,1118936365600,704,724,3,1118936365600,1118936366600,3
train,103,s0_t1118936360200_a714,high,0.0,3,7,1118936366600,1118936366100,714,743,3,1118936366100,1118936367100,2
train,103,s0_t1118936360200_a714,high,0.0,6,8,1118936367100,1118936366600,724,704,3,1118936366600,1118936367600,3
train,103,s0_t1118936360200_a714,high,0.0,1,11,1118936368600,1118936368100,743,729,3,1118936368100,1118936369100,2
train,103,s0_t1118936360200_a714,high,0.0,4,11,1118936368600,1118936368100,713,743,3,1118936368100,1118936369100,2
train,103,s0_t1118936360200_a714,high,0.0,5,12,1118936369100,1118936368600,709,714,3,1118936368600,1118936369600,3
train,103,s0_t1118936360200_a714,high,0.0,5,13,1118936369600,1118936369100,714,724,3,1118936369100,1118936370100,2
train,103,s0_t1118936360200_a714,high,0.0,1,23,1118936374600,1118936374100,709,743,3,1118936374100,1118936375100,2
train,103,s0_t1118936360200_a714,high,0.0,3,24,1118936375100,1118936374600,729,713,3,1118936374600,1118936375600,2
train,103,s0_t1118936360200_a714,high,5.0,3,1,1118936363600,1118936363100,729,743,3,1118936363100,1118936364100,3
train,103,s0_t1118936360200_a714,high,5.0,2,2,1118936364100,1118936363600,714,729,3,1118936363600,1118936364600,2
train,103,s0_t1118936360200_a714,high,5.0,0,5,1118936365600,1118936365100,705,704,3,1118936365100,1118936366100,3
train,103,s0_t1118936360200_a714,high,5.0,4,5,1118936365600,1118936365100,704,724,3,1118936365100,1118936366100,3
train,103,s0_t1118936360200_a714,high,5.0,3,7,1118936366600,1118936366100,714,743,3,1118936366100,1118936367100,2
train,103,s0_t1118936360200_a714,high,5.0,4,8,1118936367100,1118936366600,724,704,3,1118936366600,1118936367600,3
train,103,s0_t1118936360200_a714,high,5.0,6,11,1118936368600,1118936368100,743,729,3,1118936368100,1118936369100,2
train,103,s0_t1118936360200_a714,high,5.0,7,11,1118936368600,1118936368100,713,743,3,1118936368100,1118936369100,2
train,103,s0_t1118936360200_a714,high,5.0,3,12,1118936369100,1118936368600,709,714,3,1118936368600,1118936369600,3
train,103,s0_t1118936360200_a714,high,5.0,0,22,1118936374100,1118936373600,709,743,3,1118936373600,1118936374600,2
train,103,s0_t1118936360200_a714,high,5.0,4,24,1118936375100,1118936374600,729,713,3,1118936374600,1118936375600,2
train,103,s0_t1118936360200_a714,high,10.0,2,2,1118936364100,1118936363600,714,729,3,1118936363600,1118936364600,2
train,103,s0_t1118936360200_a714,high,10.0,3,2,1118936364100,1118936363600,729,743,3,1118936363600,1118936364600,3
train,103,s0_t1118936360200_a714,high,10.0,0,5,1118936365600,1118936365100,705,704,3,1118936365100,1118936366100,3
train,103,s0_t1118936360200_a714,high,10.0,4,5,1118936365600,1118936365100,704,724,3,1118936365100,1118936366100,3
train,103,s0_t1118936360200_a714,high,10.0,3,7,1118936366600,1118936366100,714,743,3,1118936366100,1118936367100,2
train,103,s0_t1118936360200_a714,high,10.0,4,8,1118936367100,1118936366600,724,704,3,1118936366600,1118936367600,3
train,103,s0_t1118936360200_a714,high,10.0,6,11,1118936368600,1118936368100,743,729,3,1118936368100,1118936369100,2
train,103,s0_t1118936360200_a714,high,10.0,7,11,1118936368600,1118936368100,713,743,3,1118936368100,1118936369100,2
train,103,s0_t1118936360200_a714,high,10.0,3,12,1118936369100,1118936368600,713,743,3,1118936368600,1118936369600,3
train,103,s0_t1118936360200_a714,high,10.0,5,12,1118936369100,1118936368600,709,714,3,1118936368600,1118936369600,3
train,103,s0_t1118936360200_a714,high,10.0,3,13,1118936369600,1118936369100,743,713,3,1118936369100,1118936370100,2
train,103,s0_t1118936360200_a714,high,10.0,7,17,1118936371600,1118936371100,724,714,3,1118936371100,1118936372100,3
train,103,s0_t1118936360200_a714,high,10.0,7,18,1118936372100,1118936371600,714,724,3,1118936371600,1118936372600,3
train,103,s0_t1118936360200_a714,high,10.0,2,22,1118936374100,1118936373600,709,743,3,1118936373600,1118936374600,2
train,103,s0_t1118936360200_a714,high,10.0,4,24,1118936375100,1118936374600,729,713,3,1118936374600,1118936375600,2
train,103,s0_t1118936360200_a714,high,15.0,3,1,1118936363600,1118936363100,729,743,3,1118936363100,1118936364100,3
train,103,s0_t1118936360200_a714,high,15.0,5,1,1118936363600,1118936363100,724,714,3,1118936363100,1118936364100,3
train,103,s0_t1118936360200_a714,high,15.0,3,2,1118936364100,1118936363600,743,713,3,1118936363600,1118936364600,3
train,103,s0_t1118936360200_a714,high,15.0,3,3,1118936364600,1118936364100,713,743,3,1118936364100,1118936365100,2
train,103,s0_t1118936360200_a714,high,15.0,0,5,1118936365600,1118936365100,705,704,3,1118936365100,1118936366100,2
train,103,s0_t1118936360200_a714,high,15.0,4,11,1118936368600,1118936368100,743,729,3,1118936368100,1118936369100,2
train,103,s0_t1118936360200_a714,high,15.0,6,11,1118936368600,1118936368100,713,743,3,1118936368100,1118936369100,2
train,103,s0_t1118936360200_a714,high,15.0,7,14,1118936370100,1118936369600,713,743,3,1118936369600,1118936370600,3
train,103,s0_t1118936360200_a714,high,15.0,7,24,1118936375100,1118936374600,729,713,3,1118936374600,1118936375600,2
train,103,s0_t1118936360200_a714,high,20.0,3,1,1118936363600,1118936363100,729,743,3,1118936363100,1118936364100,3
train,103,s0_t1118936360200_a714,high,20.0,5,1,1118936363600,1118936363100,724,714,3,1118936363100,1118936364100,3
train,103,s0_t1118936360200_a714,high,20.0,3,2,1118936364100,1118936363600,743,713,3,1118936363600,1118936364600,3
train,103,s0_t1118936360200_a714,high,20.0,3,3,1118936364600,1118936364100,713,743,3,1118936364100,1118936365100,2
train,103,s0_t1118936360200_a714,high,20.0,0,5,1118936365600,1118936365100,705,704,3,1118936365100,1118936366100,2
train,103,s0_t1118936360200_a714,high,20.0,4,11,1118936368600,1118936368100,743,729,3,1118936368100,1118936369100,2
train,103,s0_t1118936360200_a714,high,20.0,6,11,1118936368600,1118936368100,713,743,3,1118936368100,1118936369100,2
train,103,s0_t1118936360200_a714,high,20.0,7,14,1118936370100,1118936369600,713,743,3,1118936369600,1118936370600,3
train,104,s0_t1118936380200_a739,high,-5.0,3,3,1118936384600,1118936384100,753,761,3,1118936384100,1118936385100,3
train,104,s0_t1118936380200_a739,high,-5.0,4,4,1118936385100,1118936384600,759,739,3,1118936384600,1118936385600,3
train,104,s0_t1118936380200_a739,high,-5.0,4,6,1118936386100,1118936385600,739,759,3,1118936385600,1118936386600,3
train,104,s0_t1118936380200_a739,high,-5.0,4,7,1118936386600,1118936386100,759,739,3,1118936386100,1118936387100,2
train,104,s0_t1118936380200_a739,high,-5.0,0,13,1118936389600,1118936389100,759,739,3,1118936389100,1118936390100,2
train,104,s0_t1118936380200_a739,high,-5.0,5,13,1118936389600,1118936389100,739,759,3,1118936389100,1118936390100,3
train,104,s0_t1118936380200_a739,high,-5.0,1,17,1118936391600,1118936391100,753,761,3,1118936391100,1118936392100,3
train,104,s0_t1118936380200_a739,high,-5.0,1,20,1118936393100,1118936392600,761,753,3,1118936392600,1118936393600,3
train,104,s0_t1118936380200_a739,high,-5.0,1,21,1118936393600,1118936393100,753,761,3,1118936393100,1118936394100,3
train,104,s0_t1118936380200_a739,high,-5.0,7,23,1118936394600,1118936394100,767,768,3,1118936394100,1118936395100,3
train,104,s0_t1118936380200_a739,high,-5.0,1,28,1118936397100,1118936396600,761,753,3,1118936396600,1118936397600,3
train,104,s0_t1118936380200_a739,high,-5.0,5,30,1118936398100,1118936397600,767,768,2,1118936397600,1118936398100,2
train,104,s0_t1118936380200_a739,high,0.0,3,2,1118936384100,1118936383600,753,761,3,1118936383600,1118936384600,3
train,104,s0_t1118936380200_a739,high,0.0,3,8,1118936387100,1118936386600,761,753,3,1118936386600,1118936387600,3
train,104,s0_t1118936380200_a739,high,0.0,3,10,1118936388100,1118936387600,753,761,3,1118936387600,1118936388600,3
train,104,s0_t1118936380200_a739,high,0.0,7,16,1118936391100,1118936390600,753,761,3,1118936390600,1118936391600,3
train,104,s0_t1118936380200_a739,high,0.0,7,20,1118936393100,1118936392600,761,753,3,1118936392600,1118936393600,3
train,104,s0_t1118936380200_a739,high,0.0,7,21,1118936393600,1118936393100,753,761,3,1118936393100,1118936394100,3
train,104,s0_t1118936380200_a739,high,0.0,5,23,1118936394600,1118936394100,767,768,3,1118936394100,1118936395100,3
train,104,s0_t1118936380200_a739,high,0.0,7,28,1118936397100,1118936396600,761,753,3,1118936396600,1118936397600,3
train,104,s0_t1118936380200_a739,high,5.0,3,2,1118936384100,1118936383600,753,761,3,1118936383600,1118936384600,3
train,104,s0_t1118936380200_a739,high,5.0,3,8,1118936387100,1118936386600,761,753,3,1118936386600,1118936387600,3
train,104,s0_t1118936380200_a739,high,5.0,3,10,1118936388100,1118936387600,753,761,3,1118936387600,1118936388600,3
train,104,s0_t1118936380200_a739,high,5.0,6,11,1118936388600,1118936388100,715,759,3,1118936388100,1118936389100,2
train,104,s0_t1118936380200_a739,high,5.0,3,15,1118936390600,1118936390100,753,761,3,1118936390100,1118936391100,3
train,104,s0_t1118936380200_a739,high,5.0,0,17,1118936391600,1118936391100,759,739,3,1118936391100,1118936392100,2
train,104,s0_t1118936380200_a739,high,5.0,3,20,1118936393100,1118936392600,761,753,3,1118936392600,1118936393600,3
train,104,s0_t1118936380200_a739,high,5.0,3,21,1118936393600,1118936393100,753,761,3,1118936393100,1118936394100,3
train,104,s0_t1118936380200_a739,high,5.0,5,23,1118936394600,1118936394100,767,768,3,1118936394100,1118936395100,3
train,104,s0_t1118936380200_a739,high,5.0,3,28,1118936397100,1118936396600,761,753,3,1118936396600,1118936397600,3
train,104,s0_t1118936380200_a739,high,10.0,3,3,1118936384600,1118936384100,753,761,3,1118936384100,1118936385100,3
train,104,s0_t1118936380200_a739,high,10.0,3,8,1118936387100,1118936386600,761,753,3,1118936386600,1118936387600,3
train,104,s0_t1118936380200_a739,high,10.0,3,10,1118936388100,1118936387600,753,761,3,1118936387600,1118936388600,3
train,104,s0_t1118936380200_a739,high,10.0,5,10,1118936388100,1118936387600,715,759,3,1118936387600,1118936388600,3
train,104,s0_t1118936380200_a739,high,10.0,3,20,1118936393100,1118936392600,761,753,3,1118936392600,1118936393600,3
train,104,s0_t1118936380200_a739,high,10.0,3,21,1118936393600,1118936393100,753,761,3,1118936393100,1118936394100,3
train,104,s0_t1118936380200_a739,high,10.0,7,23,1118936394600,1118936394100,767,768,3,1118936394100,1118936395100,3
train,104,s0_t1118936380200_a739,high,10.0,3,28,1118936397100,1118936396600,761,753,3,1118936396600,1118936397600,3
train,104,s0_t1118936380200_a739,high,15.0,3,3,1118936384600,1118936384100,753,761,3,1118936384100,1118936385100,3
train,104,s0_t1118936380200_a739,high,15.0,3,8,1118936387100,1118936386600,761,753,3,1118936386600,1118936387600,3
train,104,s0_t1118936380200_a739,high,15.0,3,10,1118936388100,1118936387600,753,761,3,1118936387600,1118936388600,3
train,104,s0_t1118936380200_a739,high,15.0,5,10,1118936388100,1118936387600,715,759,3,1118936387600,1118936388600,3
train,104,s0_t1118936380200_a739,high,15.0,2,20,1118936393100,1118936392600,739,759,3,1118936392600,1118936393600,3
train,104,s0_t1118936380200_a739,high,15.0,3,20,1118936393100,1118936392600,761,753,3,1118936392600,1118936393600,3
train,104,s0_t1118936380200_a739,high,15.0,3,21,1118936393600,1118936393100,753,761,3,1118936393100,1118936394100,3
train,104,s0_t1118936380200_a739,high,15.0,7,23,1118936394600,1118936394100,767,768,3,1118936394100,1118936395100,3
train,104,s0_t1118936380200_a739,high,15.0,3,28,1118936397100,1118936396600,761,753,3,1118936396600,1118936397600,3
train,104,s0_t1118936380200_a739,high,20.0,3,3,1118936384600,1118936384100,753,761,3,1118936384100,1118936385100,3
train,104,s0_t1118936380200_a739,high,20.0,3,8,1118936387100,1118936386600,761,753,3,1118936386600,1118936387600,3
train,104,s0_t1118936380200_a739,high,20.0,3,10,1118936388100,1118936387600,753,761,3,1118936387600,1118936388600,3
train,104,s0_t1118936380200_a739,high,20.0,5,10,1118936388100,1118936387600,715,759,3,1118936387600,1118936388600,3
train,104,s0_t1118936380200_a739,high,20.0,7,23,1118936394600,1118936394100,767,768,3,1118936394100,1118936395100,3
train,104,s0_t1118936380200_a739,high,20.0,6,24,1118936395100,1118936394600,753,761,3,1118936394600,1118936395600,3
train,104,s0_t1118936380200_a739,high,20.0,2,27,1118936396600,1118936396100,768,767,3,1118936396100,1118936397100,3
train,104,s0_t1118936380200_a739,high,20.0,6,28,1118936397100,1118936396600,761,753,3,1118936396600,1118936397600,3
train,108,s0_t1118936400200_a759,high,-5.0,4,5,1118936405600,1118936405100,715,754,3,1118936405100,1118936406100,3
train,108,s0_t1118936400200_a759,high,-5.0,5,5,1118936405600,1118936405100,762,759,3,1118936405100,1118936406100,3
train,108,s0_t1118936400200_a759,high,-5.0,5,7,1118936406600,1118936406100,759,754,3,1118936406100,1118936407100,3
train,108,s0_t1118936400200_a759,high,-5.0,5,9,1118936407600,1118936407100,754,759,3,1118936407100,1118936408100,3
train,108,s0_t1118936400200_a759,high,-5.0,4,13,1118936409600,1118936409100,754,759,3,1118936409100,1118936410100,3
train,108,s0_t1118936400200_a759,high,-5.0,4,15,1118936410600,1118936410100,759,754,3,1118936410100,1118936411100,2
train,108,s0_t1118936400200_a759,high,-5.0,2,17,1118936411600,1118936411100,762,759,3,1118936411100,1118936412100,3
train,108,s0_t1118936400200_a759,high,-5.0,2,30,1118936418100,1118936417600,759,762,2,1118936417600,1118936418100,2
train,108,s0_t1118936400200_a759,high,-5.0,6,30,1118936418100,1118936417600,754,759,2,1118936417600,1118936418100,2
train,108,s0_t1118936400200_a759,high,0.0,0,4,1118936405100,1118936404600,759,762,3,1118936404600,1118936405600,3
train,108,s0_t1118936400200_a759,high,0.0,0,5,1118936405600,1118936405100,762,759,3,1118936405100,1118936406100,3
train,108,s0_t1118936400200_a759,high,0.0,0,7,1118936406600,1118936406100,759,754,3,1118936406100,1118936407100,3
train,108,s0_t1118936400200_a759,high,0.0,0,8,1118936407100,1118936406600,754,759,3,1118936406600,1118936407600,3
train,108,s0_t1118936400200_a759,high,0.0,3,8,1118936407100,1118936406600,759,754,3,1118936406600,1118936407600,2
train,108,s0_t1118936400200_a759,high,0.0,0,9,1118936407600,1118936407100,759,754,3,1118936407100,1118936408100,3
train,108,s0_t1118936400200_a759,high,0.0,5,11,1118936408600,1118936408100,762,759,3,1118936408100,1118936409100,3
train,108,s0_t1118936400200_a759,high,0.0,5,15,1118936410600,1118936410100,759,762,3,1118936410100,1118936411100,3
train,108,s0_t1118936400200_a759,high,0.0,1,16,1118936411100,1118936410600,759,754,3,1118936410600,1118936411600,3
train,108,s0_t1118936400200_a759,high,0.0,5,16,1118936411100,1118936410600,762,759,3,1118936410600,1118936411600,3
train,108,s0_t1118936400200_a759,high,0.0,1,20,1118936413100,1118936412600,754,759,3,1118936412600,1118936413600,3
train,108,s0_t1118936400200_a759,high,0.0,5,20,1118936413100,1118936412600,759,762,3,1118936412600,1118936413600,2
train,108,s0_t1118936400200_a759,high,0.0,1,22,1118936414100,1118936413600,759,754,3,1118936413600,1118936414600,3
train,108,s0_t1118936400200_a759,high,0.0,7,30,1118936418100,1118936417600,759,762,2,1118936417600,1118936418100,2
train,108,s0_t1118936400200_a759,high,5.0,2,4,1118936405100,1118936404600,759,762,3,1118936404600,1118936405600,3
train,108,s0_t1118936400200_a759,high,5.0,2,5,1118936405600,1118936405100,762,759,3,1118936405100,1118936406100,3
train,108,s0_t1118936400200_a759,high,5.0,2,7,1118936406600,1118936406100,759,754,3,1118936406100,1118936407100,3
train,108,s0_t1118936400200_a759,high,5.0,2,8,1118936407100,1118936406600,754,759,3,1118936406600,1118936407600,3
train,108,s0_t1118936400200_a759,high,5.0,3,8,1118936407100,1118936406600,759,754,3,1118936406600,1118936407600,2
train,108,s0_t1118936400200_a759,high,5.0,2,9,1118936407600,1118936407100,759,754,3,1118936407100,1118936408100,3
train,108,s0_t1118936400200_a759,high,5.0,7,11,1118936408600,1118936408100,759,762,3,1118936408100,1118936409100,2
train,108,s0_t1118936400200_a759,high,5.0,2,13,1118936409600,1118936409100,754,759,3,1118936409100,1118936410100,3
train,108,s0_t1118936400200_a759,high,5.0,3,16,1118936411100,1118936410600,762,759,3,1118936410600,1118936411600,3
train,108,s0_t1118936400200_a759,high,5.0,3,20,1118936413100,1118936412600,759,762,3,1118936412600,1118936413600,2
train,108,s0_t1118936400200_a759,high,5.0,6,20,1118936413100,1118936412600,754,759,3,1118936412600,1118936413600,3
train,108,s0_t1118936400200_a759,high,5.0,6,22,1118936414100,1118936413600,759,754,3,1118936413600,1118936414600,3
train,108,s0_t1118936400200_a759,high,5.0,2,30,1118936418100,1118936417600,759,762,2,1118936417600,1118936418100,2
train,108,s0_t1118936400200_a759,high,10.0,3,6,1118936406100,1118936405600,759,754,3,1118936405600,1118936406600,3
train,108,s0_t1118936400200_a759,high,10.0,5,6,1118936406100,1118936405600,754,759,3,1118936405600,1118936406600,2
train,108,s0_t1118936400200_a759,high,10.0,2,8,1118936407100,1118936406600,759,754,3,1118936406600,1118936407600,2
train,108,s0_t1118936400200_a759,high,10.0,3,8,1118936407100,1118936406600,754,759,3,1118936406600,1118936407600,3
train,108,s0_t1118936400200_a759,high,10.0,3,9,1118936407600,1118936407100,759,754,3,1118936407100,1118936408100,3
train,108,s0_t1118936400200_a759,high,10.0,7,11,1118936408600,1118936408100,759,762,3,1118936408100,1118936409100,2
train,108,s0_t1118936400200_a759,high,10.0,3,13,1118936409600,1118936409100,754,759,3,1118936409100,1118936410100,3
train,108,s0_t1118936400200_a759,high,10.0,2,16,1118936411100,1118936410600,762,759,3,1118936410600,1118936411600,3
train,108,s0_t1118936400200_a759,high,10.0,2,21,1118936413600,1118936413100,759,762,3,1118936413100,1118936414100,3
train,108,s0_t1118936400200_a759,high,10.0,2,22,1118936414100,1118936413600,762,759,3,1118936413600,1118936414600,3
train,108,s0_t1118936400200_a759,high,10.0,5,22,1118936414100,1118936413600,759,754,3,1118936413600,1118936414600,3
train,108,s0_t1118936400200_a759,high,10.0,2,23,1118936414600,1118936414100,759,762,3,1118936414100,1118936415100,3
train,108,s0_t1118936400200_a759,high,10.0,5,30,1118936418100,1118936417600,754,759,2,1118936417600,1118936418100,2
train,108,s0_t1118936400200_a759,high,15.0,5,5,1118936405600,1118936405100,715,754,3,1118936405100,1118936406100,3
train,108,s0_t1118936400200_a759,high,15.0,3,6,1118936406100,1118936405600,759,754,3,1118936405600,1118936406600,3
train,108,s0_t1118936400200_a759,high,15.0,5,6,1118936406100,1118936405600,754,759,3,1118936405600,1118936406600,2
train,108,s0_t1118936400200_a759,high,15.0,4,10,1118936408100,1118936407600,759,762,3,1118936407600,1118936408600,3
train,108,s0_t1118936400200_a759,high,15.0,4,11,1118936408600,1118936408100,762,759,3,1118936408100,1118936409100,3
train,108,s0_t1118936400200_a759,high,15.0,7,11,1118936408600,1118936408100,759,762,3,1118936408100,1118936409100,2
train,108,s0_t1118936400200_a759,high,15.0,3,13,1118936409600,1118936409100,754,759,3,1118936409100,1118936410100,3
train,108,s0_t1118936400200_a759,high,15.0,4,13,1118936409600,1118936409100,759,762,3,1118936409100,1118936410100,3
train,108,s0_t1118936400200_a759,high,15.0,5,19,1118936412600,1118936412100,754,759,3,1118936412100,1118936413100,3
train,108,s0_t1118936400200_a759,high,15.0,5,22,1118936414100,1118936413600,759,754,3,1118936413600,1118936414600,3
train,108,s0_t1118936400200_a759,high,15.0,7,22,1118936414100,1118936413600,762,759,3,1118936413600,1118936414600,2
train,108,s0_t1118936400200_a759,high,15.0,5,23,1118936414600,1118936414100,754,759,3,1118936414100,1118936415100,2
train,108,s0_t1118936400200_a759,high,15.0,7,25,1118936415600,1118936415100,759,762,3,1118936415100,1118936416100,3
train,108,s0_t1118936400200_a759,high,15.0,7,27,1118936416600,1118936416100,762,759,3,1118936416100,1118936417100,3
train,108,s0_t1118936400200_a759,high,20.0,5,5,1118936405600,1118936405100,715,754,3,1118936405100,1118936406100,3
train,108,s0_t1118936400200_a759,high,20.0,3,6,1118936406100,1118936405600,759,754,3,1118936405600,1118936406600,3
train,108,s0_t1118936400200_a759,high,20.0,5,6,1118936406100,1118936405600,754,759,3,1118936405600,1118936406600,2
train,108,s0_t1118936400200_a759,high,20.0,3,11,1118936408600,1118936408100,754,759,3,1118936408100,1118936409100,3
train,108,s0_t1118936400200_a759,high,20.0,1,19,1118936412600,1118936412100,754,759,3,1118936412100,1118936413100,3
train,108,s0_t1118936400200_a759,high,20.0,5,23,1118936414600,1118936414100,762,759,3,1118936414100,1118936415100,3
train,110,s0_t1118936420200_a816,high,-5.0,0,3,1118936424600,1118936424100,816,1205,3,1118936424100,1118936425100,3
train,110,s0_t1118936420200_a816,high,-5.0,0,5,1118936425600,1118936425100,1205,817,3,1118936425100,1118936426100,3
train,110,s0_t1118936420200_a816,high,-5.0,0,8,1118936427100,1118936426600,817,820,3,1118936426600,1118936427600,3
train,110,s0_t1118936420200_a816,high,-5.0,0,10,1118936428100,1118936427600,820,817,3,1118936427600,1118936428600,3
train,110,s0_t1118936420200_a816,high,-5.0,0,14,1118936430100,1118936429600,817,820,3,1118936429600,1118936430600,3
train,110,s0_t1118936420200_a816,high,-5.0,0,17,1118936431600,1118936431100,820,817,3,1118936431100,1118936432100,3
train,110,s0_t1118936420200_a816,high,-5.0,0,19,1118936432600,1118936432100,817,820,3,1118936432100,1118936433100,3
train,110,s0_t1118936420200_a816,high,-5.0,0,21,1118936433600,1118936433100,820,817,3,1118936433100,1118936434100,2
train,110,s0_t1118936420200_a816,high,-5.0,3,22,1118936434100,1118936433600,820,817,3,1118936433600,1118936434600,3
train,110,s0_t1118936420200_a816,high,0.0,0,4,1118936425100,1118936424600,816,1205,3,1118936424600,1118936425600,3
train,110,s0_t1118936420200_a816,high,0.0,0,6,1118936426100,1118936425600,1205,817,3,1118936425600,1118936426600,3
train,110,s0_t1118936420200_a816,high,0.0,0,7,1118936426600,1118936426100,817,820,3,1118936426100,1118936427100,3
train,110,s0_t1118936420200_a816,high,0.0,0,11,1118936428600,1118936428100,820,817,3,1118936428100,1118936429100,3
train,110,s0_t1118936420200_a816,high,0.0,0,14,1118936430100,1118936429600,817,820,3,1118936429600,1118936430600,3
train,110,s0_t1118936420200_a816,high,0.0,0,17,1118936431600,1118936431100,820,817,3,1118936431100,1118936432100,3
train,110,s0_t1118936420200_a816,high,0.0,0,19,1118936432600,1118936432100,817,820,3,1118936432100,1118936433100,3
train,110,s0_t1118936420200_a816,high,0.0,0,21,1118936433600,1118936433100,820,817,3,1118936433100,1118936434100,2
train,110,s0_t1118936420200_a816,high,5.0,0,4,1118936425100,1118936424600,816,1205,3,1118936424600,1118936425600,3
train,110,s0_t1118936420200_a816,high,5.0,0,6,1118936426100,1118936425600,1205,817,3,1118936425600,1118936426600,3
train,110,s0_t1118936420200_a816,high,5.0,0,7,1118936426600,1118936426100,817,820,3,1118936426100,1118936427100,3
train,110,s0_t1118936420200_a816,high,5.0,0,11,1118936428600,1118936428100,820,817,3,1118936428100,1118936429100,3
train,110,s0_t1118936420200_a816,high,5.0,0,12,1118936429100,1118936428600,817,820,3,1118936428600,1118936429600,3
train,110,s0_t1118936420200_a816,high,5.0,0,13,1118936429600,1118936429100,820,817,3,1118936429100,1118936430100,3
train,110,s0_t1118936420200_a816,high,5.0,0,14,1118936430100,1118936429600,817,820,3,1118936429600,1118936430600,3
train,110,s0_t1118936420200_a816,high,5.0,0,17,1118936431600,1118936431100,820,817,3,1118936431100,1118936432100,3
train,110,s0_t1118936420200_a816,high,5.0,0,19,1118936432600,1118936432100,817,820,3,1118936432100,1118936433100,3
train,110,s0_t1118936420200_a816,high,5.0,7,21,1118936433600,1118936433100,1205,816,3,1118936433100,1118936434100,3
train,110,s0_t1118936420200_a816,high,10.0,0,4,1118936425100,1118936424600,816,1205,3,1118936424600,1118936425600,3
train,110,s0_t1118936420200_a816,high,10.0,0,6,1118936426100,1118936425600,1205,817,3,1118936425600,1118936426600,3
train,110,s0_t1118936420200_a816,high,10.0,0,7,1118936426600,1118936426100,817,820,3,1118936426100,1118936427100,3
train,110,s0_t1118936420200_a816,high,10.0,0,11,1118936428600,1118936428100,820,817,3,1118936428100,1118936429100,3
train,110,s0_t1118936420200_a816,high,10.0,0,14,1118936430100,1118936429600,817,820,3,1118936429600,1118936430600,3
train,110,s0_t1118936420200_a816,high,10.0,0,16,1118936431100,1118936430600,820,817,3,1118936430600,1118936431600,3
train,110,s0_t1118936420200_a816,high,10.0,0,20,1118936433100,1118936432600,817,820,3,1118936432600,1118936433600,3
train,110,s0_t1118936420200_a816,high,15.0,0,4,1118936425100,1118936424600,816,1205,3,1118936424600,1118936425600,3
train,110,s0_t1118936420200_a816,high,15.0,0,6,1118936426100,1118936425600,1205,817,3,1118936425600,1118936426600,3
train,110,s0_t1118936420200_a816,high,15.0,0,7,1118936426600,1118936426100,817,820,3,1118936426100,1118936427100,3
train,110,s0_t1118936420200_a816,high,15.0,0,11,1118936428600,1118936428100,820,817,3,1118936428100,1118936429100,3
train,110,s0_t1118936420200_a816,high,15.0,0,14,1118936430100,1118936429600,817,820,3,1118936429600,1118936430600,3
train,110,s0_t1118936420200_a816,high,15.0,0,16,1118936431100,1118936430600,820,817,3,1118936430600,1118936431600,3
train,110,s0_t1118936420200_a816,high,15.0,0,20,1118936433100,1118936432600,817,820,3,1118936432600,1118936433600,3
train,110,s0_t1118936420200_a816,high,15.0,5,20,1118936433100,1118936432600,748,778,3,1118936432600,1118936433600,3
train,110,s0_t1118936420200_a816,high,20.0,0,4,1118936425100,1118936424600,816,1205,3,1118936424600,1118936425600,3
train,110,s0_t1118936420200_a816,high,20.0,0,6,1118936426100,1118936425600,1205,817,3,1118936425600,1118936426600,3
train,110,s0_t1118936420200_a816,high,20.0,0,7,1118936426600,1118936426100,817,820,3,1118936426100,1118936427100,3
train,110,s0_t1118936420200_a816,high,20.0,0,11,1118936428600,1118936428100,820,817,3,1118936428100,1118936429100,3
train,110,s0_t1118936420200_a816,high,20.0,0,12,1118936429100,1118936428600,817,820,3,1118936428600,1118936429600,3
train,110,s0_t1118936420200_a816,high,20.0,0,13,1118936429600,1118936429100,820,817,3,1118936429100,1118936430100,3
train,110,s0_t1118936420200_a816,high,20.0,0,14,1118936430100,1118936429600,817,820,3,1118936429600,1118936430600,3
train,110,s0_t1118936420200_a816,high,20.0,0,17,1118936431600,1118936431100,820,817,3,1118936431100,1118936432100,3
train,110,s0_t1118936420200_a816,high,20.0,0,19,1118936432600,1118936432100,817,820,3,1118936432100,1118936433100,3
train,110,s0_t1118936420200_a816,high,20.0,2,21,1118936433600,1118936433100,1205,816,3,1118936433100,1118936434100,3
train,110,s0_t1118936420200_a816,high,20.0,3,25,1118936435600,1118936435100,820,817,3,1118936435100,1118936436100,2
train,111,s0_t1118936420200_a831,high,-5.0,5,1,1118936423600,1118936423100,800,831,3,1118936423100,1118936424100,2
train,111,s0_t1118936420200_a831,high,0.0,5,1,1118936423600,1118936423100,800,831,3,1118936423100,1118936424100,2
train,111,s0_t1118936420200_a831,high,0.0,0,9,1118936427600,1118936427100,766,800,3,1118936427100,1118936428100,3
train,111,s0_t1118936420200_a831,high,0.0,0,11,1118936428600,1118936428100,800,766,3,1118936428100,1118936429100,3
train,111,s0_t1118936420200_a831,high,0.0,0,13,1118936429600,1118936429100,766,800,3,1118936429100,1118936430100,3
train,111,s0_t1118936420200_a831,high,0.0,0,14,1118936430100,1118936429600,800,766,3,1118936429600,1118936430600,3
train,111,s0_t1118936420200_a831,high,0.0,5,19,1118936432600,1118936432100,746,835,3,1118936432100,1118936433100,3
train,111,s0_t1118936420200_a831,high,5.0,5,1,1118936423600,1118936423100,800,831,3,1118936423100,1118936424100,2
train,111,s0_t1118936420200_a831,high,10.0,5,1,1118936423600,1118936423100,800,831,3,1118936423100,1118936424100,2
train,111,s0_t1118936420200_a831,high,15.0,5,6,1118936426100,1118936425600,766,831,3,1118936425600,1118936426600,3
train,111,s0_t1118936420200_a831,high,15.0,5,7,1118936426600,1118936426100,831,800,3,1118936426100,1118936427100,3
train,111,s0_t1118936420200_a831,high,20.0,5,6,1118936426100,1118936425600,766,831,3,1118936425600,1118936426600,3
train,111,s0_t1118936420200_a831,high,20.0,5,7,1118936426600,1118936426100,831,800,3,1118936426100,1118936427100,3
train,112,s0_t1118936420200_a841,high,-5.0,2,2,1118936424100,1118936423600,820,1205,3,1118936423600,1118936424600,3
train,112,s0_t1118936420200_a841,high,0.0,4,17,1118936431600,1118936431100,748,778,3,1118936431100,1118936432100,2
train,112,s0_t1118936420200_a841,high,10.0,2,4,1118936425100,1118936424600,820,1205,3,1118936424600,1118936425600,3
train,112,s0_t1118936420200_a841,high,15.0,2,4,1118936425100,1118936424600,820,1205,3,1118936424600,1118936425600,3
train,112,s0_t1118936420200_a841,high,20.0,2,4,1118936425100,1118936424600,820,1205,3,1118936424600,1118936425600,3
train,113,s0_t1118936440200_a725,high,-5.0,4,1,1118936443600,1118936443100,759,762,3,1118936443100,1118936444100,2
train,113,s0_t1118936440200_a725,high,-5.0,6,11,1118936448600,1118936448100,813,773,3,1118936448100,1118936449100,3
train,113,s0_t1118936440200_a725,high,0.0,6,2,1118936444100,1118936443600,759,762,3,1118936443600,1118936444600,3
train,113,s0_t1118936440200_a725,high,0.0,6,4,1118936445100,1118936444600,762,759,3,1118936444600,1118936445600,2
train,113,s0_t1118936440200_a725,high,0.0,0,13,1118936449600,1118936449100,759,754,3,1118936449100,1118936450100,3
train,113,s0_t1118936440200_a725,high,5.0,4,10,1118936448100,1118936447600,725,773,3,1118936447600,1118936448600,2
train,113,s0_t1118936440200_a725,high,10.0,5,7,1118936446600,1118936446100,754,759,3,1118936446100,1118936447100,2
train,113,s0_t1118936440200_a725,high,10.0,4,10,1118936448100,1118936447600,725,773,3,1118936447600,1118936448600,2
train,113,s0_t1118936440200_a725,high,15.0,5,7,1118936446600,1118936446100,754,759,3,1118936446100,1118936447100,2
train,113,s0_t1118936440200_a725,high,20.0,7,9,1118936447600,1118936447100,813,773,3,1118936447100,1118936448100,3
train,113,s0_t1118936440200_a725,high,20.0,4,12,1118936449100,1118936448600,725,773,3,1118936448600,1118936449600,3
train,114,s0_t1118936440200_a813,high,-5.0,3,1,1118936443600,1118936443100,789,762,3,1118936443100,1118936444100,2
train,114,s0_t1118936440200_a813,high,-5.0,5,4,1118936445100,1118936444600,789,762,3,1118936444600,1118936445600,2
train,114,s0_t1118936440200_a813,high,0.0,4,12,1118936449100,1118936448600,725,773,3,1118936448600,1118936449600,3
train,114,s0_t1118936440200_a813,high,5.0,6,3,1118936444600,1118936444100,773,725,3,1118936444100,1118936445100,2
train,114,s0_t1118936440200_a813,high,5.0,0,9,1118936447600,1118936447100,725,773,3,1118936447100,1118936448100,2
train,114,s0_t1118936440200_a813,high,5.0,5,10,1118936448100,1118936447600,813,773,3,1118936447600,1118936448600,3
train,114,s0_t1118936440200_a813,high,10.0,5,1,1118936443600,1118936443100,813,773,3,1118936443100,1118936444100,3
train,114,s0_t1118936440200_a813,high,10.0,3,3,1118936444600,1118936444100,762,789,3,1118936444100,1118936445100,2
train,114,s0_t1118936440200_a813,high,15.0,0,3,1118936444600,1118936444100,789,773,3,1118936444100,1118936445100,2
train,114,s0_t1118936440200_a813,high,15.0,5,10,1118936448100,1118936447600,725,773,3,1118936447600,1118936448600,3
train,114,s0_t1118936440200_a813,high,20.0,0,3,1118936444600,1118936444100,789,773,3,1118936444100,1118936445100,2
train,114,s0_t1118936440200_a813,high,20.0,7,4,1118936445100,1118936444600,789,762,3,1118936444600,1118936445600,2
train,114,s0_t1118936440200_a813,high,20.0,1,11,1118936448600,1118936448100,725,773,3,1118936448100,1118936449100,3
train,115,s0_t1118936440200_a830,high,-5.0,3,12,1118936449100,1118936448600,806,836,3,1118936448600,1118936449600,2
train,115,s0_t1118936440200_a830,high,-5.0,5,12,1118936449100,1118936448600,836,806,3,1118936448600,1118936449600,2
train,115,s0_t1118936440200_a830,high,0.0,6,1,1118936443600,1118936443100,795,802,3,1118936443100,1118936444100,2
train,115,s0_t1118936440200_a830,high,0.0,5,3,1118936444600,1118936444100,795,836,3,1118936444100,1118936445100,2
train,115,s0_t1118936440200_a830,high,0.0,6,6,1118936446100,1118936445600,836,1205,3,1118936445600,1118936446600,2
train,115,s0_t1118936440200_a830,high,0.0,3,12,1118936449100,1118936448600,806,836,3,1118936448600,1118936449600,2
train,115,s0_t1118936440200_a830,high,0.0,4,12,1118936449100,1118936448600,836,806,3,1118936448600,1118936449600,2
train,115,s0_t1118936440200_a830,high,5.0,6,1,1118936443600,1118936443100,795,802,3,1118936443100,1118936444100,2
train,115,s0_t1118936440200_a830,high,5.0,5,3,1118936444600,1118936444100,795,836,3,1118936444100,1118936445100,2
train,115,s0_t1118936440200_a830,high,5.0,6,6,1118936446100,1118936445600,836,1205,3,1118936445600,1118936446600,2
train,115,s0_t1118936440200_a830,high,5.0,3,12,1118936449100,1118936448600,806,836,3,1118936448600,1118936449600,2
train,115,s0_t1118936440200_a830,high,10.0,5,3,1118936444600,1118936444100,795,836,3,1118936444100,1118936445100,2
train,115,s0_t1118936440200_a830,high,10.0,3,12,1118936449100,1118936448600,806,836,3,1118936448600,1118936449600,2
train,115,s0_t1118936440200_a830,high,15.0,3,12,1118936449100,1118936448600,806,836,3,1118936448600,1118936449600,2
train,115,s0_t1118936440200_a830,high,20.0,3,12,1118936449100,1118936448600,806,836,3,1118936448600,1118936449600,2
train,116,s0_t1118936460200_a746,high,5.0,4,6,1118936466100,1118936465600,887,888,3,1118936465600,1118936466600,3
train,116,s0_t1118936460200_a746,high,5.0,4,7,1118936466600,1118936466100,888,887,3,1118936466100,1118936467100,3
train,117,s0_t1118936460200_a864,high,5.0,0,12,1118936469100,1118936468600,867,828,3,1118936468600,1118936469600,3
train,117,s0_t1118936460200_a864,high,10.0,0,12,1118936469100,1118936468600,867,828,3,1118936468600,1118936469600,3
train,117,s0_t1118936460200_a864,high,15.0,0,12,1118936469100,1118936468600,867,828,3,1118936468600,1118936469600,3
train,117,s0_t1118936460200_a864,high,20.0,0,12,1118936469100,1118936468600,867,828,3,1118936468600,1118936469600,3
train,117,s0_t1118936460200_a864,high,20.0,3,14,1118936470100,1118936469600,867,834,3,1118936469600,1118936470600,2
train,118,s0_t1118936460200_a869,high,-5.0,4,11,1118936468600,1118936468100,872,873,3,1118936468100,1118936469100,3
train,118,s0_t1118936460200_a869,high,-5.0,0,27,1118936476600,1118936476100,873,872,3,1118936476100,1118936477100,3
train,118,s0_t1118936460200_a869,high,0.0,2,2,1118936464100,1118936463600,872,873,3,1118936463600,1118936464600,2
train,118,s0_t1118936460200_a869,high,0.0,4,2,1118936464100,1118936463600,873,872,3,1118936463600,1118936464600,3
train,118,s0_t1118936460200_a869,high,5.0,2,2,1118936464100,1118936463600,872,873,3,1118936463600,1118936464600,2
train,118,s0_t1118936460200_a869,high,5.0,4,2,1118936464100,1118936463600,873,872,3,1118936463600,1118936464600,3
train,118,s0_t1118936460200_a869,high,5.0,6,12,1118936469100,1118936468600,872,873,3,1118936468600,1118936469600,3
train,118,s0_t1118936460200_a869,high,5.0,2,14,1118936470100,1118936469600,872,873,3,1118936469600,1118936470600,3
train,118,s0_t1118936460200_a869,high,5.0,2,15,1118936470600,1118936470100,873,872,3,1118936470100,1118936471100,3
train,118,s0_t1118936460200_a869,high,5.0,2,17,1118936471600,1118936471100,872,873,3,1118936471100,1118936472100,3
train,118,s0_t1118936460200_a869,high,5.0,7,22,1118936474100,1118936473600,872,873,3,1118936473600,1118936474600,3
train,118,s0_t1118936460200_a869,high,10.0,2,2,1118936464100,1118936463600,872,873,3,1118936463600,1118936464600,2
train,118,s0_t1118936460200_a869,high,10.0,4,14,1118936470100,1118936469600,872,873,3,1118936469600,1118936470600,3
train,118,s0_t1118936460200_a869,high,10.0,4,15,1118936470600,1118936470100,873,872,3,1118936470100,1118936471100,3
train,118,s0_t1118936460200_a869,high,10.0,4,17,1118936471600,1118936471100,872,873,3,1118936471100,1118936472100,3
train,118,s0_t1118936460200_a869,high,10.0,5,20,1118936473100,1118936472600,872,873,3,1118936472600,1118936473600,3
train,118,s0_t1118936460200_a869,high,15.0,2,2,1118936464100,1118936463600,872,873,3,1118936463600,1118936464600,2
train,118,s0_t1118936460200_a869,high,15.0,4,17,1118936471600,1118936471100,872,873,3,1118936471100,1118936472100,3
train,118,s0_t1118936460200_a869,high,15.0,5,20,1118936473100,1118936472600,872,873,3,1118936472600,1118936473600,3
train,118,s0_t1118936460200_a869,high,15.0,4,26,1118936476100,1118936475600,873,872,3,1118936475600,1118936476600,3
train,118,s0_t1118936460200_a869,high,20.0,2,2,1118936464100,1118936463600,872,873,3,1118936463600,1118936464600,2
train,118,s0_t1118936460200_a869,high,20.0,7,26,1118936476100,1118936475600,873,872,3,1118936475600,1118936476600,3
train,120,s0_t1118936480200_a894,high,-5.0,2,25,1118936495600,1118936495100,888,890,3,1118936495100,1118936496100,2
train,121,s0_t1118936480200_a921,mid,-5.0,4,5,1118936485600,1118936485100,918,917,3,1118936485100,1118936486100,3
train,122,s0_t1118936500200_a869,high,-5.0,3,6,1118936506100,1118936505600,889,910,3,1118936505600,1118936506600,3
train,122,s0_t1118936500200_a869,high,-5.0,3,11,1118936508600,1118936508100,910,889,3,1118936508100,1118936509100,3
train,122,s0_t1118936500200_a869,high,-5.0,3,12,1118936509100,1118936508600,889,910,3,1118936508600,1118936509600,3
train,122,s0_t1118936500200_a869,high,-5.0,5,21,1118936513600,1118936513100,869,882,3,1118936513100,1118936514100,3
train,122,s0_t1118936500200_a869,high,-5.0,4,22,1118936514100,1118936513600,869,889,3,1118936513600,1118936514600,3
train,122,s0_t1118936500200_a869,high,-5.0,5,22,1118936514100,1118936513600,882,869,3,1118936513600,1118936514600,3
train,122,s0_t1118936500200_a869,high,-5.0,2,29,1118936517600,1118936517100,901,907,3,1118936517100,1118936518100,3
train,122,s0_t1118936500200_a869,high,0.0,3,6,1118936506100,1118936505600,889,910,3,1118936505600,1118936506600,3
train,122,s0_t1118936500200_a869,high,0.0,3,7,1118936506600,1118936506100,910,889,3,1118936506100,1118936507100,3
train,122,s0_t1118936500200_a869,high,0.0,3,8,1118936507100,1118936506600,889,910,3,1118936506600,1118936507600,3
train,122,s0_t1118936500200_a869,high,0.0,3,11,1118936508600,1118936508100,910,889,3,1118936508100,1118936509100,3
train,122,s0_t1118936500200_a869,high,0.0,3,12,1118936509100,1118936508600,889,910,3,1118936508600,1118936509600,3
train,122,s0_t1118936500200_a869,high,5.0,3,6,1118936506100,1118936505600,889,910,3,1118936505600,1118936506600,3
train,122,s0_t1118936500200_a869,high,5.0,3,7,1118936506600,1118936506100,910,889,3,1118936506100,1118936507100,3
train,122,s0_t1118936500200_a869,high,5.0,3,8,1118936507100,1118936506600,889,910,3,1118936506600,1118936507600,3
train,122,s0_t1118936500200_a869,high,5.0,3,11,1118936508600,1118936508100,910,889,3,1118936508100,1118936509100,3
train,122,s0_t1118936500200_a869,high,5.0,3,12,1118936509100,1118936508600,889,910,3,1118936508600,1118936509600,3
train,122,s0_t1118936500200_a869,high,10.0,3,6,1118936506100,1118936505600,889,910,3,1118936505600,1118936506600,3
train,122,s0_t1118936500200_a869,high,10.0,3,7,1118936506600,1118936506100,910,889,3,1118936506100,1118936507100,3
train,122,s0_t1118936500200_a869,high,10.0,3,8,1118936507100,1118936506600,889,910,3,1118936506600,1118936507600,3
train,122,s0_t1118936500200_a869,high,10.0,3,11,1118936508600,1118936508100,910,889,3,1118936508100,1118936509100,3
train,122,s0_t1118936500200_a869,high,10.0,3,12,1118936509100,1118936508600,889,910,3,1118936508600,1118936509600,3
train,122,s0_t1118936500200_a869,high,10.0,1,21,1118936513600,1118936513100,869,882,3,1118936513100,1118936514100,3
train,122,s0_t1118936500200_a869,high,10.0,1,23,1118936514600,1118936514100,882,869,3,1118936514100,1118936515100,3
train,122,s0_t1118936500200_a869,high,10.0,5,27,1118936516600,1118936516100,901,907,3,1118936516100,1118936517100,3
train,122,s0_t1118936500200_a869,high,10.0,2,28,1118936517100,1118936516600,901,907,3,1118936516600,1118936517600,2
train,122,s0_t1118936500200_a869,high,10.0,5,28,1118936517100,1118936516600,907,901,3,1118936516600,1118936517600,3
train,122,s0_t1118936500200_a869,high,10.0,5,29,1118936517600,1118936517100,901,907,3,1118936517100,1118936518100,3
train,122,s0_t1118936500200_a869,high,10.0,1,30,1118936518100,1118936517600,869,882,2,1118936517600,1118936518100,2
train,122,s0_t1118936500200_a869,high,15.0,3,6,1118936506100,1118936505600,889,910,3,1118936505600,1118936506600,3
train,122,s0_t1118936500200_a869,high,15.0,3,7,1118936506600,1118936506100,910,889,3,1118936506100,1118936507100,3
train,122,s0_t1118936500200_a869,high,15.0,3,8,1118936507100,1118936506600,889,910,3,1118936506600,1118936507600,3
train,122,s0_t1118936500200_a869,high,15.0,3,11,1118936508600,1118936508100,910,889,3,1118936508100,1118936509100,3
train,122,s0_t1118936500200_a869,high,15.0,3,12,1118936509100,1118936508600,889,910,3,1118936508600,1118936509600,3
train,122,s0_t1118936500200_a869,high,15.0,1,21,1118936513600,1118936513100,869,882,3,1118936513100,1118936514100,3
train,122,s0_t1118936500200_a869,high,15.0,1,23,1118936514600,1118936514100,882,869,3,1118936514100,1118936515100,3
train,122,s0_t1118936500200_a869,high,15.0,2,29,1118936517600,1118936517100,907,901,3,1118936517100,1118936518100,2
train,122,s0_t1118936500200_a869,high,15.0,5,29,1118936517600,1118936517100,901,907,3,1118936517100,1118936518100,3
train,122,s0_t1118936500200_a869,high,15.0,1,30,1118936518100,1118936517600,869,882,2,1118936517600,1118936518100,2
train,122,s0_t1118936500200_a869,high,20.0,3,6,1118936506100,1118936505600,889,910,3,1118936505600,1118936506600,3
train,122,s0_t1118936500200_a869,high,20.0,3,7,1118936506600,1118936506100,910,889,3,1118936506100,1118936507100,3
train,122,s0_t1118936500200_a869,high,20.0,3,8,1118936507100,1118936506600,889,910,3,1118936506600,1118936507600,3
train,122,s0_t1118936500200_a869,high,20.0,3,11,1118936508600,1118936508100,910,889,3,1118936508100,1118936509100,3
train,122,s0_t1118936500200_a869,high,20.0,3,12,1118936509100,1118936508600,889,910,3,1118936508600,1118936509600,3
train,122,s0_t1118936500200_a869,high,20.0,3,17,1118936511600,1118936511100,910,889,3,1118936511100,1118936512100,3
train,122,s0_t1118936500200_a869,high,20.0,3,19,1118936512600,1118936512100,889,910,3,1118936512100,1118936513100,3
train,122,s0_t1118936500200_a869,high,20.0,1,21,1118936513600,1118936513100,869,882,3,1118936513100,1118936514100,3
train,122,s0_t1118936500200_a869,high,20.0,1,23,1118936514600,1118936514100,882,869,3,1118936514100,1118936515100,3
train,122,s0_t1118936500200_a869,high,20.0,2,29,1118936517600,1118936517100,907,901,3,1118936517100,1118936518100,2
train,122,s0_t1118936500200_a869,high,20.0,5,29,1118936517600,1118936517100,901,907,3,1118936517100,1118936518100,3
train,122,s0_t1118936500200_a869,high,20.0,1,30,1118936518100,1118936517600,869,882,2,1118936517600,1118936518100,2
train,124,s0_t1118936500200_a939,high,-5.0,4,23,1118936514600,1118936514100,838,917,3,1118936514100,1118936515100,3
train,124,s0_t1118936500200_a939,high,-5.0,6,24,1118936515100,1118936514600,915,911,3,1118936514600,1118936515600,3
train,124,s0_t1118936500200_a939,high,-5.0,7,28,1118936517100,1118936516600,838,915,3,1118936516600,1118936517600,3
train,124,s0_t1118936500200_a939,high,-5.0,7,29,1118936517600,1118936517100,915,838,3,1118936517100,1118936518100,3
train,124,s0_t1118936500200_a939,high,0.0,6,22,1118936514100,1118936513600,917,838,3,1118936513600,1118936514600,3
train,124,s0_t1118936500200_a939,high,0.0,6,23,1118936514600,1118936514100,838,917,3,1118936514100,1118936515100,3
train,124,s0_t1118936500200_a939,high,0.0,0,24,1118936515100,1118936514600,915,911,3,1118936514600,1118936515600,3
train,124,s0_t1118936500200_a939,high,5.0,4,22,1118936514100,1118936513600,917,838,3,1118936513600,1118936514600,3
train,124,s0_t1118936500200_a939,high,5.0,4,23,1118936514600,1118936514100,838,917,3,1118936514100,1118936515100,3
train,124,s0_t1118936500200_a939,high,5.0,6,24,1118936515100,1118936514600,915,911,3,1118936514600,1118936515600,2
train,124,s0_t1118936500200_a939,high,10.0,4,22,1118936514100,1118936513600,917,838,3,1118936513600,1118936514600,3
train,124,s0_t1118936500200_a939,high,10.0,4,23,1118936514600,1118936514100,838,917,3,1118936514100,1118936515100,3
train,124,s0_t1118936500200_a939,high,10.0,0,24,1118936515100,1118936514600,915,911,3,1118936514600,1118936515600,2
train,124,s0_t1118936500200_a939,high,10.0,7,30,1118936518100,1118936517600,915,911,2,1118936517600,1118936518100,2
train,124,s0_t1118936500200_a939,high,15.0,4,23,1118936514600,1118936514100,838,917,3,1118936514100,1118936515100,3
train,124,s0_t1118936500200_a939,high,15.0,0,24,1118936515100,1118936514600,915,911,3,1118936514600,1118936515600,2
train,124,s0_t1118936500200_a939,high,15.0,2,30,1118936518100,1118936517600,915,911,2,1118936517600,1118936518100,2
train,124,s0_t1118936500200_a939,high,20.0,5,22,1118936514100,1118936513600,917,838,3,1118936513600,1118936514600,3
train,124,s0_t1118936500200_a939,high,20.0,0,24,1118936515100,1118936514600,915,911,3,1118936514600,1118936515600,2
train,124,s0_t1118936500200_a939,high,20.0,5,24,1118936515100,1118936514600,838,917,3,1118936514600,1118936515600,3
train,125,s0_t1118936520200_a896,high,-5.0,1,10,1118936528100,1118936527600,942,945,3,1118936527600,1118936528600,3
train,125,s0_t1118936520200_a896,high,-5.0,3,17,1118936531600,1118936531100,946,942,3,1118936531100,1118936532100,3
train,125,s0_t1118936520200_a896,high,-5.0,3,19,1118936532600,1118936532100,942,946,3,1118936532100,1118936533100,3
train,125,s0_t1118936520200_a896,high,-5.0,4,29,1118936537600,1118936537100,924,942,3,1118936537100,1118936538100,3
train,125,s0_t1118936520200_a896,high,0.0,1,10,1118936528100,1118936527600,942,945,3,1118936527600,1118936528600,3
train,125,s0_t1118936520200_a896,high,0.0,0,17,1118936531600,1118936531100,946,942,3,1118936531100,1118936532100,3
train,125,s0_t1118936520200_a896,high,0.0,0,18,1118936532100,1118936531600,942,946,3,1118936531600,1118936532600,3
train,125,s0_t1118936520200_a896,high,0.0,3,24,1118936535100,1118936534600,942,924,3,1118936534600,1118936535600,3
train,125,s0_t1118936520200_a896,high,0.0,3,25,1118936535600,1118936535100,924,942,3,1118936535100,1118936536100,3
train,125,s0_t1118936520200_a896,high,0.0,3,28,1118936537100,1118936536600,942,924,3,1118936536600,1118936537600,3
train,125,s0_t1118936520200_a896,high,0.0,7,28,1118936537100,1118936536600,946,942,3,1118936536600,1118936537600,2
train,125,s0_t1118936520200_a896,high,0.0,3,29,1118936537600,1118936537100,924,942,3,1118936537100,1118936538100,3
train,125,s0_t1118936520200_a896,high,0.0,3,30,1118936538100,1118936537600,942,924,2,1118936537600,1118936538100,2
train,125,s0_t1118936520200_a896,high,5.0,1,10,1118936528100,1118936527600,942,945,3,1118936527600,1118936528600,3
train,125,s0_t1118936520200_a896,high,5.0,5,12,1118936529100,1118936528600,940,947,3,1118936528600,1118936529600,2
train,125,s0_t1118936520200_a896,high,5.0,7,24,1118936535100,1118936534600,942,924,3,1118936534600,1118936535600,3
train,125,s0_t1118936520200_a896,high,5.0,7,25,1118936535600,1118936535100,924,942,3,1118936535100,1118936536100,3
train,125,s0_t1118936520200_a896,high,5.0,7,28,1118936537100,1118936536600,942,924,3,1118936536600,1118936537600,3
train,125,s0_t1118936520200_a896,high,10.0,1,10,1118936528100,1118936527600,942,945,3,1118936527600,1118936528600,3
train,125,s0_t1118936520200_a896,high,10.0,5,12,1118936529100,1118936528600,940,947,3,1118936528600,1118936529600,2
train,125,s0_t1118936520200_a896,high,10.0,7,23,1118936534600,1118936534100,942,924,3,1118936534100,1118936535100,3
train,125,s0_t1118936520200_a896,high,10.0,7,24,1118936535100,1118936534600,924,942,3,1118936534600,1118936535600,3
train,125,s0_t1118936520200_a896,high,15.0,1,10,1118936528100,1118936527600,942,945,3,1118936527600,1118936528600,3
train,125,s0_t1118936520200_a896,high,15.0,5,12,1118936529100,1118936528600,940,947,3,1118936528600,1118936529600,2
train,125,s0_t1118936520200_a896,high,15.0,7,23,1118936534600,1118936534100,942,924,3,1118936534100,1118936535100,3
train,125,s0_t1118936520200_a896,high,15.0,7,27,1118936536600,1118936536100,924,942,3,1118936536100,1118936537100,3
train,125,s0_t1118936520200_a896,high,15.0,7,28,1118936537100,1118936536600,942,924,3,1118936536600,1118936537600,2
train,125,s0_t1118936520200_a896,high,20.0,1,10,1118936528100,1118936527600,942,945,3,1118936527600,1118936528600,3
train,125,s0_t1118936520200_a896,high,20.0,6,12,1118936529100,1118936528600,940,947,3,1118936528600,1118936529600,2
train,125,s0_t1118936520200_a896,high,20.0,7,23,1118936534600,1118936534100,942,924,3,1118936534100,1118936535100,3
train,126,s0_t1118936520200_a932,high,5.0,2,1,1118936523600,1118936523100,932,909,3,1118936523100,1118936524100,2
train,127,s0_t1118936520200_a958,high,-5.0,2,2,1118936524100,1118936523600,949,958,3,1118936523600,1118936524600,3
train,127,s0_t1118936520200_a958,high,-5.0,2,9,1118936527600,1118936527100,949,958,3,1118936527100,1118936528100,3
train,127,s0_t1118936520200_a958,high,-5.0,2,14,1118936530100,1118936529600,958,949,3,1118936529600,1118936530600,3
train,127,s0_t1118936520200_a958,high,-5.0,4,14,1118936530100,1118936529600,949,958,3,1118936529600,1118936530600,3
train,127,s0_t1118936520200_a958,high,-5.0,2,16,1118936531100,1118936530600,949,958,3,1118936530600,1118936531600,3
train,127,s0_t1118936520200_a958,high,15.0,6,10,1118936528100,1118936527600,934,949,3,1118936527600,1118936528600,3
train,127,s0_t1118936520200_a958,high,20.0,6,10,1118936528100,1118936527600,934,949,3,1118936527600,1118936528600,3
train,127,s0_t1118936520200_a958,high,20.0,4,16,1118936531100,1118936530600,949,958,3,1118936530600,1118936531600,3
train,128,s0_t1118936540200_a927,high,-5.0,4,13,1118936549600,1118936549100,946,942,3,1118936549100,1118936550100,2
train,128,s0_t1118936540200_a927,high,-5.0,4,21,1118936553600,1118936553100,946,942,3,1118936553100,1118936554100,2
train,128,s0_t1118936540200_a927,high,0.0,7,1,1118936543600,1118936543100,946,913,3,1118936543100,1118936544100,3
train,128,s0_t1118936540200_a927,high,0.0,7,2,1118936544100,1118936543600,913,946,3,1118936543600,1118936544600,2
train,128,s0_t1118936540200_a927,high,0.0,5,15,1118936550600,1118936550100,946,942,3,1118936550100,1118936551100,3
train,128,s0_t1118936540200_a927,high,0.0,5,16,1118936551100,1118936550600,942,946,3,1118936550600,1118936551600,3
train,128,s0_t1118936540200_a927,high,0.0,6,26,1118936556100,1118936555600,946,942,3,1118936555600,1118936556600,3
train,128,s0_t1118936540200_a927,high,0.0,6,28,1118936557100,1118936556600,942,946,3,1118936556600,1118936557600,3
train,128,s0_t1118936540200_a927,high,5.0,6,15,1118936550600,1118936550100,946,942,3,1118936550100,1118936551100,3
train,128,s0_t1118936540200_a927,high,5.0,6,17,1118936551600,1118936551100,942,946,3,1118936551100,1118936552100,3
train,128,s0_t1118936540200_a927,high,5.0,1,26,1118936556100,1118936555600,946,942,3,1118936555600,1118936556600,3
train,128,s0_t1118936540200_a927,high,5.0,1,28,1118936557100,1118936556600,942,946,3,1118936556600,1118936557600,3
train,128,s0_t1118936540200_a927,high,10.0,6,15,1118936550600,1118936550100,946,942,3,1118936550100,1118936551100,3
train,128,s0_t1118936540200_a927,high,10.0,6,17,1118936551600,1118936551100,942,946,3,1118936551100,1118936552100,3
train,128,s0_t1118936540200_a927,high,10.0,1,26,1118936556100,1118936555600,946,942,3,1118936555600,1118936556600,3
train,128,s0_t1118936540200_a927,high,15.0,6,15,1118936550600,1118936550100,946,942,3,1118936550100,1118936551100,3
train,128,s0_t1118936540200_a927,high,15.0,6,20,1118936553100,1118936552600,942,946,3,1118936552600,1118936553600,3
train,128,s0_t1118936540200_a927,high,15.0,6,21,1118936553600,1118936553100,946,942,3,1118936553100,1118936554100,2
train,128,s0_t1118936540200_a927,high,15.0,1,26,1118936556100,1118936555600,946,942,3,1118936555600,1118936556600,3
train,128,s0_t1118936540200_a927,high,20.0,5,8,1118936547100,1118936546600,942,946,3,1118936546600,1118936547600,3
train,128,s0_t1118936540200_a927,high,20.0,2,12,1118936549100,1118936548600,942,946,3,1118936548600,1118936549600,3
train,128,s0_t1118936540200_a927,high,20.0,1,21,1118936553600,1118936553100,946,942,3,1118936553100,1118936554100,2
train,128,s0_t1118936540200_a927,high,20.0,4,26,1118936556100,1118936555600,946,942,3,1118936555600,1118936556600,3
train,128,s0_t1118936540200_a927,high,20.0,0,28,1118936557100,1118936556600,946,942,3,1118936556600,1118936557600,3
train,128,s0_t1118936540200_a927,high,20.0,4,28,1118936557100,1118936556600,942,946,3,1118936556600,1118936557600,3
train,129,s0_t1118936540200_a967,high,-5.0,7,13,1118936549600,1118936549100,1007,994,3,1118936549100,1118936550100,3
train,129,s0_t1118936540200_a967,high,-5.0,4,22,1118936554100,1118936553600,1007,994,3,1118936553600,1118936554600,3
train,129,s0_t1118936540200_a967,high,-5.0,4,23,1118936554600,1118936554100,994,1007,3,1118936554100,1118936555100,3
train,129,s0_t1118936540200_a967,high,-5.0,4,25,1118936555600,1118936555100,1007,994,3,1118936555100,1118936556100,2
train,129,s0_t1118936540200_a967,high,0.0,6,17,1118936551600,1118936551100,994,958,3,1118936551100,1118936552100,2
train,129,s0_t1118936540200_a967,high,0.0,7,21,1118936553600,1118936553100,1007,994,3,1118936553100,1118936554100,3
train,129,s0_t1118936540200_a967,high,5.0,6,21,1118936553600,1118936553100,1007,994,3,1118936553100,1118936554100,3
train,129,s0_t1118936540200_a967,high,10.0,3,15,1118936550600,1118936550100,994,958,3,1118936550100,1118936551100,2
train,129,s0_t1118936540200_a967,high,10.0,5,21,1118936553600,1118936553100,1007,994,3,1118936553100,1118936554100,3
train,129,s0_t1118936540200_a967,high,10.0,5,22,1118936554100,1118936553600,994,1007,3,1118936553600,1118936554600,3
train,129,s0_t1118936540200_a967,high,15.0,2,14,1118936550100,1118936549600,960,994,3,1118936549600,1118936550600,3
train,129,s0_t1118936540200_a967,high,15.0,2,17,1118936551600,1118936551100,994,960,3,1118936551100,1118936552100,3
train,129,s0_t1118936540200_a967,high,15.0,6,21,1118936553600,1118936553100,1007,994,3,1118936553100,1118936554100,3
train,129,s0_t1118936540200_a967,high,20.0,2,14,1118936550100,1118936549600,960,994,3,1118936549600,1118936550600,3
train,129,s0_t1118936540200_a967,high,20.0,2,17,1118936551600,1118936551100,994,960,3,1118936551100,1118936552100,3
train,129,s0_t1118936540200_a967,high,20.0,6,21,1118936553600,1118936553100,1007,994,3,1118936553100,1118936554100,3
train,130,s0_t1118936540200_a1009,high,-5.0,3,8,1118936547100,1118936546600,960,1018,3,1118936546600,1118936547600,3
train,130,s0_t1118936540200_a1009,high,0.0,2,12,1118936549100,1118936548600,967,1007,3,1118936548600,1118936549600,3
train,130,s0_t1118936540200_a1009,high,0.0,2,13,1118936549600,1118936549100,1007,967,3,1118936549100,1118936550100,3
train,130,s0_t1118936540200_a1009,high,0.0,1,23,1118936554600,1118936554100,982,1009,3,1118936554100,1118936555100,2
train,130,s0_t1118936540200_a1009,high,5.0,2,23,1118936554600,1118936554100,982,1009,3,1118936554100,1118936555100,2
train,130,s0_t1118936540200_a1009,high,5.0,3,27,1118936556600,1118936556100,982,1009,3,1118936556100,1118936557100,3
train,130,s0_t1118936540200_a1009,high,10.0,2,23,1118936554600,1118936554100,982,1009,3,1118936554100,1118936555100,2
train,130,s0_t1118936540200_a1009,high,15.0,2,23,1118936554600,1118936554100,982,1009,3,1118936554100,1118936555100,2
train,130,s0_t1118936540200_a1009,high,20.0,2,23,1118936554600,1118936554100,982,1009,3,1118936554100,1118936555100,2
train,131,s0_t1118936560200_a940,high,-5.0,5,1,1118936563600,1118936563100,938,940,3,1118936563100,1118936564100,3
train,131,s0_t1118936560200_a940,high,0.0,5,1,1118936563600,1118936563100,938,940,3,1118936563100,1118936564100,3
train,131,s0_t1118936560200_a940,high,5.0,5,1,1118936563600,1118936563100,938,940,3,1118936563100,1118936564100,3
train,131,s0_t1118936560200_a940,high,5.0,7,2,1118936564100,1118936563600,942,946,3,1118936563600,1118936564600,2
train,131,s0_t1118936560200_a940,high,10.0,5,1,1118936563600,1118936563100,938,940,3,1118936563100,1118936564100,3
train,131,s0_t1118936560200_a940,high,10.0,7,2,1118936564100,1118936563600,942,946,3,1118936563600,1118936564600,2
train,131,s0_t1118936560200_a940,high,10.0,6,8,1118936567100,1118936566600,942,946,3,1118936566600,1118936567600,3
train,131,s0_t1118936560200_a940,high,15.0,5,1,1118936563600,1118936563100,938,940,3,1118936563100,1118936564100,3
train,131,s0_t1118936560200_a940,high,15.0,7,2,1118936564100,1118936563600,942,946,3,1118936563600,1118936564600,2
train,131,s0_t1118936560200_a940,high,15.0,6,9,1118936567600,1118936567100,942,946,3,1118936567100,1118936568100,3
train,131,s0_t1118936560200_a940,high,20.0,5,1,1118936563600,1118936563100,938,940,3,1118936563100,1118936564100,3
train,131,s0_t1118936560200_a940,high,20.0,7,2,1118936564100,1118936563600,942,946,3,1118936563600,1118936564600,2
train,131,s0_t1118936560200_a940,high,20.0,6,9,1118936567600,1118936567100,942,946,3,1118936567100,1118936568100,3
train,132,s0_t1118936560200_a984,high,-5.0,6,1,1118936563600,1118936563100,972,980,3,1118936563100,1118936564100,3
train,132,s0_t1118936560200_a984,high,-5.0,0,10,1118936568100,1118936567600,1003,989,3,1118936567600,1118936568600,3
train,132,s0_t1118936560200_a984,high,-5.0,0,11,1118936568600,1118936568100,989,1003,3,1118936568100,1118936569100,3
train,132,s0_t1118936560200_a984,high,-5.0,5,14,1118936570100,1118936569600,996,984,3,1118936569600,1118936570600,3
train,132,s0_t1118936560200_a984,high,0.0,7,1,1118936563600,1118936563100,972,980,3,1118936563100,1118936564100,3
train,132,s0_t1118936560200_a984,high,0.0,4,5,1118936565600,1118936565100,1003,1002,3,1118936565100,1118936566100,3
train,132,s0_t1118936560200_a984,high,0.0,1,10,1118936568100,1118936567600,1003,989,3,1118936567600,1118936568600,3
train,132,s0_t1118936560200_a984,high,0.0,1,11,1118936568600,1118936568100,989,1003,3,1118936568100,1118936569100,3
train,132,s0_t1118936560200_a984,high,0.0,5,14,1118936570100,1118936569600,996,984,3,1118936569600,1118936570600,3
train,132,s0_t1118936560200_a984,high,0.0,5,26,1118936576100,1118936575600,984,996,3,1118936575600,1118936576600,3
train,132,s0_t1118936560200_a984,high,5.0,7,1,1118936563600,1118936563100,972,980,3,1118936563100,1118936564100,3
train,132,s0_t1118936560200_a984,high,5.0,4,5,1118936565600,1118936565100,1003,1002,3,1118936565100,1118936566100,3
train,132,s0_t1118936560200_a984,high,5.0,1,10,1118936568100,1118936567600,1003,989,3,1118936567600,1118936568600,3
train,132,s0_t1118936560200_a984,high,5.0,1,11,1118936568600,1118936568100,989,1003,3,1118936568100,1118936569100,3
train,132,s0_t1118936560200_a984,high,5.0,6,14,1118936570100,1118936569600,996,984,3,1118936569600,1118936570600,3
train,132,s0_t1118936560200_a984,high,10.0,6,1,1118936563600,1118936563100,972,980,3,1118936563100,1118936564100,3
train,132,s0_t1118936560200_a984,high,10.0,4,5,1118936565600,1118936565100,1003,1002,3,1118936565100,1118936566100,3
train,132,s0_t1118936560200_a984,high,10.0,1,10,1118936568100,1118936567600,1003,989,3,1118936567600,1118936568600,3
train,132,s0_t1118936560200_a984,high,10.0,1,11,1118936568600,1118936568100,989,1003,3,1118936568100,1118936569100,3
train,132,s0_t1118936560200_a984,high,10.0,6,14,1118936570100,1118936569600,996,984,3,1118936569600,1118936570600,3
train,132,s0_t1118936560200_a984,high,15.0,6,1,1118936563600,1118936563100,972,980,3,1118936563100,1118936564100,3
train,132,s0_t1118936560200_a984,high,15.0,4,5,1118936565600,1118936565100,1003,1002,3,1118936565100,1118936566100,3
train,132,s0_t1118936560200_a984,high,15.0,1,9,1118936567600,1118936567100,1003,989,3,1118936567100,1118936568100,3
train,132,s0_t1118936560200_a984,high,15.0,3,10,1118936568100,1118936567600,1003,996,3,1118936567600,1118936568600,2
train,132,s0_t1118936560200_a984,high,15.0,1,11,1118936568600,1118936568100,989,1003,3,1118936568100,1118936569100,3
train,132,s0_t1118936560200_a984,high,15.0,7,14,1118936570100,1118936569600,996,984,3,1118936569600,1118936570600,3
train,132,s0_t1118936560200_a984,high,20.0,6,1,1118936563600,1118936563100,972,980,3,1118936563100,1118936564100,3
train,132,s0_t1118936560200_a984,high,20.0,4,5,1118936565600,1118936565100,1003,1002,3,1118936565100,1118936566100,3
train,132,s0_t1118936560200_a984,high,20.0,1,9,1118936567600,1118936567100,1003,989,3,1118936567100,1118936568100,3
train,132,s0_t1118936560200_a984,high,20.0,3,10,1118936568100,1118936567600,1003,996,3,1118936567600,1118936568600,2
train,132,s0_t1118936560200_a984,high,20.0,1,11,1118936568600,1118936568100,989,1003,3,1118936568100,1118936569100,3
train,132,s0_t1118936560200_a984,high,20.0,7,14,1118936570100,1118936569600,996,984,3,1118936569600,1118936570600,3
train,136,s0_t1118936580200_a1014,high,-5.0,4,7,1118936586600,1118936586100,1039,1207,3,1118936586100,1118936587100,3
train,136,s0_t1118936580200_a1014,high,-5.0,6,7,1118936586600,1118936586100,1207,1039,3,1118936586100,1118936587100,3
train,136,s0_t1118936580200_a1014,high,-5.0,5,18,1118936592100,1118936591600,1031,1044,3,1118936591600,1118936592600,3
train,136,s0_t1118936580200_a1014,high,0.0,4,8,1118936587100,1118936586600,1039,1207,3,1118936586600,1118936587600,2
train,136,s0_t1118936580200_a1014,high,5.0,3,18,1118936592100,1118936591600,1031,1044,3,1118936591600,1118936592600,3
train,136,s0_t1118936580200_a1014,high,5.0,3,19,1118936592600,1118936592100,1044,1031,3,1118936592100,1118936593100,2
train,136,s0_t1118936580200_a1014,high,10.0,7,12,1118936589100,1118936588600,1044,1207,3,1118936588600,1118936589600,2
train,137,s0_t1118936600200_a1013,high,-5.0,4,6,1118936606100,1118936605600,1023,1041,3,1118936605600,1118936606600,3
train,137,s0_t1118936600200_a1013,high,-5.0,3,8,1118936607100,1118936606600,1021,1034,3,1118936606600,1118936607600,3
train,137,s0_t1118936600200_a1013,high,-5.0,4,10,1118936608100,1118936607600,1041,1023,3,1118936607600,1118936608600,3
train,137,s0_t1118936600200_a1013,high,-5.0,4,17,1118936611600,1118936611100,1023,1041,3,1118936611100,1118936612100,3
train,137,s0_t1118936600200_a1013,high,-5.0,4,18,1118936612100,1118936611600,1041,1023,3,1118936611600,1118936612600,3
train,137,s0_t1118936600200_a1013,high,-5.0,3,19,1118936612600,1118936612100,1034,1021,3,1118936612100,1118936613100,3
train,137,s0_t1118936600200_a1013,high,-5.0,7,19,1118936612600,1118936612100,1021,1034,3,1118936612100,1118936613100,3
train,137,s0_t1118936600200_a1013,high,-5.0,3,21,1118936613600,1118936613100,1021,1041,3,1118936613100,1118936614100,2
train,137,s0_t1118936600200_a1013,high,-5.0,2,25,1118936615600,1118936615100,1021,1034,3,1118936615100,1118936616100,2
train,137,s0_t1118936600200_a1013,high,-5.0,6,25,1118936615600,1118936615100,1023,1041,3,1118936615100,1118936616100,3
train,137,s0_t1118936600200_a1013,high,-5.0,6,27,1118936616600,1118936616100,1041,1023,3,1118936616100,1118936617100,3
train,137,s0_t1118936600200_a1013,high,-5.0,6,28,1118936617100,1118936616600,1023,1041,3,1118936616600,1118936617600,3
train,137,s0_t1118936600200_a1013,high,-5.0,5,29,1118936617600,1118936617100,1021,1034,3,1118936617100,1118936618100,3
train,137,s0_t1118936600200_a1013,high,0.0,6,1,1118936603600,1118936603100,1021,1034,3,1118936603100,1118936604100,3
train,137,s0_t1118936600200_a1013,high,0.0,3,6,1118936606100,1118936605600,1023,1041,3,1118936605600,1118936606600,3
train,137,s0_t1118936600200_a1013,high,0.0,1,8,1118936607100,1118936606600,1021,1034,3,1118936606600,1118936607600,3
train,137,s0_t1118936600200_a1013,high,0.0,3,10,1118936608100,1118936607600,1041,1023,3,1118936607600,1118936608600,3
train,137,s0_t1118936600200_a1013,high,0.0,3,16,1118936611100,1118936610600,1023,1041,3,1118936610600,1118936611600,3
train,137,s0_t1118936600200_a1013,high,0.0,3,18,1118936612100,1118936611600,1041,1023,3,1118936611600,1118936612600,3
train,137,s0_t1118936600200_a1013,high,0.0,1,19,1118936612600,1118936612100,1034,1021,3,1118936612100,1118936613100,3
train,137,s0_t1118936600200_a1013,high,0.0,7,19,1118936612600,1118936612100,1021,1034,3,1118936612100,1118936613100,3
train,137,s0_t1118936600200_a1013,high,0.0,1,21,1118936613600,1118936613100,1021,1041,3,1118936613100,1118936614100,2
train,137,s0_t1118936600200_a1013,high,0.0,3,25,1118936615600,1118936615100,1021,1034,3,1118936615100,1118936616100,2
train,137,s0_t1118936600200_a1013,high,0.0,4,28,1118936617100,1118936616600,1023,1041,3,1118936616600,1118936617600,3
train,137,s0_t1118936600200_a1013,high,5.0,6,1,1118936603600,1118936603100,1021,1034,3,1118936603100,1118936604100,3
train,137,s0_t1118936600200_a1013,high,5.0,3,6,1118936606100,1118936605600,1023,1041,3,1118936605600,1118936606600,3
train,137,s0_t1118936600200_a1013,high,5.0,1,8,1118936607100,1118936606600,1021,1034,3,1118936606600,1118936607600,3
train,137,s0_t1118936600200_a1013,high,5.0,3,9,1118936607600,1118936607100,1041,1023,3,1118936607100,1118936608100,3
train,137,s0_t1118936600200_a1013,high,5.0,7,9,1118936607600,1118936607100,1023,1041,3,1118936607100,1118936608100,2
train,137,s0_t1118936600200_a1013,high,5.0,3,16,1118936611100,1118936610600,1023,1041,3,1118936610600,1118936611600,3
train,137,s0_t1118936600200_a1013,high,5.0,3,18,1118936612100,1118936611600,1041,1023,3,1118936611600,1118936612600,3
train,137,s0_t1118936600200_a1013,high,5.0,5,20,1118936613100,1118936612600,1021,1034,3,1118936612600,1118936613600,3
train,137,s0_t1118936600200_a1013,high,5.0,1,21,1118936613600,1118936613100,1023,1041,3,1118936613100,1118936614100,3
train,137,s0_t1118936600200_a1013,high,5.0,1,22,1118936614100,1118936613600,1041,1023,3,1118936613600,1118936614600,3
train,137,s0_t1118936600200_a1013,high,5.0,3,24,1118936615100,1118936614600,1021,1034,3,1118936614600,1118936615600,3
train,137,s0_t1118936600200_a1013,high,5.0,1,28,1118936617100,1118936616600,1023,1041,3,1118936616600,1118936617600,3
train,137,s0_t1118936600200_a1013,high,10.0,6,1,1118936603600,1118936603100,1021,1034,3,1118936603100,1118936604100,3
train,137,s0_t1118936600200_a1013,high,10.0,1,2,1118936604100,1118936603600,978,1013,3,1118936603600,1118936604600,2
train,137,s0_t1118936600200_a1013,high,10.0,4,6,1118936606100,1118936605600,1023,1041,3,1118936605600,1118936606600,3
train,137,s0_t1118936600200_a1013,high,10.0,4,9,1118936607600,1118936607100,1041,1023,3,1118936607100,1118936608100,3
train,137,s0_t1118936600200_a1013,high,10.0,7,9,1118936607600,1118936607100,1023,1041,3,1118936607100,1118936608100,2
train,137,s0_t1118936600200_a1013,high,10.0,3,11,1118936608600,1118936608100,1021,1034,3,1118936608100,1118936609100,3
train,137,s0_t1118936600200_a1013,high,10.0,4,16,1118936611100,1118936610600,1023,1041,3,1118936610600,1118936611600,3
train,137,s0_t1118936600200_a1013,high,10.0,4,18,1118936612100,1118936611600,1041,1023,3,1118936611600,1118936612600,3
train,137,s0_t1118936600200_a1013,high,10.0,5,20,1118936613100,1118936612600,1021,1034,3,1118936612600,1118936613600,3
train,137,s0_t1118936600200_a1013,high,10.0,4,24,1118936615100,1118936614600,1021,1034,3,1118936614600,1118936615600,3
train,137,s0_t1118936600200_a1013,high,10.0,1,27,1118936616600,1118936616100,1021,1034,3,1118936616100,1118936617100,3
train,137,s0_t1118936600200_a1013,high,10.0,3,27,1118936616600,1118936616100,1023,1041,3,1118936616100,1118936617100,3
train,137,s0_t1118936600200_a1013,high,10.0,3,29,1118936617600,1118936617100,1041,1023,3,1118936617100,1118936618100,3
train,137,s0_t1118936600200_a1013,high,10.0,3,30,1118936618100,1118936617600,1023,1041,2,1118936617600,1118936618100,2
train,137,s0_t1118936600200_a1013,high,15.0,6,1,1118936603600,1118936603100,1021,1034,3,1118936603100,1118936604100,3
train,137,s0_t1118936600200_a1013,high,15.0,1,2,1118936604100,1118936603600,978,1013,3,1118936603600,1118936604600,2
train,137,s0_t1118936600200_a1013,high,15.0,4,6,1118936606100,1118936605600,1023,1041,3,1118936605600,1118936606600,3
train,137,s0_t1118936600200_a1013,high,15.0,4,9,1118936607600,1118936607100,1041,1023,3,1118936607100,1118936608100,3
train,137,s0_t1118936600200_a1013,high,15.0,7,9,1118936607600,1118936607100,1023,1041,3,1118936607100,1118936608100,2
train,137,s0_t1118936600200_a1013,high,15.0,3,11,1118936608600,1118936608100,1021,1034,3,1118936608100,1118936609100,3
train,137,s0_t1118936600200_a1013,high,15.0,4,16,1118936611100,1118936610600,1023,1041,3,1118936610600,1118936611600,3
train,137,s0_t1118936600200_a1013,high,15.0,4,18,1118936612100,1118936611600,1041,1023,3,1118936611600,1118936612600,3
train,137,s0_t1118936600200_a1013,high,15.0,1,20,1118936613100,1118936612600,1041,1023,3,1118936612600,1118936613600,3
train,137,s0_t1118936600200_a1013,high,15.0,5,20,1118936613100,1118936612600,1021,1034,3,1118936612600,1118936613600,3
train,137,s0_t1118936600200_a1013,high,15.0,1,21,1118936613600,1118936613100,1023,1041,3,1118936613100,1118936614100,2
train,137,s0_t1118936600200_a1013,high,15.0,3,21,1118936613600,1118936613100,1041,1023,3,1118936613100,1118936614100,3
train,137,s0_t1118936600200_a1013,high,15.0,3,22,1118936614100,1118936613600,1023,1041,3,1118936613600,1118936614600,2
train,137,s0_t1118936600200_a1013,high,15.0,4,24,1118936615100,1118936614600,1021,1034,3,1118936614600,1118936615600,3
train,137,s0_t1118936600200_a1013,high,15.0,3,30,1118936618100,1118936617600,1023,1041,2,1118936617600,1118936618100,2
train,137,s0_t1118936600200_a1013,high,20.0,6,1,1118936603600,1118936603100,1021,1034,3,1118936603100,1118936604100,3
train,137,s0_t1118936600200_a1013,high,20.0,1,2,1118936604100,1118936603600,978,1013,3,1118936603600,1118936604600,2
train,137,s0_t1118936600200_a1013,high,20.0,4,6,1118936606100,1118936605600,1023,1041,3,1118936605600,1118936606600,3
train,137,s0_t1118936600200_a1013,high,20.0,4,9,1118936607600,1118936607100,1041,1023,3,1118936607100,1118936608100,3
train,137,s0_t1118936600200_a1013,high,20.0,7,9,1118936607600,1118936607100,1023,1041,3,1118936607100,1118936608100,3
train,137,s0_t1118936600200_a1013,high,20.0,4,10,1118936608100,1118936607600,1023,1041,3,1118936607600,1118936608600,3
train,137,s0_t1118936600200_a1013,high,20.0,7,10,1118936608100,1118936607600,1041,1034,3,1118936607600,1118936608600,3
train,137,s0_t1118936600200_a1013,high,20.0,3,11,1118936608600,1118936608100,1021,1034,3,1118936608100,1118936609100,3
train,137,s0_t1118936600200_a1013,high,20.0,7,11,1118936608600,1118936608100,1034,1021,3,1118936608100,1118936609100,2
train,137,s0_t1118936600200_a1013,high,20.0,4,12,1118936609100,1118936608600,1041,1023,3,1118936608600,1118936609600,3
train,137,s0_t1118936600200_a1013,high,20.0,4,16,1118936611100,1118936610600,1023,1041,3,1118936610600,1118936611600,3
train,137,s0_t1118936600200_a1013,high,20.0,4,18,1118936612100,1118936611600,1041,1023,3,1118936611600,1118936612600,3
train,137,s0_t1118936600200_a1013,high,20.0,4,24,1118936615100,1118936614600,1021,1034,3,1118936614600,1118936615600,3
train,137,s0_t1118936600200_a1013,high,20.0,1,27,1118936616600,1118936616100,1021,1034,3,1118936616100,1118936617100,3
train,137,s0_t1118936600200_a1013,high,20.0,3,30,1118936618100,1118936617600,1023,1041,2,1118936617600,1118936618100,2
train,139,s0_t1118936600200_a1065,high,-5.0,6,11,1118936608600,1118936608100,1021,1034,3,1118936608100,1118936609100,3
train,139,s0_t1118936600200_a1065,high,-5.0,6,13,1118936609600,1118936609100,1034,1021,3,1118936609100,1118936610100,3
train,139,s0_t1118936600200_a1065,high,-5.0,7,14,1118936610100,1118936609600,1023,1034,3,1118936609600,1118936610600,2
train,139,s0_t1118936600200_a1065,high,-5.0,4,15,1118936610600,1118936610100,1041,1023,3,1118936610100,1118936611100,3
train,139,s0_t1118936600200_a1065,high,-5.0,4,16,1118936611100,1118936610600,1023,1041,3,1118936610600,1118936611600,3
train,139,s0_t1118936600200_a1065,high,-5.0,6,16,1118936611100,1118936610600,1021,1034,3,1118936610600,1118936611600,3
train,139,s0_t1118936600200_a1065,high,-5.0,2,30,1118936618100,1118936617600,1041,1023,2,1118936617600,1118936618100,2
train,139,s0_t1118936600200_a1065,high,0.0,5,11,1118936608600,1118936608100,1021,1034,3,1118936608100,1118936609100,3
train,139,s0_t1118936600200_a1065,high,0.0,0,13,1118936609600,1118936609100,1041,1023,3,1118936609100,1118936610100,3
train,139,s0_t1118936600200_a1065,high,0.0,0,14,1118936610100,1118936609600,1023,1041,3,1118936609600,1118936610600,3
train,139,s0_t1118936600200_a1065,high,0.0,5,14,1118936610100,1118936609600,1034,1021,3,1118936609600,1118936610600,3
train,139,s0_t1118936600200_a1065,high,0.0,6,14,1118936610100,1118936609600,1041,1034,3,1118936609600,1118936610600,2
train,139,s0_t1118936600200_a1065,high,0.0,0,15,1118936610600,1118936610100,1041,1023,3,1118936610100,1118936611100,3
train,139,s0_t1118936600200_a1065,high,0.0,0,16,1118936611100,1118936610600,1023,1041,3,1118936610600,1118936611600,3
train,139,s0_t1118936600200_a1065,high,0.0,5,16,1118936611100,1118936610600,1021,1034,3,1118936610600,1118936611600,3
train,139,s0_t1118936600200_a1065,high,0.0,5,20,1118936613100,1118936612600,1034,1021,3,1118936612600,1118936613600,3
train,139,s0_t1118936600200_a1065,high,0.0,7,20,1118936613100,1118936612600,1021,1034,3,1118936612600,1118936613600,3
train,139,s0_t1118936600200_a1065,high,0.0,5,26,1118936616100,1118936615600,1021,1034,3,1118936615600,1118936616600,3
train,139,s0_t1118936600200_a1065,high,0.0,2,29,1118936617600,1118936617100,1041,1023,3,1118936617100,1118936618100,3
train,139,s0_t1118936600200_a1065,high,0.0,2,30,1118936618100,1118936617600,1023,1041,2,1118936617600,1118936618100,2
train,139,s0_t1118936600200_a1065,high,0.0,6,30,1118936618100,1118936617600,1021,1034,2,1118936617600,1118936618100,2
train,139,s0_t1118936600200_a1065,high,5.0,5,11,1118936608600,1118936608100,1021,1034,3,1118936608100,1118936609100,3
train,139,s0_t1118936600200_a1065,high,5.0,1,13,1118936609600,1118936609100,1041,1023,3,1118936609100,1118936610100,3
train,139,s0_t1118936600200_a1065,high,5.0,1,14,1118936610100,1118936609600,1023,1041,3,1118936609600,1118936610600,3
train,139,s0_t1118936600200_a1065,high,5.0,5,14,1118936610100,1118936609600,1034,1021,3,1118936609600,1118936610600,3
train,139,s0_t1118936600200_a1065,high,5.0,6,14,1118936610100,1118936609600,1041,1034,3,1118936609600,1118936610600,2
train,139,s0_t1118936600200_a1065,high,5.0,5,15,1118936610600,1118936610100,1021,1034,3,1118936610100,1118936611100,3
train,139,s0_t1118936600200_a1065,high,5.0,2,20,1118936613100,1118936612600,1021,1034,3,1118936612600,1118936613600,3
train,139,s0_t1118936600200_a1065,high,5.0,5,20,1118936613100,1118936612600,1034,1021,3,1118936612600,1118936613600,3
train,139,s0_t1118936600200_a1065,high,5.0,5,26,1118936616100,1118936615600,1021,1034,3,1118936615600,1118936616600,3
train,139,s0_t1118936600200_a1065,high,5.0,7,29,1118936617600,1118936617100,1041,1023,3,1118936617100,1118936618100,3
train,139,s0_t1118936600200_a1065,high,5.0,1,30,1118936618100,1118936617600,1021,1034,2,1118936617600,1118936618100,2
train,139,s0_t1118936600200_a1065,high,5.0,7,30,1118936618100,1118936617600,1023,1041,2,1118936617600,1118936618100,2
train,139,s0_t1118936600200_a1065,high,10.0,5,11,1118936608600,1118936608100,1021,1034,3,1118936608100,1118936609100,3
train,139,s0_t1118936600200_a1065,high,10.0,1,13,1118936609600,1118936609100,1041,1023,3,1118936609100,1118936610100,3
train,139,s0_t1118936600200_a1065,high,10.0,1,14,1118936610100,1118936609600,1023,1041,3,1118936609600,1118936610600,3
train,139,s0_t1118936600200_a1065,high,10.0,5,14,1118936610100,1118936609600,1034,1021,3,1118936609600,1118936610600,3
train,139,s0_t1118936600200_a1065,high,10.0,6,14,1118936610100,1118936609600,1041,1034,3,1118936609600,1118936610600,2
train,139,s0_t1118936600200_a1065,high,10.0,5,15,1118936610600,1118936610100,1021,1034,3,1118936610100,1118936611100,3
train,139,s0_t1118936600200_a1065,high,10.0,2,20,1118936613100,1118936612600,1021,1034,3,1118936612600,1118936613600,3
train,139,s0_t1118936600200_a1065,high,10.0,5,20,1118936613100,1118936612600,1034,1021,3,1118936612600,1118936613600,3
train,139,s0_t1118936600200_a1065,high,10.0,5,26,1118936616100,1118936615600,1021,1034,3,1118936615600,1118936616600,3
train,139,s0_t1118936600200_a1065,high,10.0,7,29,1118936617600,1118936617100,1041,1023,3,1118936617100,1118936618100,3
train,139,s0_t1118936600200_a1065,high,10.0,1,30,1118936618100,1118936617600,1021,1034,2,1118936617600,1118936618100,2
train,139,s0_t1118936600200_a1065,high,10.0,7,30,1118936618100,1118936617600,1023,1041,2,1118936617600,1118936618100,2
train,139,s0_t1118936600200_a1065,high,15.0,0,3,1118936604600,1118936604100,978,1013,3,1118936604100,1118936605100,3
train,139,s0_t1118936600200_a1065,high,15.0,0,4,1118936605100,1118936604600,1013,978,3,1118936604600,1118936605600,3
train,139,s0_t1118936600200_a1065,high,15.0,6,11,1118936608600,1118936608100,1021,1034,3,1118936608100,1118936609100,3
train,139,s0_t1118936600200_a1065,high,15.0,1,13,1118936609600,1118936609100,1041,1023,3,1118936609100,1118936610100,3
train,139,s0_t1118936600200_a1065,high,15.0,0,14,1118936610100,1118936609600,1041,1034,3,1118936609600,1118936610600,2
train,139,s0_t1118936600200_a1065,high,15.0,1,14,1118936610100,1118936609600,1023,1041,3,1118936609600,1118936610600,3
train,139,s0_t1118936600200_a1065,high,15.0,6,14,1118936610100,1118936609600,1034,1021,3,1118936609600,1118936610600,3
train,139,s0_t1118936600200_a1065,high,15.0,6,15,1118936610600,1118936610100,1021,1034,3,1118936610100,1118936611100,3
train,139,s0_t1118936600200_a1065,high,15.0,4,20,1118936613100,1118936612600,1021,1034,3,1118936612600,1118936613600,3
train,139,s0_t1118936600200_a1065,high,15.0,6,20,1118936613100,1118936612600,1034,1021,3,1118936612600,1118936613600,3
train,139,s0_t1118936600200_a1065,high,15.0,6,26,1118936616100,1118936615600,1021,1034,3,1118936615600,1118936616600,3
train,139,s0_t1118936600200_a1065,high,15.0,7,29,1118936617600,1118936617100,1041,1023,3,1118936617100,1118936618100,3
train,139,s0_t1118936600200_a1065,high,15.0,0,30,1118936618100,1118936617600,1021,1034,2,1118936617600,1118936618100,2
train,139,s0_t1118936600200_a1065,high,15.0,7,30,1118936618100,1118936617600,1023,1041,2,1118936617600,1118936618100,2
train,139,s0_t1118936600200_a1065,high,20.0,0,3,1118936604600,1118936604100,978,1013,3,1118936604100,1118936605100,3
train,139,s0_t1118936600200_a1065,high,20.0,0,4,1118936605100,1118936604600,1013,978,3,1118936604600,1118936605600,3
train,139,s0_t1118936600200_a1065,high,20.0,7,11,1118936608600,1118936608100,1021,1034,3,1118936608100,1118936609100,3
train,139,s0_t1118936600200_a1065,high,20.0,1,13,1118936609600,1118936609100,1041,1023,3,1118936609100,1118936610100,3
train,139,s0_t1118936600200_a1065,high,20.0,7,14,1118936610100,1118936609600,1034,1021,3,1118936609600,1118936610600,3
train,139,s0_t1118936600200_a1065,high,20.0,7,15,1118936610600,1118936610100,1021,1034,3,1118936610100,1118936611100,3
train,139,s0_t1118936600200_a1065,high,20.0,1,16,1118936611100,1118936610600,1023,1041,3,1118936610600,1118936611600,3
train,139,s0_t1118936600200_a1065,high,20.0,1,18,1118936612100,1118936611600,1041,1023,3,1118936611600,1118936612600,3
train,139,s0_t1118936600200_a1065,high,20.0,0,19,1118936612600,1118936612100,1041,1023,3,1118936612100,1118936613100,2
train,139,s0_t1118936600200_a1065,high,20.0,1,19,1118936612600,1118936612100,1023,1041,3,1118936612100,1118936613100,2
train,139,s0_t1118936600200_a1065,high,20.0,5,20,1118936613100,1118936612600,1021,1034,3,1118936612600,1118936613600,3
train,139,s0_t1118936600200_a1065,high,20.0,7,20,1118936613100,1118936612600,1034,1021,3,1118936612600,1118936613600,3
train,139,s0_t1118936600200_a1065,high,20.0,7,26,1118936616100,1118936615600,1021,1034,3,1118936615600,1118936616600,3
train,139,s0_t1118936600200_a1065,high,20.0,2,29,1118936617600,1118936617100,1041,1023,3,1118936617100,1118936618100,3
train,139,s0_t1118936600200_a1065,high,20.0,0,30,1118936618100,1118936617600,1021,1034,2,1118936617600,1118936618100,2
train,139,s0_t1118936600200_a1065,high,20.0,2,30,1118936618100,1118936617600,1023,1041,2,1118936617600,1118936618100,2
train,141,s0_t1118936620200_a1069,mid,-5.0,2,1,1118936623600,1118936623100,1049,1031,3,1118936623100,1118936624100,3
train,141,s0_t1118936620200_a1069,mid,0.0,2,1,1118936623600,1118936623100,1049,1031,3,1118936623100,1118936624100,3
train,141,s0_t1118936620200_a1069,mid,5.0,2,1,1118936623600,1118936623100,1049,1031,3,1118936623100,1118936624100,3
train,141,s0_t1118936620200_a1069,mid,10.0,2,1,1118936623600,1118936623100,1049,1031,3,1118936623100,1118936624100,3
train,141,s0_t1118936620200_a1069,mid,15.0,2,1,1118936623600,1118936623100,1049,1031,3,1118936623100,1118936624100,3
train,141,s0_t1118936620200_a1069,mid,20.0,2,1,1118936623600,1118936623100,1049,1031,3,1118936623100,1118936624100,3
train,142,s0_t1118936620200_a1074,high,-5.0,6,4,1118936625100,1118936624600,1068,1067,3,1118936624600,1118936625600,3
train,142,s0_t1118936620200_a1074,high,-5.0,4,7,1118936626600,1118936626100,1070,1077,3,1118936626100,1118936627100,3
train,142,s0_t1118936620200_a1074,high,-5.0,6,9,1118936627600,1118936627100,1067,1068,3,1118936627100,1118936628100,3
train,142,s0_t1118936620200_a1074,high,-5.0,2,10,1118936628100,1118936627600,1077,1070,3,1118936627600,1118936628600,3
train,142,s0_t1118936620200_a1074,high,-5.0,6,10,1118936628100,1118936627600,1068,1067,3,1118936627600,1118936628600,3
train,142,s0_t1118936620200_a1074,high,-5.0,2,16,1118936631100,1118936630600,1070,1077,3,1118936630600,1118936631600,3
train,142,s0_t1118936620200_a1074,high,-5.0,2,17,1118936631600,1118936631100,1077,1070,3,1118936631100,1118936632100,2
train,142,s0_t1118936620200_a1074,high,-5.0,2,23,1118936634600,1118936634100,1070,1077,3,1118936634100,1118936635100,3
train,142,s0_t1118936620200_a1074,high,-5.0,2,24,1118936635100,1118936634600,1077,1070,3,1118936634600,1118936635600,3
train,142,s0_t1118936620200_a1074,high,-5.0,2,27,1118936636600,1118936636100,1070,1077,3,1118936636100,1118936637100,3
train,142,s0_t1118936620200_a1074,high,-5.0,2,28,1118936637100,1118936636600,1077,1070,3,1118936636600,1118936637600,3
train,142,s0_t1118936620200_a1074,high,-5.0,5,30,1118936638100,1118936637600,1068,1067,2,1118936637600,1118936638100,2
train,142,s0_t1118936620200_a1074,high,-5.0,6,30,1118936638100,1118936637600,1067,1068,2,1118936637600,1118936638100,2
train,142,s0_t1118936620200_a1074,high,0.0,5,2,1118936624100,1118936623600,1068,1067,3,1118936623600,1118936624600,2
train,142,s0_t1118936620200_a1074,high,0.0,6,3,1118936624600,1118936624100,1077,1070,3,1118936624100,1118936625100,2
train,142,s0_t1118936620200_a1074,high,0.0,2,10,1118936628100,1118936627600,1068,1067,3,1118936627600,1118936628600,3
train,142,s0_t1118936620200_a1074,high,0.0,3,10,1118936628100,1118936627600,1070,1077,3,1118936627600,1118936628600,3
train,142,s0_t1118936620200_a1074,high,0.0,2,15,1118936630600,1118936630100,1067,1068,3,1118936630100,1118936631100,3
train,142,s0_t1118936620200_a1074,high,0.0,6,15,1118936630600,1118936630100,1068,1067,3,1118936630100,1118936631100,3
train,142,s0_t1118936620200_a1074,high,0.0,0,25,1118936635600,1118936635100,1077,1070,3,1118936635100,1118936636100,3
train,142,s0_t1118936620200_a1074,high,0.0,0,27,1118936636600,1118936636100,1070,1077,3,1118936636100,1118936637100,2
train,142,s0_t1118936620200_a1074,high,5.0,6,1,1118936623600,1118936623100,1070,1068,3,1118936623100,1118936624100,3
train,142,s0_t1118936620200_a1074,high,5.0,6,2,1118936624100,1118936623600,1068,1067,3,1118936623600,1118936624600,2
train,142,s0_t1118936620200_a1074,high,5.0,7,4,1118936625100,1118936624600,1070,1067,3,1118936624600,1118936625600,2
train,142,s0_t1118936620200_a1074,high,5.0,2,16,1118936631100,1118936630600,1068,1067,3,1118936630600,1118936631600,3
train,142,s0_t1118936620200_a1074,high,5.0,7,16,1118936631100,1118936630600,1067,1068,3,1118936630600,1118936631600,3
train,142,s0_t1118936620200_a1074,high,5.0,7,19,1118936632600,1118936632100,1068,1067,3,1118936632100,1118936633100,2
train,142,s0_t1118936620200_a1074,high,5.0,3,25,1118936635600,1118936635100,1077,1070,3,1118936635100,1118936636100,3
train,142,s0_t1118936620200_a1074,high,5.0,3,27,1118936636600,1118936636100,1070,1077,3,1118936636100,1118936637100,2
train,142,s0_t1118936620200_a1074,high,10.0,0,4,1118936625100,1118936624600,1070,1067,3,1118936624600,1118936625600,2
train,142,s0_t1118936620200_a1074,high,10.0,5,4,1118936625100,1118936624600,1067,1068,3,1118936624600,1118936625600,3
train,142,s0_t1118936620200_a1074,high,10.0,5,5,1118936625600,1118936625100,1068,1067,3,1118936625100,1118936626100,3
train,142,s0_t1118936620200_a1074,high,10.0,3,8,1118936627100,1118936626600,1074,1068,3,1118936626600,1118936627600,3
train,142,s0_t1118936620200_a1074,high,10.0,6,8,1118936627100,1118936626600,1077,1070,3,1118936626600,1118936627600,2
train,142,s0_t1118936620200_a1074,high,10.0,3,9,1118936627600,1118936627100,1068,1074,3,1118936627100,1118936628100,3
train,142,s0_t1118936620200_a1074,high,10.0,7,16,1118936631100,1118936630600,1068,1067,3,1118936630600,1118936631600,3
train,142,s0_t1118936620200_a1074,high,10.0,3,25,1118936635600,1118936635100,1077,1070,3,1118936635100,1118936636100,3
train,142,s0_t1118936620200_a1074,high,10.0,3,27,1118936636600,1118936636100,1070,1077,3,1118936636100,1118936637100,2
train,142,s0_t1118936620200_a1074,high,15.0,0,4,1118936625100,1118936624600,1070,1067,3,1118936624600,1118936625600,2
train,142,s0_t1118936620200_a1074,high,15.0,5,4,1118936625100,1118936624600,1067,1068,3,1118936624600,1118936625600,3
train,142,s0_t1118936620200_a1074,high,15.0,5,5,1118936625600,1118936625100,1068,1067,3,1118936625100,1118936626100,3
train,142,s0_t1118936620200_a1074,high,15.0,3,8,1118936627100,1118936626600,1074,1068,3,1118936626600,1118936627600,3
train,142,s0_t1118936620200_a1074,high,15.0,6,8,1118936627100,1118936626600,1077,1070,3,1118936626600,1118936627600,2
train,142,s0_t1118936620200_a1074,high,15.0,3,9,1118936627600,1118936627100,1068,1074,3,1118936627100,1118936628100,3
train,142,s0_t1118936620200_a1074,high,15.0,5,16,1118936631100,1118936630600,1067,1068,3,1118936630600,1118936631600,3
train,142,s0_t1118936620200_a1074,high,15.0,7,16,1118936631100,1118936630600,1068,1067,3,1118936630600,1118936631600,3
train,142,s0_t1118936620200_a1074,high,15.0,3,25,1118936635600,1118936635100,1077,1070,3,1118936635100,1118936636100,3
train,142,s0_t1118936620200_a1074,high,15.0,3,27,1118936636600,1118936636100,1070,1077,3,1118936636100,1118936637100,2
train,142,s0_t1118936620200_a1074,high,15.0,0,30,1118936638100,1118936637600,1067,1068,2,1118936637600,1118936638100,2
train,142,s0_t1118936620200_a1074,high,15.0,2,30,1118936638100,1118936637600,1070,1077,2,1118936637600,1118936638100,2
train,142,s0_t1118936620200_a1074,high,15.0,7,30,1118936638100,1118936637600,1068,1067,2,1118936637600,1118936638100,2
train,142,s0_t1118936620200_a1074,high,20.0,6,1,1118936623600,1118936623100,1077,1068,3,1118936623100,1118936624100,3
train,142,s0_t1118936620200_a1074,high,20.0,0,4,1118936625100,1118936624600,1070,1067,3,1118936624600,1118936625600,2
train,142,s0_t1118936620200_a1074,high,20.0,5,4,1118936625100,1118936624600,1067,1068,3,1118936624600,1118936625600,3
train,142,s0_t1118936620200_a1074,high,20.0,5,5,1118936625600,1118936625100,1068,1067,3,1118936625100,1118936626100,3
train,142,s0_t1118936620200_a1074,high,20.0,2,16,1118936631100,1118936630600,1068,1067,3,1118936630600,1118936631600,3
train,142,s0_t1118936620200_a1074,high,20.0,5,16,1118936631100,1118936630600,1067,1068,3,1118936630600,1118936631600,3
train,142,s0_t1118936620200_a1074,high,20.0,3,25,1118936635600,1118936635100,1077,1070,3,1118936635100,1118936636100,3
train,142,s0_t1118936620200_a1074,high,20.0,3,27,1118936636600,1118936636100,1070,1077,3,1118936636100,1118936637100,2
train,142,s0_t1118936620200_a1074,high,20.0,0,30,1118936638100,1118936637600,1067,1068,2,1118936637600,1118936638100,2
train,142,s0_t1118936620200_a1074,high,20.0,2,30,1118936638100,1118936637600,1068,1067,2,1118936637600,1118936638100,2
train,142,s0_t1118936620200_a1074,high,20.0,4,30,1118936638100,1118936637600,1070,1077,2,1118936637600,1118936638100,2
train,143,s0_t1118936640200_a1044,high,-5.0,0,1,1118936643600,1118936643100,1037,1051,3,1118936643100,1118936644100,3
train,143,s0_t1118936640200_a1044,high,-5.0,6,2,1118936644100,1118936643600,1039,1037,3,1118936643600,1118936644600,2
train,143,s0_t1118936640200_a1044,high,-5.0,2,4,1118936645100,1118936644600,1017,1044,3,1118936644600,1118936645600,3
train,143,s0_t1118936640200_a1044,high,-5.0,2,5,1118936645600,1118936645100,1044,1017,3,1118936645100,1118936646100,3
train,143,s0_t1118936640200_a1044,high,-5.0,0,6,1118936646100,1118936645600,1051,1037,3,1118936645600,1118936646600,3
train,143,s0_t1118936640200_a1044,high,-5.0,2,9,1118936647600,1118936647100,1017,1044,3,1118936647100,1118936648100,2
train,143,s0_t1118936640200_a1044,high,-5.0,7,9,1118936647600,1118936647100,1079,1039,3,1118936647100,1118936648100,3
train,143,s0_t1118936640200_a1044,high,-5.0,0,19,1118936652600,1118936652100,1039,1079,3,1118936652100,1118936653100,2
train,143,s0_t1118936640200_a1044,high,-5.0,2,20,1118936653100,1118936652600,1051,1037,3,1118936652600,1118936653600,3
train,143,s0_t1118936640200_a1044,high,-5.0,2,21,1118936653600,1118936653100,1037,1051,3,1118936653100,1118936654100,3
train,143,s0_t1118936640200_a1044,high,-5.0,2,22,1118936654100,1118936653600,1051,1037,3,1118936653600,1118936654600,3
train,143,s0_t1118936640200_a1044,high,-5.0,2,24,1118936655100,1118936654600,1037,1051,3,1118936654600,1118936655600,2
train,143,s0_t1118936640200_a1044,high,-5.0,5,24,1118936655100,1118936654600,1051,1037,3,1118936654600,1118936655600,3
train,143,s0_t1118936640200_a1044,high,-5.0,5,25,1118936655600,1118936655100,1037,1051,3,1118936655100,1118936656100,3
train,143,s0_t1118936640200_a1044,high,-5.0,4,26,1118936656100,1118936655600,1044,1037,3,1118936655600,1118936656600,3
train,143,s0_t1118936640200_a1044,high,-5.0,4,27,1118936656600,1118936656100,1037,1044,3,1118936656100,1118936657100,3
train,143,s0_t1118936640200_a1044,high,0.0,6,2,1118936644100,1118936643600,1039,1037,3,1118936643600,1118936644600,2
train,143,s0_t1118936640200_a1044,high,0.0,7,4,1118936645100,1118936644600,1079,1039,3,1118936644600,1118936645600,3
train,143,s0_t1118936640200_a1044,high,0.0,2,8,1118936647100,1118936646600,1044,1037,3,1118936646600,1118936647600,2
train,143,s0_t1118936640200_a1044,high,0.0,7,9,1118936647600,1118936647100,1039,1079,3,1118936647100,1118936648100,3
train,143,s0_t1118936640200_a1044,high,0.0,6,10,1118936648100,1118936647600,1039,1079,3,1118936647600,1118936648600,2
train,143,s0_t1118936640200_a1044,high,0.0,7,10,1118936648100,1118936647600,1079,1039,3,1118936647600,1118936648600,3
train,143,s0_t1118936640200_a1044,high,0.0,5,12,1118936649100,1118936648600,1044,1037,3,1118936648600,1118936649600,3
train,143,s0_t1118936640200_a1044,high,0.0,7,13,1118936649600,1118936649100,1039,1079,3,1118936649100,1118936650100,3
train,143,s0_t1118936640200_a1044,high,0.0,3,18,1118936652100,1118936651600,1037,1044,3,1118936651600,1118936652600,3
train,143,s0_t1118936640200_a1044,high,0.0,3,19,1118936652600,1118936652100,1044,1037,3,1118936652100,1118936653100,3
train,143,s0_t1118936640200_a1044,high,0.0,3,20,1118936653100,1118936652600,1037,1044,3,1118936652600,1118936653600,3
train,143,s0_t1118936640200_a1044,high,0.0,3,22,1118936654100,1118936653600,1044,1037,3,1118936653600,1118936654600,2
train,143,s0_t1118936640200_a1044,high,5.0,6,2,1118936644100,1118936643600,1039,1037,3,1118936643600,1118936644600,2
train,143,s0_t1118936640200_a1044,high,5.0,4,8,1118936647100,1118936646600,1037,1044,3,1118936646600,1118936647600,3
train,143,s0_t1118936640200_a1044,high,5.0,3,10,1118936648100,1118936647600,1017,1037,3,1118936647600,1118936648600,2
train,143,s0_t1118936640200_a1044,high,5.0,6,11,1118936648600,1118936648100,1051,1037,3,1118936648100,1118936649100,2
train,143,s0_t1118936640200_a1044,high,5.0,0,12,1118936649100,1118936648600,1044,1037,3,1118936648600,1118936649600,2
train,143,s0_t1118936640200_a1044,high,5.0,7,12,1118936649100,1118936648600,1039,1079,3,1118936648600,1118936649600,3
train,143,s0_t1118936640200_a1044,high,5.0,7,16,1118936651100,1118936650600,1079,1039,3,1118936650600,1118936651600,3
train,143,s0_t1118936640200_a1044,high,5.0,4,18,1118936652100,1118936651600,1017,1044,3,1118936651600,1118936652600,3
train,143,s0_t1118936640200_a1044,high,5.0,7,18,1118936652100,1118936651600,1039,1079,3,1118936651600,1118936652600,3
train,143,s0_t1118936640200_a1044,high,5.0,7,25,1118936655600,1118936655100,1079,1039,3,1118936655100,1118936656100,3
train,143,s0_t1118936640200_a1044,high,5.0,0,27,1118936656600,1118936656100,1044,1079,3,1118936656100,1118936657100,2
train,143,s0_t1118936640200_a1044,high,5.0,4,30,1118936658100,1118936657600,1079,1039,2,1118936657600,1118936658100,2
train,143,s0_t1118936640200_a1044,high,10.0,6,2,1118936644100,1118936643600,1039,1037,3,1118936643600,1118936644600,2
train,143,s0_t1118936640200_a1044,high,10.0,4,8,1118936647100,1118936646600,1037,1044,3,1118936646600,1118936647600,3
train,143,s0_t1118936640200_a1044,high,10.0,4,9,1118936647600,1118936647100,1044,1017,3,1118936647100,1118936648100,2
train,143,s0_t1118936640200_a1044,high,10.0,6,10,1118936648100,1118936647600,1044,1037,3,1118936647600,1118936648600,2
train,143,s0_t1118936640200_a1044,high,10.0,7,11,1118936648600,1118936648100,1051,1037,3,1118936648100,1118936649100,2
train,143,s0_t1118936640200_a1044,high,10.0,1,12,1118936649100,1118936648600,1044,1037,3,1118936648600,1118936649600,2
train,143,s0_t1118936640200_a1044,high,10.0,3,12,1118936649100,1118936648600,1039,1079,3,1118936648600,1118936649600,3
train,143,s0_t1118936640200_a1044,high,10.0,1,16,1118936651100,1118936650600,1037,1044,3,1118936650600,1118936651600,3
train,143,s0_t1118936640200_a1044,high,10.0,3,25,1118936655600,1118936655100,1079,1039,3,1118936655100,1118936656100,3
train,143,s0_t1118936640200_a1044,high,10.0,3,26,1118936656100,1118936655600,1039,1079,3,1118936655600,1118936656600,3
train,143,s0_t1118936640200_a1044,high,10.0,7,28,1118936657100,1118936656600,1017,1079,3,1118936656600,1118936657600,2
train,143,s0_t1118936640200_a1044,high,15.0,4,11,1118936648600,1118936648100,1039,1079,3,1118936648100,1118936649100,3
train,143,s0_t1118936640200_a1044,high,15.0,4,12,1118936649100,1118936648600,1079,1039,3,1118936648600,1118936649600,3
train,143,s0_t1118936640200_a1044,high,15.0,4,21,1118936653600,1118936653100,1039,1079,3,1118936653100,1118936654100,3
train,143,s0_t1118936640200_a1044,high,15.0,5,24,1118936655100,1118936654600,1044,1017,3,1118936654600,1118936655600,2
train,143,s0_t1118936640200_a1044,high,20.0,5,11,1118936648600,1118936648100,1039,1079,3,1118936648100,1118936649100,3
train,143,s0_t1118936640200_a1044,high,20.0,5,12,1118936649100,1118936648600,1079,1039,3,1118936648600,1118936649600,3
train,143,s0_t1118936640200_a1044,high,20.0,5,22,1118936654100,1118936653600,1039,1079,3,1118936653600,1118936654600,3
train,143,s0_t1118936640200_a1044,high,20.0,5,25,1118936655600,1118936655100,1079,1039,3,1118936655100,1118936656100,3
train,143,s0_t1118936640200_a1044,high,20.0,5,26,1118936656100,1118936655600,1039,1079,3,1118936655600,1118936656600,2
train,143,s0_t1118936640200_a1044,high,20.0,4,27,1118936656600,1118936656100,1044,1037,3,1118936656100,1118936657100,2
train,143,s0_t1118936640200_a1044,high,20.0,6,27,1118936656600,1118936656100,1017,1044,3,1118936656100,1118936657100,3
train,143,s0_t1118936640200_a1044,high,20.0,6,28,1118936657100,1118936656600,1044,1017,3,1118936656600,1118936657600,3
train,143,s0_t1118936640200_a1044,high,20.0,6,30,1118936658100,1118936657600,1017,1079,2,1118936657600,1118936658100,2
train,144,s0_t1118936640200_a1077,high,-5.0,1,1,1118936643600,1118936643100,1080,1078,3,1118936643100,1118936644100,3
train,144,s0_t1118936640200_a1077,high,-5.0,4,2,1118936644100,1118936643600,1070,1068,3,1118936643600,1118936644600,2
train,144,s0_t1118936640200_a1077,high,-5.0,4,7,1118936646600,1118936646100,1080,1070,3,1118936646100,1118936647100,2
train,144,s0_t1118936640200_a1077,high,-5.0,4,11,1118936648600,1118936648100,1077,1099,3,1118936648100,1118936649100,2
train,144,s0_t1118936640200_a1077,high,-5.0,4,16,1118936651100,1118936650600,1080,1081,3,1118936650600,1118936651600,3
train,144,s0_t1118936640200_a1077,high,-5.0,5,18,1118936652100,1118936651600,1070,1077,3,1118936651600,1118936652600,3
train,144,s0_t1118936640200_a1077,high,-5.0,1,19,1118936652600,1118936652100,1078,1080,3,1118936652100,1118936653100,3
train,144,s0_t1118936640200_a1077,high,-5.0,1,21,1118936653600,1118936653100,1080,1078,3,1118936653100,1118936654100,3
train,144,s0_t1118936640200_a1077,high,-5.0,5,22,1118936654100,1118936653600,1077,1099,3,1118936653600,1118936654600,2
train,144,s0_t1118936640200_a1077,high,-5.0,6,22,1118936654100,1118936653600,1070,1077,3,1118936653600,1118936654600,2
train,144,s0_t1118936640200_a1077,high,-5.0,0,28,1118936657100,1118936656600,1077,1081,3,1118936656600,1118936657600,2
train,144,s0_t1118936640200_a1077,high,-5.0,3,30,1118936658100,1118936657600,1068,1067,2,1118936657600,1118936658100,2
train,144,s0_t1118936640200_a1077,high,0.0,2,2,1118936644100,1118936643600,1080,1077,3,1118936643600,1118936644600,3
train,144,s0_t1118936640200_a1077,high,0.0,4,2,1118936644100,1118936643600,1077,1080,3,1118936643600,1118936644600,3
train,144,s0_t1118936640200_a1077,high,0.0,2,4,1118936645100,1118936644600,1077,1099,3,1118936644600,1118936645600,3
train,144,s0_t1118936640200_a1077,high,0.0,3,4,1118936645100,1118936644600,1099,1077,3,1118936644600,1118936645600,2
train,144,s0_t1118936640200_a1077,high,0.0,0,7,1118936646600,1118936646100,1077,1081,3,1118936646100,1118936647100,3
train,144,s0_t1118936640200_a1077,high,0.0,7,7,1118936646600,1118936646100,1081,1080,3,1118936646100,1118936647100,3
train,144,s0_t1118936640200_a1077,high,0.0,0,8,1118936647100,1118936646600,1081,1077,3,1118936646600,1118936647600,3
train,144,s0_t1118936640200_a1077,high,0.0,7,8,1118936647100,1118936646600,1080,1081,3,1118936646600,1118936647600,2
train,144,s0_t1118936640200_a1077,high,0.0,0,17,1118936651600,1118936651100,1080,1081,3,1118936651100,1118936652100,2
train,144,s0_t1118936640200_a1077,high,0.0,2,20,1118936653100,1118936652600,1080,1081,3,1118936652600,1118936653600,3
train,144,s0_t1118936640200_a1077,high,0.0,2,21,1118936653600,1118936653100,1081,1080,3,1118936653100,1118936654100,3
train,144,s0_t1118936640200_a1077,high,0.0,7,21,1118936653600,1118936653100,1070,1099,3,1118936653100,1118936654100,2
train,144,s0_t1118936640200_a1077,high,5.0,3,8,1118936647100,1118936646600,1080,1081,3,1118936646600,1118936647600,2
train,144,s0_t1118936640200_a1077,high,5.0,0,9,1118936647600,1118936647100,1078,1080,3,1118936647100,1118936648100,2
train,144,s0_t1118936640200_a1077,high,5.0,2,9,1118936647600,1118936647100,1080,1078,3,1118936647100,1118936648100,3
train,144,s0_t1118936640200_a1077,high,5.0,4,16,1118936651100,1118936650600,1077,1081,3,1118936650600,1118936651600,2
train,144,s0_t1118936640200_a1077,high,5.0,0,17,1118936651600,1118936651100,1077,1099,3,1118936651100,1118936652100,2
train,144,s0_t1118936640200_a1077,high,5.0,7,17,1118936651600,1118936651100,1080,1081,3,1118936651100,1118936652100,2
train,144,s0_t1118936640200_a1077,high,5.0,3,19,1118936652600,1118936652100,1099,1077,3,1118936652100,1118936653100,2
train,144,s0_t1118936640200_a1077,high,5.0,6,27,1118936656600,1118936656100,1077,1099,3,1118936656100,1118936657100,3
train,144,s0_t1118936640200_a1077,high,5.0,3,29,1118936657600,1118936657100,1077,1099,3,1118936657100,1118936658100,3
train,144,s0_t1118936640200_a1077,high,5.0,6,29,1118936657600,1118936657100,1099,1077,3,1118936657100,1118936658100,2
train,144,s0_t1118936640200_a1077,high,5.0,3,30,1118936658100,1118936657600,1099,1077,2,1118936657600,1118936658100,2
train,144,s0_t1118936640200_a1077,high,10.0,3,8,1118936647100,1118936646600,1080,1081,3,1118936646600,1118936647600,2
train,144,s0_t1118936640200_a1077,high,10.0,0,9,1118936647600,1118936647100,1078,1080,3,1118936647100,1118936648100,2
train,144,s0_t1118936640200_a1077,high,10.0,2,9,1118936647600,1118936647100,1080,1078,3,1118936647100,1118936648100,3
train,144,s0_t1118936640200_a1077,high,10.0,0,13,1118936649600,1118936649100,1080,1078,3,1118936649100,1118936650100,3
train,144,s0_t1118936640200_a1077,high,10.0,0,14,1118936650100,1118936649600,1078,1080,3,1118936649600,1118936650600,3
train,144,s0_t1118936640200_a1077,high,10.0,0,17,1118936651600,1118936651100,1080,1081,3,1118936651100,1118936652100,2
train,144,s0_t1118936640200_a1077,high,10.0,3,17,1118936651600,1118936651100,1067,1068,3,1118936651100,1118936652100,2
train,144,s0_t1118936640200_a1077,high,10.0,5,18,1118936652100,1118936651600,1077,1080,3,1118936651600,1118936652600,3
train,144,s0_t1118936640200_a1077,high,10.0,6,18,1118936652100,1118936651600,1099,1068,3,1118936651600,1118936652600,3
train,144,s0_t1118936640200_a1077,high,10.0,4,20,1118936653100,1118936652600,1077,1099,3,1118936652600,1118936653600,3
train,144,s0_t1118936640200_a1077,high,10.0,5,20,1118936653100,1118936652600,1080,1070,3,1118936652600,1118936653600,3
train,144,s0_t1118936640200_a1077,high,10.0,5,21,1118936653600,1118936653100,1070,1080,3,1118936653100,1118936654100,3
train,144,s0_t1118936640200_a1077,high,10.0,6,23,1118936654600,1118936654100,1068,1099,3,1118936654100,1118936655100,3
train,144,s0_t1118936640200_a1077,high,10.0,6,24,1118936655100,1118936654600,1099,1068,3,1118936654600,1118936655600,3
train,144,s0_t1118936640200_a1077,high,10.0,0,25,1118936655600,1118936655100,1077,1070,3,1118936655100,1118936656100,3
train,144,s0_t1118936640200_a1077,high,10.0,6,25,1118936655600,1118936655100,1068,1099,3,1118936655100,1118936656100,3
train,144,s0_t1118936640200_a1077,high,15.0,3,8,1118936647100,1118936646600,1080,1081,3,1118936646600,1118936647600,2
train,144,s0_t1118936640200_a1077,high,15.0,0,9,1118936647600,1118936647100,1078,1080,3,1118936647100,1118936648100,2
train,144,s0_t1118936640200_a1077,high,15.0,2,9,1118936647600,1118936647100,1080,1078,3,1118936647100,1118936648100,3
train,144,s0_t1118936640200_a1077,high,15.0,7,14,1118936650100,1118936649600,1068,1067,3,1118936649600,1118936650600,3
train,144,s0_t1118936640200_a1077,high,15.0,3,15,1118936650600,1118936650100,1099,1068,3,1118936650100,1118936651100,3
train,144,s0_t1118936640200_a1077,high,15.0,6,17,1118936651600,1118936651100,1070,1077,3,1118936651100,1118936652100,3
train,144,s0_t1118936640200_a1077,high,15.0,6,19,1118936652600,1118936652100,1077,1080,3,1118936652100,1118936653100,3
train,144,s0_t1118936640200_a1077,high,15.0,4,20,1118936653100,1118936652600,1077,1099,3,1118936652600,1118936653600,3
train,144,s0_t1118936640200_a1077,high,15.0,0,25,1118936655600,1118936655100,1077,1070,3,1118936655100,1118936656100,3
train,144,s0_t1118936640200_a1077,high,15.0,4,27,1118936656600,1118936656100,1077,1070,3,1118936656100,1118936657100,2
train,144,s0_t1118936640200_a1077,high,20.0,3,8,1118936647100,1118936646600,1080,1081,3,1118936646600,1118936647600,2
train,144,s0_t1118936640200_a1077,high,20.0,0,9,1118936647600,1118936647100,1078,1080,3,1118936647100,1118936648100,2
train,144,s0_t1118936640200_a1077,high,20.0,2,9,1118936647600,1118936647100,1080,1078,3,1118936647100,1118936648100,3
train,144,s0_t1118936640200_a1077,high,20.0,0,13,1118936649600,1118936649100,1077,1068,3,1118936649100,1118936650100,2
train,144,s0_t1118936640200_a1077,high,20.0,1,15,1118936650600,1118936650100,1099,1068,3,1118936650100,1118936651100,2
train,144,s0_t1118936640200_a1077,high,20.0,5,17,1118936651600,1118936651100,1080,1081,3,1118936651100,1118936652100,2
train,144,s0_t1118936640200_a1077,high,20.0,3,20,1118936653100,1118936652600,1077,1099,3,1118936652600,1118936653600,3
train,144,s0_t1118936640200_a1077,high,20.0,1,21,1118936653600,1118936653100,1080,1070,3,1118936653100,1118936654100,3
train,144,s0_t1118936640200_a1077,high,20.0,6,21,1118936653600,1118936653100,1067,1068,3,1118936653100,1118936654100,2
train,144,s0_t1118936640200_a1077,high,20.0,7,21,1118936653600,1118936653100,1068,1067,3,1118936653100,1118936654100,3
train,144,s0_t1118936640200_a1077,high,20.0,5,25,1118936655600,1118936655100,1077,1070,3,1118936655100,1118936656100,3
train,144,s0_t1118936640200_a1077,high,20.0,6,25,1118936655600,1118936655100,1068,1067,3,1118936655100,1118936656100,3
train,144,s0_t1118936640200_a1077,high,20.0,3,27,1118936656600,1118936656100,1077,1070,3,1118936656100,1118936657100,3
train,144,s0_t1118936640200_a1077,high,20.0,4,27,1118936656600,1118936656100,1099,1077,3,1118936656100,1118936657100,3
train,144,s0_t1118936640200_a1077,high,20.0,3,28,1118936657100,1118936656600,1070,1067,3,1118936656600,1118936657600,2
train,145,s0_t1118936640200_a1207,high,-5.0,5,3,1118936644600,1118936644100,1079,1039,3,1118936644100,1118936645100,3
train,145,s0_t1118936640200_a1207,high,-5.0,2,10,1118936648100,1118936647600,1079,1039,3,1118936647600,1118936648600,3
train,145,s0_t1118936640200_a1207,high,-5.0,4,11,1118936648600,1118936648100,1051,1037,3,1118936648100,1118936649100,2
train,145,s0_t1118936640200_a1207,high,-5.0,2,12,1118936649100,1118936648600,1039,1079,3,1118936648600,1118936649600,3
train,145,s0_t1118936640200_a1207,high,-5.0,6,12,1118936649100,1118936648600,1044,1017,3,1118936648600,1118936649600,3
train,145,s0_t1118936640200_a1207,high,-5.0,2,14,1118936650100,1118936649600,1079,1039,3,1118936649600,1118936650600,3
train,145,s0_t1118936640200_a1207,high,-5.0,2,15,1118936650600,1118936650100,1039,1079,3,1118936650100,1118936651100,3
train,145,s0_t1118936640200_a1207,high,-5.0,2,19,1118936652600,1118936652100,1079,1039,3,1118936652100,1118936653100,3
train,145,s0_t1118936640200_a1207,high,-5.0,2,21,1118936653600,1118936653100,1039,1079,3,1118936653100,1118936654100,3
train,145,s0_t1118936640200_a1207,high,-5.0,5,21,1118936653600,1118936653100,1037,1044,3,1118936653100,1118936654100,3
train,145,s0_t1118936640200_a1207,high,-5.0,5,28,1118936657100,1118936656600,1044,1017,3,1118936656600,1118936657600,3
train,145,s0_t1118936640200_a1207,high,0.0,3,3,1118936644600,1118936644100,1079,1039,3,1118936644100,1118936645100,3
train,145,s0_t1118936640200_a1207,high,0.0,3,4,1118936645100,1118936644600,1039,1079,3,1118936644600,1118936645600,3
train,145,s0_t1118936640200_a1207,high,0.0,3,7,1118936646600,1118936646100,1079,1039,3,1118936646100,1118936647100,3
train,145,s0_t1118936640200_a1207,high,0.0,3,8,1118936647100,1118936646600,1039,1079,3,1118936646600,1118936647600,3
train,145,s0_t1118936640200_a1207,high,0.0,3,10,1118936648100,1118936647600,1079,1039,3,1118936647600,1118936648600,3
train,145,s0_t1118936640200_a1207,high,0.0,3,12,1118936649100,1118936648600,1039,1079,3,1118936648600,1118936649600,3
train,145,s0_t1118936640200_a1207,high,0.0,5,12,1118936649100,1118936648600,1079,1039,3,1118936648600,1118936649600,3
train,145,s0_t1118936640200_a1207,high,0.0,3,19,1118936652600,1118936652100,1079,1039,3,1118936652100,1118936653100,3
train,145,s0_t1118936640200_a1207,high,0.0,3,23,1118936654600,1118936654100,1039,1079,3,1118936654100,1118936655100,2
train,145,s0_t1118936640200_a1207,high,0.0,5,25,1118936655600,1118936655100,1051,1037,3,1118936655100,1118936656100,2
train,145,s0_t1118936640200_a1207,high,5.0,5,3,1118936644600,1118936644100,1079,1039,3,1118936644100,1118936645100,3
train,145,s0_t1118936640200_a1207,high,5.0,5,13,1118936649600,1118936649100,1079,1039,3,1118936649100,1118936650100,3
train,145,s0_t1118936640200_a1207,high,5.0,4,14,1118936650100,1118936649600,1017,1044,3,1118936649600,1118936650600,3
train,145,s0_t1118936640200_a1207,high,5.0,5,22,1118936654100,1118936653600,1039,1079,3,1118936653600,1118936654600,3
train,145,s0_t1118936640200_a1207,high,10.0,3,3,1118936644600,1118936644100,1039,1079,3,1118936644100,1118936645100,3
train,145,s0_t1118936640200_a1207,high,10.0,3,4,1118936645100,1118936644600,1079,1039,3,1118936644600,1118936645600,3
train,145,s0_t1118936640200_a1207,high,10.0,5,4,1118936645100,1118936644600,1039,1079,3,1118936644600,1118936645600,3
train,145,s0_t1118936640200_a1207,high,10.0,2,5,1118936645600,1118936645100,1017,1044,3,1118936645100,1118936646100,3
train,145,s0_t1118936640200_a1207,high,10.0,2,6,1118936646100,1118936645600,1044,1037,3,1118936645600,1118936646600,3
train,145,s0_t1118936640200_a1207,high,10.0,4,8,1118936647100,1118936646600,1051,1037,3,1118936646600,1118936647600,2
train,145,s0_t1118936640200_a1207,high,10.0,2,11,1118936648600,1118936648100,1037,1051,3,1118936648100,1118936649100,2
train,145,s0_t1118936640200_a1207,high,10.0,6,11,1118936648600,1118936648100,1051,1037,3,1118936648100,1118936649100,3
train,145,s0_t1118936640200_a1207,high,10.0,6,13,1118936649600,1118936649100,1037,1044,3,1118936649100,1118936650100,2
train,145,s0_t1118936640200_a1207,high,10.0,3,22,1118936654100,1118936653600,1039,1079,3,1118936653600,1118936654600,3
train,145,s0_t1118936640200_a1207,high,10.0,3,23,1118936654600,1118936654100,1079,1039,3,1118936654100,1118936655100,3
train,145,s0_t1118936640200_a1207,high,10.0,2,29,1118936657600,1118936657100,1039,1017,3,1118936657100,1118936658100,3
train,145,s0_t1118936640200_a1207,high,15.0,3,3,1118936644600,1118936644100,1039,1079,3,1118936644100,1118936645100,3
train,145,s0_t1118936640200_a1207,high,15.0,3,4,1118936645100,1118936644600,1079,1039,3,1118936644600,1118936645600,3
train,145,s0_t1118936640200_a1207,high,15.0,5,4,1118936645100,1118936644600,1039,1079,3,1118936644600,1118936645600,2
train,145,s0_t1118936640200_a1207,high,15.0,2,5,1118936645600,1118936645100,1017,1044,3,1118936645100,1118936646100,3
train,145,s0_t1118936640200_a1207,high,15.0,2,6,1118936646100,1118936645600,1044,1037,3,1118936645600,1118936646600,3
train,145,s0_t1118936640200_a1207,high,15.0,3,6,1118936646100,1118936645600,1039,1079,3,1118936645600,1118936646600,3
train,145,s0_t1118936640200_a1207,high,15.0,3,7,1118936646600,1118936646100,1079,1039,3,1118936646100,1118936647100,3
train,145,s0_t1118936640200_a1207,high,15.0,4,8,1118936647100,1118936646600,1051,1037,3,1118936646600,1118936647600,2
train,145,s0_t1118936640200_a1207,high,15.0,2,11,1118936648600,1118936648100,1037,1051,3,1118936648100,1118936649100,2
train,145,s0_t1118936640200_a1207,high,15.0,6,11,1118936648600,1118936648100,1051,1037,3,1118936648100,1118936649100,3
train,145,s0_t1118936640200_a1207,high,15.0,3,12,1118936649100,1118936648600,1039,1079,3,1118936648600,1118936649600,3
train,145,s0_t1118936640200_a1207,high,15.0,3,20,1118936653100,1118936652600,1079,1039,3,1118936652600,1118936653600,3
train,145,s0_t1118936640200_a1207,high,15.0,2,21,1118936653600,1118936653100,1044,1017,3,1118936653100,1118936654100,3
train,145,s0_t1118936640200_a1207,high,15.0,3,21,1118936653600,1118936653100,1039,1079,3,1118936653100,1118936654100,3
train,145,s0_t1118936640200_a1207,high,15.0,3,23,1118936654600,1118936654100,1079,1039,3,1118936654100,1118936655100,3
train,145,s0_t1118936640200_a1207,high,15.0,7,25,1118936655600,1118936655100,1037,1044,3,1118936655100,1118936656100,3
train,145,s0_t1118936640200_a1207,high,20.0,3,1,1118936643600,1118936643100,1044,1017,3,1118936643100,1118936644100,3
train,145,s0_t1118936640200_a1207,high,20.0,2,6,1118936646100,1118936645600,1044,1037,3,1118936645600,1118936646600,3
train,145,s0_t1118936640200_a1207,high,20.0,5,6,1118936646100,1118936645600,1079,1039,3,1118936645600,1118936646600,3
train,145,s0_t1118936640200_a1207,high,20.0,5,7,1118936646600,1118936646100,1039,1079,3,1118936646100,1118936647100,3
train,145,s0_t1118936640200_a1207,high,20.0,5,8,1118936647100,1118936646600,1079,1039,3,1118936646600,1118936647600,3
train,145,s0_t1118936640200_a1207,high,20.0,2,11,1118936648600,1118936648100,1037,1051,3,1118936648100,1118936649100,2
train,145,s0_t1118936640200_a1207,high,20.0,5,12,1118936649100,1118936648600,1039,1079,3,1118936648600,1118936649600,3
train,145,s0_t1118936640200_a1207,high,20.0,5,16,1118936651100,1118936650600,1079,1039,3,1118936650600,1118936651600,3
train,145,s0_t1118936640200_a1207,high,20.0,5,17,1118936651600,1118936651100,1039,1079,3,1118936651100,1118936652100,3
train,145,s0_t1118936640200_a1207,high,20.0,5,19,1118936652600,1118936652100,1079,1039,3,1118936652100,1118936653100,3
train,145,s0_t1118936640200_a1207,high,20.0,6,20,1118936653100,1118936652600,1044,1017,3,1118936652600,1118936653600,3
train,146,s0_t1118936660200_a1122,high,-5.0,5,1,1118936663600,1118936663100,1127,1121,3,1118936663100,1118936664100,3
train,146,s0_t1118936660200_a1122,high,-5.0,5,3,1118936664600,1118936664100,1121,1127,3,1118936664100,1118936665100,3
train,146,s0_t1118936660200_a1122,high,0.0,4,1,1118936663600,1118936663100,1127,1121,3,1118936663100,1118936664100,3
train,146,s0_t1118936660200_a1122,high,0.0,4,4,1118936665100,1118936664600,1121,1127,3,1118936664600,1118936665600,2
train,146,s0_t1118936660200_a1122,high,5.0,4,1,1118936663600,1118936663100,1127,1121,3,1118936663100,1118936664100,3
train,146,s0_t1118936660200_a1122,high,5.0,4,2,1118936664100,1118936663600,1121,1127,3,1118936663600,1118936664600,3
train,146,s0_t1118936660200_a1122,high,5.0,5,3,1118936664600,1118936664100,1120,1117,3,1118936664100,1118936665100,3
train,146,s0_t1118936660200_a1122,high,10.0,4,1,1118936663600,1118936663100,1108,1098,3,1118936663100,1118936664100,2
train,146,s0_t1118936660200_a1122,high,10.0,5,3,1118936664600,1118936664100,1120,1117,3,1118936664100,1118936665100,3
train,146,s0_t1118936660200_a1122,high,15.0,4,1,1118936663600,1118936663100,1108,1098,3,1118936663100,1118936664100,2
train,146,s0_t1118936660200_a1122,high,15.0,5,3,1118936664600,1118936664100,1120,1117,3,1118936664100,1118936665100,3
train,146,s0_t1118936660200_a1122,high,20.0,4,1,1118936663600,1118936663100,1108,1098,3,1118936663100,1118936664100,2
train,146,s0_t1118936660200_a1122,high,20.0,5,3,1118936664600,1118936664100,1120,1117,3,1118936664100,1118936665100,3
train,147,s0_t1118936660200_a1123,high,-5.0,0,3,1118936664600,1118936664100,1123,1106,3,1118936664100,1118936665100,2
train,147,s0_t1118936660200_a1123,high,-5.0,6,5,1118936665600,1118936665100,1118,1107,3,1118936665100,1118936666100,3
train,147,s0_t1118936660200_a1123,high,-5.0,6,7,1118936666600,1118936666100,1107,1118,3,1118936666100,1118936667100,3
train,147,s0_t1118936660200_a1123,high,-5.0,6,9,1118936667600,1118936667100,1118,1107,3,1118936667100,1118936668100,3
train,147,s0_t1118936660200_a1123,high,-5.0,6,10,1118936668100,1118936667600,1107,1118,3,1118936667600,1118936668600,3
train,147,s0_t1118936660200_a1123,high,-5.0,1,11,1118936668600,1118936668100,1112,1118,3,1118936668100,1118936669100,3
train,147,s0_t1118936660200_a1123,high,-5.0,6,11,1118936668600,1118936668100,1118,1107,3,1118936668100,1118936669100,3
train,147,s0_t1118936660200_a1123,high,-5.0,1,15,1118936670600,1118936670100,1118,1112,3,1118936670100,1118936671100,3
train,147,s0_t1118936660200_a1123,high,-5.0,5,15,1118936670600,1118936670100,1112,1118,3,1118936670100,1118936671100,3
train,147,s0_t1118936660200_a1123,high,-5.0,6,19,1118936672600,1118936672100,1107,1118,3,1118936672100,1118936673100,3
train,147,s0_t1118936660200_a1123,high,-5.0,0,20,1118936673100,1118936672600,1106,1102,3,1118936672600,1118936673600,3
train,147,s0_t1118936660200_a1123,high,0.0,6,1,1118936663600,1118936663100,1118,1112,3,1118936663100,1118936664100,2
train,147,s0_t1118936660200_a1123,high,0.0,7,1,1118936663600,1118936663100,1107,1118,3,1118936663100,1118936664100,3
train,147,s0_t1118936660200_a1123,high,0.0,7,2,1118936664100,1118936663600,1118,1107,3,1118936663600,1118936664600,3
train,147,s0_t1118936660200_a1123,high,0.0,7,6,1118936666100,1118936665600,1107,1118,3,1118936665600,1118936666600,3
train,147,s0_t1118936660200_a1123,high,0.0,3,8,1118936667100,1118936666600,1106,1107,3,1118936666600,1118936667600,3
train,147,s0_t1118936660200_a1123,high,0.0,3,14,1118936670100,1118936669600,1107,1106,3,1118936669600,1118936670600,3
train,147,s0_t1118936660200_a1123,high,0.0,6,14,1118936670100,1118936669600,1106,1102,3,1118936669600,1118936670600,3
train,147,s0_t1118936660200_a1123,high,0.0,7,16,1118936671100,1118936670600,1118,1107,3,1118936670600,1118936671600,3
train,147,s0_t1118936660200_a1123,high,0.0,7,19,1118936672600,1118936672100,1107,1118,3,1118936672100,1118936673100,3
train,147,s0_t1118936660200_a1123,high,0.0,6,20,1118936673100,1118936672600,1102,1106,3,1118936672600,1118936673600,3
train,147,s0_t1118936660200_a1123,high,0.0,6,22,1118936674100,1118936673600,1106,1102,3,1118936673600,1118936674600,3
train,147,s0_t1118936660200_a1123,high,0.0,7,22,1118936674100,1118936673600,1118,1107,3,1118936673600,1118936674600,3
train,147,s0_t1118936660200_a1123,high,0.0,7,26,1118936676100,1118936675600,1107,1118,3,1118936675600,1118936676600,3
train,147,s0_t1118936660200_a1123,high,5.0,6,2,1118936664100,1118936663600,1118,1107,3,1118936663600,1118936664600,3
train,147,s0_t1118936660200_a1123,high,5.0,1,6,1118936666100,1118936665600,1112,1118,3,1118936665600,1118936666600,3
train,147,s0_t1118936660200_a1123,high,5.0,7,6,1118936666100,1118936665600,1118,1112,3,1118936665600,1118936666600,3
train,147,s0_t1118936660200_a1123,high,5.0,5,9,1118936667600,1118936667100,1106,1107,3,1118936667100,1118936668100,3
train,147,s0_t1118936660200_a1123,high,5.0,6,9,1118936667600,1118936667100,1107,1106,3,1118936667100,1118936668100,3
train,147,s0_t1118936660200_a1123,high,5.0,1,11,1118936668600,1118936668100,1118,1112,3,1118936668100,1118936669100,3
train,147,s0_t1118936660200_a1123,high,5.0,4,11,1118936668600,1118936668100,1112,1118,3,1118936668100,1118936669100,2
train,147,s0_t1118936660200_a1123,high,5.0,5,12,1118936669100,1118936668600,1107,1106,3,1118936668600,1118936669600,3
train,147,s0_t1118936660200_a1123,high,5.0,6,12,1118936669100,1118936668600,1106,1107,3,1118936668600,1118936669600,3
train,147,s0_t1118936660200_a1123,high,10.0,7,3,1118936664600,1118936664100,1107,1118,3,1118936664100,1118936665100,3
train,147,s0_t1118936660200_a1123,high,10.0,7,7,1118936666600,1118936666100,1118,1107,3,1118936666100,1118936667100,3
train,147,s0_t1118936660200_a1123,high,10.0,6,9,1118936667600,1118936667100,1106,1107,3,1118936667100,1118936668100,3
train,147,s0_t1118936660200_a1123,high,10.0,7,9,1118936667600,1118936667100,1107,1106,3,1118936667100,1118936668100,3
train,147,s0_t1118936660200_a1123,high,10.0,6,12,1118936669100,1118936668600,1107,1106,3,1118936668600,1118936669600,3
train,147,s0_t1118936660200_a1123,high,10.0,7,12,1118936669100,1118936668600,1106,1107,3,1118936668600,1118936669600,3
train,147,s0_t1118936660200_a1123,high,10.0,1,15,1118936670600,1118936670100,1112,1118,3,1118936670100,1118936671100,3
train,147,s0_t1118936660200_a1123,high,10.0,5,15,1118936670600,1118936670100,1118,1112,3,1118936670100,1118936671100,3
train,147,s0_t1118936660200_a1123,high,10.0,3,17,1118936671600,1118936671100,1102,1106,3,1118936671100,1118936672100,3
train,147,s0_t1118936660200_a1123,high,10.0,3,19,1118936672600,1118936672100,1106,1102,3,1118936672100,1118936673100,3
train,147,s0_t1118936660200_a1123,high,10.0,7,19,1118936672600,1118936672100,1107,1118,3,1118936672100,1118936673100,3
train,147,s0_t1118936660200_a1123,high,10.0,3,22,1118936674100,1118936673600,1102,1106,3,1118936673600,1118936674600,3
train,147,s0_t1118936660200_a1123,high,10.0,3,26,1118936676100,1118936675600,1106,1102,3,1118936675600,1118936676600,3
train,147,s0_t1118936660200_a1123,high,10.0,3,28,1118936677100,1118936676600,1102,1106,3,1118936676600,1118936677600,2
train,147,s0_t1118936660200_a1123,high,15.0,4,1,1118936663600,1118936663100,1112,1118,3,1118936663100,1118936664100,2
train,147,s0_t1118936660200_a1123,high,15.0,3,7,1118936666600,1118936666100,1118,1112,3,1118936666100,1118936667100,3
train,147,s0_t1118936660200_a1123,high,15.0,7,7,1118936666600,1118936666100,1112,1118,3,1118936666100,1118936667100,3
train,147,s0_t1118936660200_a1123,high,15.0,4,9,1118936667600,1118936667100,1107,1106,3,1118936667100,1118936668100,3
train,147,s0_t1118936660200_a1123,high,15.0,6,9,1118936667600,1118936667100,1106,1107,3,1118936667100,1118936668100,3
train,147,s0_t1118936660200_a1123,high,15.0,4,12,1118936669100,1118936668600,1106,1107,3,1118936668600,1118936669600,3
train,147,s0_t1118936660200_a1123,high,15.0,6,12,1118936669100,1118936668600,1107,1106,3,1118936668600,1118936669600,3
train,147,s0_t1118936660200_a1123,high,15.0,3,15,1118936670600,1118936670100,1112,1118,3,1118936670100,1118936671100,2
train,147,s0_t1118936660200_a1123,high,15.0,7,15,1118936670600,1118936670100,1118,1112,3,1118936670100,1118936671100,3
train,147,s0_t1118936660200_a1123,high,15.0,6,23,1118936674600,1118936674100,1106,1102,3,1118936674100,1118936675100,3
train,147,s0_t1118936660200_a1123,high,20.0,4,1,1118936663600,1118936663100,1112,1118,3,1118936663100,1118936664100,3
train,147,s0_t1118936660200_a1123,high,20.0,4,2,1118936664100,1118936663600,1118,1123,3,1118936663600,1118936664600,3
train,147,s0_t1118936660200_a1123,high,20.0,6,9,1118936667600,1118936667100,1106,1107,3,1118936667100,1118936668100,3
train,147,s0_t1118936660200_a1123,high,20.0,7,9,1118936667600,1118936667100,1107,1106,3,1118936667100,1118936668100,3
train,147,s0_t1118936660200_a1123,high,20.0,6,12,1118936669100,1118936668600,1107,1106,3,1118936668600,1118936669600,3
train,147,s0_t1118936660200_a1123,high,20.0,7,12,1118936669100,1118936668600,1106,1107,3,1118936668600,1118936669600,3
train,147,s0_t1118936660200_a1123,high,20.0,0,15,1118936670600,1118936670100,1118,1112,3,1118936670100,1118936671100,3
train,147,s0_t1118936660200_a1123,high,20.0,3,15,1118936670600,1118936670100,1112,1118,3,1118936670100,1118936671100,2
train,147,s0_t1118936660200_a1123,high,20.0,6,23,1118936674600,1118936674100,1106,1102,3,1118936674100,1118936675100,3
train,148,s0_t1118936660200_a1128,high,-5.0,3,4,1118936665100,1118936664600,1127,1121,3,1118936664600,1118936665600,2
train,148,s0_t1118936660200_a1128,high,-5.0,5,13,1118936669600,1118936669100,1129,1127,3,1118936669100,1118936670100,3
train,148,s0_t1118936660200_a1128,high,-5.0,5,14,1118936670100,1118936669600,1127,1129,3,1118936669600,1118936670600,3
train,148,s0_t1118936660200_a1128,high,0.0,4,2,1118936664100,1118936663600,1128,1129,3,1118936663600,1118936664600,2
train,148,s0_t1118936660200_a1128,high,0.0,3,4,1118936665100,1118936664600,1127,1121,3,1118936664600,1118936665600,2
train,148,s0_t1118936660200_a1128,high,0.0,7,5,1118936665600,1118936665100,1128,1129,3,1118936665100,1118936666100,2
train,148,s0_t1118936660200_a1128,high,5.0,4,2,1118936664100,1118936663600,1128,1129,3,1118936663600,1118936664600,2
train,148,s0_t1118936660200_a1128,high,5.0,7,5,1118936665600,1118936665100,1128,1129,3,1118936665100,1118936666100,2
train,148,s0_t1118936660200_a1128,high,10.0,3,4,1118936665100,1118936664600,1127,1121,3,1118936664600,1118936665600,2
train,148,s0_t1118936660200_a1128,high,10.0,2,5,1118936665600,1118936665100,1128,1129,3,1118936665100,1118936666100,2
train,148,s0_t1118936660200_a1128,high,10.0,7,9,1118936667600,1118936667100,1121,1129,3,1118936667100,1118936668100,3
train,148,s0_t1118936660200_a1128,high,15.0,3,4,1118936665100,1118936664600,1127,1121,3,1118936664600,1118936665600,2
train,148,s0_t1118936660200_a1128,high,15.0,2,5,1118936665600,1118936665100,1128,1129,3,1118936665100,1118936666100,2
train,148,s0_t1118936660200_a1128,high,15.0,7,9,1118936667600,1118936667100,1121,1129,3,1118936667100,1118936668100,3
train,148,s0_t1118936660200_a1128,high,20.0,3,4,1118936665100,1118936664600,1127,1121,3,1118936664600,1118936665600,2
train,149,s0_t1118936680200_a1081,high,-5.0,2,15,1118936690600,1118936690100,1105,1080,3,1118936690100,1118936691100,3
train,149,s0_t1118936680200_a1081,high,-5.0,2,16,1118936691100,1118936690600,1080,1105,3,1118936690600,1118936691600,3
train,149,s0_t1118936680200_a1081,high,-5.0,4,22,1118936694100,1118936693600,1081,1070,3,1118936693600,1118936694600,2
train,149,s0_t1118936680200_a1081,high,0.0,6,20,1118936693100,1118936692600,1105,1080,3,1118936692600,1118936693600,3
train,149,s0_t1118936680200_a1081,high,5.0,6,23,1118936694600,1118936694100,1081,1070,3,1118936694100,1118936695100,3
train,149,s0_t1118936680200_a1081,high,10.0,4,21,1118936693600,1118936693100,1081,1070,3,1118936693100,1118936694100,3
train,149,s0_t1118936680200_a1081,high,15.0,6,21,1118936693600,1118936693100,1081,1070,3,1118936693100,1118936694100,3
train,149,s0_t1118936680200_a1081,high,20.0,7,21,1118936693600,1118936693100,1081,1070,3,1118936693100,1118936694100,3
train,151,s0_t1118936680200_a1159,high,-5.0,2,14,1118936690100,1118936689600,1160,1163,3,1118936689600,1118936690600,3
train,151,s0_t1118936680200_a1159,high,-5.0,7,14,1118936690100,1118936689600,1163,1160,3,1118936689600,1118936690600,3
train,151,s0_t1118936680200_a1159,high,-5.0,7,15,1118936690600,1118936690100,1160,1161,3,1118936690100,1118936691100,3
train,151,s0_t1118936680200_a1159,high,-5.0,2,17,1118936691600,1118936691100,1163,1160,3,1118936691100,1118936692100,2
train,151,s0_t1118936680200_a1159,high,5.0,7,14,1118936690100,1118936689600,1163,1160,3,1118936689600,1118936690600,3
train,151,s0_t1118936680200_a1159,high,5.0,7,15,1118936690600,1118936690100,1160,1163,3,1118936690100,1118936691100,2
train,151,s0_t1118936680200_a1159,high,10.0,7,14,1118936690100,1118936689600,1163,1160,3,1118936689600,1118936690600,3
train,151,s0_t1118936680200_a1159,high,15.0,7,14,1118936690100,1118936689600,1163,1160,3,1118936689600,1118936690600,3
train,151,s0_t1118936680200_a1159,high,20.0,5,14,1118936690100,1118936689600,1163,1160,3,1118936689600,1118936690600,3
train,151,s0_t1118936680200_a1159,high,20.0,6,20,1118936693100,1118936692600,1161,1163,3,1118936692600,1118936693600,3
train,152,s0_t1118936700200_a1123,high,-5.0,7,2,1118936704100,1118936703600,1118,1102,3,1118936703600,1118936704600,3
train,153,s0_t1118936700200_a1136,high,-5.0,2,9,1118936707600,1118936707100,1190,1191,3,1118936707100,1118936708100,3
train,153,s0_t1118936700200_a1136,high,-5.0,5,25,1118936715600,1118936715100,1191,1190,3,1118936715100,1118936716100,3
train,153,s0_t1118936700200_a1136,high,0.0,4,5,1118936705600,1118936705100,1150,1136,3,1118936705100,1118936706100,2
train,153,s0_t1118936700200_a1136,high,0.0,6,14,1118936710100,1118936709600,1136,1150,3,1118936709600,1118936710600,3
train,153,s0_t1118936700200_a1136,high,0.0,6,15,1118936710600,1118936710100,1150,1136,3,1118936710100,1118936711100,3
train,153,s0_t1118936700200_a1136,high,0.0,7,29,1118936717600,1118936717100,1150,1136,3,1118936717100,1118936718100,3
train,153,s0_t1118936700200_a1136,high,5.0,2,14,1118936710100,1118936709600,1136,1150,3,1118936709600,1118936710600,3
train,153,s0_t1118936700200_a1136,high,5.0,2,17,1118936711600,1118936711100,1150,1136,3,1118936711100,1118936712100,3
train,153,s0_t1118936700200_a1136,high,10.0,7,29,1118936717600,1118936717100,1190,1191,3,1118936717100,1118936718100,3
train,154,s0_t1118936700200_a1164,high,-5.0,1,1,1118936703600,1118936703100,1163,1161,3,1118936703100,1118936704100,3
train,154,s0_t1118936700200_a1164,high,-5.0,1,2,1118936704100,1118936703600,1161,1163,3,1118936703600,1118936704600,3
train,154,s0_t1118936700200_a1164,high,-5.0,2,20,1118936713100,1118936712600,1140,1151,3,1118936712600,1118936713600,3
train,154,s0_t1118936700200_a1164,high,-5.0,2,23,1118936714600,1118936714100,1151,1140,3,1118936714100,1118936715100,3
train,154,s0_t1118936700200_a1164,high,-5.0,2,24,1118936715100,1118936714600,1140,1151,3,1118936714600,1118936715600,2
train,154,s0_t1118936700200_a1164,high,-5.0,3,24,1118936715100,1118936714600,1151,1140,3,1118936714600,1118936715600,3
train,154,s0_t1118936700200_a1164,high,-5.0,2,27,1118936716600,1118936716100,1151,1140,3,1118936716100,1118936717100,3
train,154,s0_t1118936700200_a1164,high,0.0,1,1,1118936703600,1118936703100,1163,1161,3,1118936703100,1118936704100,3
train,154,s0_t1118936700200_a1164,high,0.0,1,2,1118936704100,1118936703600,1161,1163,3,1118936703600,1118936704600,3
train,154,s0_t1118936700200_a1164,high,0.0,2,20,1118936713100,1118936712600,1140,1151,3,1118936712600,1118936713600,3
train,154,s0_t1118936700200_a1164,high,0.0,2,23,1118936714600,1118936714100,1151,1140,3,1118936714100,1118936715100,3
train,154,s0_t1118936700200_a1164,high,0.0,2,24,1118936715100,1118936714600,1140,1151,3,1118936714600,1118936715600,2
train,154,s0_t1118936700200_a1164,high,0.0,3,24,1118936715100,1118936714600,1151,1140,3,1118936714600,1118936715600,3
train,154,s0_t1118936700200_a1164,high,0.0,2,27,1118936716600,1118936716100,1151,1140,3,1118936716100,1118936717100,3
train,154,s0_t1118936700200_a1164,high,5.0,3,9,1118936707600,1118936707100,1163,1161,3,1118936707100,1118936708100,3
train,154,s0_t1118936700200_a1164,high,5.0,2,20,1118936713100,1118936712600,1140,1151,3,1118936712600,1118936713600,3
train,154,s0_t1118936700200_a1164,high,5.0,2,27,1118936716600,1118936716100,1151,1140,3,1118936716100,1118936717100,3
train,154,s0_t1118936700200_a1164,high,5.0,2,28,1118936717100,1118936716600,1140,1151,3,1118936716600,1118936717600,3
train,154,s0_t1118936700200_a1164,high,5.0,2,29,1118936717600,1118936717100,1151,1140,3,1118936717100,1118936718100,3
train,154,s0_t1118936700200_a1164,high,10.0,3,11,1118936708600,1118936708100,1163,1161,3,1118936708100,1118936709100,3
train,154,s0_t1118936700200_a1164,high,10.0,2,20,1118936713100,1118936712600,1140,1151,3,1118936712600,1118936713600,3
train,154,s0_t1118936700200_a1164,high,10.0,2,27,1118936716600,1118936716100,1151,1140,3,1118936716100,1118936717100,3
train,154,s0_t1118936700200_a1164,high,10.0,2,28,1118936717100,1118936716600,1140,1151,3,1118936716600,1118936717600,3
train,154,s0_t1118936700200_a1164,high,10.0,2,29,1118936717600,1118936717100,1151,1140,3,1118936717100,1118936718100,3
train,154,s0_t1118936700200_a1164,high,15.0,3,11,1118936708600,1118936708100,1163,1161,3,1118936708100,1118936709100,3
train,154,s0_t1118936700200_a1164,high,15.0,2,20,1118936713100,1118936712600,1140,1151,3,1118936712600,1118936713600,3
train,154,s0_t1118936700200_a1164,high,15.0,2,27,1118936716600,1118936716100,1151,1140,3,1118936716100,1118936717100,3
train,154,s0_t1118936700200_a1164,high,15.0,2,28,1118936717100,1118936716600,1140,1151,3,1118936716600,1118936717600,3
train,154,s0_t1118936700200_a1164,high,15.0,2,29,1118936717600,1118936717100,1151,1140,3,1118936717100,1118936718100,3
train,154,s0_t1118936700200_a1164,high,20.0,3,11,1118936708600,1118936708100,1163,1161,3,1118936708100,1118936709100,3
train,154,s0_t1118936700200_a1164,high,20.0,2,20,1118936713100,1118936712600,1140,1151,3,1118936712600,1118936713600,3
train,154,s0_t1118936700200_a1164,high,20.0,2,27,1118936716600,1118936716100,1151,1140,3,1118936716100,1118936717100,3
train,154,s0_t1118936700200_a1164,high,20.0,2,28,1118936717100,1118936716600,1140,1151,3,1118936716600,1118936717600,3
train,154,s0_t1118936700200_a1164,high,20.0,2,29,1118936717600,1118936717100,1151,1140,3,1118936717100,1118936718100,3
train,155,s0_t1118936720200_a1142,high,-5.0,5,2,1118936724100,1118936723600,1143,1137,3,1118936723600,1118936724600,3
train,155,s0_t1118936720200_a1142,high,0.0,4,4,1118936725100,1118936724600,1157,1143,3,1118936724600,1118936725600,3
train,155,s0_t1118936720200_a1142,high,20.0,7,1,1118936723600,1118936723100,1143,1137,3,1118936723100,1118936724100,3
train,155,s0_t1118936720200_a1142,high,20.0,7,2,1118936724100,1118936723600,1137,1143,3,1118936723600,1118936724600,3
train,156,s0_t1118936720200_a1160,high,-5.0,0,2,1118936724100,1118936723600,1158,1163,3,1118936723600,1118936724600,3
train,156,s0_t1118936720200_a1160,high,-5.0,0,3,1118936724600,1118936724100,1163,1158,3,1118936724100,1118936725100,3
train,156,s0_t1118936720200_a1160,high,-5.0,1,4,1118936725100,1118936724600,1163,1160,3,1118936724600,1118936725600,2
train,156,s0_t1118936720200_a1160,high,-5.0,0,5,1118936725600,1118936725100,1158,1163,3,1118936725100,1118936726100,3
train,156,s0_t1118936720200_a1160,high,-5.0,2,5,1118936725600,1118936725100,1164,1127,3,1118936725100,1118936726100,3
train,156,s0_t1118936720200_a1160,high,-5.0,4,5,1118936725600,1118936725100,1127,1164,3,1118936725100,1118936726100,3
train,156,s0_t1118936720200_a1160,high,-5.0,1,10,1118936728100,1118936727600,1161,1163,3,1118936727600,1118936728600,2
train,156,s0_t1118936720200_a1160,high,-5.0,4,10,1118936728100,1118936727600,1164,1182,3,1118936727600,1118936728600,3
train,156,s0_t1118936720200_a1160,high,-5.0,4,11,1118936728600,1118936728100,1182,1164,3,1118936728100,1118936729100,3
train,156,s0_t1118936720200_a1160,high,-5.0,5,11,1118936728600,1118936728100,1164,1127,3,1118936728100,1118936729100,2
train,156,s0_t1118936720200_a1160,high,-5.0,0,19,1118936732600,1118936732100,1115,1160,3,1118936732100,1118936733100,3
train,156,s0_t1118936720200_a1160,high,-5.0,5,19,1118936732600,1118936732100,1160,1182,3,1118936732100,1118936733100,2
train,156,s0_t1118936720200_a1160,high,-5.0,2,20,1118936733100,1118936732600,1164,1127,3,1118936732600,1118936733600,3
train,156,s0_t1118936720200_a1160,high,-5.0,2,21,1118936733600,1118936733100,1127,1164,3,1118936733100,1118936734100,3
train,156,s0_t1118936720200_a1160,high,-5.0,3,22,1118936734100,1118936733600,1158,1163,3,1118936733600,1118936734600,3
train,156,s0_t1118936720200_a1160,high,-5.0,6,22,1118936734100,1118936733600,1163,1158,3,1118936733600,1118936734600,3
train,156,s0_t1118936720200_a1160,high,-5.0,3,25,1118936735600,1118936735100,1163,1161,3,1118936735100,1118936736100,3
train,156,s0_t1118936720200_a1160,high,-5.0,4,25,1118936735600,1118936735100,1161,1160,3,1118936735100,1118936736100,3
train,156,s0_t1118936720200_a1160,high,-5.0,6,25,1118936735600,1118936735100,1158,1163,3,1118936735100,1118936736100,3
train,156,s0_t1118936720200_a1160,high,-5.0,2,26,1118936736100,1118936735600,1164,1127,3,1118936735600,1118936736600,3
train,156,s0_t1118936720200_a1160,high,-5.0,4,26,1118936736100,1118936735600,1160,1163,3,1118936735600,1118936736600,2
train,156,s0_t1118936720200_a1160,high,-5.0,6,26,1118936736100,1118936735600,1163,1158,3,1118936735600,1118936736600,3
train,156,s0_t1118936720200_a1160,high,-5.0,2,27,1118936736600,1118936736100,1127,1164,3,1118936736100,1118936737100,3
train,156,s0_t1118936720200_a1160,high,-5.0,2,28,1118936737100,1118936736600,1164,1127,3,1118936736600,1118936737600,3
train,156,s0_t1118936720200_a1160,high,-5.0,1,29,1118936737600,1118936737100,1164,1182,3,1118936737100,1118936738100,2
train,156,s0_t1118936720200_a1160,high,-5.0,2,29,1118936737600,1118936737100,1127,1164,3,1118936737100,1118936738100,3
train,156,s0_t1118936720200_a1160,high,-5.0,4,30,1118936738100,1118936737600,1115,1163,2,1118936737600,1118936738100,2
train,156,s0_t1118936720200_a1160,high,0.0,0,2,1118936724100,1118936723600,1158,1163,3,1118936723600,1118936724600,3
train,156,s0_t1118936720200_a1160,high,0.0,0,3,1118936724600,1118936724100,1163,1158,3,1118936724100,1118936725100,3
train,156,s0_t1118936720200_a1160,high,0.0,1,4,1118936725100,1118936724600,1163,1160,3,1118936724600,1118936725600,2
train,156,s0_t1118936720200_a1160,high,0.0,0,5,1118936725600,1118936725100,1158,1163,3,1118936725100,1118936726100,3
train,156,s0_t1118936720200_a1160,high,0.0,2,5,1118936725600,1118936725100,1164,1127,3,1118936725100,1118936726100,3
train,156,s0_t1118936720200_a1160,high,0.0,4,5,1118936725600,1118936725100,1127,1164,3,1118936725100,1118936726100,3
train,156,s0_t1118936720200_a1160,high,0.0,1,10,1118936728100,1118936727600,1161,1163,3,1118936727600,1118936728600,2
train,156,s0_t1118936720200_a1160,high,0.0,4,10,1118936728100,1118936727600,1164,1182,3,1118936727600,1118936728600,3
train,156,s0_t1118936720200_a1160,high,0.0,4,11,1118936728600,1118936728100,1182,1164,3,1118936728100,1118936729100,3
train,156,s0_t1118936720200_a1160,high,0.0,5,11,1118936728600,1118936728100,1164,1127,3,1118936728100,1118936729100,2
train,156,s0_t1118936720200_a1160,high,0.0,4,18,1118936732100,1118936731600,1164,1127,3,1118936731600,1118936732600,3
train,156,s0_t1118936720200_a1160,high,0.0,1,19,1118936732600,1118936732100,1164,1182,3,1118936732100,1118936733100,2
train,156,s0_t1118936720200_a1160,high,0.0,2,20,1118936733100,1118936732600,1160,1127,3,1118936732600,1118936733600,2
train,156,s0_t1118936720200_a1160,high,0.0,4,20,1118936733100,1118936732600,1127,1164,3,1118936732600,1118936733600,3
train,156,s0_t1118936720200_a1160,high,0.0,4,21,1118936733600,1118936733100,1164,1127,3,1118936733100,1118936734100,3
train,156,s0_t1118936720200_a1160,high,0.0,7,21,1118936733600,1118936733100,1115,1160,3,1118936733100,1118936734100,2
train,156,s0_t1118936720200_a1160,high,0.0,0,22,1118936734100,1118936733600,1164,1182,3,1118936733600,1118936734600,2
train,156,s0_t1118936720200_a1160,high,0.0,4,22,1118936734100,1118936733600,1127,1164,3,1118936733600,1118936734600,3
train,156,s0_t1118936720200_a1160,high,0.0,5,22,1118936734100,1118936733600,1182,1160,3,1118936733600,1118936734600,3
train,156,s0_t1118936720200_a1160,high,0.0,4,24,1118936735100,1118936734600,1164,1127,3,1118936734600,1118936735600,3
train,156,s0_t1118936720200_a1160,high,0.0,6,24,1118936735100,1118936734600,1163,1158,3,1118936734600,1118936735600,3
train,156,s0_t1118936720200_a1160,high,0.0,0,26,1118936736100,1118936735600,1164,1182,3,1118936735600,1118936736600,2
train,156,s0_t1118936720200_a1160,high,0.0,4,26,1118936736100,1118936735600,1127,1164,3,1118936735600,1118936736600,3
train,156,s0_t1118936720200_a1160,high,0.0,1,28,1118936737100,1118936736600,1161,1182,3,1118936736600,1118936737600,2
train,156,s0_t1118936720200_a1160,high,5.0,0,2,1118936724100,1118936723600,1158,1163,3,1118936723600,1118936724600,3
train,156,s0_t1118936720200_a1160,high,5.0,0,3,1118936724600,1118936724100,1163,1158,3,1118936724100,1118936725100,3
train,156,s0_t1118936720200_a1160,high,5.0,1,4,1118936725100,1118936724600,1163,1160,3,1118936724600,1118936725600,2
train,156,s0_t1118936720200_a1160,high,5.0,3,4,1118936725100,1118936724600,1160,1163,3,1118936724600,1118936725600,2
train,156,s0_t1118936720200_a1160,high,5.0,0,5,1118936725600,1118936725100,1158,1163,3,1118936725100,1118936726100,3
train,156,s0_t1118936720200_a1160,high,5.0,2,6,1118936726100,1118936725600,1164,1127,3,1118936725600,1118936726600,3
train,156,s0_t1118936720200_a1160,high,5.0,4,6,1118936726100,1118936725600,1127,1164,3,1118936725600,1118936726600,3
train,156,s0_t1118936720200_a1160,high,5.0,1,10,1118936728100,1118936727600,1161,1163,3,1118936727600,1118936728600,2
train,156,s0_t1118936720200_a1160,high,5.0,4,10,1118936728100,1118936727600,1164,1182,3,1118936727600,1118936728600,3
train,156,s0_t1118936720200_a1160,high,5.0,3,11,1118936728600,1118936728100,1164,1127,3,1118936728100,1118936729100,2
train,156,s0_t1118936720200_a1160,high,5.0,4,11,1118936728600,1118936728100,1182,1164,3,1118936728100,1118936729100,3
train,156,s0_t1118936720200_a1160,high,5.0,4,18,1118936732100,1118936731600,1164,1127,3,1118936731600,1118936732600,3
train,156,s0_t1118936720200_a1160,high,5.0,1,19,1118936732600,1118936732100,1164,1182,3,1118936732100,1118936733100,2
train,156,s0_t1118936720200_a1160,high,5.0,2,20,1118936733100,1118936732600,1160,1127,3,1118936732600,1118936733600,2
train,156,s0_t1118936720200_a1160,high,5.0,4,20,1118936733100,1118936732600,1127,1164,3,1118936732600,1118936733600,3
train,156,s0_t1118936720200_a1160,high,5.0,4,21,1118936733600,1118936733100,1164,1127,3,1118936733100,1118936734100,3
train,156,s0_t1118936720200_a1160,high,5.0,5,21,1118936733600,1118936733100,1158,1163,3,1118936733100,1118936734100,3
train,156,s0_t1118936720200_a1160,high,5.0,6,21,1118936733600,1118936733100,1163,1158,3,1118936733100,1118936734100,3
train,156,s0_t1118936720200_a1160,high,5.0,7,21,1118936733600,1118936733100,1115,1160,3,1118936733100,1118936734100,2
train,156,s0_t1118936720200_a1160,high,5.0,0,22,1118936734100,1118936733600,1164,1182,3,1118936733600,1118936734600,2
train,156,s0_t1118936720200_a1160,high,5.0,3,22,1118936734100,1118936733600,1182,1160,3,1118936733600,1118936734600,3
train,156,s0_t1118936720200_a1160,high,5.0,4,22,1118936734100,1118936733600,1127,1164,3,1118936733600,1118936734600,3
train,156,s0_t1118936720200_a1160,high,5.0,4,24,1118936735100,1118936734600,1164,1127,3,1118936734600,1118936735600,3
train,156,s0_t1118936720200_a1160,high,5.0,0,26,1118936736100,1118936735600,1164,1182,3,1118936735600,1118936736600,2
train,156,s0_t1118936720200_a1160,high,5.0,4,26,1118936736100,1118936735600,1127,1164,3,1118936735600,1118936736600,3
train,156,s0_t1118936720200_a1160,high,5.0,1,28,1118936737100,1118936736600,1161,1182,3,1118936736600,1118936737600,2
train,156,s0_t1118936720200_a1160,high,10.0,0,2,1118936724100,1118936723600,1158,1163,3,1118936723600,1118936724600,3
train,156,s0_t1118936720200_a1160,high,10.0,0,3,1118936724600,1118936724100,1163,1158,3,1118936724100,1118936725100,3
train,156,s0_t1118936720200_a1160,high,10.0,1,4,1118936725100,1118936724600,1163,1160,3,1118936724600,1118936725600,2
train,156,s0_t1118936720200_a1160,high,10.0,3,4,1118936725100,1118936724600,1160,1163,3,1118936724600,1118936725600,2
train,156,s0_t1118936720200_a1160,high,10.0,0,5,1118936725600,1118936725100,1158,1163,3,1118936725100,1118936726100,3
train,156,s0_t1118936720200_a1160,high,10.0,2,6,1118936726100,1118936725600,1164,1127,3,1118936725600,1118936726600,3
train,156,s0_t1118936720200_a1160,high,10.0,4,6,1118936726100,1118936725600,1127,1164,3,1118936725600,1118936726600,3
train,156,s0_t1118936720200_a1160,high,10.0,1,10,1118936728100,1118936727600,1161,1163,3,1118936727600,1118936728600,2
train,156,s0_t1118936720200_a1160,high,10.0,4,10,1118936728100,1118936727600,1164,1182,3,1118936727600,1118936728600,3
train,156,s0_t1118936720200_a1160,high,10.0,3,11,1118936728600,1118936728100,1164,1127,3,1118936728100,1118936729100,2
train,156,s0_t1118936720200_a1160,high,10.0,4,11,1118936728600,1118936728100,1182,1164,3,1118936728100,1118936729100,3
train,156,s0_t1118936720200_a1160,high,10.0,4,18,1118936732100,1118936731600,1164,1127,3,1118936731600,1118936732600,3
train,156,s0_t1118936720200_a1160,high,10.0,1,19,1118936732600,1118936732100,1164,1182,3,1118936732100,1118936733100,2
train,156,s0_t1118936720200_a1160,high,10.0,2,20,1118936733100,1118936732600,1160,1127,3,1118936732600,1118936733600,2
train,156,s0_t1118936720200_a1160,high,10.0,4,20,1118936733100,1118936732600,1127,1164,3,1118936732600,1118936733600,3
train,156,s0_t1118936720200_a1160,high,10.0,4,21,1118936733600,1118936733100,1164,1127,3,1118936733100,1118936734100,3
train,156,s0_t1118936720200_a1160,high,10.0,5,21,1118936733600,1118936733100,1158,1163,3,1118936733100,1118936734100,3
train,156,s0_t1118936720200_a1160,high,10.0,6,21,1118936733600,1118936733100,1163,1158,3,1118936733100,1118936734100,3
train,156,s0_t1118936720200_a1160,high,10.0,7,21,1118936733600,1118936733100,1115,1160,3,1118936733100,1118936734100,2
train,156,s0_t1118936720200_a1160,high,10.0,0,22,1118936734100,1118936733600,1164,1182,3,1118936733600,1118936734600,2
train,156,s0_t1118936720200_a1160,high,10.0,3,22,1118936734100,1118936733600,1182,1160,3,1118936733600,1118936734600,3
train,156,s0_t1118936720200_a1160,high,10.0,4,22,1118936734100,1118936733600,1127,1164,3,1118936733600,1118936734600,3
train,156,s0_t1118936720200_a1160,high,10.0,4,24,1118936735100,1118936734600,1164,1127,3,1118936734600,1118936735600,3
train,156,s0_t1118936720200_a1160,high,10.0,1,25,1118936735600,1118936735100,1182,1161,3,1118936735100,1118936736100,2
train,156,s0_t1118936720200_a1160,high,10.0,0,26,1118936736100,1118936735600,1164,1182,3,1118936735600,1118936736600,2
train,156,s0_t1118936720200_a1160,high,10.0,4,26,1118936736100,1118936735600,1127,1164,3,1118936735600,1118936736600,3
train,156,s0_t1118936720200_a1160,high,10.0,2,28,1118936737100,1118936736600,1161,1182,3,1118936736600,1118936737600,2
train,156,s0_t1118936720200_a1160,high,15.0,0,2,1118936724100,1118936723600,1158,1163,3,1118936723600,1118936724600,3
train,156,s0_t1118936720200_a1160,high,15.0,0,3,1118936724600,1118936724100,1163,1158,3,1118936724100,1118936725100,3
train,156,s0_t1118936720200_a1160,high,15.0,1,4,1118936725100,1118936724600,1163,1160,3,1118936724600,1118936725600,2
train,156,s0_t1118936720200_a1160,high,15.0,3,4,1118936725100,1118936724600,1160,1163,3,1118936724600,1118936725600,2
train,156,s0_t1118936720200_a1160,high,15.0,0,5,1118936725600,1118936725100,1158,1163,3,1118936725100,1118936726100,3
train,156,s0_t1118936720200_a1160,high,15.0,2,6,1118936726100,1118936725600,1164,1127,3,1118936725600,1118936726600,3
train,156,s0_t1118936720200_a1160,high,15.0,4,6,1118936726100,1118936725600,1127,1164,3,1118936725600,1118936726600,3
train,156,s0_t1118936720200_a1160,high,15.0,1,10,1118936728100,1118936727600,1161,1163,3,1118936727600,1118936728600,2
train,156,s0_t1118936720200_a1160,high,15.0,4,10,1118936728100,1118936727600,1164,1182,3,1118936727600,1118936728600,3
train,156,s0_t1118936720200_a1160,high,15.0,3,11,1118936728600,1118936728100,1164,1127,3,1118936728100,1118936729100,2
train,156,s0_t1118936720200_a1160,high,15.0,4,11,1118936728600,1118936728100,1182,1164,3,1118936728100,1118936729100,3
train,156,s0_t1118936720200_a1160,high,15.0,4,18,1118936732100,1118936731600,1164,1127,3,1118936731600,1118936732600,3
train,156,s0_t1118936720200_a1160,high,15.0,1,19,1118936732600,1118936732100,1164,1182,3,1118936732100,1118936733100,2
train,156,s0_t1118936720200_a1160,high,15.0,2,20,1118936733100,1118936732600,1160,1127,3,1118936732600,1118936733600,2
train,156,s0_t1118936720200_a1160,high,15.0,4,20,1118936733100,1118936732600,1127,1164,3,1118936732600,1118936733600,3
train,156,s0_t1118936720200_a1160,high,15.0,4,21,1118936733600,1118936733100,1164,1127,3,1118936733100,1118936734100,3
train,156,s0_t1118936720200_a1160,high,15.0,5,21,1118936733600,1118936733100,1158,1163,3,1118936733100,1118936734100,3
train,156,s0_t1118936720200_a1160,high,15.0,6,21,1118936733600,1118936733100,1163,1158,3,1118936733100,1118936734100,3
train,156,s0_t1118936720200_a1160,high,15.0,7,21,1118936733600,1118936733100,1115,1160,3,1118936733100,1118936734100,2
train,156,s0_t1118936720200_a1160,high,15.0,0,22,1118936734100,1118936733600,1164,1182,3,1118936733600,1118936734600,2
train,156,s0_t1118936720200_a1160,high,15.0,3,22,1118936734100,1118936733600,1182,1160,3,1118936733600,1118936734600,3
train,156,s0_t1118936720200_a1160,high,15.0,4,22,1118936734100,1118936733600,1127,1164,3,1118936733600,1118936734600,3
train,156,s0_t1118936720200_a1160,high,15.0,4,24,1118936735100,1118936734600,1164,1127,3,1118936734600,1118936735600,3
train,156,s0_t1118936720200_a1160,high,15.0,1,25,1118936735600,1118936735100,1182,1161,3,1118936735100,1118936736100,2
train,156,s0_t1118936720200_a1160,high,15.0,0,26,1118936736100,1118936735600,1164,1182,3,1118936735600,1118936736600,2
train,156,s0_t1118936720200_a1160,high,15.0,4,26,1118936736100,1118936735600,1127,1164,3,1118936735600,1118936736600,3
train,156,s0_t1118936720200_a1160,high,15.0,2,28,1118936737100,1118936736600,1161,1182,3,1118936736600,1118936737600,2
train,156,s0_t1118936720200_a1160,high,20.0,0,2,1118936724100,1118936723600,1158,1163,3,1118936723600,1118936724600,3
train,156,s0_t1118936720200_a1160,high,20.0,0,3,1118936724600,1118936724100,1163,1158,3,1118936724100,1118936725100,3
train,156,s0_t1118936720200_a1160,high,20.0,1,4,1118936725100,1118936724600,1163,1160,3,1118936724600,1118936725600,2
train,156,s0_t1118936720200_a1160,high,20.0,3,4,1118936725100,1118936724600,1160,1163,3,1118936724600,1118936725600,2
train,156,s0_t1118936720200_a1160,high,20.0,0,5,1118936725600,1118936725100,1158,1163,3,1118936725100,1118936726100,3
train,156,s0_t1118936720200_a1160,high,20.0,2,6,1118936726100,1118936725600,1164,1127,3,1118936725600,1118936726600,3
train,156,s0_t1118936720200_a1160,high,20.0,4,6,1118936726100,1118936725600,1127,1164,3,1118936725600,1118936726600,3
train,156,s0_t1118936720200_a1160,high,20.0,1,10,1118936728100,1118936727600,1161,1163,3,1118936727600,1118936728600,2
train,156,s0_t1118936720200_a1160,high,20.0,4,10,1118936728100,1118936727600,1164,1182,3,1118936727600,1118936728600,3
train,156,s0_t1118936720200_a1160,high,20.0,3,11,1118936728600,1118936728100,1164,1127,3,1118936728100,1118936729100,2
train,156,s0_t1118936720200_a1160,high,20.0,4,11,1118936728600,1118936728100,1182,1164,3,1118936728100,1118936729100,3
train,156,s0_t1118936720200_a1160,high,20.0,4,18,1118936732100,1118936731600,1164,1127,3,1118936731600,1118936732600,3
train,156,s0_t1118936720200_a1160,high,20.0,1,19,1118936732600,1118936732100,1164,1182,3,1118936732100,1118936733100,2
train,156,s0_t1118936720200_a1160,high,20.0,2,20,1118936733100,1118936732600,1160,1127,3,1118936732600,1118936733600,2
train,156,s0_t1118936720200_a1160,high,20.0,4,20,1118936733100,1118936732600,1127,1164,3,1118936732600,1118936733600,3
train,156,s0_t1118936720200_a1160,high,20.0,4,21,1118936733600,1118936733100,1164,1127,3,1118936733100,1118936734100,3
train,156,s0_t1118936720200_a1160,high,20.0,5,21,1118936733600,1118936733100,1158,1163,3,1118936733100,1118936734100,3
train,156,s0_t1118936720200_a1160,high,20.0,6,21,1118936733600,1118936733100,1163,1158,3,1118936733100,1118936734100,3
train,156,s0_t1118936720200_a1160,high,20.0,7,21,1118936733600,1118936733100,1115,1160,3,1118936733100,1118936734100,2
train,156,s0_t1118936720200_a1160,high,20.0,0,22,1118936734100,1118936733600,1164,1182,3,1118936733600,1118936734600,2
train,156,s0_t1118936720200_a1160,high,20.0,3,22,1118936734100,1118936733600,1182,1160,3,1118936733600,1118936734600,3
train,156,s0_t1118936720200_a1160,high,20.0,4,22,1118936734100,1118936733600,1127,1164,3,1118936733600,1118936734600,3
train,156,s0_t1118936720200_a1160,high,20.0,4,24,1118936735100,1118936734600,1164,1127,3,1118936734600,1118936735600,3
train,156,s0_t1118936720200_a1160,high,20.0,1,25,1118936735600,1118936735100,1182,1161,3,1118936735100,1118936736100,2
train,156,s0_t1118936720200_a1160,high,20.0,0,26,1118936736100,1118936735600,1164,1182,3,1118936735600,1118936736600,2
train,156,s0_t1118936720200_a1160,high,20.0,4,26,1118936736100,1118936735600,1127,1164,3,1118936735600,1118936736600,3
train,156,s0_t1118936720200_a1160,high,20.0,2,28,1118936737100,1118936736600,1161,1182,3,1118936736600,1118936737600,2
train,157,s0_t1118936720200_a1167,high,-5.0,3,1,1118936723600,1118936723100,1141,1107,3,1118936723100,1118936724100,2
train,157,s0_t1118936720200_a1167,high,-5.0,4,4,1118936725100,1118936724600,1170,1118,3,1118936724600,1118936725600,2
train,157,s0_t1118936720200_a1167,high,-5.0,7,5,1118936725600,1118936725100,1123,1107,3,1118936725100,1118936726100,3
train,157,s0_t1118936720200_a1167,high,-5.0,7,6,1118936726100,1118936725600,1107,1118,3,1118936725600,1118936726600,3
train,157,s0_t1118936720200_a1167,high,-5.0,7,7,1118936726600,1118936726100,1118,1107,3,1118936726100,1118936727100,2
train,157,s0_t1118936720200_a1167,high,-5.0,0,14,1118936730100,1118936729600,1184,1118,3,1118936729600,1118936730600,2
train,157,s0_t1118936720200_a1167,high,-5.0,3,15,1118936730600,1118936730100,1107,1141,3,1118936730100,1118936731100,2
train,157,s0_t1118936720200_a1167,high,-5.0,4,17,1118936731600,1118936731100,1118,1184,3,1118936731100,1118936732100,3
train,157,s0_t1118936720200_a1167,high,-5.0,4,18,1118936732100,1118936731600,1184,1118,3,1118936731600,1118936732600,3
train,157,s0_t1118936720200_a1167,high,0.0,5,3,1118936724600,1118936724100,1167,1184,3,1118936724100,1118936725100,3
train,157,s0_t1118936720200_a1167,high,0.0,5,4,1118936725100,1118936724600,1184,1141,3,1118936724600,1118936725600,3
train,157,s0_t1118936720200_a1167,high,0.0,6,4,1118936725100,1118936724600,1170,1118,3,1118936724600,1118936725600,2
train,157,s0_t1118936720200_a1167,high,0.0,5,10,1118936728100,1118936727600,1184,1141,3,1118936727600,1118936728600,2
train,157,s0_t1118936720200_a1167,high,0.0,5,15,1118936730600,1118936730100,1107,1141,3,1118936730100,1118936731100,2
train,157,s0_t1118936720200_a1167,high,5.0,0,3,1118936724600,1118936724100,1167,1141,3,1118936724100,1118936725100,2
train,157,s0_t1118936720200_a1167,high,5.0,1,4,1118936725100,1118936724600,1170,1118,3,1118936724600,1118936725600,2
train,157,s0_t1118936720200_a1167,high,5.0,7,5,1118936725600,1118936725100,1123,1118,3,1118936725100,1118936726100,3
train,157,s0_t1118936720200_a1167,high,5.0,7,7,1118936726600,1118936726100,1118,1107,3,1118936726100,1118936727100,2
train,157,s0_t1118936720200_a1167,high,5.0,2,14,1118936730100,1118936729600,1184,1118,3,1118936729600,1118936730600,2
train,157,s0_t1118936720200_a1167,high,5.0,3,17,1118936731600,1118936731100,1134,1167,3,1118936731100,1118936732100,3
train,157,s0_t1118936720200_a1167,high,5.0,3,18,1118936732100,1118936731600,1167,1134,3,1118936731600,1118936732600,3
train,157,s0_t1118936720200_a1167,high,5.0,0,21,1118936733600,1118936733100,1141,1118,3,1118936733100,1118936734100,2
train,157,s0_t1118936720200_a1167,high,10.0,0,3,1118936724600,1118936724100,1167,1141,3,1118936724100,1118936725100,2
train,157,s0_t1118936720200_a1167,high,10.0,1,4,1118936725100,1118936724600,1170,1118,3,1118936724600,1118936725600,2
train,157,s0_t1118936720200_a1167,high,10.0,7,5,1118936725600,1118936725100,1123,1118,3,1118936725100,1118936726100,3
train,157,s0_t1118936720200_a1167,high,10.0,7,7,1118936726600,1118936726100,1118,1107,3,1118936726100,1118936727100,2
train,157,s0_t1118936720200_a1167,high,15.0,5,3,1118936724600,1118936724100,1167,1141,3,1118936724100,1118936725100,3
train,157,s0_t1118936720200_a1167,high,15.0,1,4,1118936725100,1118936724600,1170,1118,3,1118936724600,1118936725600,2
train,157,s0_t1118936720200_a1167,high,15.0,5,17,1118936731600,1118936731100,1134,1167,3,1118936731100,1118936732100,3
train,157,s0_t1118936720200_a1167,high,15.0,5,18,1118936732100,1118936731600,1167,1134,3,1118936731600,1118936732600,3
train,157,s0_t1118936720200_a1167,high,15.0,7,19,1118936732600,1118936732100,1141,1118,3,1118936732100,1118936733100,3
train,157,s0_t1118936720200_a1167,high,20.0,5,3,1118936724600,1118936724100,1167,1141,3,1118936724100,1118936725100,3
train,157,s0_t1118936720200_a1167,high,20.0,1,4,1118936725100,1118936724600,1170,1118,3,1118936724600,1118936725600,2
train,157,s0_t1118936720200_a1167,high,20.0,3,18,1118936732100,1118936731600,1118,1184,3,1118936731600,1118936732600,3
train,157,s0_t1118936720200_a1167,high,20.0,7,19,1118936732600,1118936732100,1141,1118,3,1118936732100,1118936733100,3
train,158,s0_t1118936740200_a1151,high,-5.0,2,1,1118936743600,1118936743100,1188,1164,3,1118936743100,1118936744100,3
train,158,s0_t1118936740200_a1151,high,-5.0,5,11,1118936748600,1118936748100,1164,1186,3,1118936748100,1118936749100,3
train,158,s0_t1118936740200_a1151,high,-5.0,5,14,1118936750100,1118936749600,1186,1164,3,1118936749600,1118936750600,3
train,158,s0_t1118936740200_a1151,high,-5.0,5,15,1118936750600,1118936750100,1164,1186,3,1118936750100,1118936751100,3
train,158,s0_t1118936740200_a1151,high,0.0,5,12,1118936749100,1118936748600,1164,1186,3,1118936748600,1118936749600,3
train,158,s0_t1118936740200_a1151,high,0.0,5,14,1118936750100,1118936749600,1186,1164,3,1118936749600,1118936750600,3
train,158,s0_t1118936740200_a1151,high,0.0,5,15,1118936750600,1118936750100,1164,1186,3,1118936750100,1118936751100,3
train,158,s0_t1118936740200_a1151,high,5.0,2,1,1118936743600,1118936743100,1188,1164,3,1118936743100,1118936744100,3
train,158,s0_t1118936740200_a1151,high,5.0,7,15,1118936750600,1118936750100,1164,1186,3,1118936750100,1118936751100,3
train,158,s0_t1118936740200_a1151,high,10.0,2,1,1118936743600,1118936743100,1188,1164,3,1118936743100,1118936744100,3
train,158,s0_t1118936740200_a1151,high,10.0,7,11,1118936748600,1118936748100,1164,1186,3,1118936748100,1118936749100,3
train,158,s0_t1118936740200_a1151,high,10.0,6,12,1118936749100,1118936748600,1151,1140,3,1118936748600,1118936749600,2
train,158,s0_t1118936740200_a1151,high,10.0,7,14,1118936750100,1118936749600,1186,1164,3,1118936749600,1118936750600,3
train,158,s0_t1118936740200_a1151,high,10.0,7,15,1118936750600,1118936750100,1164,1186,3,1118936750100,1118936751100,3
train,158,s0_t1118936740200_a1151,high,15.0,2,1,1118936743600,1118936743100,1188,1164,3,1118936743100,1118936744100,3
train,158,s0_t1118936740200_a1151,high,15.0,7,11,1118936748600,1118936748100,1164,1186,3,1118936748100,1118936749100,3
train,158,s0_t1118936740200_a1151,high,15.0,6,12,1118936749100,1118936748600,1151,1140,3,1118936748600,1118936749600,2
train,158,s0_t1118936740200_a1151,high,15.0,7,14,1118936750100,1118936749600,1186,1164,3,1118936749600,1118936750600,3
train,158,s0_t1118936740200_a1151,high,15.0,7,15,1118936750600,1118936750100,1164,1186,3,1118936750100,1118936751100,3
train,158,s0_t1118936740200_a1151,high,20.0,2,1,1118936743600,1118936743100,1188,1164,3,1118936743100,1118936744100,3
train,158,s0_t1118936740200_a1151,high,20.0,7,11,1118936748600,1118936748100,1164,1186,3,1118936748100,1118936749100,3
train,158,s0_t1118936740200_a1151,high,20.0,6,12,1118936749100,1118936748600,1151,1140,3,1118936748600,1118936749600,2
train,158,s0_t1118936740200_a1151,high,20.0,7,14,1118936750100,1118936749600,1186,1164,3,1118936749600,1118936750600,3
train,158,s0_t1118936740200_a1151,high,20.0,7,15,1118936750600,1118936750100,1164,1186,3,1118936750100,1118936751100,3
train,159,s0_t1118936740200_a1186,high,-5.0,7,13,1118936749600,1118936749100,1164,1186,3,1118936749100,1118936750100,3
train,159,s0_t1118936740200_a1186,high,0.0,7,13,1118936749600,1118936749100,1164,1188,3,1118936749100,1118936750100,3
train,159,s0_t1118936740200_a1186,high,5.0,3,16,1118936751100,1118936750600,1188,1186,3,1118936750600,1118936751600,3
train,159,s0_t1118936740200_a1186,high,10.0,7,13,1118936749600,1118936749100,1164,1188,3,1118936749100,1118936750100,3
train,159,s0_t1118936740200_a1186,high,10.0,7,16,1118936751100,1118936750600,1188,1186,3,1118936750600,1118936751600,3
train,159,s0_t1118936740200_a1186,high,15.0,7,13,1118936749600,1118936749100,1164,1188,3,1118936749100,1118936750100,3
train,159,s0_t1118936740200_a1186,high,15.0,7,16,1118936751100,1118936750600,1188,1186,3,1118936750600,1118936751600,3
train,159,s0_t1118936740200_a1186,high,20.0,7,13,1118936749600,1118936749100,1164,1188,3,1118936749100,1118936750100,3
train,159,s0_t1118936740200_a1186,high,20.0,7,16,1118936751100,1118936750600,1188,1186,3,1118936750600,1118936751600,3
train,160,s0_t1118936740200_a1193,mid,-5.0,0,1,1118936743600,1118936743100,1187,1210,3,1118936743100,1118936744100,3
train,160,s0_t1118936740200_a1193,mid,-5.0,6,1,1118936743600,1118936743100,1210,1185,3,1118936743100,1118936744100,3
train,160,s0_t1118936740200_a1193,mid,-5.0,0,2,1118936744100,1118936743600,1210,1187,3,1118936743600,1118936744600,3
train,160,s0_t1118936740200_a1193,mid,-5.0,6,2,1118936744100,1118936743600,1185,1210,3,1118936743600,1118936744600,3
train,160,s0_t1118936740200_a1193,mid,-5.0,5,3,1118936744600,1118936744100,1191,1190,3,1118936744100,1118936745100,3
train,160,s0_t1118936740200_a1193,mid,-5.0,5,4,1118936745100,1118936744600,1190,1191,3,1118936744600,1118936745600,3
train,160,s0_t1118936740200_a1193,mid,-5.0,6,4,1118936745100,1118936744600,1210,1187,3,1118936744600,1118936745600,3
train,160,s0_t1118936740200_a1193,mid,-5.0,5,5,1118936745600,1118936745100,1191,1190,3,1118936745100,1118936746100,3
train,160,s0_t1118936740200_a1193,mid,-5.0,6,6,1118936746100,1118936745600,1187,1210,3,1118936745600,1118936746600,3
train,160,s0_t1118936740200_a1193,mid,-5.0,6,7,1118936746600,1118936746100,1210,1187,3,1118936746100,1118936747100,3
train,160,s0_t1118936740200_a1193,mid,-5.0,4,10,1118936748100,1118936747600,1190,1191,3,1118936747600,1118936748600,3
train,160,s0_t1118936740200_a1193,mid,-5.0,4,11,1118936748600,1118936748100,1191,1190,3,1118936748100,1118936749100,3
train,160,s0_t1118936740200_a1193,mid,-5.0,2,15,1118936750600,1118936750100,1187,1190,3,1118936750100,1118936751100,2
train,160,s0_t1118936740200_a1193,mid,-5.0,7,19,1118936752600,1118936752100,1190,1191,3,1118936752100,1118936753100,3
train,160,s0_t1118936740200_a1193,mid,-5.0,4,20,1118936753100,1118936752600,1210,1187,3,1118936752600,1118936753600,3
train,160,s0_t1118936740200_a1193,mid,-5.0,7,20,1118936753100,1118936752600,1191,1190,3,1118936752600,1118936753600,3
train,160,s0_t1118936740200_a1193,mid,-5.0,4,23,1118936754600,1118936754100,1187,1210,3,1118936754100,1118936755100,3
train,160,s0_t1118936740200_a1193,mid,-5.0,0,24,1118936755100,1118936754600,1191,1190,3,1118936754600,1118936755600,3
train,160,s0_t1118936740200_a1193,mid,-5.0,0,27,1118936756600,1118936756100,1190,1191,3,1118936756100,1118936757100,3
train,160,s0_t1118936740200_a1193,mid,-5.0,2,27,1118936756600,1118936756100,1185,1210,3,1118936756100,1118936757100,3
train,160,s0_t1118936740200_a1193,mid,-5.0,4,27,1118936756600,1118936756100,1210,1187,3,1118936756100,1118936757100,3
train,160,s0_t1118936740200_a1193,mid,-5.0,0,28,1118936757100,1118936756600,1191,1190,3,1118936756600,1118936757600,2
train,160,s0_t1118936740200_a1193,mid,-5.0,2,28,1118936757100,1118936756600,1210,1185,3,1118936756600,1118936757600,3
train,160,s0_t1118936740200_a1193,mid,-5.0,7,28,1118936757100,1118936756600,1185,1191,3,1118936756600,1118936757600,2
train,160,s0_t1118936740200_a1193,mid,-5.0,4,29,1118936757600,1118936757100,1187,1210,3,1118936757100,1118936758100,3
train,160,s0_t1118936740200_a1193,mid,0.0,0,1,1118936743600,1118936743100,1190,1210,3,1118936743100,1118936744100,2
train,160,s0_t1118936740200_a1193,mid,0.0,6,1,1118936743600,1118936743100,1187,1185,3,1118936743100,1118936744100,3
train,160,s0_t1118936740200_a1193,mid,0.0,6,2,1118936744100,1118936743600,1185,1187,3,1118936743600,1118936744600,3
train,160,s0_t1118936740200_a1193,mid,0.0,5,3,1118936744600,1118936744100,1185,1191,3,1118936744100,1118936745100,3
train,160,s0_t1118936740200_a1193,mid,0.0,3,4,1118936745100,1118936744600,1190,1191,3,1118936744600,1118936745600,3
train,160,s0_t1118936740200_a1193,mid,0.0,5,4,1118936745100,1118936744600,1191,1190,3,1118936744600,1118936745600,2
train,160,s0_t1118936740200_a1193,mid,0.0,3,5,1118936745600,1118936745100,1191,1190,3,1118936745100,1118936746100,3
train,160,s0_t1118936740200_a1193,mid,0.0,6,5,1118936745600,1118936745100,1187,1210,3,1118936745100,1118936746100,3
train,160,s0_t1118936740200_a1193,mid,0.0,6,6,1118936746100,1118936745600,1210,1185,3,1118936745600,1118936746600,3
train,160,s0_t1118936740200_a1193,mid,0.0,4,7,1118936746600,1118936746100,1210,1185,3,1118936746100,1118936747100,2
train,160,s0_t1118936740200_a1193,mid,0.0,6,7,1118936746600,1118936746100,1185,1210,3,1118936746100,1118936747100,3
train,160,s0_t1118936740200_a1193,mid,0.0,0,8,1118936747100,1118936746600,1191,1185,3,1118936746600,1118936747600,2
train,160,s0_t1118936740200_a1193,mid,0.0,3,9,1118936747600,1118936747100,1190,1191,3,1118936747100,1118936748100,2
train,160,s0_t1118936740200_a1193,mid,0.0,7,9,1118936747600,1118936747100,1191,1185,3,1118936747100,1118936748100,2
train,160,s0_t1118936740200_a1193,mid,0.0,0,13,1118936749600,1118936749100,1190,1191,3,1118936749100,1118936750100,3
train,160,s0_t1118936740200_a1193,mid,0.0,6,16,1118936751100,1118936750600,1210,1187,3,1118936750600,1118936751600,3
train,160,s0_t1118936740200_a1193,mid,0.0,6,17,1118936751600,1118936751100,1187,1210,3,1118936751100,1118936752100,3
train,160,s0_t1118936740200_a1193,mid,0.0,0,19,1118936752600,1118936752100,1191,1190,3,1118936752100,1118936753100,3
train,160,s0_t1118936740200_a1193,mid,0.0,6,20,1118936753100,1118936752600,1210,1187,3,1118936752600,1118936753600,3
train,160,s0_t1118936740200_a1193,mid,0.0,5,22,1118936754100,1118936753600,1185,1191,3,1118936753600,1118936754600,3
train,160,s0_t1118936740200_a1193,mid,0.0,0,26,1118936756100,1118936755600,1190,1191,3,1118936755600,1118936756600,3
train,160,s0_t1118936740200_a1193,mid,0.0,0,28,1118936757100,1118936756600,1191,1190,3,1118936756600,1118936757600,2
train,160,s0_t1118936740200_a1193,mid,0.0,2,28,1118936757100,1118936756600,1210,1185,3,1118936756600,1118936757600,3
train,160,s0_t1118936740200_a1193,mid,0.0,4,28,1118936757100,1118936756600,1185,1191,3,1118936756600,1118936757600,2
train,160,s0_t1118936740200_a1193,mid,0.0,6,30,1118936758100,1118936757600,1190,1191,2,1118936757600,1118936758100,2
train,160,s0_t1118936740200_a1193,mid,5.0,0,1,1118936743600,1118936743100,1190,1210,3,1118936743100,1118936744100,2
train,160,s0_t1118936740200_a1193,mid,5.0,6,1,1118936743600,1118936743100,1187,1185,3,1118936743100,1118936744100,3
train,160,s0_t1118936740200_a1193,mid,5.0,6,2,1118936744100,1118936743600,1185,1187,3,1118936743600,1118936744600,3
train,160,s0_t1118936740200_a1193,mid,5.0,6,4,1118936745100,1118936744600,1187,1210,3,1118936744600,1118936745600,3
train,160,s0_t1118936740200_a1193,mid,5.0,6,6,1118936746100,1118936745600,1210,1185,3,1118936745600,1118936746600,3
train,160,s0_t1118936740200_a1193,mid,5.0,4,7,1118936746600,1118936746100,1210,1185,3,1118936746100,1118936747100,2
train,160,s0_t1118936740200_a1193,mid,5.0,6,7,1118936746600,1118936746100,1185,1210,3,1118936746100,1118936747100,3
train,160,s0_t1118936740200_a1193,mid,5.0,0,8,1118936747100,1118936746600,1191,1185,3,1118936746600,1118936747600,2
train,160,s0_t1118936740200_a1193,mid,5.0,2,9,1118936747600,1118936747100,1191,1185,3,1118936747100,1118936748100,2
train,160,s0_t1118936740200_a1193,mid,5.0,3,9,1118936747600,1118936747100,1190,1191,3,1118936747100,1118936748100,2
train,160,s0_t1118936740200_a1193,mid,5.0,5,14,1118936750100,1118936749600,1187,1210,3,1118936749600,1118936750600,3
train,160,s0_t1118936740200_a1193,mid,5.0,6,14,1118936750100,1118936749600,1210,1185,3,1118936749600,1118936750600,3
train,160,s0_t1118936740200_a1193,mid,5.0,5,15,1118936750600,1118936750100,1210,1187,3,1118936750100,1118936751100,3
train,160,s0_t1118936740200_a1193,mid,5.0,6,15,1118936750600,1118936750100,1185,1210,3,1118936750100,1118936751100,2
train,160,s0_t1118936740200_a1193,mid,5.0,5,16,1118936751100,1118936750600,1187,1210,3,1118936750600,1118936751600,2
train,160,s0_t1118936740200_a1193,mid,5.0,0,17,1118936751600,1118936751100,1187,1210,3,1118936751100,1118936752100,3
train,160,s0_t1118936740200_a1193,mid,5.0,0,18,1118936752100,1118936751600,1210,1185,3,1118936751600,1118936752600,3
train,160,s0_t1118936740200_a1193,mid,5.0,3,19,1118936752600,1118936752100,1190,1191,3,1118936752100,1118936753100,2
train,160,s0_t1118936740200_a1193,mid,5.0,4,19,1118936752600,1118936752100,1191,1190,3,1118936752100,1118936753100,3
train,160,s0_t1118936740200_a1193,mid,5.0,0,20,1118936753100,1118936752600,1185,1210,3,1118936752600,1118936753600,3
train,160,s0_t1118936740200_a1193,mid,5.0,6,20,1118936753100,1118936752600,1210,1187,3,1118936752600,1118936753600,3
train,160,s0_t1118936740200_a1193,mid,5.0,0,21,1118936753600,1118936753100,1210,1185,3,1118936753100,1118936754100,2
train,160,s0_t1118936740200_a1193,mid,5.0,7,21,1118936753600,1118936753100,1185,1210,3,1118936753100,1118936754100,3
train,160,s0_t1118936740200_a1193,mid,5.0,7,22,1118936754100,1118936753600,1210,1191,3,1118936753600,1118936754600,2
train,160,s0_t1118936740200_a1193,mid,5.0,3,23,1118936754600,1118936754100,1185,1210,3,1118936754100,1118936755100,3
train,160,s0_t1118936740200_a1193,mid,5.0,0,25,1118936755600,1118936755100,1185,1191,3,1118936755100,1118936756100,3
train,160,s0_t1118936740200_a1193,mid,5.0,3,25,1118936755600,1118936755100,1210,1185,3,1118936755100,1118936756100,3
train,160,s0_t1118936740200_a1193,mid,5.0,6,25,1118936755600,1118936755100,1187,1210,3,1118936755100,1118936756100,3
train,160,s0_t1118936740200_a1193,mid,5.0,3,27,1118936756600,1118936756100,1185,1210,3,1118936756100,1118936757100,3
train,160,s0_t1118936740200_a1193,mid,5.0,6,27,1118936756600,1118936756100,1210,1187,3,1118936756100,1118936757100,3
train,160,s0_t1118936740200_a1193,mid,5.0,2,28,1118936757100,1118936756600,1185,1191,3,1118936756600,1118936757600,3
train,160,s0_t1118936740200_a1193,mid,5.0,3,28,1118936757100,1118936756600,1210,1185,3,1118936756600,1118936757600,3
train,160,s0_t1118936740200_a1193,mid,5.0,6,28,1118936757100,1118936756600,1187,1210,3,1118936756600,1118936757600,3
train,160,s0_t1118936740200_a1193,mid,5.0,6,29,1118936757600,1118936757100,1210,1187,3,1118936757100,1118936758100,3
train,160,s0_t1118936740200_a1193,mid,5.0,6,30,1118936758100,1118936757600,1187,1210,2,1118936757600,1118936758100,2
train,160,s0_t1118936740200_a1193,mid,5.0,7,30,1118936758100,1118936757600,1210,1185,2,1118936757600,1118936758100,2
train,160,s0_t1118936740200_a1193,mid,10.0,0,1,1118936743600,1118936743100,1190,1210,3,1118936743100,1118936744100,2
train,160,s0_t1118936740200_a1193,mid,10.0,6,1,1118936743600,1118936743100,1187,1185,3,1118936743100,1118936744100,3
train,160,s0_t1118936740200_a1193,mid,10.0,6,2,1118936744100,1118936743600,1185,1187,3,1118936743600,1118936744600,3
train,160,s0_t1118936740200_a1193,mid,10.0,6,4,1118936745100,1118936744600,1187,1210,3,1118936744600,1118936745600,3
train,160,s0_t1118936740200_a1193,mid,10.0,6,6,1118936746100,1118936745600,1210,1185,3,1118936745600,1118936746600,3
train,160,s0_t1118936740200_a1193,mid,10.0,4,7,1118936746600,1118936746100,1210,1185,3,1118936746100,1118936747100,2
train,160,s0_t1118936740200_a1193,mid,10.0,6,7,1118936746600,1118936746100,1185,1210,3,1118936746100,1118936747100,3
train,160,s0_t1118936740200_a1193,mid,10.0,0,8,1118936747100,1118936746600,1191,1185,3,1118936746600,1118936747600,2
train,160,s0_t1118936740200_a1193,mid,10.0,2,9,1118936747600,1118936747100,1191,1185,3,1118936747100,1118936748100,2
train,160,s0_t1118936740200_a1193,mid,10.0,3,9,1118936747600,1118936747100,1190,1191,3,1118936747100,1118936748100,2
train,160,s0_t1118936740200_a1193,mid,10.0,5,14,1118936750100,1118936749600,1187,1210,3,1118936749600,1118936750600,3
train,160,s0_t1118936740200_a1193,mid,10.0,6,14,1118936750100,1118936749600,1210,1185,3,1118936749600,1118936750600,3
train,160,s0_t1118936740200_a1193,mid,10.0,5,15,1118936750600,1118936750100,1210,1187,3,1118936750100,1118936751100,3
train,160,s0_t1118936740200_a1193,mid,10.0,6,15,1118936750600,1118936750100,1185,1210,3,1118936750100,1118936751100,2
train,160,s0_t1118936740200_a1193,mid,10.0,5,16,1118936751100,1118936750600,1187,1210,3,1118936750600,1118936751600,2
train,160,s0_t1118936740200_a1193,mid,10.0,7,17,1118936751600,1118936751100,1185,1210,3,1118936751100,1118936752100,2
train,160,s0_t1118936740200_a1193,mid,10.0,3,19,1118936752600,1118936752100,1190,1191,3,1118936752100,1118936753100,2
train,160,s0_t1118936740200_a1193,mid,10.0,4,19,1118936752600,1118936752100,1191,1190,3,1118936752100,1118936753100,3
train,160,s0_t1118936740200_a1193,mid,10.0,5,22,1118936754100,1118936753600,1187,1210,3,1118936753600,1118936754600,3
train,160,s0_t1118936740200_a1193,mid,10.0,5,24,1118936755100,1118936754600,1210,1185,3,1118936754600,1118936755600,3
train,160,s0_t1118936740200_a1193,mid,10.0,6,24,1118936755100,1118936754600,1187,1210,3,1118936754600,1118936755600,3
train,160,s0_t1118936740200_a1193,mid,10.0,5,25,1118936755600,1118936755100,1185,1210,3,1118936755100,1118936756100,3
train,160,s0_t1118936740200_a1193,mid,10.0,6,25,1118936755600,1118936755100,1210,1187,3,1118936755100,1118936756100,3
train,160,s0_t1118936740200_a1193,mid,10.0,3,27,1118936756600,1118936756100,1185,1210,3,1118936756100,1118936757100,3
train,160,s0_t1118936740200_a1193,mid,10.0,5,27,1118936756600,1118936756100,1210,1187,3,1118936756100,1118936757100,3
train,160,s0_t1118936740200_a1193,mid,10.0,0,29,1118936757600,1118936757100,1185,1190,3,1118936757100,1118936758100,2
train,160,s0_t1118936740200_a1193,mid,10.0,3,29,1118936757600,1118936757100,1210,1185,3,1118936757100,1118936758100,3
train,160,s0_t1118936740200_a1193,mid,10.0,4,29,1118936757600,1118936757100,1190,1191,3,1118936757100,1118936758100,2
train,160,s0_t1118936740200_a1193,mid,10.0,3,30,1118936758100,1118936757600,1185,1210,2,1118936757600,1118936758100,2
train,160,s0_t1118936740200_a1193,mid,10.0,6,30,1118936758100,1118936757600,1210,1185,2,1118936757600,1118936758100,2
train,160,s0_t1118936740200_a1193,mid,15.0,0,1,1118936743600,1118936743100,1190,1210,3,1118936743100,1118936744100,2
train,160,s0_t1118936740200_a1193,mid,15.0,6,1,1118936743600,1118936743100,1187,1185,3,1118936743100,1118936744100,3
train,160,s0_t1118936740200_a1193,mid,15.0,6,2,1118936744100,1118936743600,1185,1187,3,1118936743600,1118936744600,3
train,160,s0_t1118936740200_a1193,mid,15.0,6,4,1118936745100,1118936744600,1187,1210,3,1118936744600,1118936745600,3
train,160,s0_t1118936740200_a1193,mid,15.0,6,6,1118936746100,1118936745600,1210,1185,3,1118936745600,1118936746600,3
train,160,s0_t1118936740200_a1193,mid,15.0,4,7,1118936746600,1118936746100,1210,1185,3,1118936746100,1118936747100,2
train,160,s0_t1118936740200_a1193,mid,15.0,6,7,1118936746600,1118936746100,1185,1210,3,1118936746100,1118936747100,3
train,160,s0_t1118936740200_a1193,mid,15.0,0,8,1118936747100,1118936746600,1191,1185,3,1118936746600,1118936747600,2
train,160,s0_t1118936740200_a1193,mid,15.0,2,9,1118936747600,1118936747100,1191,1185,3,1118936747100,1118936748100,2
train,160,s0_t1118936740200_a1193,mid,15.0,3,9,1118936747600,1118936747100,1190,1191,3,1118936747100,1118936748100,2
train,160,s0_t1118936740200_a1193,mid,15.0,5,14,1118936750100,1118936749600,1187,1210,3,1118936749600,1118936750600,3
train,160,s0_t1118936740200_a1193,mid,15.0,6,14,1118936750100,1118936749600,1210,1185,3,1118936749600,1118936750600,3
train,160,s0_t1118936740200_a1193,mid,15.0,5,15,1118936750600,1118936750100,1210,1187,3,1118936750100,1118936751100,3
train,160,s0_t1118936740200_a1193,mid,15.0,6,15,1118936750600,1118936750100,1185,1210,3,1118936750100,1118936751100,2
train,160,s0_t1118936740200_a1193,mid,15.0,5,16,1118936751100,1118936750600,1187,1210,3,1118936750600,1118936751600,2
train,160,s0_t1118936740200_a1193,mid,15.0,0,17,1118936751600,1118936751100,1187,1210,3,1118936751100,1118936752100,3
train,160,s0_t1118936740200_a1193,mid,15.0,0,18,1118936752100,1118936751600,1210,1185,3,1118936751600,1118936752600,3
train,160,s0_t1118936740200_a1193,mid,15.0,4,19,1118936752600,1118936752100,1191,1190,3,1118936752100,1118936753100,3
train,160,s0_t1118936740200_a1193,mid,15.0,0,20,1118936753100,1118936752600,1185,1210,3,1118936752600,1118936753600,3
train,160,s0_t1118936740200_a1193,mid,15.0,6,20,1118936753100,1118936752600,1210,1187,3,1118936752600,1118936753600,3
train,160,s0_t1118936740200_a1193,mid,15.0,0,21,1118936753600,1118936753100,1210,1185,3,1118936753100,1118936754100,2
train,160,s0_t1118936740200_a1193,mid,15.0,4,22,1118936754100,1118936753600,1190,1191,3,1118936753600,1118936754600,3
train,160,s0_t1118936740200_a1193,mid,15.0,3,23,1118936754600,1118936754100,1210,1185,3,1118936754100,1118936755100,2
train,160,s0_t1118936740200_a1193,mid,15.0,4,23,1118936754600,1118936754100,1191,1190,3,1118936754100,1118936755100,3
train,160,s0_t1118936740200_a1193,mid,15.0,6,25,1118936755600,1118936755100,1187,1210,3,1118936755100,1118936756100,3
train,160,s0_t1118936740200_a1193,mid,15.0,7,25,1118936755600,1118936755100,1210,1185,3,1118936755100,1118936756100,3
train,160,s0_t1118936740200_a1193,mid,15.0,6,27,1118936756600,1118936756100,1210,1187,3,1118936756100,1118936757100,3
train,160,s0_t1118936740200_a1193,mid,15.0,7,27,1118936756600,1118936756100,1185,1210,3,1118936756100,1118936757100,3
train,160,s0_t1118936740200_a1193,mid,15.0,2,28,1118936757100,1118936756600,1185,1191,3,1118936756600,1118936757600,3
train,160,s0_t1118936740200_a1193,mid,15.0,3,29,1118936757600,1118936757100,1185,1190,3,1118936757100,1118936758100,3
train,160,s0_t1118936740200_a1193,mid,15.0,7,29,1118936757600,1118936757100,1210,1185,3,1118936757100,1118936758100,3
train,160,s0_t1118936740200_a1193,mid,15.0,5,30,1118936758100,1118936757600,1210,1185,2,1118936757600,1118936758100,2
train,160,s0_t1118936740200_a1193,mid,15.0,7,30,1118936758100,1118936757600,1185,1210,2,1118936757600,1118936758100,2
train,160,s0_t1118936740200_a1193,mid,20.0,5,1,1118936743600,1118936743100,1191,1190,3,1118936743100,1118936744100,2
train,160,s0_t1118936740200_a1193,mid,20.0,3,9,1118936747600,1118936747100,1191,1185,3,1118936747100,1118936748100,3
train,160,s0_t1118936740200_a1193,mid,20.0,6,11,1118936748600,1118936748100,1210,1185,3,1118936748100,1118936749100,3
train,160,s0_t1118936740200_a1193,mid,20.0,2,12,1118936749100,1118936748600,1190,1191,3,1118936748600,1118936749600,3
train,160,s0_t1118936740200_a1193,mid,20.0,6,12,1118936749100,1118936748600,1185,1210,3,1118936748600,1118936749600,3
train,160,s0_t1118936740200_a1193,mid,20.0,7,16,1118936751100,1118936750600,1185,1210,3,1118936750600,1118936751600,3
train,160,s0_t1118936740200_a1193,mid,20.0,7,17,1118936751600,1118936751100,1210,1185,3,1118936751100,1118936752100,2
train,160,s0_t1118936740200_a1193,mid,20.0,2,19,1118936752600,1118936752100,1191,1190,3,1118936752100,1118936753100,3
train,160,s0_t1118936740200_a1193,mid,20.0,3,21,1118936753600,1118936753100,1210,1185,3,1118936753100,1118936754100,2
train,160,s0_t1118936740200_a1193,mid,20.0,6,25,1118936755600,1118936755100,1187,1210,3,1118936755100,1118936756100,3
train,160,s0_t1118936740200_a1193,mid,20.0,6,27,1118936756600,1118936756100,1210,1187,3,1118936756100,1118936757100,3
train,160,s0_t1118936740200_a1193,mid,20.0,0,28,1118936757100,1118936756600,1185,1191,3,1118936756600,1118936757600,3
train,160,s0_t1118936740200_a1193,mid,20.0,4,28,1118936757100,1118936756600,1210,1185,3,1118936756600,1118936757600,3
train,160,s0_t1118936740200_a1193,mid,20.0,4,30,1118936758100,1118936757600,1185,1210,2,1118936757600,1118936758100,2
train,160,s0_t1118936740200_a1193,mid,20.0,5,30,1118936758100,1118936757600,1210,1185,2,1118936757600,1118936758100,2
train,162,s0_t1118936760200_a1176,high,-5.0,5,1,1118936763600,1118936763100,1191,1185,3,1118936763100,1118936764100,3
train,162,s0_t1118936760200_a1176,high,-5.0,1,2,1118936764100,1118936763600,1191,1190,3,1118936763600,1118936764600,3
train,162,s0_t1118936760200_a1176,high,-5.0,5,2,1118936764100,1118936763600,1185,1191,3,1118936763600,1118936764600,3
train,162,s0_t1118936760200_a1176,high,-5.0,5,3,1118936764600,1118936764100,1191,1185,3,1118936764100,1118936765100,3
train,162,s0_t1118936760200_a1176,high,-5.0,5,4,1118936765100,1118936764600,1185,1191,3,1118936764600,1118936765600,3
train,162,s0_t1118936760200_a1176,high,-5.0,1,6,1118936766100,1118936765600,1190,1191,3,1118936765600,1118936766600,3
train,162,s0_t1118936760200_a1176,high,-5.0,2,6,1118936766100,1118936765600,1210,1187,3,1118936765600,1118936766600,2
train,162,s0_t1118936760200_a1176,high,-5.0,5,6,1118936766100,1118936765600,1191,1185,3,1118936765600,1118936766600,3
train,162,s0_t1118936760200_a1176,high,-5.0,6,6,1118936766100,1118936765600,1187,1210,3,1118936765600,1118936766600,3
train,162,s0_t1118936760200_a1176,high,-5.0,1,7,1118936766600,1118936766100,1191,1190,3,1118936766100,1118936767100,3
train,162,s0_t1118936760200_a1176,high,-5.0,3,7,1118936766600,1118936766100,1190,1187,3,1118936766100,1118936767100,2
train,162,s0_t1118936760200_a1176,high,-5.0,5,7,1118936766600,1118936766100,1185,1191,3,1118936766100,1118936767100,3
train,162,s0_t1118936760200_a1176,high,-5.0,1,8,1118936767100,1118936766600,1190,1191,3,1118936766600,1118936767600,3
train,162,s0_t1118936760200_a1176,high,-5.0,5,8,1118936767100,1118936766600,1191,1190,3,1118936766600,1118936767600,3
train,162,s0_t1118936760200_a1176,high,-5.0,6,8,1118936767100,1118936766600,1210,1187,3,1118936766600,1118936767600,3
train,162,s0_t1118936760200_a1176,high,-5.0,7,15,1118936770600,1118936770100,1185,1210,3,1118936770100,1118936771100,2
train,162,s0_t1118936760200_a1176,high,0.0,2,1,1118936763600,1118936763100,1191,1210,3,1118936763100,1118936764100,2
train,162,s0_t1118936760200_a1176,high,0.0,5,2,1118936764100,1118936763600,1185,1191,3,1118936763600,1118936764600,3
train,162,s0_t1118936760200_a1176,high,0.0,3,3,1118936764600,1118936764100,1210,1185,3,1118936764100,1118936765100,2
train,162,s0_t1118936760200_a1176,high,0.0,6,6,1118936766100,1118936765600,1210,1185,3,1118936765600,1118936766600,2
train,162,s0_t1118936760200_a1176,high,0.0,7,6,1118936766100,1118936765600,1191,1190,3,1118936765600,1118936766600,2
train,162,s0_t1118936760200_a1176,high,0.0,3,7,1118936766600,1118936766100,1210,1187,3,1118936766100,1118936767100,3
train,162,s0_t1118936760200_a1176,high,0.0,5,7,1118936766600,1118936766100,1187,1190,3,1118936766100,1118936767100,2
train,162,s0_t1118936760200_a1176,high,0.0,1,8,1118936767100,1118936766600,1191,1185,3,1118936766600,1118936767600,3
train,162,s0_t1118936760200_a1176,high,5.0,5,2,1118936764100,1118936763600,1185,1210,3,1118936763600,1118936764600,3
train,162,s0_t1118936760200_a1176,high,5.0,5,3,1118936764600,1118936764100,1210,1191,3,1118936764100,1118936765100,3
train,162,s0_t1118936760200_a1176,high,5.0,5,5,1118936765600,1118936765100,1191,1190,3,1118936765100,1118936766100,2
train,162,s0_t1118936760200_a1176,high,5.0,3,9,1118936767600,1118936767100,1210,1185,3,1118936767100,1118936768100,3
train,162,s0_t1118936760200_a1176,high,5.0,6,9,1118936767600,1118936767100,1185,1210,3,1118936767100,1118936768100,3
train,162,s0_t1118936760200_a1176,high,5.0,6,12,1118936769100,1118936768600,1210,1185,3,1118936768600,1118936769600,3
train,162,s0_t1118936760200_a1176,high,5.0,3,18,1118936772100,1118936771600,1190,1187,3,1118936771600,1118936772600,3
train,162,s0_t1118936760200_a1176,high,10.0,5,2,1118936764100,1118936763600,1185,1210,3,1118936763600,1118936764600,3
train,162,s0_t1118936760200_a1176,high,10.0,5,3,1118936764600,1118936764100,1210,1191,3,1118936764100,1118936765100,3
train,162,s0_t1118936760200_a1176,high,10.0,5,5,1118936765600,1118936765100,1191,1190,3,1118936765100,1118936766100,2
train,162,s0_t1118936760200_a1176,high,10.0,6,8,1118936767100,1118936766600,1185,1210,3,1118936766600,1118936767600,3
train,162,s0_t1118936760200_a1176,high,10.0,3,9,1118936767600,1118936767100,1187,1210,3,1118936767100,1118936768100,2
train,162,s0_t1118936760200_a1176,high,10.0,6,9,1118936767600,1118936767100,1210,1185,3,1118936767100,1118936768100,3
train,162,s0_t1118936760200_a1176,high,10.0,7,10,1118936768100,1118936767600,1191,1210,3,1118936767600,1118936768600,2
train,162,s0_t1118936760200_a1176,high,10.0,6,13,1118936769600,1118936769100,1185,1210,3,1118936769100,1118936770100,3
train,162,s0_t1118936760200_a1176,high,10.0,6,14,1118936770100,1118936769600,1210,1185,3,1118936769600,1118936770600,3
train,162,s0_t1118936760200_a1176,high,10.0,0,16,1118936771100,1118936770600,1190,1187,3,1118936770600,1118936771600,3
train,162,s0_t1118936760200_a1176,high,10.0,6,23,1118936774600,1118936774100,1210,1185,3,1118936774100,1118936775100,2
train,162,s0_t1118936760200_a1176,high,15.0,5,2,1118936764100,1118936763600,1185,1210,3,1118936763600,1118936764600,3
train,162,s0_t1118936760200_a1176,high,15.0,5,3,1118936764600,1118936764100,1210,1191,3,1118936764100,1118936765100,3
train,162,s0_t1118936760200_a1176,high,15.0,1,10,1118936768100,1118936767600,1185,1210,3,1118936767600,1118936768600,3
train,162,s0_t1118936760200_a1176,high,15.0,1,11,1118936768600,1118936768100,1210,1185,3,1118936768100,1118936769100,3
train,162,s0_t1118936760200_a1176,high,15.0,6,11,1118936768600,1118936768100,1185,1210,3,1118936768100,1118936769100,3
train,162,s0_t1118936760200_a1176,high,15.0,7,14,1118936770100,1118936769600,1190,1187,3,1118936769600,1118936770600,3
train,162,s0_t1118936760200_a1176,high,15.0,0,29,1118936777600,1118936777100,1191,1193,3,1118936777100,1118936778100,2
train,162,s0_t1118936760200_a1176,high,15.0,5,29,1118936777600,1118936777100,1193,1191,3,1118936777100,1118936778100,3
train,162,s0_t1118936760200_a1176,high,20.0,5,2,1118936764100,1118936763600,1185,1210,3,1118936763600,1118936764600,3
train,162,s0_t1118936760200_a1176,high,20.0,5,3,1118936764600,1118936764100,1210,1191,3,1118936764100,1118936765100,3
train,162,s0_t1118936760200_a1176,high,20.0,5,5,1118936765600,1118936765100,1191,1190,3,1118936765100,1118936766100,2
train,162,s0_t1118936760200_a1176,high,20.0,6,6,1118936766100,1118936765600,1187,1210,3,1118936765600,1118936766600,2
train,162,s0_t1118936760200_a1176,high,20.0,5,10,1118936768100,1118936767600,1191,1190,3,1118936767600,1118936768600,3
train,162,s0_t1118936760200_a1176,high,20.0,7,11,1118936768600,1118936768100,1187,1210,3,1118936768100,1118936769100,2
train,162,s0_t1118936760200_a1176,high,20.0,0,29,1118936777600,1118936777100,1193,1191,3,1118936777100,1118936778100,3
train,162,s0_t1118936760200_a1176,high,20.0,1,29,1118936777600,1118936777100,1191,1193,3,1118936777100,1118936778100,2
train,163,s0_t1118936760200_a1210,high,-5.0,3,1,1118936763600,1118936763100,1187,1210,3,1118936763100,1118936764100,3
train,163,s0_t1118936760200_a1210,high,-5.0,5,2,1118936764100,1118936763600,1185,1191,3,1118936763600,1118936764600,3
train,163,s0_t1118936760200_a1210,high,-5.0,7,3,1118936764600,1118936764100,1187,1185,3,1118936764100,1118936765100,3
train,163,s0_t1118936760200_a1210,high,-5.0,3,6,1118936766100,1118936765600,1210,1185,3,1118936765600,1118936766600,3
train,163,s0_t1118936760200_a1210,high,-5.0,0,9,1118936767600,1118936767100,1210,1187,3,1118936767100,1118936768100,3
train,163,s0_t1118936760200_a1210,high,-5.0,0,11,1118936768600,1118936768100,1187,1210,3,1118936768100,1118936769100,2
train,163,s0_t1118936760200_a1210,high,-5.0,1,11,1118936768600,1118936768100,1190,1187,3,1118936768100,1118936769100,2
train,163,s0_t1118936760200_a1210,high,-5.0,7,14,1118936770100,1118936769600,1185,1210,3,1118936769600,1118936770600,3
train,163,s0_t1118936760200_a1210,high,-5.0,2,22,1118936774100,1118936773600,1185,1210,3,1118936773600,1118936774600,3
train,163,s0_t1118936760200_a1210,high,-5.0,4,22,1118936774100,1118936773600,1210,1185,3,1118936773600,1118936774600,3
train,163,s0_t1118936760200_a1210,high,0.0,5,2,1118936764100,1118936763600,1185,1191,3,1118936763600,1118936764600,3
train,163,s0_t1118936760200_a1210,high,0.0,5,3,1118936764600,1118936764100,1191,1185,3,1118936764100,1118936765100,2
train,163,s0_t1118936760200_a1210,high,0.0,0,4,1118936765100,1118936764600,1210,1187,3,1118936764600,1118936765600,2
train,163,s0_t1118936760200_a1210,high,0.0,3,7,1118936766600,1118936766100,1187,1210,3,1118936766100,1118936767100,3
train,163,s0_t1118936760200_a1210,high,0.0,5,7,1118936766600,1118936766100,1210,1187,3,1118936766100,1118936767100,2
train,163,s0_t1118936760200_a1210,high,0.0,3,8,1118936767100,1118936766600,1210,1187,3,1118936766600,1118936767600,3
train,163,s0_t1118936760200_a1210,high,0.0,1,11,1118936768600,1118936768100,1190,1191,3,1118936768100,1118936769100,2
train,163,s0_t1118936760200_a1210,high,0.0,0,15,1118936770600,1118936770100,1187,1190,3,1118936770100,1118936771100,2
train,163,s0_t1118936760200_a1210,high,0.0,3,22,1118936774100,1118936773600,1210,1185,3,1118936773600,1118936774600,3
train,163,s0_t1118936760200_a1210,high,0.0,5,22,1118936774100,1118936773600,1185,1210,3,1118936773600,1118936774600,3
train,163,s0_t1118936760200_a1210,high,5.0,5,2,1118936764100,1118936763600,1185,1191,3,1118936763600,1118936764600,3
train,163,s0_t1118936760200_a1210,high,5.0,3,6,1118936766100,1118936765600,1187,1210,3,1118936765600,1118936766600,2
train,163,s0_t1118936760200_a1210,high,5.0,5,8,1118936767100,1118936766600,1191,1185,3,1118936766600,1118936767600,2
train,163,s0_t1118936760200_a1210,high,5.0,0,9,1118936767600,1118936767100,1210,1187,3,1118936767100,1118936768100,3
train,163,s0_t1118936760200_a1210,high,5.0,0,11,1118936768600,1118936768100,1187,1210,3,1118936768100,1118936769100,2
train,163,s0_t1118936760200_a1210,high,5.0,3,11,1118936768600,1118936768100,1191,1190,3,1118936768100,1118936769100,2
train,163,s0_t1118936760200_a1210,high,5.0,6,12,1118936769100,1118936768600,1185,1210,3,1118936768600,1118936769600,2
train,163,s0_t1118936760200_a1210,high,5.0,1,22,1118936774100,1118936773600,1210,1185,3,1118936773600,1118936774600,3
train,163,s0_t1118936760200_a1210,high,5.0,4,22,1118936774100,1118936773600,1185,1210,3,1118936773600,1118936774600,3
train,163,s0_t1118936760200_a1210,high,10.0,4,1,1118936763600,1118936763100,1187,1210,3,1118936763100,1118936764100,3
train,163,s0_t1118936760200_a1210,high,10.0,3,2,1118936764100,1118936763600,1185,1191,3,1118936763600,1118936764600,3
train,163,s0_t1118936760200_a1210,high,10.0,4,2,1118936764100,1118936763600,1210,1187,3,1118936763600,1118936764600,3
train,163,s0_t1118936760200_a1210,high,10.0,6,2,1118936764100,1118936763600,1187,1210,3,1118936763600,1118936764600,2
train,163,s0_t1118936760200_a1210,high,10.0,1,3,1118936764600,1118936764100,1185,1210,3,1118936764100,1118936765100,3
train,163,s0_t1118936760200_a1210,high,10.0,1,6,1118936766100,1118936765600,1210,1185,3,1118936765600,1118936766600,3
train,163,s0_t1118936760200_a1210,high,10.0,4,6,1118936766100,1118936765600,1187,1210,3,1118936765600,1118936766600,2
train,163,s0_t1118936760200_a1210,high,10.0,0,9,1118936767600,1118936767100,1210,1187,3,1118936767100,1118936768100,3
train,163,s0_t1118936760200_a1210,high,10.0,0,11,1118936768600,1118936768100,1187,1210,3,1118936768100,1118936769100,2
train,163,s0_t1118936760200_a1210,high,10.0,4,11,1118936768600,1118936768100,1191,1190,3,1118936768100,1118936769100,2
train,163,s0_t1118936760200_a1210,high,10.0,7,12,1118936769100,1118936768600,1185,1210,3,1118936768600,1118936769600,2
train,163,s0_t1118936760200_a1210,high,10.0,5,22,1118936774100,1118936773600,1185,1210,3,1118936773600,1118936774600,3
train,163,s0_t1118936760200_a1210,high,10.0,6,22,1118936774100,1118936773600,1210,1185,3,1118936773600,1118936774600,3
train,163,s0_t1118936760200_a1210,high,15.0,4,1,1118936763600,1118936763100,1187,1210,3,1118936763100,1118936764100,3
train,163,s0_t1118936760200_a1210,high,15.0,3,2,1118936764100,1118936763600,1185,1191,3,1118936763600,1118936764600,3
train,163,s0_t1118936760200_a1210,high,15.0,4,2,1118936764100,1118936763600,1210,1187,3,1118936763600,1118936764600,3
train,163,s0_t1118936760200_a1210,high,15.0,6,2,1118936764100,1118936763600,1187,1210,3,1118936763600,1118936764600,2
train,163,s0_t1118936760200_a1210,high,15.0,1,3,1118936764600,1118936764100,1185,1210,3,1118936764100,1118936765100,3
train,163,s0_t1118936760200_a1210,high,15.0,1,6,1118936766100,1118936765600,1210,1185,3,1118936765600,1118936766600,3
train,163,s0_t1118936760200_a1210,high,15.0,4,6,1118936766100,1118936765600,1187,1210,3,1118936765600,1118936766600,2
train,163,s0_t1118936760200_a1210,high,15.0,0,9,1118936767600,1118936767100,1210,1187,3,1118936767100,1118936768100,3
train,163,s0_t1118936760200_a1210,high,15.0,0,11,1118936768600,1118936768100,1187,1210,3,1118936768100,1118936769100,2
train,163,s0_t1118936760200_a1210,high,15.0,4,11,1118936768600,1118936768100,1191,1190,3,1118936768100,1118936769100,2
train,163,s0_t1118936760200_a1210,high,15.0,7,12,1118936769100,1118936768600,1185,1210,3,1118936768600,1118936769600,2
train,163,s0_t1118936760200_a1210,high,15.0,5,22,1118936774100,1118936773600,1185,1210,3,1118936773600,1118936774600,3
train,163,s0_t1118936760200_a1210,high,15.0,6,22,1118936774100,1118936773600,1210,1185,3,1118936773600,1118936774600,3
train,163,s0_t1118936760200_a1210,high,20.0,4,1,1118936763600,1118936763100,1187,1210,3,1118936763100,1118936764100,2
train,163,s0_t1118936760200_a1210,high,20.0,3,2,1118936764100,1118936763600,1185,1191,3,1118936763600,1118936764600,3
train,163,s0_t1118936760200_a1210,high,20.0,6,2,1118936764100,1118936763600,1187,1210,3,1118936763600,1118936764600,3
train,163,s0_t1118936760200_a1210,high,20.0,1,3,1118936764600,1118936764100,1187,1210,3,1118936764100,1118936765100,2
train,163,s0_t1118936760200_a1210,high,20.0,6,3,1118936764600,1118936764100,1210,1185,3,1118936764100,1118936765100,2
train,163,s0_t1118936760200_a1210,high,20.0,4,9,1118936767600,1118936767100,1210,1187,3,1118936767100,1118936768100,3
train,163,s0_t1118936760200_a1210,high,20.0,4,11,1118936768600,1118936768100,1187,1210,3,1118936768100,1118936769100,2
train,163,s0_t1118936760200_a1210,high,20.0,6,11,1118936768600,1118936768100,1190,1191,3,1118936768100,1118936769100,3
train,163,s0_t1118936760200_a1210,high,20.0,6,12,1118936769100,1118936768600,1191,1190,3,1118936768600,1118936769600,2
train,163,s0_t1118936760200_a1210,high,20.0,0,19,1118936772600,1118936772100,1187,1190,3,1118936772100,1118936773100,2
train,163,s0_t1118936760200_a1210,high,20.0,4,19,1118936772600,1118936772100,1190,1187,3,1118936772100,1118936773100,2
train,163,s0_t1118936760200_a1210,high,20.0,1,22,1118936774100,1118936773600,1210,1185,3,1118936773600,1118936774600,3
train,163,s0_t1118936760200_a1210,high,20.0,6,22,1118936774100,1118936773600,1185,1210,3,1118936773600,1118936774600,3
train,163,s0_t1118936760200_a1210,high,20.0,4,30,1118936778100,1118936777600,1193,1191,2,1118936777600,1118936778100,2
train,165,s0_t1118936780200_a1190,mid,20.0,5,3,1118936784600,1118936784100,1185,1193,3,1118936784100,1118936785100,2
train,166,s0_t1118936780200_a1191,mid,0.0,1,5,1118936785600,1118936785100,1185,1193,3,1118936785100,1118936786100,3
train,167,s1_t1118936820200_a1273,high,-5.0,0,1,1118936823600,1118936823100,1273,1311,3,1118936823100,1118936824100,3
train,167,s1_t1118936820200_a1273,high,-5.0,1,1,1118936823600,1118936823100,1311,1273,3,1118936823100,1118936824100,3
train,167,s1_t1118936820200_a1273,high,-5.0,1,13,1118936829600,1118936829100,1310,1273,3,1118936829100,1118936830100,3
train,167,s1_t1118936820200_a1273,high,-5.0,1,14,1118936830100,1118936829600,1273,1311,3,1118936829600,1118936830600,2
train,167,s1_t1118936820200_a1273,high,-5.0,4,14,1118936830100,1118936829600,1311,1273,3,1118936829600,1118936830600,3
train,167,s1_t1118936820200_a1273,high,-5.0,4,15,1118936830600,1118936830100,1273,1311,3,1118936830100,1118936831100,2
train,167,s1_t1118936820200_a1273,high,0.0,0,1,1118936823600,1118936823100,1311,1273,3,1118936823100,1118936824100,3
train,167,s1_t1118936820200_a1273,high,0.0,1,1,1118936823600,1118936823100,1273,1311,3,1118936823100,1118936824100,3
train,167,s1_t1118936820200_a1273,high,0.0,0,8,1118936827100,1118936826600,1273,1311,3,1118936826600,1118936827600,3
train,167,s1_t1118936820200_a1273,high,0.0,3,8,1118936827100,1118936826600,1310,1273,3,1118936826600,1118936827600,2
train,167,s1_t1118936820200_a1273,high,0.0,0,9,1118936827600,1118936827100,1311,1310,3,1118936827100,1118936828100,3
train,167,s1_t1118936820200_a1273,high,0.0,2,14,1118936830100,1118936829600,1311,1273,3,1118936829600,1118936830600,3
train,167,s1_t1118936820200_a1273,high,0.0,0,22,1118936834100,1118936833600,1292,1310,3,1118936833600,1118936834600,3
train,167,s1_t1118936820200_a1273,high,0.0,0,23,1118936834600,1118936834100,1310,1292,3,1118936834100,1118936835100,2
train,167,s1_t1118936820200_a1273,high,5.0,0,1,1118936823600,1118936823100,1311,1273,3,1118936823100,1118936824100,3
train,167,s1_t1118936820200_a1273,high,5.0,2,1,1118936823600,1118936823100,1273,1311,3,1118936823100,1118936824100,3
train,167,s1_t1118936820200_a1273,high,5.0,2,10,1118936828100,1118936827600,1311,1293,3,1118936827600,1118936828600,2
train,167,s1_t1118936820200_a1273,high,5.0,0,13,1118936829600,1118936829100,1311,1273,3,1118936829100,1118936830100,3
train,167,s1_t1118936820200_a1273,high,5.0,0,16,1118936831100,1118936830600,1273,1311,3,1118936830600,1118936831600,3
train,167,s1_t1118936820200_a1273,high,5.0,1,17,1118936831600,1118936831100,1310,1273,3,1118936831100,1118936832100,2
train,167,s1_t1118936820200_a1273,high,5.0,2,21,1118936833600,1118936833100,1310,1273,3,1118936833100,1118936834100,3
train,167,s1_t1118936820200_a1273,high,10.0,0,1,1118936823600,1118936823100,1311,1273,3,1118936823100,1118936824100,3
train,167,s1_t1118936820200_a1273,high,10.0,2,1,1118936823600,1118936823100,1273,1311,3,1118936823100,1118936824100,3
train,167,s1_t1118936820200_a1273,high,10.0,5,15,1118936830600,1118936830100,1292,1310,3,1118936830100,1118936831100,3
train,167,s1_t1118936820200_a1273,high,10.0,0,19,1118936832600,1118936832100,1310,1292,3,1118936832100,1118936833100,3
train,167,s1_t1118936820200_a1273,high,15.0,0,1,1118936823600,1118936823100,1311,1273,3,1118936823100,1118936824100,3
train,167,s1_t1118936820200_a1273,high,15.0,1,1,1118936823600,1118936823100,1273,1311,3,1118936823100,1118936824100,3
train,167,s1_t1118936820200_a1273,high,15.0,7,9,1118936827600,1118936827100,1311,1273,3,1118936827100,1118936828100,2
train,167,s1_t1118936820200_a1273,high,15.0,1,10,1118936828100,1118936827600,1311,1293,3,1118936827600,1118936828600,2
train,167,s1_t1118936820200_a1273,high,15.0,5,11,1118936828600,1118936828100,1292,1310,3,1118936828100,1118936829100,3
train,167,s1_t1118936820200_a1273,high,15.0,5,12,1118936829100,1118936828600,1310,1292,3,1118936828600,1118936829600,3
train,167,s1_t1118936820200_a1273,high,15.0,5,15,1118936830600,1118936830100,1292,1310,3,1118936830100,1118936831100,3
train,167,s1_t1118936820200_a1273,high,20.0,0,1,1118936823600,1118936823100,1311,1273,3,1118936823100,1118936824100,3
train,167,s1_t1118936820200_a1273,high,20.0,1,1,1118936823600,1118936823100,1273,1311,3,1118936823100,1118936824100,3
train,168,s1_t1118936820200_a1304,high,-5.0,2,11,1118936828600,1118936828100,1341,1342,3,1118936828100,1118936829100,2
train,168,s1_t1118936820200_a1304,high,0.0,5,28,1118936837100,1118936836600,1341,1342,3,1118936836600,1118936837600,3
train,168,s1_t1118936820200_a1304,high,0.0,5,29,1118936837600,1118936837100,1342,1341,3,1118936837100,1118936838100,3
train,168,s1_t1118936820200_a1304,high,5.0,5,7,1118936826600,1118936826100,1342,1341,3,1118936826100,1118936827100,2
train,168,s1_t1118936820200_a1304,high,5.0,3,19,1118936832600,1118936832100,1342,1341,3,1118936832100,1118936833100,3
train,169,s1_t1118936820200_a1340,high,-5.0,2,5,1118936825600,1118936825100,1349,1357,3,1118936825100,1118936826100,3
train,169,s1_t1118936820200_a1340,high,-5.0,2,7,1118936826600,1118936826100,1357,1349,3,1118936826100,1118936827100,3
train,169,s1_t1118936820200_a1340,high,-5.0,2,18,1118936832100,1118936831600,1349,1357,3,1118936831600,1118936832600,3
train,169,s1_t1118936820200_a1340,high,-5.0,6,18,1118936832100,1118936831600,1357,1349,3,1118936831600,1118936832600,3
train,169,s1_t1118936820200_a1340,high,-5.0,6,19,1118936832600,1118936832100,1349,1340,3,1118936832100,1118936833100,2
train,169,s1_t1118936820200_a1340,high,-5.0,2,21,1118936833600,1118936833100,1357,1349,3,1118936833100,1118936834100,2
train,169,s1_t1118936820200_a1340,high,0.0,3,10,1118936828100,1118936827600,1340,1349,3,1118936827600,1118936828600,3
train,169,s1_t1118936820200_a1340,high,0.0,1,14,1118936830100,1118936829600,1339,1346,3,1118936829600,1118936830600,3
train,169,s1_t1118936820200_a1340,high,0.0,1,25,1118936835600,1118936835100,1346,1339,3,1118936835100,1118936836100,2
train,169,s1_t1118936820200_a1340,high,0.0,7,30,1118936838100,1118936837600,1346,1337,2,1118936837600,1118936838100,2
train,169,s1_t1118936820200_a1340,high,5.0,0,4,1118936825100,1118936824600,1340,1349,3,1118936824600,1118936825600,2
train,169,s1_t1118936820200_a1340,high,5.0,2,4,1118936825100,1118936824600,1349,1357,3,1118936824600,1118936825600,3
train,169,s1_t1118936820200_a1340,high,5.0,2,5,1118936825600,1118936825100,1357,1349,3,1118936825100,1118936826100,3
train,169,s1_t1118936820200_a1340,high,5.0,3,16,1118936831100,1118936830600,1346,1337,3,1118936830600,1118936831600,2
train,169,s1_t1118936820200_a1340,high,5.0,5,16,1118936831100,1118936830600,1337,1346,3,1118936830600,1118936831600,3
train,169,s1_t1118936820200_a1340,high,5.0,5,17,1118936831600,1118936831100,1346,1337,3,1118936831100,1118936832100,2
train,169,s1_t1118936820200_a1340,high,5.0,0,19,1118936832600,1118936832100,1349,1340,3,1118936832100,1118936833100,2
train,169,s1_t1118936820200_a1340,high,5.0,4,29,1118936837600,1118936837100,1346,1337,3,1118936837100,1118936838100,2
train,169,s1_t1118936820200_a1340,high,5.0,5,29,1118936837600,1118936837100,1337,1346,3,1118936837100,1118936838100,2
train,169,s1_t1118936820200_a1340,high,10.0,2,5,1118936825600,1118936825100,1349,1357,3,1118936825100,1118936826100,3
train,169,s1_t1118936820200_a1340,high,10.0,7,5,1118936825600,1118936825100,1340,1349,3,1118936825100,1118936826100,3
train,169,s1_t1118936820200_a1340,high,10.0,2,10,1118936828100,1118936827600,1357,1349,3,1118936827600,1118936828600,3
train,169,s1_t1118936820200_a1340,high,10.0,1,16,1118936831100,1118936830600,1346,1337,3,1118936830600,1118936831600,2
train,169,s1_t1118936820200_a1340,high,10.0,6,16,1118936831100,1118936830600,1337,1346,3,1118936830600,1118936831600,3
train,169,s1_t1118936820200_a1340,high,10.0,2,18,1118936832100,1118936831600,1349,1357,3,1118936831600,1118936832600,3
train,169,s1_t1118936820200_a1340,high,10.0,2,19,1118936832600,1118936832100,1357,1349,3,1118936832100,1118936833100,3
train,169,s1_t1118936820200_a1340,high,10.0,7,19,1118936832600,1118936832100,1349,1340,3,1118936832100,1118936833100,2
train,169,s1_t1118936820200_a1340,high,10.0,2,20,1118936833100,1118936832600,1349,1357,3,1118936832600,1118936833600,2
train,169,s1_t1118936820200_a1340,high,10.0,5,29,1118936837600,1118936837100,1337,1346,3,1118936837100,1118936838100,2
train,169,s1_t1118936820200_a1340,high,10.0,6,29,1118936837600,1118936837100,1346,1337,3,1118936837100,1118936838100,2
train,169,s1_t1118936820200_a1340,high,15.0,2,18,1118936832100,1118936831600,1349,1357,3,1118936831600,1118936832600,3
train,169,s1_t1118936820200_a1340,high,15.0,2,19,1118936832600,1118936832100,1357,1349,3,1118936832100,1118936833100,3
train,169,s1_t1118936820200_a1340,high,15.0,7,19,1118936832600,1118936832100,1349,1340,3,1118936832100,1118936833100,2
train,169,s1_t1118936820200_a1340,high,15.0,2,20,1118936833100,1118936832600,1349,1357,3,1118936832600,1118936833600,2
train,169,s1_t1118936820200_a1340,high,15.0,2,30,1118936838100,1118936837600,1346,1337,2,1118936837600,1118936838100,2
train,169,s1_t1118936820200_a1340,high,20.0,2,6,1118936826100,1118936825600,1349,1357,3,1118936825600,1118936826600,3
train,169,s1_t1118936820200_a1340,high,20.0,7,6,1118936826100,1118936825600,1340,1349,3,1118936825600,1118936826600,3
train,169,s1_t1118936820200_a1340,high,20.0,2,10,1118936828100,1118936827600,1357,1349,3,1118936827600,1118936828600,3
train,169,s1_t1118936820200_a1340,high,20.0,4,17,1118936831600,1118936831100,1337,1346,3,1118936831100,1118936832100,3
train,169,s1_t1118936820200_a1340,high,20.0,2,18,1118936832100,1118936831600,1349,1357,3,1118936831600,1118936832600,3
train,169,s1_t1118936820200_a1340,high,20.0,2,19,1118936832600,1118936832100,1357,1349,3,1118936832100,1118936833100,2
train,169,s1_t1118936820200_a1340,high,20.0,7,30,1118936838100,1118936837600,1346,1337,2,1118936837600,1118936838100,2
train,170,s1_t1118936840200_a1304,high,-5.0,7,3,1118936844600,1118936844100,1347,1364,3,1118936844100,1118936845100,3
train,170,s1_t1118936840200_a1304,high,-5.0,0,14,1118936850100,1118936849600,1341,1364,3,1118936849600,1118936850600,2
train,170,s1_t1118936840200_a1304,high,0.0,2,19,1118936852600,1118936852100,1364,1341,3,1118936852100,1118936853100,3
train,170,s1_t1118936840200_a1304,high,0.0,2,20,1118936853100,1118936852600,1341,1364,3,1118936852600,1118936853600,3
train,170,s1_t1118936840200_a1304,high,0.0,1,30,1118936858100,1118936857600,1353,1347,2,1118936857600,1118936858100,2
train,170,s1_t1118936840200_a1304,high,0.0,7,30,1118936858100,1118936857600,1347,1353,2,1118936857600,1118936858100,2
train,170,s1_t1118936840200_a1304,high,5.0,7,19,1118936852600,1118936852100,1364,1341,3,1118936852100,1118936853100,3
train,170,s1_t1118936840200_a1304,high,5.0,7,20,1118936853100,1118936852600,1341,1364,3,1118936852600,1118936853600,3
train,170,s1_t1118936840200_a1304,high,5.0,0,27,1118936856600,1118936856100,1341,1364,3,1118936856100,1118936857100,2
train,170,s1_t1118936840200_a1304,high,5.0,3,27,1118936856600,1118936856100,1362,1341,3,1118936856100,1118936857100,3
train,170,s1_t1118936840200_a1304,high,5.0,3,28,1118936857100,1118936856600,1341,1362,3,1118936856600,1118936857600,3
train,170,s1_t1118936840200_a1304,high,5.0,1,30,1118936858100,1118936857600,1353,1347,2,1118936857600,1118936858100,2
train,170,s1_t1118936840200_a1304,high,5.0,2,30,1118936858100,1118936857600,1347,1353,2,1118936857600,1118936858100,2
train,170,s1_t1118936840200_a1304,high,10.0,3,9,1118936847600,1118936847100,1341,1364,3,1118936847100,1118936848100,2
train,170,s1_t1118936840200_a1304,high,10.0,4,9,1118936847600,1118936847100,1364,1341,3,1118936847100,1118936848100,3
train,170,s1_t1118936840200_a1304,high,10.0,4,27,1118936856600,1118936856100,1341,1364,3,1118936856100,1118936857100,2
train,170,s1_t1118936840200_a1304,high,10.0,5,27,1118936856600,1118936856100,1362,1341,3,1118936856100,1118936857100,3
train,170,s1_t1118936840200_a1304,high,10.0,5,28,1118936857100,1118936856600,1341,1362,3,1118936856600,1118936857600,3
train,170,s1_t1118936840200_a1304,high,10.0,1,30,1118936858100,1118936857600,1353,1347,2,1118936857600,1118936858100,2
train,170,s1_t1118936840200_a1304,high,10.0,3,30,1118936858100,1118936857600,1347,1353,2,1118936857600,1118936858100,2
train,170,s1_t1118936840200_a1304,high,15.0,3,9,1118936847600,1118936847100,1347,1364,3,1118936847100,1118936848100,3
train,170,s1_t1118936840200_a1304,high,15.0,4,9,1118936847600,1118936847100,1364,1341,3,1118936847100,1118936848100,3
train,170,s1_t1118936840200_a1304,high,15.0,0,27,1118936856600,1118936856100,1362,1341,3,1118936856100,1118936857100,3
train,170,s1_t1118936840200_a1304,high,15.0,4,27,1118936856600,1118936856100,1341,1364,3,1118936856100,1118936857100,2
train,170,s1_t1118936840200_a1304,high,15.0,0,28,1118936857100,1118936856600,1341,1362,3,1118936856600,1118936857600,3
train,170,s1_t1118936840200_a1304,high,15.0,1,30,1118936858100,1118936857600,1353,1347,2,1118936857600,1118936858100,2
train,170,s1_t1118936840200_a1304,high,15.0,2,30,1118936858100,1118936857600,1347,1353,2,1118936857600,1118936858100,2
train,170,s1_t1118936840200_a1304,high,20.0,5,9,1118936847600,1118936847100,1364,1341,3,1118936847100,1118936848100,3
train,170,s1_t1118936840200_a1304,high,20.0,1,30,1118936858100,1118936857600,1353,1347,2,1118936857600,1118936858100,2
train,170,s1_t1118936840200_a1304,high,20.0,4,30,1118936858100,1118936857600,1347,1353,2,1118936857600,1118936858100,2
train,172,s1_t1118936840200_a1343,high,-5.0,2,1,1118936843600,1118936843100,1332,1333,3,1118936843100,1118936844100,3
train,172,s1_t1118936840200_a1343,high,-5.0,2,3,1118936844600,1118936844100,1333,1345,3,1118936844100,1118936845100,3
train,172,s1_t1118936840200_a1343,high,-5.0,3,6,1118936846100,1118936845600,1333,1332,3,1118936845600,1118936846600,3
train,172,s1_t1118936840200_a1343,high,-5.0,5,7,1118936846600,1118936846100,1333,1334,3,1118936846100,1118936847100,3
train,172,s1_t1118936840200_a1343,high,-5.0,5,8,1118936847100,1118936846600,1334,1333,3,1118936846600,1118936847600,3
train,172,s1_t1118936840200_a1343,high,-5.0,2,9,1118936847600,1118936847100,1345,1333,3,1118936847100,1118936848100,3
train,172,s1_t1118936840200_a1343,high,-5.0,5,9,1118936847600,1118936847100,1333,1334,3,1118936847100,1118936848100,3
train,172,s1_t1118936840200_a1343,high,-5.0,6,9,1118936847600,1118936847100,1334,1345,3,1118936847100,1118936848100,2
train,172,s1_t1118936840200_a1343,high,-5.0,2,10,1118936848100,1118936847600,1333,1345,3,1118936847600,1118936848600,3
train,172,s1_t1118936840200_a1343,high,-5.0,5,10,1118936848100,1118936847600,1334,1333,3,1118936847600,1118936848600,2
train,172,s1_t1118936840200_a1343,high,-5.0,7,12,1118936849100,1118936848600,1331,1326,3,1118936848600,1118936849600,2
train,172,s1_t1118936840200_a1343,high,-5.0,4,15,1118936850600,1118936850100,1343,1334,3,1118936850100,1118936851100,2
train,172,s1_t1118936840200_a1343,high,-5.0,5,16,1118936851100,1118936850600,1333,1345,3,1118936850600,1118936851600,3
train,172,s1_t1118936840200_a1343,high,-5.0,0,17,1118936851600,1118936851100,1333,1332,3,1118936851100,1118936852100,2
train,172,s1_t1118936840200_a1343,high,-5.0,5,17,1118936851600,1118936851100,1345,1333,3,1118936851100,1118936852100,3
train,172,s1_t1118936840200_a1343,high,-5.0,2,19,1118936852600,1118936852100,1334,1343,3,1118936852100,1118936853100,3
train,172,s1_t1118936840200_a1343,high,-5.0,2,20,1118936853100,1118936852600,1343,1334,3,1118936852600,1118936853600,3
train,172,s1_t1118936840200_a1343,high,-5.0,2,21,1118936853600,1118936853100,1334,1343,3,1118936853100,1118936854100,3
train,172,s1_t1118936840200_a1343,high,-5.0,3,21,1118936853600,1118936853100,1343,1331,3,1118936853100,1118936854100,3
train,172,s1_t1118936840200_a1343,high,-5.0,2,29,1118936857600,1118936857100,1343,1334,3,1118936857100,1118936858100,3
train,172,s1_t1118936840200_a1343,high,-5.0,7,30,1118936858100,1118936857600,1332,1333,2,1118936857600,1118936858100,2
train,172,s1_t1118936840200_a1343,high,0.0,2,1,1118936843600,1118936843100,1332,1333,3,1118936843100,1118936844100,3
train,172,s1_t1118936840200_a1343,high,0.0,2,3,1118936844600,1118936844100,1333,1345,3,1118936844100,1118936845100,3
train,172,s1_t1118936840200_a1343,high,0.0,1,4,1118936845100,1118936844600,1305,1331,3,1118936844600,1118936845600,3
train,172,s1_t1118936840200_a1343,high,0.0,3,6,1118936846100,1118936845600,1333,1332,3,1118936845600,1118936846600,3
train,172,s1_t1118936840200_a1343,high,0.0,5,7,1118936846600,1118936846100,1333,1334,3,1118936846100,1118936847100,3
train,172,s1_t1118936840200_a1343,high,0.0,0,8,1118936847100,1118936846600,1305,1331,3,1118936846600,1118936847600,3
train,172,s1_t1118936840200_a1343,high,0.0,1,8,1118936847100,1118936846600,1331,1305,3,1118936846600,1118936847600,3
train,172,s1_t1118936840200_a1343,high,0.0,5,8,1118936847100,1118936846600,1334,1333,3,1118936846600,1118936847600,3
train,172,s1_t1118936840200_a1343,high,0.0,3,12,1118936849100,1118936848600,1333,1334,3,1118936848600,1118936849600,3
train,172,s1_t1118936840200_a1343,high,0.0,6,12,1118936849100,1118936848600,1334,1343,3,1118936848600,1118936849600,3
train,172,s1_t1118936840200_a1343,high,0.0,3,14,1118936850100,1118936849600,1334,1345,3,1118936849600,1118936850600,3
train,172,s1_t1118936840200_a1343,high,0.0,6,14,1118936850100,1118936849600,1343,1334,3,1118936849600,1118936850600,3
train,172,s1_t1118936840200_a1343,high,0.0,3,16,1118936851100,1118936850600,1345,1334,3,1118936850600,1118936851600,3
train,172,s1_t1118936840200_a1343,high,0.0,4,17,1118936851600,1118936851100,1332,1333,3,1118936851100,1118936852100,2
train,172,s1_t1118936840200_a1343,high,0.0,5,17,1118936851600,1118936851100,1333,1345,3,1118936851100,1118936852100,3
train,172,s1_t1118936840200_a1343,high,0.0,3,18,1118936852100,1118936851600,1334,1333,3,1118936851600,1118936852600,3
train,172,s1_t1118936840200_a1343,high,0.0,4,21,1118936853600,1118936853100,1343,1345,3,1118936853100,1118936854100,2
train,172,s1_t1118936840200_a1343,high,0.0,3,26,1118936856100,1118936855600,1331,1326,3,1118936855600,1118936856600,2
train,172,s1_t1118936840200_a1343,high,0.0,7,28,1118936857100,1118936856600,1333,1332,3,1118936856600,1118936857600,3
train,172,s1_t1118936840200_a1343,high,0.0,0,29,1118936857600,1118936857100,1326,1331,3,1118936857100,1118936858100,3
train,172,s1_t1118936840200_a1343,high,0.0,0,30,1118936858100,1118936857600,1331,1326,2,1118936857600,1118936858100,2
train,172,s1_t1118936840200_a1343,high,5.0,4,2,1118936844100,1118936843600,1305,1331,3,1118936843600,1118936844600,3
train,172,s1_t1118936840200_a1343,high,5.0,4,3,1118936844600,1118936844100,1331,1305,3,1118936844100,1118936845100,3
train,172,s1_t1118936840200_a1343,high,5.0,1,4,1118936845100,1118936844600,1333,1334,3,1118936844600,1118936845600,2
train,172,s1_t1118936840200_a1343,high,5.0,4,4,1118936845100,1118936844600,1305,1331,3,1118936844600,1118936845600,3
train,172,s1_t1118936840200_a1343,high,5.0,3,8,1118936847100,1118936846600,1305,1331,3,1118936846600,1118936847600,3
train,172,s1_t1118936840200_a1343,high,5.0,4,8,1118936847100,1118936846600,1331,1305,3,1118936846600,1118936847600,3
train,172,s1_t1118936840200_a1343,high,5.0,1,9,1118936847600,1118936847100,1343,1345,3,1118936847100,1118936848100,2
train,172,s1_t1118936840200_a1343,high,5.0,7,9,1118936847600,1118936847100,1345,1333,3,1118936847100,1118936848100,3
train,172,s1_t1118936840200_a1343,high,5.0,7,10,1118936848100,1118936847600,1333,1345,3,1118936847600,1118936848600,3
train,172,s1_t1118936840200_a1343,high,5.0,2,18,1118936852100,1118936851600,1326,1331,3,1118936851600,1118936852600,3
train,172,s1_t1118936840200_a1343,high,5.0,7,18,1118936852100,1118936851600,1345,1333,3,1118936851600,1118936852600,3
train,172,s1_t1118936840200_a1343,high,5.0,2,19,1118936852600,1118936852100,1331,1326,3,1118936852100,1118936853100,3
train,172,s1_t1118936840200_a1343,high,5.0,1,20,1118936853100,1118936852600,1332,1343,3,1118936852600,1118936853600,2
train,172,s1_t1118936840200_a1343,high,5.0,6,24,1118936855100,1118936854600,1334,1332,3,1118936854600,1118936855600,3
train,172,s1_t1118936840200_a1343,high,5.0,7,25,1118936855600,1118936855100,1333,1345,3,1118936855100,1118936856100,3
train,172,s1_t1118936840200_a1343,high,10.0,4,4,1118936845100,1118936844600,1331,1326,3,1118936844600,1118936845600,2
train,172,s1_t1118936840200_a1343,high,10.0,6,6,1118936846100,1118936845600,1333,1332,3,1118936845600,1118936846600,3
train,172,s1_t1118936840200_a1343,high,10.0,6,12,1118936849100,1118936848600,1334,1332,3,1118936848600,1118936849600,3
train,172,s1_t1118936840200_a1343,high,10.0,3,13,1118936849600,1118936849100,1343,1334,3,1118936849100,1118936850100,3
train,172,s1_t1118936840200_a1343,high,10.0,7,13,1118936849600,1118936849100,1334,1333,3,1118936849100,1118936850100,2
train,172,s1_t1118936840200_a1343,high,10.0,5,17,1118936851600,1118936851100,1343,1331,3,1118936851100,1118936852100,2
train,172,s1_t1118936840200_a1343,high,10.0,2,19,1118936852600,1118936852100,1305,1331,3,1118936852100,1118936853100,3
train,172,s1_t1118936840200_a1343,high,10.0,2,20,1118936853100,1118936852600,1331,1305,3,1118936852600,1118936853600,3
train,172,s1_t1118936840200_a1343,high,10.0,7,22,1118936854100,1118936853600,1343,1331,3,1118936853600,1118936854600,2
train,172,s1_t1118936840200_a1343,high,10.0,3,24,1118936855100,1118936854600,1334,1332,3,1118936854600,1118936855600,3
train,172,s1_t1118936840200_a1343,high,10.0,1,30,1118936858100,1118936857600,1333,1345,2,1118936857600,1118936858100,2
train,172,s1_t1118936840200_a1343,high,10.0,5,30,1118936858100,1118936857600,1345,1333,2,1118936857600,1118936858100,2
train,172,s1_t1118936840200_a1343,high,15.0,4,4,1118936845100,1118936844600,1331,1326,3,1118936844600,1118936845600,2
train,172,s1_t1118936840200_a1343,high,15.0,6,6,1118936846100,1118936845600,1333,1332,3,1118936845600,1118936846600,3
train,172,s1_t1118936840200_a1343,high,15.0,6,12,1118936849100,1118936848600,1334,1332,3,1118936848600,1118936849600,3
train,172,s1_t1118936840200_a1343,high,15.0,3,13,1118936849600,1118936849100,1343,1334,3,1118936849100,1118936850100,3
train,172,s1_t1118936840200_a1343,high,15.0,7,13,1118936849600,1118936849100,1334,1333,3,1118936849100,1118936850100,2
train,172,s1_t1118936840200_a1343,high,15.0,5,17,1118936851600,1118936851100,1343,1331,3,1118936851100,1118936852100,2
train,172,s1_t1118936840200_a1343,high,15.0,2,19,1118936852600,1118936852100,1305,1331,3,1118936852100,1118936853100,3
train,172,s1_t1118936840200_a1343,high,15.0,2,20,1118936853100,1118936852600,1331,1305,3,1118936852600,1118936853600,3
train,172,s1_t1118936840200_a1343,high,15.0,7,22,1118936854100,1118936853600,1343,1331,3,1118936853600,1118936854600,2
train,172,s1_t1118936840200_a1343,high,15.0,3,24,1118936855100,1118936854600,1334,1332,3,1118936854600,1118936855600,3
train,172,s1_t1118936840200_a1343,high,15.0,6,25,1118936855600,1118936855100,1345,1333,3,1118936855100,1118936856100,3
train,172,s1_t1118936840200_a1343,high,15.0,6,26,1118936856100,1118936855600,1333,1345,3,1118936855600,1118936856600,3
train,172,s1_t1118936840200_a1343,high,15.0,7,26,1118936856100,1118936855600,1305,1331,3,1118936855600,1118936856600,3
train,172,s1_t1118936840200_a1343,high,15.0,6,27,1118936856600,1118936856100,1345,1333,3,1118936856100,1118936857100,3
train,172,s1_t1118936840200_a1343,high,15.0,7,27,1118936856600,1118936856100,1331,1305,3,1118936856100,1118936857100,3
train,172,s1_t1118936840200_a1343,high,15.0,3,29,1118936857600,1118936857100,1332,1333,3,1118936857100,1118936858100,3
train,172,s1_t1118936840200_a1343,high,15.0,5,29,1118936857600,1118936857100,1334,1332,3,1118936857100,1118936858100,2
train,172,s1_t1118936840200_a1343,high,15.0,6,29,1118936857600,1118936857100,1333,1345,3,1118936857100,1118936858100,3
train,172,s1_t1118936840200_a1343,high,15.0,3,30,1118936858100,1118936857600,1333,1332,2,1118936857600,1118936858100,2
train,172,s1_t1118936840200_a1343,high,15.0,6,30,1118936858100,1118936857600,1345,1333,2,1118936857600,1118936858100,2
train,172,s1_t1118936840200_a1343,high,20.0,1,5,1118936845600,1118936845100,1345,1333,3,1118936845100,1118936846100,3
train,172,s1_t1118936840200_a1343,high,20.0,2,5,1118936845600,1118936845100,1331,1334,3,1118936845100,1118936846100,3
train,172,s1_t1118936840200_a1343,high,20.0,6,5,1118936845600,1118936845100,1333,1332,3,1118936845100,1118936846100,3
train,172,s1_t1118936840200_a1343,high,20.0,2,13,1118936849600,1118936849100,1343,1334,3,1118936849100,1118936850100,3
train,172,s1_t1118936840200_a1343,high,20.0,7,13,1118936849600,1118936849100,1334,1332,3,1118936849100,1118936850100,3
train,172,s1_t1118936840200_a1343,high,20.0,2,17,1118936851600,1118936851100,1334,1343,3,1118936851100,1118936852100,3
train,172,s1_t1118936840200_a1343,high,20.0,3,17,1118936851600,1118936851100,1333,1345,3,1118936851100,1118936852100,2
train,172,s1_t1118936840200_a1343,high,20.0,6,17,1118936851600,1118936851100,1332,1334,3,1118936851100,1118936852100,3
train,172,s1_t1118936840200_a1343,high,20.0,2,18,1118936852100,1118936851600,1343,1334,3,1118936851600,1118936852600,3
train,172,s1_t1118936840200_a1343,high,20.0,6,18,1118936852100,1118936851600,1334,1345,3,1118936851600,1118936852600,2
train,172,s1_t1118936840200_a1343,high,20.0,4,19,1118936852600,1118936852100,1305,1331,3,1118936852100,1118936853100,3
train,172,s1_t1118936840200_a1343,high,20.0,4,20,1118936853100,1118936852600,1331,1305,3,1118936852600,1118936853600,3
train,172,s1_t1118936840200_a1343,high,20.0,1,22,1118936854100,1118936853600,1333,1343,3,1118936853600,1118936854600,3
train,172,s1_t1118936840200_a1343,high,20.0,2,23,1118936854600,1118936854100,1334,1332,3,1118936854100,1118936855100,3
train,172,s1_t1118936840200_a1343,high,20.0,7,23,1118936854600,1118936854100,1333,1334,3,1118936854100,1118936855100,2
train,172,s1_t1118936840200_a1343,high,20.0,4,24,1118936855100,1118936854600,1305,1331,3,1118936854600,1118936855600,3
train,172,s1_t1118936840200_a1343,high,20.0,4,25,1118936855600,1118936855100,1331,1305,3,1118936855100,1118936856100,3
train,172,s1_t1118936840200_a1343,high,20.0,0,26,1118936856100,1118936855600,1326,1331,3,1118936855600,1118936856600,2
train,172,s1_t1118936840200_a1343,high,20.0,0,30,1118936858100,1118936857600,1333,1345,2,1118936857600,1118936858100,2
train,173,s1_t1118936860200_a1353,high,-5.0,7,1,1118936863600,1118936863100,1353,1364,3,1118936863100,1118936864100,3
train,173,s1_t1118936860200_a1353,high,-5.0,1,2,1118936864100,1118936863600,1342,1417,3,1118936863600,1118936864600,2
train,173,s1_t1118936860200_a1353,high,-5.0,6,2,1118936864100,1118936863600,1347,1342,3,1118936863600,1118936864600,3
train,173,s1_t1118936860200_a1353,high,-5.0,7,2,1118936864100,1118936863600,1364,1347,3,1118936863600,1118936864600,2
train,173,s1_t1118936860200_a1353,high,-5.0,2,7,1118936866600,1118936866100,1341,1342,3,1118936866100,1118936867100,3
train,173,s1_t1118936860200_a1353,high,-5.0,2,9,1118936867600,1118936867100,1342,1341,3,1118936867100,1118936868100,3
train,173,s1_t1118936860200_a1353,high,-5.0,2,11,1118936868600,1118936868100,1341,1342,3,1118936868100,1118936869100,3
train,173,s1_t1118936860200_a1353,high,-5.0,2,14,1118936870100,1118936869600,1342,1341,3,1118936869600,1118936870600,3
train,173,s1_t1118936860200_a1353,high,-5.0,5,14,1118936870100,1118936869600,1353,1342,3,1118936869600,1118936870600,2
train,173,s1_t1118936860200_a1353,high,-5.0,2,16,1118936871100,1118936870600,1341,1342,3,1118936870600,1118936871600,3
train,173,s1_t1118936860200_a1353,high,-5.0,4,16,1118936871100,1118936870600,1353,1341,3,1118936870600,1118936871600,2
train,173,s1_t1118936860200_a1353,high,-5.0,2,17,1118936871600,1118936871100,1342,1341,3,1118936871100,1118936872100,3
train,173,s1_t1118936860200_a1353,high,-5.0,2,19,1118936872600,1118936872100,1341,1342,3,1118936872100,1118936873100,3
train,173,s1_t1118936860200_a1353,high,-5.0,6,20,1118936873100,1118936872600,1341,1364,3,1118936872600,1118936873600,2
train,173,s1_t1118936860200_a1353,high,-5.0,1,21,1118936873600,1118936873100,1347,1353,3,1118936873100,1118936874100,3
train,173,s1_t1118936860200_a1353,high,-5.0,5,21,1118936873600,1118936873100,1353,1329,3,1118936873100,1118936874100,3
train,173,s1_t1118936860200_a1353,high,-5.0,2,29,1118936877600,1118936877100,1342,1341,3,1118936877100,1118936878100,3
train,173,s1_t1118936860200_a1353,high,-5.0,4,29,1118936877600,1118936877100,1329,1353,3,1118936877100,1118936878100,3
train,173,s1_t1118936860200_a1353,high,-5.0,5,29,1118936877600,1118936877100,1341,1364,3,1118936877100,1118936878100,3
train,173,s1_t1118936860200_a1353,high,-5.0,4,30,1118936878100,1118936877600,1353,1329,2,1118936877600,1118936878100,2
train,173,s1_t1118936860200_a1353,high,-5.0,6,30,1118936878100,1118936877600,1347,1353,2,1118936877600,1118936878100,2
train,173,s1_t1118936860200_a1353,high,0.0,1,2,1118936864100,1118936863600,1342,1341,3,1118936863600,1118936864600,3
train,173,s1_t1118936860200_a1353,high,0.0,1,5,1118936865600,1118936865100,1341,1342,3,1118936865100,1118936866100,3
train,173,s1_t1118936860200_a1353,high,0.0,4,5,1118936865600,1118936865100,1329,1353,3,1118936865100,1118936866100,3
train,173,s1_t1118936860200_a1353,high,0.0,2,8,1118936867100,1118936866600,1347,1353,3,1118936866600,1118936867600,3
train,173,s1_t1118936860200_a1353,high,0.0,2,9,1118936867600,1118936867100,1353,1347,3,1118936867100,1118936868100,2
train,173,s1_t1118936860200_a1353,high,0.0,5,10,1118936868100,1118936867600,1364,1341,3,1118936867600,1118936868600,3
train,173,s1_t1118936860200_a1353,high,0.0,1,14,1118936870100,1118936869600,1342,1341,3,1118936869600,1118936870600,3
train,173,s1_t1118936860200_a1353,high,0.0,2,14,1118936870100,1118936869600,1353,1342,3,1118936869600,1118936870600,2
train,173,s1_t1118936860200_a1353,high,0.0,5,14,1118936870100,1118936869600,1341,1364,3,1118936869600,1118936870600,3
train,173,s1_t1118936860200_a1353,high,0.0,1,15,1118936870600,1118936870100,1341,1342,3,1118936870100,1118936871100,3
train,173,s1_t1118936860200_a1353,high,0.0,5,15,1118936870600,1118936870100,1364,1341,3,1118936870100,1118936871100,3
train,173,s1_t1118936860200_a1353,high,0.0,4,18,1118936872100,1118936871600,1353,1347,3,1118936871600,1118936872600,2
train,173,s1_t1118936860200_a1353,high,0.0,5,21,1118936873600,1118936873100,1341,1364,3,1118936873100,1118936874100,2
train,173,s1_t1118936860200_a1353,high,0.0,5,29,1118936877600,1118936877100,1341,1364,3,1118936877100,1118936878100,3
train,173,s1_t1118936860200_a1353,high,5.0,6,1,1118936863600,1118936863100,1353,1347,3,1118936863100,1118936864100,2
train,173,s1_t1118936860200_a1353,high,5.0,1,2,1118936864100,1118936863600,1342,1341,3,1118936863600,1118936864600,3
train,173,s1_t1118936860200_a1353,high,5.0,4,5,1118936865600,1118936865100,1329,1353,3,1118936865100,1118936866100,3
train,173,s1_t1118936860200_a1353,high,5.0,3,7,1118936866600,1118936866100,1341,1342,3,1118936866100,1118936867100,3
train,173,s1_t1118936860200_a1353,high,5.0,3,9,1118936867600,1118936867100,1342,1341,3,1118936867100,1118936868100,3
train,173,s1_t1118936860200_a1353,high,5.0,1,10,1118936868100,1118936867600,1364,1341,3,1118936867600,1118936868600,2
train,173,s1_t1118936860200_a1353,high,5.0,2,10,1118936868100,1118936867600,1353,1329,3,1118936867600,1118936868600,2
train,173,s1_t1118936860200_a1353,high,5.0,3,10,1118936868100,1118936867600,1341,1342,3,1118936867600,1118936868600,3
train,173,s1_t1118936860200_a1353,high,5.0,3,15,1118936870600,1118936870100,1342,1341,3,1118936870100,1118936871100,3
train,173,s1_t1118936860200_a1353,high,5.0,3,18,1118936872100,1118936871600,1341,1342,3,1118936871600,1118936872600,3
train,173,s1_t1118936860200_a1353,high,5.0,2,22,1118936874100,1118936873600,1329,1353,3,1118936873600,1118936874600,3
train,173,s1_t1118936860200_a1353,high,5.0,2,23,1118936874600,1118936874100,1353,1329,3,1118936874100,1118936875100,2
train,173,s1_t1118936860200_a1353,high,5.0,4,24,1118936875100,1118936874600,1353,1364,3,1118936874600,1118936875600,2
train,173,s1_t1118936860200_a1353,high,5.0,6,28,1118936877100,1118936876600,1341,1364,3,1118936876600,1118936877600,2
train,173,s1_t1118936860200_a1353,high,5.0,4,30,1118936878100,1118936877600,1353,1347,2,1118936877600,1118936878100,2
train,173,s1_t1118936860200_a1353,high,10.0,4,5,1118936865600,1118936865100,1329,1353,3,1118936865100,1118936866100,3
train,173,s1_t1118936860200_a1353,high,10.0,4,7,1118936866600,1118936866100,1353,1364,3,1118936866100,1118936867100,2
train,173,s1_t1118936860200_a1353,high,10.0,6,8,1118936867100,1118936866600,1353,1364,3,1118936866600,1118936867600,2
train,173,s1_t1118936860200_a1353,high,10.0,1,9,1118936867600,1118936867100,1342,1341,3,1118936867100,1118936868100,3
train,173,s1_t1118936860200_a1353,high,10.0,4,11,1118936868600,1118936868100,1364,1353,3,1118936868100,1118936869100,3
train,173,s1_t1118936860200_a1353,high,10.0,1,15,1118936870600,1118936870100,1341,1342,3,1118936870100,1118936871100,3
train,173,s1_t1118936860200_a1353,high,10.0,4,15,1118936870600,1118936870100,1353,1347,3,1118936870100,1118936871100,3
train,173,s1_t1118936860200_a1353,high,10.0,1,29,1118936877600,1118936877100,1342,1341,3,1118936877100,1118936878100,3
train,173,s1_t1118936860200_a1353,high,10.0,6,29,1118936877600,1118936877100,1347,1353,3,1118936877100,1118936878100,3
train,173,s1_t1118936860200_a1353,high,10.0,6,30,1118936878100,1118936877600,1353,1347,2,1118936877600,1118936878100,2
train,173,s1_t1118936860200_a1353,high,15.0,4,5,1118936865600,1118936865100,1329,1353,3,1118936865100,1118936866100,3
train,173,s1_t1118936860200_a1353,high,15.0,4,7,1118936866600,1118936866100,1353,1364,3,1118936866100,1118936867100,2
train,173,s1_t1118936860200_a1353,high,15.0,6,8,1118936867100,1118936866600,1353,1364,3,1118936866600,1118936867600,2
train,173,s1_t1118936860200_a1353,high,15.0,1,9,1118936867600,1118936867100,1342,1341,3,1118936867100,1118936868100,3
train,173,s1_t1118936860200_a1353,high,15.0,4,11,1118936868600,1118936868100,1364,1353,3,1118936868100,1118936869100,3
train,173,s1_t1118936860200_a1353,high,15.0,1,15,1118936870600,1118936870100,1341,1342,3,1118936870100,1118936871100,3
train,173,s1_t1118936860200_a1353,high,15.0,4,15,1118936870600,1118936870100,1353,1347,3,1118936870100,1118936871100,3
train,173,s1_t1118936860200_a1353,high,15.0,6,19,1118936872600,1118936872100,1329,1353,3,1118936872100,1118936873100,3
train,173,s1_t1118936860200_a1353,high,15.0,6,20,1118936873100,1118936872600,1353,1329,3,1118936872600,1118936873600,2
train,173,s1_t1118936860200_a1353,high,15.0,2,24,1118936875100,1118936874600,1353,1347,3,1118936874600,1118936875600,2
train,173,s1_t1118936860200_a1353,high,15.0,4,26,1118936876100,1118936875600,1347,1353,3,1118936875600,1118936876600,3
train,173,s1_t1118936860200_a1353,high,15.0,0,29,1118936877600,1118936877100,1329,1353,3,1118936877100,1118936878100,3
train,173,s1_t1118936860200_a1353,high,15.0,0,30,1118936878100,1118936877600,1353,1329,2,1118936877600,1118936878100,2
train,173,s1_t1118936860200_a1353,high,20.0,4,5,1118936865600,1118936865100,1329,1353,3,1118936865100,1118936866100,3
train,173,s1_t1118936860200_a1353,high,20.0,4,7,1118936866600,1118936866100,1353,1364,3,1118936866100,1118936867100,2
train,173,s1_t1118936860200_a1353,high,20.0,6,8,1118936867100,1118936866600,1353,1364,3,1118936866600,1118936867600,2
train,173,s1_t1118936860200_a1353,high,20.0,1,9,1118936867600,1118936867100,1342,1341,3,1118936867100,1118936868100,3
train,173,s1_t1118936860200_a1353,high,20.0,4,11,1118936868600,1118936868100,1364,1353,3,1118936868100,1118936869100,3
train,173,s1_t1118936860200_a1353,high,20.0,1,15,1118936870600,1118936870100,1341,1342,3,1118936870100,1118936871100,3
train,173,s1_t1118936860200_a1353,high,20.0,4,15,1118936870600,1118936870100,1353,1347,3,1118936870100,1118936871100,3
train,173,s1_t1118936860200_a1353,high,20.0,6,19,1118936872600,1118936872100,1329,1353,3,1118936872100,1118936873100,3
train,173,s1_t1118936860200_a1353,high,20.0,6,20,1118936873100,1118936872600,1353,1329,3,1118936872600,1118936873600,2
train,173,s1_t1118936860200_a1353,high,20.0,4,26,1118936876100,1118936875600,1347,1353,3,1118936875600,1118936876600,3
train,173,s1_t1118936860200_a1353,high,20.0,0,29,1118936877600,1118936877100,1329,1353,3,1118936877100,1118936878100,3
train,173,s1_t1118936860200_a1353,high,20.0,0,30,1118936878100,1118936877600,1353,1329,2,1118936877600,1118936878100,2
train,174,s1_t1118936860200_a1354,high,-5.0,1,3,1118936864600,1118936864100,1360,1366,3,1118936864100,1118936865100,3
train,174,s1_t1118936860200_a1354,high,-5.0,6,3,1118936864600,1118936864100,1373,1394,3,1118936864100,1118936865100,3
train,174,s1_t1118936860200_a1354,high,-5.0,0,4,1118936865100,1118936864600,1365,1354,3,1118936864600,1118936865600,2
train,174,s1_t1118936860200_a1354,high,-5.0,1,6,1118936866100,1118936865600,1366,1403,3,1118936865600,1118936866600,3
train,174,s1_t1118936860200_a1354,high,-5.0,7,7,1118936866600,1118936866100,1354,1365,3,1118936866100,1118936867100,3
train,174,s1_t1118936860200_a1354,high,-5.0,1,10,1118936868100,1118936867600,1403,1366,3,1118936867600,1118936868600,3
train,174,s1_t1118936860200_a1354,high,-5.0,7,14,1118936870100,1118936869600,1365,1403,3,1118936869600,1118936870600,2
train,174,s1_t1118936860200_a1354,high,-5.0,1,15,1118936870600,1118936870100,1366,1360,3,1118936870100,1118936871100,3
train,174,s1_t1118936860200_a1354,high,-5.0,6,23,1118936874600,1118936874100,1403,1366,3,1118936874100,1118936875100,2
train,174,s1_t1118936860200_a1354,high,-5.0,0,28,1118936877100,1118936876600,1366,1360,3,1118936876600,1118936877600,2
train,174,s1_t1118936860200_a1354,high,0.0,5,10,1118936868100,1118936867600,1373,1394,3,1118936867600,1118936868600,3
train,174,s1_t1118936860200_a1354,high,0.0,6,10,1118936868100,1118936867600,1360,1366,3,1118936867600,1118936868600,2
train,174,s1_t1118936860200_a1354,high,0.0,2,18,1118936872100,1118936871600,1366,1403,3,1118936871600,1118936872600,3
train,174,s1_t1118936860200_a1354,high,0.0,2,20,1118936873100,1118936872600,1403,1366,3,1118936872600,1118936873600,3
train,174,s1_t1118936860200_a1354,high,5.0,3,4,1118936865100,1118936864600,1373,1394,3,1118936864600,1118936865600,3
train,174,s1_t1118936860200_a1354,high,5.0,4,5,1118936865600,1118936865100,1403,1366,3,1118936865100,1118936866100,3
train,174,s1_t1118936860200_a1354,high,5.0,0,6,1118936866100,1118936865600,1354,1365,3,1118936865600,1118936866600,3
train,174,s1_t1118936860200_a1354,high,5.0,4,9,1118936867600,1118936867100,1366,1354,3,1118936867100,1118936868100,3
train,174,s1_t1118936860200_a1354,high,5.0,0,10,1118936868100,1118936867600,1365,1354,3,1118936867600,1118936868600,3
train,174,s1_t1118936860200_a1354,high,5.0,4,10,1118936868100,1118936867600,1354,1365,3,1118936867600,1118936868600,2
train,174,s1_t1118936860200_a1354,high,5.0,6,10,1118936868100,1118936867600,1373,1394,3,1118936867600,1118936868600,3
train,174,s1_t1118936860200_a1354,high,5.0,4,14,1118936870100,1118936869600,1354,1365,3,1118936869600,1118936870600,2
train,174,s1_t1118936860200_a1354,high,5.0,1,15,1118936870600,1118936870100,1360,1366,3,1118936870100,1118936871100,3
train,174,s1_t1118936860200_a1354,high,5.0,2,15,1118936870600,1118936870100,1366,1403,3,1118936870100,1118936871100,3
train,174,s1_t1118936860200_a1354,high,5.0,0,18,1118936872100,1118936871600,1366,1403,3,1118936871600,1118936872600,3
train,174,s1_t1118936860200_a1354,high,5.0,2,18,1118936872100,1118936871600,1403,1366,3,1118936871600,1118936872600,2
train,174,s1_t1118936860200_a1354,high,5.0,5,19,1118936872600,1118936872100,1373,1394,3,1118936872100,1118936873100,2
train,174,s1_t1118936860200_a1354,high,5.0,2,23,1118936874600,1118936874100,1403,1366,3,1118936874100,1118936875100,3
train,174,s1_t1118936860200_a1354,high,5.0,0,26,1118936876100,1118936875600,1354,1365,3,1118936875600,1118936876600,2
train,174,s1_t1118936860200_a1354,high,5.0,2,26,1118936876100,1118936875600,1366,1403,3,1118936875600,1118936876600,3
train,174,s1_t1118936860200_a1354,high,5.0,6,26,1118936876100,1118936875600,1360,1366,3,1118936875600,1118936876600,3
train,174,s1_t1118936860200_a1354,high,5.0,5,27,1118936876600,1118936876100,1360,1366,3,1118936876100,1118936877100,3
train,174,s1_t1118936860200_a1354,high,5.0,6,27,1118936876600,1118936876100,1366,1360,3,1118936876100,1118936877100,3
train,174,s1_t1118936860200_a1354,high,10.0,0,1,1118936863600,1118936863100,1365,1354,3,1118936863100,1118936864100,3
train,174,s1_t1118936860200_a1354,high,10.0,4,1,1118936863600,1118936863100,1354,1365,3,1118936863100,1118936864100,3
train,174,s1_t1118936860200_a1354,high,10.0,6,5,1118936865600,1118936865100,1373,1394,3,1118936865100,1118936866100,3
train,174,s1_t1118936860200_a1354,high,10.0,7,6,1118936866100,1118936865600,1354,1365,3,1118936865600,1118936866600,2
train,174,s1_t1118936860200_a1354,high,10.0,0,10,1118936868100,1118936867600,1373,1394,3,1118936867600,1118936868600,3
train,174,s1_t1118936860200_a1354,high,10.0,0,17,1118936871600,1118936871100,1365,1360,3,1118936871100,1118936872100,2
train,174,s1_t1118936860200_a1354,high,10.0,4,17,1118936871600,1118936871100,1360,1366,3,1118936871100,1118936872100,3
train,174,s1_t1118936860200_a1354,high,10.0,6,17,1118936871600,1118936871100,1366,1403,3,1118936871100,1118936872100,3
train,174,s1_t1118936860200_a1354,high,10.0,1,26,1118936876100,1118936875600,1354,1365,3,1118936875600,1118936876600,3
train,174,s1_t1118936860200_a1354,high,15.0,0,1,1118936863600,1118936863100,1365,1354,3,1118936863100,1118936864100,2
train,174,s1_t1118936860200_a1354,high,15.0,4,1,1118936863600,1118936863100,1354,1365,3,1118936863100,1118936864100,3
train,174,s1_t1118936860200_a1354,high,15.0,6,4,1118936865100,1118936864600,1373,1394,3,1118936864600,1118936865600,3
train,174,s1_t1118936860200_a1354,high,15.0,7,6,1118936866100,1118936865600,1354,1365,3,1118936865600,1118936866600,3
train,174,s1_t1118936860200_a1354,high,15.0,7,10,1118936868100,1118936867600,1365,1354,3,1118936867600,1118936868600,3
train,174,s1_t1118936860200_a1354,high,15.0,0,11,1118936868600,1118936868100,1373,1394,3,1118936868100,1118936869100,3
train,174,s1_t1118936860200_a1354,high,15.0,7,11,1118936868600,1118936868100,1354,1365,3,1118936868100,1118936869100,2
train,174,s1_t1118936860200_a1354,high,15.0,7,16,1118936871100,1118936870600,1403,1366,3,1118936870600,1118936871600,3
train,174,s1_t1118936860200_a1354,high,15.0,0,17,1118936871600,1118936871100,1360,1366,3,1118936871100,1118936872100,3
train,174,s1_t1118936860200_a1354,high,15.0,2,17,1118936871600,1118936871100,1373,1394,3,1118936871100,1118936872100,3
train,174,s1_t1118936860200_a1354,high,15.0,7,17,1118936871600,1118936871100,1366,1360,3,1118936871100,1118936872100,3
train,174,s1_t1118936860200_a1354,high,15.0,6,20,1118936873100,1118936872600,1403,1366,3,1118936872600,1118936873600,3
train,174,s1_t1118936860200_a1354,high,15.0,1,23,1118936874600,1118936874100,1366,1360,3,1118936874100,1118936875100,2
train,174,s1_t1118936860200_a1354,high,15.0,2,23,1118936874600,1118936874100,1403,1366,3,1118936874100,1118936875100,3
train,174,s1_t1118936860200_a1354,high,15.0,7,26,1118936876100,1118936875600,1354,1365,3,1118936875600,1118936876600,2
train,174,s1_t1118936860200_a1354,high,15.0,2,28,1118936877100,1118936876600,1366,1403,3,1118936876600,1118936877600,3
train,174,s1_t1118936860200_a1354,high,15.0,4,28,1118936877100,1118936876600,1373,1394,3,1118936876600,1118936877600,3
train,174,s1_t1118936860200_a1354,high,15.0,4,29,1118936877600,1118936877100,1394,1373,3,1118936877100,1118936878100,3
train,174,s1_t1118936860200_a1354,high,20.0,0,1,1118936863600,1118936863100,1365,1354,3,1118936863100,1118936864100,2
train,174,s1_t1118936860200_a1354,high,20.0,4,1,1118936863600,1118936863100,1354,1365,3,1118936863100,1118936864100,3
train,174,s1_t1118936860200_a1354,high,20.0,6,4,1118936865100,1118936864600,1373,1394,3,1118936864600,1118936865600,3
train,174,s1_t1118936860200_a1354,high,20.0,7,6,1118936866100,1118936865600,1354,1365,3,1118936865600,1118936866600,3
train,174,s1_t1118936860200_a1354,high,20.0,0,10,1118936868100,1118936867600,1373,1394,3,1118936867600,1118936868600,3
train,174,s1_t1118936860200_a1354,high,20.0,7,10,1118936868100,1118936867600,1365,1354,3,1118936867600,1118936868600,2
train,174,s1_t1118936860200_a1354,high,20.0,4,14,1118936870100,1118936869600,1354,1365,3,1118936869600,1118936870600,2
train,174,s1_t1118936860200_a1354,high,20.0,7,18,1118936872100,1118936871600,1354,1365,3,1118936871600,1118936872600,3
train,174,s1_t1118936860200_a1354,high,20.0,7,20,1118936873100,1118936872600,1365,1354,3,1118936872600,1118936873600,2
train,174,s1_t1118936860200_a1354,high,20.0,4,24,1118936875100,1118936874600,1354,1403,3,1118936874600,1118936875600,2
train,174,s1_t1118936860200_a1354,high,20.0,3,28,1118936877100,1118936876600,1365,1354,3,1118936876600,1118936877600,2
train,174,s1_t1118936860200_a1354,high,20.0,4,30,1118936878100,1118936877600,1360,1366,2,1118936877600,1118936878100,2
train,176,s1_t1118936880200_a1336,high,-5.0,4,4,1118936885100,1118936884600,1415,1450,3,1118936884600,1118936885600,3
train,176,s1_t1118936880200_a1336,high,-5.0,0,5,1118936885600,1118936885100,1348,1336,3,1118936885100,1118936886100,3
train,176,s1_t1118936880200_a1336,high,-5.0,0,7,1118936886600,1118936886100,1336,1348,3,1118936886100,1118936887100,3
train,176,s1_t1118936880200_a1336,high,-5.0,0,8,1118936887100,1118936886600,1348,1336,3,1118936886600,1118936887600,3
train,176,s1_t1118936880200_a1336,high,-5.0,0,9,1118936887600,1118936887100,1336,1338,3,1118936887100,1118936888100,3
train,176,s1_t1118936880200_a1336,high,0.0,4,4,1118936885100,1118936884600,1415,1450,3,1118936884600,1118936885600,3
train,176,s1_t1118936880200_a1336,high,0.0,4,9,1118936887600,1118936887100,1450,1415,3,1118936887100,1118936888100,3
train,176,s1_t1118936880200_a1336,high,0.0,5,26,1118936896100,1118936895600,1415,1450,3,1118936895600,1118936896600,3
train,176,s1_t1118936880200_a1336,high,5.0,4,1,1118936883600,1118936883100,1450,1415,3,1118936883100,1118936884100,3
train,176,s1_t1118936880200_a1336,high,5.0,4,2,1118936884100,1118936883600,1415,1450,3,1118936883600,1118936884600,3
train,176,s1_t1118936880200_a1336,high,5.0,5,8,1118936887100,1118936886600,1336,1338,3,1118936886600,1118936887600,3
train,176,s1_t1118936880200_a1336,high,5.0,4,11,1118936888600,1118936888100,1450,1415,3,1118936888100,1118936889100,3
train,176,s1_t1118936880200_a1336,high,5.0,4,12,1118936889100,1118936888600,1415,1450,3,1118936888600,1118936889600,3
train,176,s1_t1118936880200_a1336,high,5.0,5,18,1118936892100,1118936891600,1415,1450,3,1118936891600,1118936892600,3
train,176,s1_t1118936880200_a1336,high,10.0,4,2,1118936884100,1118936883600,1415,1450,3,1118936883600,1118936884600,3
train,176,s1_t1118936880200_a1336,high,10.0,5,8,1118936887100,1118936886600,1336,1338,3,1118936886600,1118936887600,3
train,176,s1_t1118936880200_a1336,high,10.0,4,11,1118936888600,1118936888100,1450,1415,3,1118936888100,1118936889100,3
train,176,s1_t1118936880200_a1336,high,10.0,4,12,1118936889100,1118936888600,1415,1450,3,1118936888600,1118936889600,3
train,176,s1_t1118936880200_a1336,high,15.0,4,2,1118936884100,1118936883600,1415,1450,3,1118936883600,1118936884600,3
train,176,s1_t1118936880200_a1336,high,15.0,4,8,1118936887100,1118936886600,1450,1415,3,1118936886600,1118936887600,3
train,176,s1_t1118936880200_a1336,high,15.0,5,8,1118936887100,1118936886600,1336,1348,3,1118936886600,1118936887600,2
train,176,s1_t1118936880200_a1336,high,15.0,4,18,1118936892100,1118936891600,1415,1450,3,1118936891600,1118936892600,3
train,176,s1_t1118936880200_a1336,high,20.0,4,2,1118936884100,1118936883600,1415,1450,3,1118936883600,1118936884600,3
train,176,s1_t1118936880200_a1336,high,20.0,4,8,1118936887100,1118936886600,1450,1415,3,1118936886600,1118936887600,3
train,176,s1_t1118936880200_a1336,high,20.0,5,8,1118936887100,1118936886600,1336,1348,3,1118936886600,1118936887600,2
train,176,s1_t1118936880200_a1336,high,20.0,4,18,1118936892100,1118936891600,1415,1450,3,1118936891600,1118936892600,3
train,177,s1_t1118936880200_a1373,high,-5.0,5,11,1118936888600,1118936888100,1371,1394,3,1118936888100,1118936889100,2
train,177,s1_t1118936880200_a1373,high,5.0,5,2,1118936884100,1118936883600,1373,1404,3,1118936883600,1118936884600,3
train,177,s1_t1118936880200_a1373,high,5.0,5,3,1118936884600,1118936884100,1404,1373,3,1118936884100,1118936885100,2
train,177,s1_t1118936880200_a1373,high,10.0,3,5,1118936885600,1118936885100,1404,1373,3,1118936885100,1118936886100,3
train,177,s1_t1118936880200_a1373,high,10.0,6,11,1118936888600,1118936888100,1371,1394,3,1118936888100,1118936889100,2
train,177,s1_t1118936880200_a1373,high,15.0,5,8,1118936887100,1118936886600,1394,1371,3,1118936886600,1118936887600,3
train,177,s1_t1118936880200_a1373,high,15.0,5,9,1118936887600,1118936887100,1371,1394,3,1118936887100,1118936888100,2
train,177,s1_t1118936880200_a1373,high,20.0,5,8,1118936887100,1118936886600,1394,1371,3,1118936886600,1118936887600,3
train,177,s1_t1118936880200_a1373,high,20.0,5,9,1118936887600,1118936887100,1371,1394,3,1118936887100,1118936888100,2
train,178,s1_t1118936880200_a1411,high,5.0,4,8,1118936887100,1118936886600,1425,1445,3,1118936886600,1118936887600,2
V_select,179,s1_t1118936940200_a1485,high,-5.0,1,1,1118936944100,1118936943100,1485,1498,3,1118936943100,1118936945100,2
V_select,179,s1_t1118936940200_a1485,high,-5.0,4,5,1118936948100,1118936947100,1501,1495,3,1118936947100,1118936949100,2
V_select,179,s1_t1118936940200_a1485,high,0.0,0,2,1118936945100,1118936944100,1498,1485,3,1118936944100,1118936946100,2
V_select,179,s1_t1118936940200_a1485,high,0.0,3,6,1118936949100,1118936948100,1492,1485,3,1118936948100,1118936950100,2
V_select,179,s1_t1118936940200_a1485,high,0.0,5,6,1118936949100,1118936948100,1485,1492,3,1118936948100,1118936950100,2
V_select,179,s1_t1118936940200_a1485,high,5.0,0,6,1118936949100,1118936948100,1492,1485,3,1118936948100,1118936950100,2
V_select,179,s1_t1118936940200_a1485,high,5.0,4,6,1118936949100,1118936948100,1485,1492,3,1118936948100,1118936950100,2
V_select,179,s1_t1118936940200_a1485,high,10.0,1,1,1118936944100,1118936943100,1485,1495,3,1118936943100,1118936945100,2
V_select,179,s1_t1118936940200_a1485,high,10.0,7,1,1118936944100,1118936943100,1495,1501,3,1118936943100,1118936945100,3
V_select,179,s1_t1118936940200_a1485,high,10.0,0,3,1118936946100,1118936945100,1492,1485,3,1118936945100,1118936947100,2
V_select,179,s1_t1118936940200_a1485,high,10.0,3,6,1118936949100,1118936948100,1492,1485,3,1118936948100,1118936950100,2
V_select,179,s1_t1118936940200_a1485,high,10.0,5,6,1118936949100,1118936948100,1485,1492,3,1118936948100,1118936950100,2
V_select,179,s1_t1118936940200_a1485,high,10.0,4,9,1118936952100,1118936951100,1498,1501,3,1118936951100,1118936953100,3
V_select,179,s1_t1118936940200_a1485,high,10.0,6,9,1118936952100,1118936951100,1501,1498,3,1118936951100,1118936953100,3
V_select,179,s1_t1118936940200_a1485,high,15.0,3,5,1118936948100,1118936947100,1501,1495,3,1118936947100,1118936949100,2
V_select,179,s1_t1118936940200_a1485,high,20.0,3,5,1118936948100,1118936947100,1501,1495,3,1118936947100,1118936949100,2
V_select,180,s1_t1118936960200_a1524,high,-5.0,7,2,1118936965100,1118936964100,1482,1493,3,1118936964100,1118936966100,3
V_select,180,s1_t1118936960200_a1524,high,-5.0,6,5,1118936968100,1118936967100,1477,1516,3,1118936967100,1118936969100,2
V_select,180,s1_t1118936960200_a1524,high,-5.0,2,10,1118936973100,1118936972100,1493,1482,3,1118936972100,1118936974100,2
V_select,180,s1_t1118936960200_a1524,high,-5.0,7,11,1118936974100,1118936973100,1516,1477,3,1118936973100,1118936975100,3
V_select,180,s1_t1118936960200_a1524,high,-5.0,1,14,1118936977100,1118936976100,1526,1493,3,1118936976100,1118936978100,2
V_select,180,s1_t1118936960200_a1524,high,0.0,6,3,1118936966100,1118936965100,1493,1482,3,1118936965100,1118936967100,3
V_select,180,s1_t1118936960200_a1524,high,0.0,6,4,1118936967100,1118936966100,1482,1493,3,1118936966100,1118936968100,3
V_select,180,s1_t1118936960200_a1524,high,0.0,7,4,1118936967100,1118936966100,1479,1482,3,1118936966100,1118936968100,3
V_select,180,s1_t1118936960200_a1524,high,0.0,0,8,1118936971100,1118936970100,1493,1479,3,1118936970100,1118936972100,2
V_select,180,s1_t1118936960200_a1524,high,0.0,2,10,1118936973100,1118936972100,1477,1480,3,1118936972100,1118936974100,2
V_select,180,s1_t1118936960200_a1524,high,5.0,0,7,1118936970100,1118936969100,1479,1524,3,1118936969100,1118936971100,2
V_select,180,s1_t1118936960200_a1524,high,5.0,4,8,1118936971100,1118936970100,1516,1480,3,1118936970100,1118936972100,2
V_select,180,s1_t1118936960200_a1524,high,5.0,7,10,1118936973100,1118936972100,1477,1480,3,1118936972100,1118936974100,3
V_select,180,s1_t1118936960200_a1524,high,10.0,3,1,1118936964100,1118936963100,1479,1482,3,1118936963100,1118936965100,2
V_select,180,s1_t1118936960200_a1524,high,10.0,7,5,1118936968100,1118936967100,1477,1480,3,1118936967100,1118936969100,2
V_select,180,s1_t1118936960200_a1524,high,10.0,0,6,1118936969100,1118936968100,1524,1493,3,1118936968100,1118936970100,2
V_select,180,s1_t1118936960200_a1524,high,10.0,3,6,1118936969100,1118936968100,1477,1516,3,1118936968100,1118936970100,3
V_select,180,s1_t1118936960200_a1524,high,10.0,2,8,1118936971100,1118936970100,1482,1479,3,1118936970100,1118936972100,2
V_select,180,s1_t1118936960200_a1524,high,10.0,3,8,1118936971100,1118936970100,1516,1477,3,1118936970100,1118936972100,3
V_select,180,s1_t1118936960200_a1524,high,10.0,5,13,1118936976100,1118936975100,1482,1493,3,1118936975100,1118936977100,2
V_select,180,s1_t1118936960200_a1524,high,15.0,5,3,1118936966100,1118936965100,1516,1477,3,1118936965100,1118936967100,3
V_select,180,s1_t1118936960200_a1524,high,15.0,5,4,1118936967100,1118936966100,1477,1516,3,1118936966100,1118936968100,3
V_select,180,s1_t1118936960200_a1524,high,15.0,0,10,1118936973100,1118936972100,1477,1480,3,1118936972100,1118936974100,2
V_select,180,s1_t1118936960200_a1524,high,15.0,5,10,1118936973100,1118936972100,1516,1477,3,1118936972100,1118936974100,2
V_select,180,s1_t1118936960200_a1524,high,15.0,5,15,1118936978100,1118936977100,1524,1482,2,1118936977100,1118936978100,2
V_select,180,s1_t1118936960200_a1524,high,20.0,0,4,1118936967100,1118936966100,1493,1482,3,1118936966100,1118936968100,3
V_select,180,s1_t1118936960200_a1524,high,20.0,0,5,1118936968100,1118936967100,1482,1493,3,1118936967100,1118936969100,3
V_select,180,s1_t1118936960200_a1524,high,20.0,0,10,1118936973100,1118936972100,1477,1480,3,1118936972100,1118936974100,2
V_select,180,s1_t1118936960200_a1524,high,20.0,6,10,1118936973100,1118936972100,1516,1477,3,1118936972100,1118936974100,2
V_select,180,s1_t1118936960200_a1524,high,20.0,6,15,1118936978100,1118936977100,1524,1482,2,1118936977100,1118936978100,2
V_select,182,s1_t1118936960200_a1532,high,0.0,6,4,1118936967100,1118936966100,1536,1539,3,1118936966100,1118936968100,2
V_select,182,s1_t1118936960200_a1532,high,5.0,6,4,1118936967100,1118936966100,1536,1539,3,1118936966100,1118936968100,2
V_select,182,s1_t1118936960200_a1532,high,5.0,1,5,1118936968100,1118936967100,1532,1539,3,1118936967100,1118936969100,2
V_select,183,s1_t1118936980200_a1532,high,5.0,6,6,1118936989100,1118936988100,1530,1532,3,1118936988100,1118936990100,2
V_select,183,s1_t1118936980200_a1532,high,10.0,6,6,1118936989100,1118936988100,1530,1532,3,1118936988100,1118936990100,2
V_select,183,s1_t1118936980200_a1532,high,15.0,7,6,1118936989100,1118936988100,1530,1532,3,1118936988100,1118936990100,2
V_select,183,s1_t1118936980200_a1532,high,20.0,7,6,1118936989100,1118936988100,1530,1532,3,1118936988100,1118936990100,2
V_select,184,s1_t1118936980200_a1534,high,-5.0,2,1,1118936984100,1118936983100,1534,1486,3,1118936983100,1118936985100,3
V_select,184,s1_t1118936980200_a1534,high,0.0,2,1,1118936984100,1118936983100,1534,1486,3,1118936983100,1118936985100,3
V_select,185,s1_t1118936980200_a1561,high,-5.0,2,1,1118936984100,1118936983100,1505,1561,3,1118936983100,1118936985100,3
V_select,185,s1_t1118936980200_a1561,high,-5.0,0,2,1118936985100,1118936984100,1498,1447,3,1118936984100,1118936986100,3
V_select,185,s1_t1118936980200_a1561,high,-5.0,3,2,1118936985100,1118936984100,1447,1498,3,1118936984100,1118936986100,3
V_select,185,s1_t1118936980200_a1561,high,-5.0,7,8,1118936991100,1118936990100,1505,1561,3,1118936990100,1118936992100,3
V_select,185,s1_t1118936980200_a1561,high,0.0,1,1,1118936984100,1118936983100,1505,1561,3,1118936983100,1118936985100,3
V_select,185,s1_t1118936980200_a1561,high,0.0,6,8,1118936991100,1118936990100,1505,1561,3,1118936990100,1118936992100,3
V_select,185,s1_t1118936980200_a1561,high,5.0,1,1,1118936984100,1118936983100,1505,1561,3,1118936983100,1118936985100,3
V_select,185,s1_t1118936980200_a1561,high,10.0,1,1,1118936984100,1118936983100,1505,1561,3,1118936983100,1118936985100,3
V_select,185,s1_t1118936980200_a1561,high,15.0,1,5,1118936988100,1118936987100,1561,1505,3,1118936987100,1118936989100,3
V_select,185,s1_t1118936980200_a1561,high,15.0,1,8,1118936991100,1118936990100,1505,1561,3,1118936990100,1118936992100,3
V_select,185,s1_t1118936980200_a1561,high,15.0,1,9,1118936992100,1118936991100,1561,1505,3,1118936991100,1118936993100,2
V_select,185,s1_t1118936980200_a1561,high,20.0,1,1,1118936984100,1118936983100,1505,1561,3,1118936983100,1118936985100,3
V_select,185,s1_t1118936980200_a1561,high,20.0,1,5,1118936988100,1118936987100,1561,1505,3,1118936987100,1118936989100,3
V_select,185,s1_t1118936980200_a1561,high,20.0,1,8,1118936991100,1118936990100,1505,1561,3,1118936990100,1118936992100,3
V_select,185,s1_t1118936980200_a1561,high,20.0,1,9,1118936992100,1118936991100,1561,1505,3,1118936991100,1118936993100,2
V_select,186,s1_t1118937000200_a1538,mid,-5.0,5,2,1118937005100,1118937004100,1548,1554,3,1118937004100,1118937006100,2
V_select,186,s1_t1118937000200_a1538,mid,-5.0,4,5,1118937008100,1118937007100,1548,1554,3,1118937007100,1118937009100,3
V_select,186,s1_t1118937000200_a1538,mid,-5.0,4,6,1118937009100,1118937008100,1554,1548,3,1118937008100,1118937010100,3
V_select,186,s1_t1118937000200_a1538,mid,-5.0,4,7,1118937010100,1118937009100,1548,1554,3,1118937009100,1118937011100,3
V_select,186,s1_t1118937000200_a1538,mid,-5.0,0,9,1118937012100,1118937011100,1538,1554,3,1118937011100,1118937013100,2
V_select,186,s1_t1118937000200_a1538,mid,-5.0,7,15,1118937018100,1118937017100,1548,1538,2,1118937017100,1118937018100,2
V_select,186,s1_t1118937000200_a1538,mid,0.0,0,5,1118937008100,1118937007100,1538,1554,3,1118937007100,1118937009100,2
V_select,186,s1_t1118937000200_a1538,mid,0.0,6,7,1118937010100,1118937009100,1538,1554,3,1118937009100,1118937011100,2
V_select,186,s1_t1118937000200_a1538,mid,0.0,0,11,1118937014100,1118937013100,1548,1554,3,1118937013100,1118937015100,2
V_select,186,s1_t1118937000200_a1538,mid,0.0,2,11,1118937014100,1118937013100,1554,1538,3,1118937013100,1118937015100,2
V_select,186,s1_t1118937000200_a1538,mid,5.0,7,8,1118937011100,1118937010100,1548,1538,3,1118937010100,1118937012100,3
V_select,186,s1_t1118937000200_a1538,mid,5.0,3,10,1118937013100,1118937012100,1554,1548,3,1118937012100,1118937014100,2
V_select,186,s1_t1118937000200_a1538,mid,5.0,5,11,1118937014100,1118937013100,1554,1538,3,1118937013100,1118937015100,2
V_select,186,s1_t1118937000200_a1538,mid,10.0,4,4,1118937007100,1118937006100,1538,1554,3,1118937006100,1118937008100,3
V_select,186,s1_t1118937000200_a1538,mid,10.0,4,6,1118937009100,1118937008100,1554,1548,3,1118937008100,1118937010100,2
V_select,186,s1_t1118937000200_a1538,mid,10.0,7,7,1118937010100,1118937009100,1538,1554,3,1118937009100,1118937011100,2
V_select,186,s1_t1118937000200_a1538,mid,10.0,0,13,1118937016100,1118937015100,1538,1554,3,1118937015100,1118937017100,2
V_select,186,s1_t1118937000200_a1538,mid,15.0,0,3,1118937006100,1118937005100,1554,1538,3,1118937005100,1118937007100,2
V_select,186,s1_t1118937000200_a1538,mid,15.0,7,5,1118937008100,1118937007100,1538,1554,3,1118937007100,1118937009100,2
V_select,186,s1_t1118937000200_a1538,mid,15.0,0,11,1118937014100,1118937013100,1538,1548,3,1118937013100,1118937015100,2
V_select,186,s1_t1118937000200_a1538,mid,15.0,6,13,1118937016100,1118937015100,1538,1554,3,1118937015100,1118937017100,2
V_select,186,s1_t1118937000200_a1538,mid,20.0,6,6,1118937009100,1118937008100,1548,1554,3,1118937008100,1118937010100,3
V_select,186,s1_t1118937000200_a1538,mid,20.0,6,7,1118937010100,1118937009100,1554,1538,3,1118937009100,1118937011100,3
V_select,186,s1_t1118937000200_a1538,mid,20.0,2,13,1118937016100,1118937015100,1538,1554,3,1118937015100,1118937017100,3
V_select,186,s1_t1118937000200_a1538,mid,20.0,2,15,1118937018100,1118937017100,1554,1548,2,1118937017100,1118937018100,2
V_select,188,s1_t1118937000200_a1596,high,-5.0,1,1,1118937004100,1118937003100,1603,1593,3,1118937003100,1118937005100,3
V_select,188,s1_t1118937000200_a1596,high,-5.0,4,9,1118937012100,1118937011100,1562,1555,3,1118937011100,1118937013100,3
V_select,188,s1_t1118937000200_a1596,high,-5.0,2,14,1118937017100,1118937016100,1562,1555,3,1118937016100,1118937018100,3
V_select,188,s1_t1118937000200_a1596,high,0.0,1,9,1118937012100,1118937011100,1555,1562,3,1118937011100,1118937013100,3
V_select,188,s1_t1118937000200_a1596,high,0.0,1,10,1118937013100,1118937012100,1562,1555,3,1118937012100,1118937014100,3
V_select,188,s1_t1118937000200_a1596,high,0.0,1,12,1118937015100,1118937014100,1555,1562,3,1118937014100,1118937016100,3
V_select,188,s1_t1118937000200_a1596,high,0.0,1,14,1118937017100,1118937016100,1562,1555,3,1118937016100,1118937018100,3
V_select,188,s1_t1118937000200_a1596,high,5.0,0,14,1118937017100,1118937016100,1562,1555,3,1118937016100,1118937018100,3
V_select,188,s1_t1118937000200_a1596,high,10.0,4,2,1118937005100,1118937004100,1589,1606,3,1118937004100,1118937006100,3
V_select,188,s1_t1118937000200_a1596,high,10.0,5,2,1118937005100,1118937004100,1606,1596,3,1118937004100,1118937006100,2
V_select,188,s1_t1118937000200_a1596,high,10.0,4,3,1118937006100,1118937005100,1606,1589,3,1118937005100,1118937007100,3
V_select,188,s1_t1118937000200_a1596,high,10.0,6,13,1118937016100,1118937015100,1562,1555,3,1118937015100,1118937017100,3
V_select,188,s1_t1118937000200_a1596,high,15.0,1,2,1118937005100,1118937004100,1603,1593,3,1118937004100,1118937006100,2
V_select,188,s1_t1118937000200_a1596,high,15.0,7,13,1118937016100,1118937015100,1562,1555,3,1118937015100,1118937017100,3
V_select,188,s1_t1118937000200_a1596,high,20.0,1,2,1118937005100,1118937004100,1603,1593,3,1118937004100,1118937006100,2
V_select,188,s1_t1118937000200_a1596,high,20.0,0,13,1118937016100,1118937015100,1562,1555,3,1118937015100,1118937017100,3
V_select,189,s1_t1118937020200_a1525,high,-5.0,4,1,1118937024100,1118937023100,1550,1494,3,1118937023100,1118937025100,2
V_select,189,s1_t1118937020200_a1525,high,-5.0,6,5,1118937028100,1118937027100,1550,1525,3,1118937027100,1118937029100,3
V_select,189,s1_t1118937020200_a1525,high,-5.0,4,7,1118937030100,1118937029100,1530,1525,3,1118937029100,1118937031100,2
V_select,189,s1_t1118937020200_a1525,high,-5.0,5,7,1118937030100,1118937029100,1585,1582,3,1118937029100,1118937031100,2
V_select,189,s1_t1118937020200_a1525,high,-5.0,6,7,1118937030100,1118937029100,1525,1550,3,1118937029100,1118937031100,3
V_select,189,s1_t1118937020200_a1525,high,-5.0,6,8,1118937031100,1118937030100,1550,1525,3,1118937030100,1118937032100,2
V_select,189,s1_t1118937020200_a1525,high,-5.0,7,10,1118937033100,1118937032100,1582,1494,3,1118937032100,1118937034100,3
V_select,189,s1_t1118937020200_a1525,high,-5.0,1,11,1118937034100,1118937033100,1588,1525,3,1118937033100,1118937035100,2
V_select,189,s1_t1118937020200_a1525,high,-5.0,0,12,1118937035100,1118937034100,1550,1525,3,1118937034100,1118937036100,3
V_select,189,s1_t1118937020200_a1525,high,-5.0,3,12,1118937035100,1118937034100,1530,1550,3,1118937034100,1118937036100,2
V_select,189,s1_t1118937020200_a1525,high,-5.0,7,12,1118937035100,1118937034100,1494,1582,3,1118937034100,1118937036100,3
V_select,189,s1_t1118937020200_a1525,high,-5.0,2,13,1118937036100,1118937035100,1551,1530,3,1118937035100,1118937037100,3
V_select,189,s1_t1118937020200_a1525,high,-5.0,7,13,1118937036100,1118937035100,1582,1585,3,1118937035100,1118937037100,3
V_select,189,s1_t1118937020200_a1525,high,-5.0,2,14,1118937037100,1118937036100,1530,1525,3,1118937036100,1118937038100,3
V_select,189,s1_t1118937020200_a1525,high,-5.0,4,14,1118937037100,1118937036100,1551,1530,3,1118937036100,1118937038100,3
V_select,189,s1_t1118937020200_a1525,high,-5.0,2,15,1118937038100,1118937037100,1525,1551,2,1118937037100,1118937038100,2
V_select,189,s1_t1118937020200_a1525,high,0.0,4,1,1118937024100,1118937023100,1550,1494,3,1118937023100,1118937025100,2
V_select,189,s1_t1118937020200_a1525,high,0.0,6,5,1118937028100,1118937027100,1550,1525,3,1118937027100,1118937029100,3
V_select,189,s1_t1118937020200_a1525,high,0.0,4,6,1118937029100,1118937028100,1530,1588,3,1118937028100,1118937030100,3
V_select,189,s1_t1118937020200_a1525,high,0.0,0,7,1118937030100,1118937029100,1585,1582,3,1118937029100,1118937031100,3
V_select,189,s1_t1118937020200_a1525,high,0.0,4,7,1118937030100,1118937029100,1588,1525,3,1118937029100,1118937031100,3
V_select,189,s1_t1118937020200_a1525,high,0.0,6,7,1118937030100,1118937029100,1525,1550,3,1118937029100,1118937031100,3
V_select,189,s1_t1118937020200_a1525,high,0.0,4,8,1118937031100,1118937030100,1525,1588,3,1118937030100,1118937032100,3
V_select,189,s1_t1118937020200_a1525,high,0.0,6,8,1118937031100,1118937030100,1550,1525,3,1118937030100,1118937032100,2
V_select,189,s1_t1118937020200_a1525,high,0.0,0,9,1118937032100,1118937031100,1582,1585,3,1118937031100,1118937033100,3
V_select,189,s1_t1118937020200_a1525,high,0.0,7,10,1118937033100,1118937032100,1582,1494,3,1118937032100,1118937034100,3
V_select,189,s1_t1118937020200_a1525,high,0.0,5,11,1118937034100,1118937033100,1588,1525,3,1118937033100,1118937035100,2
V_select,189,s1_t1118937020200_a1525,high,0.0,7,12,1118937035100,1118937034100,1494,1582,3,1118937034100,1118937036100,2
V_select,189,s1_t1118937020200_a1525,high,0.0,1,13,1118937036100,1118937035100,1530,1525,3,1118937035100,1118937037100,2
V_select,189,s1_t1118937020200_a1525,high,0.0,2,13,1118937036100,1118937035100,1551,1530,3,1118937035100,1118937037100,3
V_select,189,s1_t1118937020200_a1525,high,0.0,2,14,1118937037100,1118937036100,1530,1525,3,1118937036100,1118937038100,3
V_select,189,s1_t1118937020200_a1525,high,0.0,6,14,1118937037100,1118937036100,1551,1530,3,1118937036100,1118937038100,3
V_select,189,s1_t1118937020200_a1525,high,0.0,2,15,1118937038100,1118937037100,1525,1551,2,1118937037100,1118937038100,2
V_select,189,s1_t1118937020200_a1525,high,5.0,4,1,1118937024100,1118937023100,1550,1494,3,1118937023100,1118937025100,2
V_select,189,s1_t1118937020200_a1525,high,5.0,2,4,1118937027100,1118937026100,1551,1530,3,1118937026100,1118937028100,3
V_select,189,s1_t1118937020200_a1525,high,5.0,4,4,1118937027100,1118937026100,1530,1525,3,1118937026100,1118937028100,3
V_select,189,s1_t1118937020200_a1525,high,5.0,2,5,1118937028100,1118937027100,1530,1551,3,1118937027100,1118937029100,3
V_select,189,s1_t1118937020200_a1525,high,5.0,4,5,1118937028100,1118937027100,1525,1530,3,1118937027100,1118937029100,3
V_select,189,s1_t1118937020200_a1525,high,5.0,6,5,1118937028100,1118937027100,1550,1525,3,1118937027100,1118937029100,3
V_select,189,s1_t1118937020200_a1525,high,5.0,4,6,1118937029100,1118937028100,1530,1588,3,1118937028100,1118937030100,3
V_select,189,s1_t1118937020200_a1525,high,5.0,1,7,1118937030100,1118937029100,1585,1582,3,1118937029100,1118937031100,3
V_select,189,s1_t1118937020200_a1525,high,5.0,4,7,1118937030100,1118937029100,1588,1525,3,1118937029100,1118937031100,2
V_select,189,s1_t1118937020200_a1525,high,5.0,6,7,1118937030100,1118937029100,1525,1550,3,1118937029100,1118937031100,3
V_select,189,s1_t1118937020200_a1525,high,5.0,6,8,1118937031100,1118937030100,1550,1525,3,1118937030100,1118937032100,2
V_select,189,s1_t1118937020200_a1525,high,5.0,1,9,1118937032100,1118937031100,1582,1585,3,1118937031100,1118937033100,3
V_select,189,s1_t1118937020200_a1525,high,5.0,7,10,1118937033100,1118937032100,1582,1494,3,1118937032100,1118937034100,3
V_select,189,s1_t1118937020200_a1525,high,5.0,0,11,1118937034100,1118937033100,1588,1525,3,1118937033100,1118937035100,2
V_select,189,s1_t1118937020200_a1525,high,5.0,7,12,1118937035100,1118937034100,1494,1582,3,1118937034100,1118937036100,2
V_select,189,s1_t1118937020200_a1525,high,5.0,3,13,1118937036100,1118937035100,1550,1525,3,1118937035100,1118937037100,3
V_select,189,s1_t1118937020200_a1525,high,5.0,5,13,1118937036100,1118937035100,1530,1550,3,1118937035100,1118937037100,3
V_select,189,s1_t1118937020200_a1525,high,10.0,4,1,1118937024100,1118937023100,1550,1494,3,1118937023100,1118937025100,2
V_select,189,s1_t1118937020200_a1525,high,10.0,1,3,1118937026100,1118937025100,1550,1530,3,1118937025100,1118937027100,2
V_select,189,s1_t1118937020200_a1525,high,10.0,2,4,1118937027100,1118937026100,1551,1530,3,1118937026100,1118937028100,3
V_select,189,s1_t1118937020200_a1525,high,10.0,3,4,1118937027100,1118937026100,1588,1525,3,1118937026100,1118937028100,3
V_select,189,s1_t1118937020200_a1525,high,10.0,0,5,1118937028100,1118937027100,1550,1525,3,1118937027100,1118937029100,3
V_select,189,s1_t1118937020200_a1525,high,10.0,2,5,1118937028100,1118937027100,1530,1551,3,1118937027100,1118937029100,3
V_select,189,s1_t1118937020200_a1525,high,10.0,3,5,1118937028100,1118937027100,1525,1530,3,1118937027100,1118937029100,3
V_select,189,s1_t1118937020200_a1525,high,10.0,3,6,1118937029100,1118937028100,1530,1588,3,1118937028100,1118937030100,3
V_select,189,s1_t1118937020200_a1525,high,10.0,0,7,1118937030100,1118937029100,1525,1550,3,1118937029100,1118937031100,3
V_select,189,s1_t1118937020200_a1525,high,10.0,3,7,1118937030100,1118937029100,1588,1525,3,1118937029100,1118937031100,2
V_select,189,s1_t1118937020200_a1525,high,10.0,5,7,1118937030100,1118937029100,1585,1582,3,1118937029100,1118937031100,3
V_select,189,s1_t1118937020200_a1525,high,10.0,0,8,1118937031100,1118937030100,1550,1525,3,1118937030100,1118937032100,2
V_select,189,s1_t1118937020200_a1525,high,10.0,5,9,1118937032100,1118937031100,1582,1585,3,1118937031100,1118937033100,3
V_select,189,s1_t1118937020200_a1525,high,10.0,7,10,1118937033100,1118937032100,1582,1494,3,1118937032100,1118937034100,3
V_select,189,s1_t1118937020200_a1525,high,10.0,1,11,1118937034100,1118937033100,1588,1525,3,1118937033100,1118937035100,2
V_select,189,s1_t1118937020200_a1525,high,10.0,7,12,1118937035100,1118937034100,1494,1582,3,1118937034100,1118937036100,2
V_select,189,s1_t1118937020200_a1525,high,10.0,4,13,1118937036100,1118937035100,1550,1525,3,1118937035100,1118937037100,3
V_select,189,s1_t1118937020200_a1525,high,10.0,6,13,1118937036100,1118937035100,1530,1550,3,1118937035100,1118937037100,3
V_select,189,s1_t1118937020200_a1525,high,15.0,4,1,1118937024100,1118937023100,1550,1494,3,1118937023100,1118937025100,2
V_select,189,s1_t1118937020200_a1525,high,15.0,1,3,1118937026100,1118937025100,1550,1530,3,1118937025100,1118937027100,3
V_select,189,s1_t1118937020200_a1525,high,15.0,3,4,1118937027100,1118937026100,1588,1525,3,1118937026100,1118937028100,3
V_select,189,s1_t1118937020200_a1525,high,15.0,0,5,1118937028100,1118937027100,1550,1525,3,1118937027100,1118937029100,3
V_select,189,s1_t1118937020200_a1525,high,15.0,3,5,1118937028100,1118937027100,1525,1530,3,1118937027100,1118937029100,3
V_select,189,s1_t1118937020200_a1525,high,15.0,0,6,1118937029100,1118937028100,1525,1530,3,1118937028100,1118937030100,2
V_select,189,s1_t1118937020200_a1525,high,15.0,3,6,1118937029100,1118937028100,1530,1588,3,1118937028100,1118937030100,2
V_select,189,s1_t1118937020200_a1525,high,15.0,5,7,1118937030100,1118937029100,1585,1582,3,1118937029100,1118937031100,3
V_select,189,s1_t1118937020200_a1525,high,15.0,1,8,1118937031100,1118937030100,1525,1530,3,1118937030100,1118937032100,3
V_select,189,s1_t1118937020200_a1525,high,15.0,5,8,1118937031100,1118937030100,1582,1585,3,1118937030100,1118937032100,3
V_select,189,s1_t1118937020200_a1525,high,15.0,0,9,1118937032100,1118937031100,1494,1582,3,1118937031100,1118937033100,3
V_select,189,s1_t1118937020200_a1525,high,15.0,0,10,1118937033100,1118937032100,1582,1494,3,1118937032100,1118937034100,3
V_select,189,s1_t1118937020200_a1525,high,15.0,0,12,1118937035100,1118937034100,1494,1582,3,1118937034100,1118937036100,2
V_select,189,s1_t1118937020200_a1525,high,15.0,2,12,1118937035100,1118937034100,1525,1550,3,1118937034100,1118937036100,3
V_select,189,s1_t1118937020200_a1525,high,20.0,4,1,1118937024100,1118937023100,1550,1494,3,1118937023100,1118937025100,2
V_select,189,s1_t1118937020200_a1525,high,20.0,1,3,1118937026100,1118937025100,1550,1530,3,1118937025100,1118937027100,3
V_select,189,s1_t1118937020200_a1525,high,20.0,3,4,1118937027100,1118937026100,1588,1525,3,1118937026100,1118937028100,3
V_select,189,s1_t1118937020200_a1525,high,20.0,3,5,1118937028100,1118937027100,1525,1530,3,1118937027100,1118937029100,3
V_select,189,s1_t1118937020200_a1525,high,20.0,5,5,1118937028100,1118937027100,1550,1525,3,1118937027100,1118937029100,3
V_select,189,s1_t1118937020200_a1525,high,20.0,5,6,1118937029100,1118937028100,1525,1550,3,1118937028100,1118937030100,3
V_select,189,s1_t1118937020200_a1525,high,20.0,7,6,1118937029100,1118937028100,1550,1525,3,1118937028100,1118937030100,2
V_select,189,s1_t1118937020200_a1525,high,20.0,1,7,1118937030100,1118937029100,1585,1582,3,1118937029100,1118937031100,3
V_select,189,s1_t1118937020200_a1525,high,20.0,5,7,1118937030100,1118937029100,1550,1525,3,1118937029100,1118937031100,3
V_select,189,s1_t1118937020200_a1525,high,20.0,1,9,1118937032100,1118937031100,1582,1585,3,1118937031100,1118937033100,3
V_select,189,s1_t1118937020200_a1525,high,20.0,7,10,1118937033100,1118937032100,1582,1494,3,1118937032100,1118937034100,3
V_select,189,s1_t1118937020200_a1525,high,20.0,4,13,1118937036100,1118937035100,1525,1550,3,1118937035100,1118937037100,2
V_select,190,s1_t1118937020200_a1556,high,-5.0,4,2,1118937025100,1118937024100,1589,1635,3,1118937024100,1118937026100,3
V_select,190,s1_t1118937020200_a1556,high,-5.0,6,2,1118937025100,1118937024100,1558,1615,3,1118937024100,1118937026100,3
V_select,190,s1_t1118937020200_a1556,high,-5.0,5,3,1118937026100,1118937025100,1612,1615,3,1118937025100,1118937027100,3
V_select,190,s1_t1118937020200_a1556,high,-5.0,6,3,1118937026100,1118937025100,1615,1558,3,1118937025100,1118937027100,3
V_select,190,s1_t1118937020200_a1556,high,-5.0,1,4,1118937027100,1118937026100,1606,1589,3,1118937026100,1118937028100,3
V_select,190,s1_t1118937020200_a1556,high,-5.0,1,7,1118937030100,1118937029100,1589,1606,3,1118937029100,1118937031100,3
V_select,190,s1_t1118937020200_a1556,high,-5.0,3,7,1118937030100,1118937029100,1606,1556,3,1118937029100,1118937031100,3
V_select,190,s1_t1118937020200_a1556,high,-5.0,1,8,1118937031100,1118937030100,1606,1589,3,1118937030100,1118937032100,2
V_select,190,s1_t1118937020200_a1556,high,-5.0,3,10,1118937033100,1118937032100,1556,1606,3,1118937032100,1118937034100,3
V_select,190,s1_t1118937020200_a1556,high,-5.0,3,11,1118937034100,1118937033100,1606,1556,3,1118937033100,1118937035100,2
V_select,190,s1_t1118937020200_a1556,high,-5.0,1,14,1118937037100,1118937036100,1558,1615,3,1118937036100,1118937038100,3
V_select,190,s1_t1118937020200_a1556,high,-5.0,1,15,1118937038100,1118937037100,1615,1558,2,1118937037100,1118937038100,2
V_select,190,s1_t1118937020200_a1556,high,0.0,2,2,1118937025100,1118937024100,1556,1606,3,1118937024100,1118937026100,2
V_select,190,s1_t1118937020200_a1556,high,0.0,4,2,1118937025100,1118937024100,1589,1635,3,1118937024100,1118937026100,3
V_select,190,s1_t1118937020200_a1556,high,0.0,6,4,1118937027100,1118937026100,1606,1589,3,1118937026100,1118937028100,3
V_select,190,s1_t1118937020200_a1556,high,0.0,2,5,1118937028100,1118937027100,1606,1556,3,1118937027100,1118937029100,3
V_select,190,s1_t1118937020200_a1556,high,0.0,6,5,1118937028100,1118937027100,1589,1606,3,1118937027100,1118937029100,2
V_select,190,s1_t1118937020200_a1556,high,0.0,2,6,1118937029100,1118937028100,1556,1606,3,1118937028100,1118937030100,3
V_select,190,s1_t1118937020200_a1556,high,0.0,2,8,1118937031100,1118937030100,1606,1556,3,1118937030100,1118937032100,3
V_select,190,s1_t1118937020200_a1556,high,0.0,5,8,1118937031100,1118937030100,1612,1615,3,1118937030100,1118937032100,3
V_select,190,s1_t1118937020200_a1556,high,0.0,2,9,1118937032100,1118937031100,1556,1606,3,1118937031100,1118937033100,3
V_select,190,s1_t1118937020200_a1556,high,0.0,5,9,1118937032100,1118937031100,1615,1612,3,1118937031100,1118937033100,2
V_select,190,s1_t1118937020200_a1556,high,0.0,1,11,1118937034100,1118937033100,1612,1615,3,1118937033100,1118937035100,3
V_select,190,s1_t1118937020200_a1556,high,0.0,2,11,1118937034100,1118937033100,1606,1556,3,1118937033100,1118937035100,2
V_select,190,s1_t1118937020200_a1556,high,0.0,1,12,1118937035100,1118937034100,1615,1612,3,1118937034100,1118937036100,3
V_select,190,s1_t1118937020200_a1556,high,0.0,7,12,1118937035100,1118937034100,1558,1615,3,1118937034100,1118937036100,3
V_select,190,s1_t1118937020200_a1556,high,0.0,7,13,1118937036100,1118937035100,1615,1558,3,1118937035100,1118937037100,3
V_select,190,s1_t1118937020200_a1556,high,0.0,7,14,1118937037100,1118937036100,1558,1615,3,1118937036100,1118937038100,2
V_select,190,s1_t1118937020200_a1556,high,5.0,1,2,1118937025100,1118937024100,1556,1606,3,1118937024100,1118937026100,2
V_select,190,s1_t1118937020200_a1556,high,5.0,3,2,1118937025100,1118937024100,1589,1635,3,1118937024100,1118937026100,3
V_select,190,s1_t1118937020200_a1556,high,5.0,5,2,1118937025100,1118937024100,1558,1615,3,1118937024100,1118937026100,3
V_select,190,s1_t1118937020200_a1556,high,5.0,6,3,1118937026100,1118937025100,1589,1606,3,1118937025100,1118937027100,3
V_select,190,s1_t1118937020200_a1556,high,5.0,6,4,1118937027100,1118937026100,1606,1589,3,1118937026100,1118937028100,3
V_select,190,s1_t1118937020200_a1556,high,5.0,1,5,1118937028100,1118937027100,1606,1556,3,1118937027100,1118937029100,3
V_select,190,s1_t1118937020200_a1556,high,5.0,6,5,1118937028100,1118937027100,1589,1606,3,1118937027100,1118937029100,3
V_select,190,s1_t1118937020200_a1556,high,5.0,1,6,1118937029100,1118937028100,1556,1606,3,1118937028100,1118937030100,3
V_select,190,s1_t1118937020200_a1556,high,5.0,6,6,1118937029100,1118937028100,1606,1589,3,1118937028100,1118937030100,3
V_select,190,s1_t1118937020200_a1556,high,5.0,1,7,1118937030100,1118937029100,1606,1556,3,1118937029100,1118937031100,3
V_select,190,s1_t1118937020200_a1556,high,5.0,6,7,1118937030100,1118937029100,1589,1606,3,1118937029100,1118937031100,3
V_select,190,s1_t1118937020200_a1556,high,5.0,6,8,1118937031100,1118937030100,1606,1589,3,1118937030100,1118937032100,2
V_select,190,s1_t1118937020200_a1556,high,5.0,1,9,1118937032100,1118937031100,1556,1606,3,1118937031100,1118937033100,3
V_select,190,s1_t1118937020200_a1556,high,5.0,1,11,1118937034100,1118937033100,1606,1556,3,1118937033100,1118937035100,2
V_select,190,s1_t1118937020200_a1556,high,5.0,2,12,1118937035100,1118937034100,1615,1556,3,1118937034100,1118937036100,2
V_select,190,s1_t1118937020200_a1556,high,5.0,5,12,1118937035100,1118937034100,1606,1589,3,1118937034100,1118937036100,3
V_select,190,s1_t1118937020200_a1556,high,5.0,7,14,1118937037100,1118937036100,1612,1615,3,1118937036100,1118937038100,2
V_select,190,s1_t1118937020200_a1556,high,10.0,1,2,1118937025100,1118937024100,1556,1606,3,1118937024100,1118937026100,2
V_select,190,s1_t1118937020200_a1556,high,10.0,3,2,1118937025100,1118937024100,1589,1635,3,1118937024100,1118937026100,3
V_select,190,s1_t1118937020200_a1556,high,10.0,5,2,1118937025100,1118937024100,1558,1615,3,1118937024100,1118937026100,3
V_select,190,s1_t1118937020200_a1556,high,10.0,6,3,1118937026100,1118937025100,1589,1606,3,1118937025100,1118937027100,3
V_select,190,s1_t1118937020200_a1556,high,10.0,6,4,1118937027100,1118937026100,1606,1589,3,1118937026100,1118937028100,3
V_select,190,s1_t1118937020200_a1556,high,10.0,1,5,1118937028100,1118937027100,1606,1556,3,1118937027100,1118937029100,3
V_select,190,s1_t1118937020200_a1556,high,10.0,6,5,1118937028100,1118937027100,1589,1606,3,1118937027100,1118937029100,3
V_select,190,s1_t1118937020200_a1556,high,10.0,1,6,1118937029100,1118937028100,1556,1606,3,1118937028100,1118937030100,3
V_select,190,s1_t1118937020200_a1556,high,10.0,6,6,1118937029100,1118937028100,1606,1589,3,1118937028100,1118937030100,3
V_select,190,s1_t1118937020200_a1556,high,10.0,1,7,1118937030100,1118937029100,1606,1556,3,1118937029100,1118937031100,3
V_select,190,s1_t1118937020200_a1556,high,10.0,6,7,1118937030100,1118937029100,1589,1606,3,1118937029100,1118937031100,3
V_select,190,s1_t1118937020200_a1556,high,10.0,6,8,1118937031100,1118937030100,1606,1589,3,1118937030100,1118937032100,2
V_select,190,s1_t1118937020200_a1556,high,10.0,1,9,1118937032100,1118937031100,1556,1606,3,1118937031100,1118937033100,3
V_select,190,s1_t1118937020200_a1556,high,10.0,1,11,1118937034100,1118937033100,1606,1556,3,1118937033100,1118937035100,2
V_select,190,s1_t1118937020200_a1556,high,10.0,2,12,1118937035100,1118937034100,1615,1556,3,1118937034100,1118937036100,2
V_select,190,s1_t1118937020200_a1556,high,10.0,5,12,1118937035100,1118937034100,1606,1589,3,1118937034100,1118937036100,3
V_select,190,s1_t1118937020200_a1556,high,10.0,7,14,1118937037100,1118937036100,1612,1615,3,1118937036100,1118937038100,2
V_select,190,s1_t1118937020200_a1556,high,15.0,3,1,1118937024100,1118937023100,1589,1635,3,1118937023100,1118937025100,3
V_select,190,s1_t1118937020200_a1556,high,15.0,2,2,1118937025100,1118937024100,1556,1606,3,1118937024100,1118937026100,2
V_select,190,s1_t1118937020200_a1556,high,15.0,3,2,1118937025100,1118937024100,1635,1589,3,1118937024100,1118937026100,3
V_select,190,s1_t1118937020200_a1556,high,15.0,6,2,1118937025100,1118937024100,1615,1612,3,1118937024100,1118937026100,3
V_select,190,s1_t1118937020200_a1556,high,15.0,7,2,1118937025100,1118937024100,1558,1615,3,1118937024100,1118937026100,3
V_select,190,s1_t1118937020200_a1556,high,15.0,3,3,1118937026100,1118937025100,1589,1635,3,1118937025100,1118937027100,3
V_select,190,s1_t1118937020200_a1556,high,15.0,4,3,1118937026100,1118937025100,1635,1589,3,1118937025100,1118937027100,2
V_select,190,s1_t1118937020200_a1556,high,15.0,5,4,1118937027100,1118937026100,1606,1589,3,1118937026100,1118937028100,3
V_select,190,s1_t1118937020200_a1556,high,15.0,2,8,1118937031100,1118937030100,1606,1556,3,1118937030100,1118937032100,3
V_select,190,s1_t1118937020200_a1556,high,15.0,2,10,1118937033100,1118937032100,1556,1606,3,1118937032100,1118937034100,3
V_select,190,s1_t1118937020200_a1556,high,15.0,2,11,1118937034100,1118937033100,1606,1556,3,1118937033100,1118937035100,3
V_select,190,s1_t1118937020200_a1556,high,15.0,5,11,1118937034100,1118937033100,1612,1615,3,1118937033100,1118937035100,3
V_select,190,s1_t1118937020200_a1556,high,15.0,2,12,1118937035100,1118937034100,1556,1606,3,1118937034100,1118937036100,3
V_select,190,s1_t1118937020200_a1556,high,15.0,5,12,1118937035100,1118937034100,1615,1612,3,1118937034100,1118937036100,3
V_select,190,s1_t1118937020200_a1556,high,15.0,7,12,1118937035100,1118937034100,1558,1556,3,1118937034100,1118937036100,2
V_select,190,s1_t1118937020200_a1556,high,15.0,5,13,1118937036100,1118937035100,1612,1615,3,1118937035100,1118937037100,3
V_select,190,s1_t1118937020200_a1556,high,15.0,2,15,1118937038100,1118937037100,1606,1556,2,1118937037100,1118937038100,2
V_select,190,s1_t1118937020200_a1556,high,20.0,3,1,1118937024100,1118937023100,1589,1635,3,1118937023100,1118937025100,3
V_select,190,s1_t1118937020200_a1556,high,20.0,2,2,1118937025100,1118937024100,1556,1606,3,1118937024100,1118937026100,2
V_select,190,s1_t1118937020200_a1556,high,20.0,3,2,1118937025100,1118937024100,1635,1589,3,1118937024100,1118937026100,3
V_select,190,s1_t1118937020200_a1556,high,20.0,6,2,1118937025100,1118937024100,1615,1612,3,1118937024100,1118937026100,3
V_select,190,s1_t1118937020200_a1556,high,20.0,7,2,1118937025100,1118937024100,1558,1615,3,1118937024100,1118937026100,3
V_select,190,s1_t1118937020200_a1556,high,20.0,2,5,1118937028100,1118937027100,1556,1606,3,1118937027100,1118937029100,3
V_select,190,s1_t1118937020200_a1556,high,20.0,3,5,1118937028100,1118937027100,1589,1556,3,1118937027100,1118937029100,2
V_select,190,s1_t1118937020200_a1556,high,20.0,5,5,1118937028100,1118937027100,1606,1589,3,1118937027100,1118937029100,3
V_select,190,s1_t1118937020200_a1556,high,20.0,2,7,1118937030100,1118937029100,1606,1556,3,1118937029100,1118937031100,3
V_select,190,s1_t1118937020200_a1556,high,20.0,2,10,1118937033100,1118937032100,1556,1606,3,1118937032100,1118937034100,3
V_select,190,s1_t1118937020200_a1556,high,20.0,7,11,1118937034100,1118937033100,1612,1615,3,1118937033100,1118937035100,3
V_select,190,s1_t1118937020200_a1556,high,20.0,7,12,1118937035100,1118937034100,1615,1612,3,1118937034100,1118937036100,3
V_select,190,s1_t1118937020200_a1556,high,20.0,7,14,1118937037100,1118937036100,1612,1615,3,1118937036100,1118937038100,2
V_select,191,s1_t1118937020200_a1566,high,-5.0,4,1,1118937024100,1118937023100,1584,1530,3,1118937023100,1118937025100,3
V_select,191,s1_t1118937020200_a1566,high,-5.0,2,3,1118937026100,1118937025100,1560,1551,3,1118937025100,1118937027100,2
V_select,191,s1_t1118937020200_a1566,high,-5.0,5,3,1118937026100,1118937025100,1566,1584,3,1118937025100,1118937027100,2
V_select,191,s1_t1118937020200_a1566,high,-5.0,3,4,1118937027100,1118937026100,1577,1566,3,1118937026100,1118937028100,2
V_select,191,s1_t1118937020200_a1566,high,-5.0,7,4,1118937027100,1118937026100,1560,1551,3,1118937026100,1118937028100,2
V_select,191,s1_t1118937020200_a1566,high,-5.0,0,5,1118937028100,1118937027100,1588,1579,3,1118937027100,1118937029100,3
V_select,191,s1_t1118937020200_a1566,high,-5.0,5,8,1118937031100,1118937030100,1566,1551,3,1118937030100,1118937032100,2
V_select,191,s1_t1118937020200_a1566,high,-5.0,3,9,1118937032100,1118937031100,1588,1566,3,1118937031100,1118937033100,3
V_select,191,s1_t1118937020200_a1566,high,-5.0,6,9,1118937032100,1118937031100,1566,1577,3,1118937031100,1118937033100,2
V_select,191,s1_t1118937020200_a1566,high,-5.0,3,10,1118937033100,1118937032100,1566,1584,3,1118937032100,1118937034100,3
V_select,191,s1_t1118937020200_a1566,high,-5.0,5,11,1118937034100,1118937033100,1530,1551,3,1118937033100,1118937035100,3
V_select,191,s1_t1118937020200_a1566,high,-5.0,1,13,1118937036100,1118937035100,1566,1577,3,1118937035100,1118937037100,2
V_select,191,s1_t1118937020200_a1566,high,-5.0,3,14,1118937037100,1118937036100,1566,1577,3,1118937036100,1118937038100,3
V_select,191,s1_t1118937020200_a1566,high,-5.0,4,14,1118937037100,1118937036100,1560,1566,3,1118937036100,1118937038100,3
V_select,191,s1_t1118937020200_a1566,high,-5.0,4,15,1118937038100,1118937037100,1566,1560,2,1118937037100,1118937038100,2
V_select,191,s1_t1118937020200_a1566,high,0.0,4,1,1118937024100,1118937023100,1584,1530,3,1118937023100,1118937025100,3
V_select,191,s1_t1118937020200_a1566,high,0.0,2,3,1118937026100,1118937025100,1560,1551,3,1118937025100,1118937027100,2
V_select,191,s1_t1118937020200_a1566,high,0.0,5,3,1118937026100,1118937025100,1566,1584,3,1118937025100,1118937027100,2
V_select,191,s1_t1118937020200_a1566,high,0.0,1,4,1118937027100,1118937026100,1566,1530,3,1118937026100,1118937028100,2
V_select,191,s1_t1118937020200_a1566,high,0.0,3,4,1118937027100,1118937026100,1577,1566,3,1118937026100,1118937028100,3
V_select,191,s1_t1118937020200_a1566,high,0.0,7,4,1118937027100,1118937026100,1560,1551,3,1118937026100,1118937028100,2
V_select,191,s1_t1118937020200_a1566,high,0.0,0,5,1118937028100,1118937027100,1588,1579,3,1118937027100,1118937029100,3
V_select,191,s1_t1118937020200_a1566,high,0.0,3,5,1118937028100,1118937027100,1566,1530,3,1118937027100,1118937029100,2
V_select,191,s1_t1118937020200_a1566,high,0.0,3,8,1118937031100,1118937030100,1560,1551,3,1118937030100,1118937032100,2
V_select,191,s1_t1118937020200_a1566,high,0.0,7,8,1118937031100,1118937030100,1584,1588,3,1118937030100,1118937032100,3
V_select,191,s1_t1118937020200_a1566,high,0.0,7,9,1118937032100,1118937031100,1588,1566,3,1118937031100,1118937033100,3
V_select,191,s1_t1118937020200_a1566,high,0.0,7,10,1118937033100,1118937032100,1566,1584,3,1118937032100,1118937034100,3
V_select,191,s1_t1118937020200_a1566,high,0.0,3,11,1118937034100,1118937033100,1530,1551,3,1118937033100,1118937035100,3
V_select,191,s1_t1118937020200_a1566,high,0.0,6,14,1118937037100,1118937036100,1560,1551,3,1118937036100,1118937038100,2
V_select,191,s1_t1118937020200_a1566,high,0.0,2,15,1118937038100,1118937037100,1566,1560,2,1118937037100,1118937038100,2
V_select,191,s1_t1118937020200_a1566,high,5.0,4,1,1118937024100,1118937023100,1584,1530,3,1118937023100,1118937025100,3
V_select,191,s1_t1118937020200_a1566,high,5.0,2,3,1118937026100,1118937025100,1560,1551,3,1118937025100,1118937027100,2
V_select,191,s1_t1118937020200_a1566,high,5.0,5,3,1118937026100,1118937025100,1566,1584,3,1118937025100,1118937027100,2
V_select,191,s1_t1118937020200_a1566,high,5.0,1,4,1118937027100,1118937026100,1566,1530,3,1118937026100,1118937028100,2
V_select,191,s1_t1118937020200_a1566,high,5.0,3,4,1118937027100,1118937026100,1577,1566,3,1118937026100,1118937028100,3
V_select,191,s1_t1118937020200_a1566,high,5.0,7,4,1118937027100,1118937026100,1560,1551,3,1118937026100,1118937028100,2
V_select,191,s1_t1118937020200_a1566,high,5.0,0,5,1118937028100,1118937027100,1588,1579,3,1118937027100,1118937029100,3
V_select,191,s1_t1118937020200_a1566,high,5.0,3,5,1118937028100,1118937027100,1566,1530,3,1118937027100,1118937029100,2
V_select,191,s1_t1118937020200_a1566,high,5.0,7,8,1118937031100,1118937030100,1584,1588,3,1118937030100,1118937032100,3
V_select,191,s1_t1118937020200_a1566,high,5.0,5,9,1118937032100,1118937031100,1566,1577,3,1118937031100,1118937033100,2
V_select,191,s1_t1118937020200_a1566,high,5.0,7,10,1118937033100,1118937032100,1588,1584,3,1118937032100,1118937034100,3
V_select,191,s1_t1118937020200_a1566,high,5.0,6,11,1118937034100,1118937033100,1530,1551,3,1118937033100,1118937035100,3
V_select,191,s1_t1118937020200_a1566,high,5.0,2,13,1118937036100,1118937035100,1566,1577,3,1118937035100,1118937037100,3
V_select,191,s1_t1118937020200_a1566,high,5.0,2,14,1118937037100,1118937036100,1577,1566,3,1118937036100,1118937038100,3
V_select,191,s1_t1118937020200_a1566,high,5.0,5,14,1118937037100,1118937036100,1566,1551,3,1118937036100,1118937038100,2
V_select,191,s1_t1118937020200_a1566,high,5.0,2,15,1118937038100,1118937037100,1566,1560,2,1118937037100,1118937038100,2
V_select,191,s1_t1118937020200_a1566,high,10.0,4,1,1118937024100,1118937023100,1584,1530,3,1118937023100,1118937025100,3
V_select,191,s1_t1118937020200_a1566,high,10.0,2,3,1118937026100,1118937025100,1560,1551,3,1118937025100,1118937027100,2
V_select,191,s1_t1118937020200_a1566,high,10.0,5,3,1118937026100,1118937025100,1566,1584,3,1118937025100,1118937027100,2
V_select,191,s1_t1118937020200_a1566,high,10.0,1,4,1118937027100,1118937026100,1566,1530,3,1118937026100,1118937028100,2
V_select,191,s1_t1118937020200_a1566,high,10.0,3,4,1118937027100,1118937026100,1577,1566,3,1118937026100,1118937028100,2
V_select,191,s1_t1118937020200_a1566,high,10.0,7,4,1118937027100,1118937026100,1560,1551,3,1118937026100,1118937028100,2
V_select,191,s1_t1118937020200_a1566,high,10.0,0,5,1118937028100,1118937027100,1588,1579,3,1118937027100,1118937029100,3
V_select,191,s1_t1118937020200_a1566,high,10.0,6,9,1118937032100,1118937031100,1566,1577,3,1118937031100,1118937033100,2
V_select,191,s1_t1118937020200_a1566,high,10.0,7,10,1118937033100,1118937032100,1588,1584,3,1118937032100,1118937034100,3
V_select,191,s1_t1118937020200_a1566,high,10.0,5,11,1118937034100,1118937033100,1530,1551,3,1118937033100,1118937035100,3
V_select,191,s1_t1118937020200_a1566,high,10.0,2,13,1118937036100,1118937035100,1566,1577,3,1118937035100,1118937037100,3
V_select,191,s1_t1118937020200_a1566,high,10.0,2,14,1118937037100,1118937036100,1577,1566,3,1118937036100,1118937038100,3
V_select,191,s1_t1118937020200_a1566,high,10.0,6,14,1118937037100,1118937036100,1566,1551,3,1118937036100,1118937038100,2
V_select,191,s1_t1118937020200_a1566,high,10.0,2,15,1118937038100,1118937037100,1566,1560,2,1118937037100,1118937038100,2
V_select,191,s1_t1118937020200_a1566,high,15.0,4,1,1118937024100,1118937023100,1584,1530,3,1118937023100,1118937025100,3
V_select,191,s1_t1118937020200_a1566,high,15.0,2,3,1118937026100,1118937025100,1560,1551,3,1118937025100,1118937027100,2
V_select,191,s1_t1118937020200_a1566,high,15.0,5,3,1118937026100,1118937025100,1566,1584,3,1118937025100,1118937027100,2
V_select,191,s1_t1118937020200_a1566,high,15.0,1,4,1118937027100,1118937026100,1566,1530,3,1118937026100,1118937028100,2
V_select,191,s1_t1118937020200_a1566,high,15.0,3,4,1118937027100,1118937026100,1577,1566,3,1118937026100,1118937028100,2
V_select,191,s1_t1118937020200_a1566,high,15.0,7,4,1118937027100,1118937026100,1560,1551,3,1118937026100,1118937028100,2
V_select,191,s1_t1118937020200_a1566,high,15.0,0,5,1118937028100,1118937027100,1588,1579,3,1118937027100,1118937029100,3
V_select,191,s1_t1118937020200_a1566,high,15.0,6,9,1118937032100,1118937031100,1566,1577,3,1118937031100,1118937033100,2
V_select,191,s1_t1118937020200_a1566,high,15.0,7,10,1118937033100,1118937032100,1588,1584,3,1118937032100,1118937034100,3
V_select,191,s1_t1118937020200_a1566,high,15.0,5,11,1118937034100,1118937033100,1530,1551,3,1118937033100,1118937035100,3
V_select,191,s1_t1118937020200_a1566,high,15.0,2,13,1118937036100,1118937035100,1566,1577,3,1118937035100,1118937037100,3
V_select,191,s1_t1118937020200_a1566,high,15.0,2,14,1118937037100,1118937036100,1577,1566,3,1118937036100,1118937038100,3
V_select,191,s1_t1118937020200_a1566,high,15.0,6,14,1118937037100,1118937036100,1566,1551,3,1118937036100,1118937038100,2
V_select,191,s1_t1118937020200_a1566,high,15.0,2,15,1118937038100,1118937037100,1566,1560,2,1118937037100,1118937038100,2
V_select,191,s1_t1118937020200_a1566,high,20.0,4,1,1118937024100,1118937023100,1584,1530,3,1118937023100,1118937025100,3
V_select,191,s1_t1118937020200_a1566,high,20.0,2,3,1118937026100,1118937025100,1560,1551,3,1118937025100,1118937027100,2
V_select,191,s1_t1118937020200_a1566,high,20.0,5,3,1118937026100,1118937025100,1566,1584,3,1118937025100,1118937027100,2
V_select,191,s1_t1118937020200_a1566,high,20.0,1,4,1118937027100,1118937026100,1566,1530,3,1118937026100,1118937028100,2
V_select,191,s1_t1118937020200_a1566,high,20.0,3,4,1118937027100,1118937026100,1577,1566,3,1118937026100,1118937028100,2
V_select,191,s1_t1118937020200_a1566,high,20.0,7,4,1118937027100,1118937026100,1560,1551,3,1118937026100,1118937028100,2
V_select,191,s1_t1118937020200_a1566,high,20.0,0,5,1118937028100,1118937027100,1588,1579,3,1118937027100,1118937029100,3
V_select,191,s1_t1118937020200_a1566,high,20.0,6,9,1118937032100,1118937031100,1566,1577,3,1118937031100,1118937033100,2
V_select,191,s1_t1118937020200_a1566,high,20.0,7,10,1118937033100,1118937032100,1588,1584,3,1118937032100,1118937034100,3
V_select,191,s1_t1118937020200_a1566,high,20.0,5,11,1118937034100,1118937033100,1530,1551,3,1118937033100,1118937035100,3
V_select,191,s1_t1118937020200_a1566,high,20.0,2,13,1118937036100,1118937035100,1566,1577,3,1118937035100,1118937037100,3
V_select,191,s1_t1118937020200_a1566,high,20.0,2,14,1118937037100,1118937036100,1577,1566,3,1118937036100,1118937038100,3
V_select,191,s1_t1118937020200_a1566,high,20.0,6,14,1118937037100,1118937036100,1566,1551,3,1118937036100,1118937038100,2
V_select,191,s1_t1118937020200_a1566,high,20.0,2,15,1118937038100,1118937037100,1566,1560,2,1118937037100,1118937038100,2
V_select,192,s1_t1118937040200_a1602,high,-5.0,0,2,1118937045100,1118937044100,1615,1556,3,1118937044100,1118937046100,2
V_select,192,s1_t1118937040200_a1602,high,-5.0,2,5,1118937048100,1118937047100,1558,1615,3,1118937047100,1118937049100,3
V_select,192,s1_t1118937040200_a1602,high,-5.0,3,5,1118937048100,1118937047100,1616,1558,3,1118937047100,1118937049100,2
V_select,192,s1_t1118937040200_a1602,high,-5.0,4,5,1118937048100,1118937047100,1612,1616,3,1118937047100,1118937049100,3
V_select,192,s1_t1118937040200_a1602,high,-5.0,5,6,1118937049100,1118937048100,1589,1606,3,1118937048100,1118937050100,3
V_select,192,s1_t1118937040200_a1602,high,-5.0,1,10,1118937053100,1118937052100,1612,1616,3,1118937052100,1118937054100,3
V_select,192,s1_t1118937040200_a1602,high,-5.0,7,11,1118937054100,1118937053100,1606,1556,3,1118937053100,1118937055100,3
V_select,192,s1_t1118937040200_a1602,high,0.0,0,2,1118937045100,1118937044100,1615,1556,3,1118937044100,1118937046100,2
V_select,192,s1_t1118937040200_a1602,high,0.0,3,2,1118937045100,1118937044100,1616,1612,3,1118937044100,1118937046100,3
V_select,192,s1_t1118937040200_a1602,high,0.0,5,2,1118937045100,1118937044100,1556,1606,3,1118937044100,1118937046100,3
V_select,192,s1_t1118937040200_a1602,high,0.0,3,3,1118937046100,1118937045100,1612,1616,3,1118937045100,1118937047100,3
V_select,192,s1_t1118937040200_a1602,high,0.0,5,4,1118937047100,1118937046100,1606,1556,3,1118937046100,1118937048100,3
V_select,192,s1_t1118937040200_a1602,high,0.0,5,5,1118937048100,1118937047100,1556,1606,3,1118937047100,1118937049100,2
V_select,192,s1_t1118937040200_a1602,high,0.0,6,6,1118937049100,1118937048100,1589,1606,3,1118937048100,1118937050100,3
V_select,192,s1_t1118937040200_a1602,high,0.0,2,7,1118937050100,1118937049100,1615,1612,3,1118937049100,1118937051100,3
V_select,192,s1_t1118937040200_a1602,high,0.0,2,8,1118937051100,1118937050100,1612,1615,3,1118937050100,1118937052100,3
V_select,192,s1_t1118937040200_a1602,high,0.0,5,12,1118937055100,1118937054100,1558,1612,3,1118937054100,1118937056100,2
V_select,192,s1_t1118937040200_a1602,high,0.0,3,14,1118937057100,1118937056100,1556,1606,3,1118937056100,1118937058100,3
V_select,192,s1_t1118937040200_a1602,high,0.0,4,14,1118937057100,1118937056100,1616,1558,3,1118937056100,1118937058100,2
V_select,192,s1_t1118937040200_a1602,high,0.0,7,14,1118937057100,1118937056100,1612,1616,3,1118937056100,1118937058100,3
V_select,192,s1_t1118937040200_a1602,high,0.0,0,15,1118937058100,1118937057100,1589,1606,2,1118937057100,1118937058100,2
V_select,192,s1_t1118937040200_a1602,high,0.0,3,15,1118937058100,1118937057100,1606,1556,2,1118937057100,1118937058100,2
V_select,192,s1_t1118937040200_a1602,high,5.0,0,4,1118937047100,1118937046100,1615,1612,3,1118937046100,1118937048100,3
V_select,192,s1_t1118937040200_a1602,high,5.0,0,5,1118937048100,1118937047100,1612,1615,3,1118937047100,1118937049100,3
V_select,192,s1_t1118937040200_a1602,high,5.0,0,7,1118937050100,1118937049100,1615,1612,3,1118937049100,1118937051100,3
V_select,192,s1_t1118937040200_a1602,high,5.0,1,7,1118937050100,1118937049100,1558,1615,3,1118937049100,1118937051100,3
V_select,192,s1_t1118937040200_a1602,high,5.0,6,8,1118937051100,1118937050100,1606,1556,3,1118937050100,1118937052100,2
V_select,192,s1_t1118937040200_a1602,high,5.0,0,9,1118937052100,1118937051100,1612,1615,3,1118937051100,1118937053100,2
V_select,192,s1_t1118937040200_a1602,high,5.0,1,9,1118937052100,1118937051100,1615,1612,3,1118937051100,1118937053100,3
V_select,192,s1_t1118937040200_a1602,high,5.0,1,11,1118937054100,1118937053100,1612,1615,3,1118937053100,1118937055100,2
V_select,192,s1_t1118937040200_a1602,high,5.0,6,13,1118937056100,1118937055100,1606,1556,3,1118937055100,1118937057100,3
V_select,192,s1_t1118937040200_a1602,high,5.0,1,15,1118937058100,1118937057100,1612,1615,2,1118937057100,1118937058100,2
V_select,192,s1_t1118937040200_a1602,high,5.0,4,15,1118937058100,1118937057100,1615,1556,2,1118937057100,1118937058100,2
V_select,192,s1_t1118937040200_a1602,high,10.0,7,2,1118937045100,1118937044100,1606,1556,3,1118937044100,1118937046100,3
V_select,192,s1_t1118937040200_a1602,high,10.0,7,3,1118937046100,1118937045100,1556,1606,3,1118937045100,1118937047100,3
V_select,192,s1_t1118937040200_a1602,high,10.0,7,4,1118937047100,1118937046100,1606,1556,3,1118937046100,1118937048100,3
V_select,192,s1_t1118937040200_a1602,high,10.0,4,5,1118937048100,1118937047100,1615,1556,3,1118937047100,1118937049100,2
V_select,192,s1_t1118937040200_a1602,high,10.0,7,5,1118937048100,1118937047100,1556,1606,3,1118937047100,1118937049100,3
V_select,192,s1_t1118937040200_a1602,high,10.0,0,6,1118937049100,1118937048100,1612,1616,3,1118937048100,1118937050100,2
V_select,192,s1_t1118937040200_a1602,high,10.0,7,6,1118937049100,1118937048100,1606,1556,3,1118937048100,1118937050100,3
V_select,192,s1_t1118937040200_a1602,high,10.0,1,7,1118937050100,1118937049100,1615,1612,3,1118937049100,1118937051100,3
V_select,192,s1_t1118937040200_a1602,high,10.0,0,9,1118937052100,1118937051100,1616,1612,3,1118937051100,1118937053100,3
V_select,192,s1_t1118937040200_a1602,high,10.0,0,10,1118937053100,1118937052100,1612,1616,3,1118937052100,1118937054100,3
V_select,192,s1_t1118937040200_a1602,high,10.0,4,10,1118937053100,1118937052100,1615,1612,3,1118937052100,1118937054100,3
V_select,192,s1_t1118937040200_a1602,high,10.0,4,11,1118937054100,1118937053100,1612,1615,3,1118937053100,1118937055100,3
V_select,192,s1_t1118937040200_a1602,high,10.0,4,14,1118937057100,1118937056100,1615,1612,3,1118937056100,1118937058100,3
V_select,192,s1_t1118937040200_a1602,high,10.0,1,15,1118937058100,1118937057100,1606,1556,2,1118937057100,1118937058100,2
V_select,192,s1_t1118937040200_a1602,high,15.0,7,2,1118937045100,1118937044100,1606,1556,3,1118937044100,1118937046100,3
V_select,192,s1_t1118937040200_a1602,high,15.0,7,3,1118937046100,1118937045100,1556,1606,3,1118937045100,1118937047100,3
V_select,192,s1_t1118937040200_a1602,high,15.0,7,4,1118937047100,1118937046100,1606,1556,3,1118937046100,1118937048100,3
V_select,192,s1_t1118937040200_a1602,high,15.0,6,5,1118937048100,1118937047100,1615,1556,3,1118937047100,1118937049100,2
V_select,192,s1_t1118937040200_a1602,high,15.0,7,5,1118937048100,1118937047100,1556,1606,3,1118937047100,1118937049100,3
V_select,192,s1_t1118937040200_a1602,high,15.0,0,6,1118937049100,1118937048100,1612,1616,3,1118937048100,1118937050100,2
V_select,192,s1_t1118937040200_a1602,high,15.0,4,6,1118937049100,1118937048100,1589,1606,3,1118937048100,1118937050100,3
V_select,192,s1_t1118937040200_a1602,high,15.0,7,6,1118937049100,1118937048100,1606,1556,3,1118937048100,1118937050100,3
V_select,192,s1_t1118937040200_a1602,high,15.0,3,8,1118937051100,1118937050100,1616,1612,3,1118937050100,1118937052100,3
V_select,192,s1_t1118937040200_a1602,high,15.0,5,8,1118937051100,1118937050100,1612,1615,3,1118937050100,1118937052100,2
V_select,192,s1_t1118937040200_a1602,high,15.0,2,9,1118937052100,1118937051100,1589,1606,3,1118937051100,1118937053100,3
V_select,192,s1_t1118937040200_a1602,high,15.0,3,10,1118937053100,1118937052100,1612,1616,3,1118937052100,1118937054100,3
V_select,192,s1_t1118937040200_a1602,high,15.0,7,12,1118937055100,1118937054100,1556,1606,3,1118937054100,1118937056100,3
V_select,192,s1_t1118937040200_a1602,high,15.0,3,14,1118937057100,1118937056100,1616,1615,3,1118937056100,1118937058100,3
V_select,192,s1_t1118937040200_a1602,high,15.0,3,15,1118937058100,1118937057100,1615,1616,2,1118937057100,1118937058100,2
V_select,192,s1_t1118937040200_a1602,high,15.0,7,15,1118937058100,1118937057100,1606,1556,2,1118937057100,1118937058100,2
V_select,192,s1_t1118937040200_a1602,high,20.0,7,2,1118937045100,1118937044100,1606,1556,3,1118937044100,1118937046100,3
V_select,192,s1_t1118937040200_a1602,high,20.0,7,3,1118937046100,1118937045100,1556,1606,3,1118937045100,1118937047100,3
V_select,192,s1_t1118937040200_a1602,high,20.0,7,4,1118937047100,1118937046100,1606,1556,3,1118937046100,1118937048100,3
V_select,192,s1_t1118937040200_a1602,high,20.0,6,5,1118937048100,1118937047100,1615,1556,3,1118937047100,1118937049100,2
V_select,192,s1_t1118937040200_a1602,high,20.0,7,5,1118937048100,1118937047100,1556,1606,3,1118937047100,1118937049100,3
V_select,192,s1_t1118937040200_a1602,high,20.0,0,6,1118937049100,1118937048100,1612,1616,3,1118937048100,1118937050100,2
V_select,192,s1_t1118937040200_a1602,high,20.0,4,6,1118937049100,1118937048100,1589,1606,3,1118937048100,1118937050100,3
V_select,192,s1_t1118937040200_a1602,high,20.0,7,6,1118937049100,1118937048100,1606,1556,3,1118937048100,1118937050100,3
V_select,192,s1_t1118937040200_a1602,high,20.0,3,9,1118937052100,1118937051100,1616,1612,3,1118937051100,1118937053100,3
V_select,192,s1_t1118937040200_a1602,high,20.0,2,10,1118937053100,1118937052100,1589,1606,3,1118937052100,1118937054100,2
V_select,192,s1_t1118937040200_a1602,high,20.0,3,10,1118937053100,1118937052100,1612,1616,3,1118937052100,1118937054100,3
V_select,192,s1_t1118937040200_a1602,high,20.0,7,11,1118937054100,1118937053100,1556,1606,3,1118937053100,1118937055100,3
V_select,192,s1_t1118937040200_a1602,high,20.0,2,13,1118937056100,1118937055100,1558,1616,3,1118937055100,1118937057100,3
V_select,192,s1_t1118937040200_a1602,high,20.0,3,13,1118937056100,1118937055100,1616,1612,3,1118937055100,1118937057100,3
V_select,192,s1_t1118937040200_a1602,high,20.0,2,14,1118937057100,1118937056100,1616,1558,3,1118937056100,1118937058100,3
V_select,192,s1_t1118937040200_a1602,high,20.0,3,14,1118937057100,1118937056100,1612,1615,3,1118937056100,1118937058100,3
V_select,192,s1_t1118937040200_a1602,high,20.0,3,15,1118937058100,1118937057100,1615,1616,2,1118937057100,1118937058100,2
V_select,192,s1_t1118937040200_a1602,high,20.0,7,15,1118937058100,1118937057100,1606,1556,2,1118937057100,1118937058100,2
V_select,193,s1_t1118937040200_a1637,high,-5.0,7,1,1118937044100,1118937043100,1637,1621,3,1118937043100,1118937045100,3
V_select,193,s1_t1118937040200_a1637,high,-5.0,3,2,1118937045100,1118937044100,1642,1644,3,1118937044100,1118937046100,3
V_select,193,s1_t1118937040200_a1637,high,-5.0,4,2,1118937045100,1118937044100,1639,1642,3,1118937044100,1118937046100,3
V_select,193,s1_t1118937040200_a1637,high,-5.0,7,4,1118937047100,1118937046100,1621,1624,3,1118937046100,1118937048100,3
V_select,193,s1_t1118937040200_a1637,high,-5.0,0,5,1118937048100,1118937047100,1621,1624,3,1118937047100,1118937049100,3
V_select,193,s1_t1118937040200_a1637,high,-5.0,7,5,1118937048100,1118937047100,1624,1621,3,1118937047100,1118937049100,2
V_select,193,s1_t1118937040200_a1637,high,-5.0,0,6,1118937049100,1118937048100,1624,1621,3,1118937048100,1118937050100,3
V_select,193,s1_t1118937040200_a1637,high,-5.0,0,7,1118937050100,1118937049100,1621,1637,3,1118937049100,1118937051100,3
V_select,193,s1_t1118937040200_a1637,high,-5.0,1,7,1118937050100,1118937049100,1637,1625,3,1118937049100,1118937051100,3
V_select,193,s1_t1118937040200_a1637,high,-5.0,0,8,1118937051100,1118937050100,1637,1624,3,1118937050100,1118937052100,3
V_select,193,s1_t1118937040200_a1637,high,-5.0,3,8,1118937051100,1118937050100,1644,1642,3,1118937050100,1118937052100,3
V_select,193,s1_t1118937040200_a1637,high,-5.0,0,9,1118937052100,1118937051100,1624,1637,3,1118937051100,1118937053100,3
V_select,193,s1_t1118937040200_a1637,high,-5.0,2,9,1118937052100,1118937051100,1637,1644,3,1118937051100,1118937053100,3
V_select,193,s1_t1118937040200_a1637,high,-5.0,4,9,1118937052100,1118937051100,1636,1621,3,1118937051100,1118937053100,3
V_select,193,s1_t1118937040200_a1637,high,-5.0,5,9,1118937052100,1118937051100,1621,1624,3,1118937051100,1118937053100,2
V_select,193,s1_t1118937040200_a1637,high,-5.0,0,10,1118937053100,1118937052100,1637,1621,3,1118937052100,1118937054100,3
V_select,193,s1_t1118937040200_a1637,high,-5.0,4,10,1118937053100,1118937052100,1621,1636,3,1118937052100,1118937054100,2
V_select,193,s1_t1118937040200_a1637,high,-5.0,3,12,1118937055100,1118937054100,1642,1644,3,1118937054100,1118937056100,2
V_select,193,s1_t1118937040200_a1637,high,0.0,2,1,1118937044100,1118937043100,1636,1621,3,1118937043100,1118937045100,3
V_select,193,s1_t1118937040200_a1637,high,0.0,2,2,1118937045100,1118937044100,1621,1636,3,1118937044100,1118937046100,3
V_select,193,s1_t1118937040200_a1637,high,0.0,3,2,1118937045100,1118937044100,1642,1644,3,1118937044100,1118937046100,3
V_select,193,s1_t1118937040200_a1637,high,0.0,1,4,1118937047100,1118937046100,1642,1639,3,1118937046100,1118937048100,2
V_select,193,s1_t1118937040200_a1637,high,0.0,2,4,1118937047100,1118937046100,1636,1621,3,1118937046100,1118937048100,3
V_select,193,s1_t1118937040200_a1637,high,0.0,7,4,1118937047100,1118937046100,1621,1624,3,1118937046100,1118937048100,3
V_select,193,s1_t1118937040200_a1637,high,0.0,2,5,1118937048100,1118937047100,1621,1624,3,1118937047100,1118937049100,2
V_select,193,s1_t1118937040200_a1637,high,0.0,7,5,1118937048100,1118937047100,1624,1637,3,1118937047100,1118937049100,3
V_select,193,s1_t1118937040200_a1637,high,0.0,4,7,1118937050100,1118937049100,1625,1642,3,1118937049100,1118937051100,2
V_select,193,s1_t1118937040200_a1637,high,0.0,5,7,1118937050100,1118937049100,1621,1636,3,1118937049100,1118937051100,3
V_select,193,s1_t1118937040200_a1637,high,0.0,0,10,1118937053100,1118937052100,1637,1621,3,1118937052100,1118937054100,3
V_select,193,s1_t1118937040200_a1637,high,0.0,1,10,1118937053100,1118937052100,1625,1644,3,1118937052100,1118937054100,3
V_select,193,s1_t1118937040200_a1637,high,0.0,1,11,1118937054100,1118937053100,1644,1625,3,1118937053100,1118937055100,3
V_select,193,s1_t1118937040200_a1637,high,0.0,2,11,1118937054100,1118937053100,1642,1644,3,1118937053100,1118937055100,3
V_select,193,s1_t1118937040200_a1637,high,0.0,1,12,1118937055100,1118937054100,1625,1637,3,1118937054100,1118937056100,2
V_select,193,s1_t1118937040200_a1637,high,5.0,3,1,1118937044100,1118937043100,1637,1636,3,1118937043100,1118937045100,2
V_select,193,s1_t1118937040200_a1637,high,5.0,2,2,1118937045100,1118937044100,1642,1639,3,1118937044100,1118937046100,2
V_select,193,s1_t1118937040200_a1637,high,5.0,1,4,1118937047100,1118937046100,1625,1637,3,1118937046100,1118937048100,3
V_select,193,s1_t1118937040200_a1637,high,5.0,6,7,1118937050100,1118937049100,1621,1636,3,1118937049100,1118937051100,3
V_select,193,s1_t1118937040200_a1637,high,5.0,7,7,1118937050100,1118937049100,1644,1642,3,1118937049100,1118937051100,3
V_select,193,s1_t1118937040200_a1637,high,5.0,7,8,1118937051100,1118937050100,1642,1644,3,1118937050100,1118937052100,3
V_select,193,s1_t1118937040200_a1637,high,5.0,7,9,1118937052100,1118937051100,1644,1642,3,1118937051100,1118937053100,3
V_select,193,s1_t1118937040200_a1637,high,5.0,3,10,1118937053100,1118937052100,1621,1624,3,1118937052100,1118937054100,3
V_select,193,s1_t1118937040200_a1637,high,5.0,6,10,1118937053100,1118937052100,1636,1621,3,1118937052100,1118937054100,3
V_select,193,s1_t1118937040200_a1637,high,5.0,0,11,1118937054100,1118937053100,1625,1637,3,1118937053100,1118937055100,2
V_select,193,s1_t1118937040200_a1637,high,5.0,2,11,1118937054100,1118937053100,1639,1642,3,1118937053100,1118937055100,3
V_select,193,s1_t1118937040200_a1637,high,5.0,7,11,1118937054100,1118937053100,1642,1644,3,1118937053100,1118937055100,3
V_select,193,s1_t1118937040200_a1637,high,10.0,1,2,1118937045100,1118937044100,1642,1644,3,1118937044100,1118937046100,3
V_select,193,s1_t1118937040200_a1637,high,10.0,1,3,1118937046100,1118937045100,1644,1642,3,1118937045100,1118937047100,3
V_select,193,s1_t1118937040200_a1637,high,10.0,2,4,1118937047100,1118937046100,1625,1637,3,1118937046100,1118937048100,3
V_select,193,s1_t1118937040200_a1637,high,10.0,1,6,1118937049100,1118937048100,1642,1639,3,1118937048100,1118937050100,2
V_select,193,s1_t1118937040200_a1637,high,10.0,7,6,1118937049100,1118937048100,1621,1624,3,1118937048100,1118937050100,3
V_select,193,s1_t1118937040200_a1637,high,10.0,7,7,1118937050100,1118937049100,1624,1636,3,1118937049100,1118937051100,3
V_select,193,s1_t1118937040200_a1637,high,10.0,5,9,1118937052100,1118937051100,1642,1639,3,1118937051100,1118937053100,2
V_select,193,s1_t1118937040200_a1637,high,10.0,3,10,1118937053100,1118937052100,1642,1644,3,1118937052100,1118937054100,3
V_select,193,s1_t1118937040200_a1637,high,10.0,1,11,1118937054100,1118937053100,1637,1621,3,1118937053100,1118937055100,3
V_select,193,s1_t1118937040200_a1637,high,10.0,1,13,1118937056100,1118937055100,1621,1624,3,1118937055100,1118937057100,3
V_select,193,s1_t1118937040200_a1637,high,10.0,4,13,1118937056100,1118937055100,1636,1621,3,1118937055100,1118937057100,3
V_select,193,s1_t1118937040200_a1637,high,10.0,1,14,1118937057100,1118937056100,1624,1621,3,1118937056100,1118937058100,3
V_select,193,s1_t1118937040200_a1637,high,10.0,4,14,1118937057100,1118937056100,1621,1636,3,1118937056100,1118937058100,3
V_select,193,s1_t1118937040200_a1637,high,10.0,5,14,1118937057100,1118937056100,1625,1639,3,1118937056100,1118937058100,2
V_select,193,s1_t1118937040200_a1637,high,15.0,1,2,1118937045100,1118937044100,1642,1644,3,1118937044100,1118937046100,3
V_select,193,s1_t1118937040200_a1637,high,15.0,1,3,1118937046100,1118937045100,1644,1642,3,1118937045100,1118937047100,3
V_select,193,s1_t1118937040200_a1637,high,15.0,2,4,1118937047100,1118937046100,1625,1637,3,1118937046100,1118937048100,3
V_select,193,s1_t1118937040200_a1637,high,15.0,1,6,1118937049100,1118937048100,1642,1639,3,1118937048100,1118937050100,2
V_select,193,s1_t1118937040200_a1637,high,15.0,7,6,1118937049100,1118937048100,1621,1624,3,1118937048100,1118937050100,3
V_select,193,s1_t1118937040200_a1637,high,15.0,7,7,1118937050100,1118937049100,1624,1621,3,1118937049100,1118937051100,3
V_select,193,s1_t1118937040200_a1637,high,15.0,3,9,1118937052100,1118937051100,1637,1625,3,1118937051100,1118937053100,3
V_select,193,s1_t1118937040200_a1637,high,15.0,3,11,1118937054100,1118937053100,1625,1637,3,1118937053100,1118937055100,2
V_select,193,s1_t1118937040200_a1637,high,20.0,1,2,1118937045100,1118937044100,1642,1644,3,1118937044100,1118937046100,3
V_select,193,s1_t1118937040200_a1637,high,20.0,1,3,1118937046100,1118937045100,1644,1642,3,1118937045100,1118937047100,3
V_select,193,s1_t1118937040200_a1637,high,20.0,2,4,1118937047100,1118937046100,1625,1637,3,1118937046100,1118937048100,3
V_select,193,s1_t1118937040200_a1637,high,20.0,1,6,1118937049100,1118937048100,1642,1639,3,1118937048100,1118937050100,2
V_select,193,s1_t1118937040200_a1637,high,20.0,7,6,1118937049100,1118937048100,1621,1624,3,1118937048100,1118937050100,3
V_select,193,s1_t1118937040200_a1637,high,20.0,7,7,1118937050100,1118937049100,1624,1621,3,1118937049100,1118937051100,3
V_select,193,s1_t1118937040200_a1637,high,20.0,3,9,1118937052100,1118937051100,1637,1625,3,1118937051100,1118937053100,3
V_select,193,s1_t1118937040200_a1637,high,20.0,3,11,1118937054100,1118937053100,1625,1637,3,1118937053100,1118937055100,2
V_select,194,s1_t1118937040200_a1638,high,-5.0,7,2,1118937045100,1118937044100,1638,1631,3,1118937044100,1118937046100,2
V_select,194,s1_t1118937040200_a1638,high,0.0,2,2,1118937045100,1118937044100,1638,1631,3,1118937044100,1118937046100,3
V_select,194,s1_t1118937040200_a1638,high,0.0,4,8,1118937051100,1118937050100,1666,1638,3,1118937050100,1118937052100,2
V_select,194,s1_t1118937040200_a1638,high,5.0,7,1,1118937044100,1118937043100,1645,1648,3,1118937043100,1118937045100,3
V_select,194,s1_t1118937040200_a1638,high,5.0,1,4,1118937047100,1118937046100,1638,1631,3,1118937046100,1118937048100,2
V_select,194,s1_t1118937040200_a1638,high,5.0,4,4,1118937047100,1118937046100,1631,1638,3,1118937046100,1118937048100,2
V_select,194,s1_t1118937040200_a1638,high,5.0,7,4,1118937047100,1118937046100,1648,1645,3,1118937046100,1118937048100,2
V_select,194,s1_t1118937040200_a1638,high,5.0,7,7,1118937050100,1118937049100,1623,1638,3,1118937049100,1118937051100,2
V_select,194,s1_t1118937040200_a1638,high,15.0,1,7,1118937050100,1118937049100,1666,1638,3,1118937049100,1118937051100,3
V_select,194,s1_t1118937040200_a1638,high,20.0,2,4,1118937047100,1118937046100,1631,1638,3,1118937046100,1118937048100,2
V_select,194,s1_t1118937040200_a1638,high,20.0,4,6,1118937049100,1118937048100,1623,1638,3,1118937048100,1118937050100,2
V_select,194,s1_t1118937040200_a1638,high,20.0,6,7,1118937050100,1118937049100,1666,1638,3,1118937049100,1118937051100,3
V_select,195,s1_t1118937060200_a1627,high,-5.0,7,13,1118937076100,1118937075100,1648,1645,3,1118937075100,1118937077100,3
V_select,195,s1_t1118937060200_a1627,high,-5.0,7,14,1118937077100,1118937076100,1645,1648,3,1118937076100,1118937078100,2
V_select,195,s1_t1118937060200_a1627,high,0.0,7,13,1118937076100,1118937075100,1648,1645,3,1118937075100,1118937077100,2
V_select,195,s1_t1118937060200_a1627,high,10.0,6,13,1118937076100,1118937075100,1648,1645,3,1118937075100,1118937077100,2
V_select,195,s1_t1118937060200_a1627,high,15.0,6,13,1118937076100,1118937075100,1648,1645,3,1118937075100,1118937077100,2
V_select,195,s1_t1118937060200_a1627,high,20.0,6,13,1118937076100,1118937075100,1648,1645,3,1118937075100,1118937077100,2
V_select,198,s1_t1118937080200_a1692,high,-5.0,2,1,1118937084100,1118937083100,1690,1623,3,1118937083100,1118937085100,3
V_select,200,s1_t1118937080200_a1706,high,0.0,6,10,1118937093100,1118937092100,1705,1703,3,1118937092100,1118937094100,3
V_select,200,s1_t1118937080200_a1706,high,0.0,4,14,1118937097100,1118937096100,1703,1710,3,1118937096100,1118937098100,3
V_select,200,s1_t1118937080200_a1706,high,5.0,6,10,1118937093100,1118937092100,1705,1703,3,1118937092100,1118937094100,3
V_select,200,s1_t1118937080200_a1706,high,10.0,2,10,1118937093100,1118937092100,1705,1703,3,1118937092100,1118937094100,3
V_select,200,s1_t1118937080200_a1706,high,15.0,2,10,1118937093100,1118937092100,1705,1703,3,1118937092100,1118937094100,3
V_select,200,s1_t1118937080200_a1706,high,20.0,2,10,1118937093100,1118937092100,1705,1703,3,1118937092100,1118937094100,3
V_select,201,s1_t1118937100200_a1644,high,-5.0,3,3,1118937106100,1118937105100,1656,1639,3,1118937105100,1118937107100,2
V_select,201,s1_t1118937100200_a1644,high,-5.0,3,13,1118937116100,1118937115100,1642,1656,3,1118937115100,1118937117100,3
V_select,201,s1_t1118937100200_a1644,high,-5.0,3,14,1118937117100,1118937116100,1656,1642,3,1118937116100,1118937118100,3
V_select,201,s1_t1118937100200_a1644,high,5.0,7,4,1118937107100,1118937106100,1656,1642,3,1118937106100,1118937108100,3
V_select,201,s1_t1118937100200_a1644,high,5.0,0,5,1118937108100,1118937107100,1639,1642,3,1118937107100,1118937109100,3
V_select,201,s1_t1118937100200_a1644,high,5.0,7,5,1118937108100,1118937107100,1642,1656,3,1118937107100,1118937109100,2
V_select,201,s1_t1118937100200_a1644,high,10.0,4,5,1118937108100,1118937107100,1642,1656,3,1118937107100,1118937109100,2
V_select,201,s1_t1118937100200_a1644,high,10.0,7,5,1118937108100,1118937107100,1639,1642,3,1118937107100,1118937109100,3
V_select,201,s1_t1118937100200_a1644,high,15.0,7,5,1118937108100,1118937107100,1642,1656,3,1118937107100,1118937109100,3
V_select,201,s1_t1118937100200_a1644,high,15.0,7,6,1118937109100,1118937108100,1656,1642,3,1118937108100,1118937110100,3
V_select,201,s1_t1118937100200_a1644,high,20.0,4,5,1118937108100,1118937107100,1642,1656,3,1118937107100,1118937109100,2
V_select,202,s1_t1118937100200_a1686,high,-5.0,3,1,1118937104100,1118937103100,1695,1701,3,1118937103100,1118937105100,3
V_select,202,s1_t1118937100200_a1686,high,-5.0,3,2,1118937105100,1118937104100,1701,1695,3,1118937104100,1118937106100,2
V_select,202,s1_t1118937100200_a1686,high,-5.0,5,2,1118937105100,1118937104100,1695,1701,3,1118937104100,1118937106100,3
V_select,202,s1_t1118937100200_a1686,high,-5.0,5,3,1118937106100,1118937105100,1701,1695,3,1118937105100,1118937107100,3
V_select,202,s1_t1118937100200_a1686,high,-5.0,3,11,1118937114100,1118937113100,1701,1705,3,1118937113100,1118937115100,3
V_select,202,s1_t1118937100200_a1686,high,-5.0,3,15,1118937118100,1118937117100,1705,1701,2,1118937117100,1118937118100,2
V_select,202,s1_t1118937100200_a1686,high,0.0,6,4,1118937107100,1118937106100,1695,1701,3,1118937106100,1118937108100,3
V_select,202,s1_t1118937100200_a1686,high,0.0,5,6,1118937109100,1118937108100,1695,1701,3,1118937108100,1118937110100,2
V_select,202,s1_t1118937100200_a1686,high,0.0,6,6,1118937109100,1118937108100,1701,1695,3,1118937108100,1118937110100,3
V_select,202,s1_t1118937100200_a1686,high,0.0,4,8,1118937111100,1118937110100,1705,1701,3,1118937110100,1118937112100,3
V_select,202,s1_t1118937100200_a1686,high,10.0,4,7,1118937110100,1118937109100,1701,1705,3,1118937109100,1118937111100,2
V_select,202,s1_t1118937100200_a1686,high,15.0,4,7,1118937110100,1118937109100,1701,1705,3,1118937109100,1118937111100,2
V_select,202,s1_t1118937100200_a1686,high,20.0,5,13,1118937116100,1118937115100,1675,1691,3,1118937115100,1118937117100,2
V_select,203,s1_t1118937100200_a1745,high,-5.0,1,2,1118937105100,1118937104100,1709,1685,3,1118937104100,1118937106100,3
V_select,203,s1_t1118937100200_a1745,high,-5.0,0,9,1118937112100,1118937111100,1696,1610,3,1118937111100,1118937113100,3
V_select,203,s1_t1118937100200_a1745,high,-5.0,3,10,1118937113100,1118937112100,1623,1709,3,1118937112100,1118937114100,3
V_select,203,s1_t1118937100200_a1745,high,-5.0,1,11,1118937114100,1118937113100,1685,1709,3,1118937113100,1118937115100,3
V_select,203,s1_t1118937100200_a1745,high,-5.0,3,11,1118937114100,1118937113100,1709,1623,3,1118937113100,1118937115100,3
V_select,203,s1_t1118937100200_a1745,high,-5.0,7,11,1118937114100,1118937113100,1623,1685,3,1118937113100,1118937115100,2
V_select,203,s1_t1118937100200_a1745,high,-5.0,1,12,1118937115100,1118937114100,1709,1685,3,1118937114100,1118937116100,3
V_select,203,s1_t1118937100200_a1745,high,0.0,4,1,1118937104100,1118937103100,1610,1696,3,1118937103100,1118937105100,2
V_select,203,s1_t1118937100200_a1745,high,0.0,1,2,1118937105100,1118937104100,1709,1685,3,1118937104100,1118937106100,3
V_select,203,s1_t1118937100200_a1745,high,0.0,5,8,1118937111100,1118937110100,1696,1623,3,1118937110100,1118937112100,2
V_select,203,s1_t1118937100200_a1745,high,0.0,2,9,1118937112100,1118937111100,1696,1610,3,1118937111100,1118937113100,3
V_select,203,s1_t1118937100200_a1745,high,5.0,4,1,1118937104100,1118937103100,1610,1696,3,1118937103100,1118937105100,2
V_select,203,s1_t1118937100200_a1745,high,5.0,1,2,1118937105100,1118937104100,1709,1685,3,1118937104100,1118937106100,3
V_select,203,s1_t1118937100200_a1745,high,10.0,4,1,1118937104100,1118937103100,1610,1696,3,1118937103100,1118937105100,2
V_select,203,s1_t1118937100200_a1745,high,10.0,1,2,1118937105100,1118937104100,1709,1685,3,1118937104100,1118937106100,3
V_select,203,s1_t1118937100200_a1745,high,15.0,4,1,1118937104100,1118937103100,1610,1696,3,1118937103100,1118937105100,2
V_select,203,s1_t1118937100200_a1745,high,15.0,1,2,1118937105100,1118937104100,1709,1685,3,1118937104100,1118937106100,3
V_select,203,s1_t1118937100200_a1745,high,20.0,1,2,1118937105100,1118937104100,1709,1685,3,1118937104100,1118937106100,3
V_select,203,s1_t1118937100200_a1745,high,20.0,4,9,1118937112100,1118937111100,1696,1610,3,1118937111100,1118937113100,3
V_select,203,s1_t1118937100200_a1745,high,20.0,5,11,1118937114100,1118937113100,1696,1623,3,1118937113100,1118937115100,3
V_confirm,204,s1_t1118937160200_a1779,high,-5.0,4,6,1118937169100,1118937168100,1780,1778,3,1118937168100,1118937170100,2
V_confirm,204,s1_t1118937160200_a1779,high,0.0,5,2,1118937165100,1118937164100,1779,1803,3,1118937164100,1118937166100,2
V_confirm,204,s1_t1118937160200_a1779,high,0.0,0,3,1118937166100,1118937165100,1782,1779,3,1118937165100,1118937167100,3
V_confirm,204,s1_t1118937160200_a1779,high,0.0,4,3,1118937166100,1118937165100,1780,1778,3,1118937165100,1118937167100,3
V_confirm,204,s1_t1118937160200_a1779,high,0.0,4,5,1118937168100,1118937167100,1778,1815,3,1118937167100,1118937169100,3
V_confirm,204,s1_t1118937160200_a1779,high,0.0,5,5,1118937168100,1118937167100,1782,1779,3,1118937167100,1118937169100,2
V_confirm,204,s1_t1118937160200_a1779,high,0.0,1,7,1118937170100,1118937169100,1781,1817,3,1118937169100,1118937171100,2
V_confirm,204,s1_t1118937160200_a1779,high,0.0,4,7,1118937170100,1118937169100,1815,1778,3,1118937169100,1118937171100,2
V_confirm,204,s1_t1118937160200_a1779,high,0.0,7,7,1118937170100,1118937169100,1778,1815,3,1118937169100,1118937171100,3
V_confirm,204,s1_t1118937160200_a1779,high,0.0,5,11,1118937174100,1118937173100,1779,1782,3,1118937173100,1118937175100,3
V_confirm,204,s1_t1118937160200_a1779,high,5.0,0,3,1118937166100,1118937165100,1803,1782,3,1118937165100,1118937167100,3
V_confirm,204,s1_t1118937160200_a1779,high,5.0,0,4,1118937167100,1118937166100,1782,1779,3,1118937166100,1118937168100,2
V_confirm,204,s1_t1118937160200_a1779,high,5.0,2,4,1118937167100,1118937166100,1803,1782,3,1118937166100,1118937168100,2
V_confirm,204,s1_t1118937160200_a1779,high,5.0,4,6,1118937169100,1118937168100,1782,1803,3,1118937168100,1118937170100,2
V_confirm,204,s1_t1118937160200_a1779,high,5.0,1,7,1118937170100,1118937169100,1781,1817,3,1118937169100,1118937171100,2
V_confirm,204,s1_t1118937160200_a1779,high,5.0,1,12,1118937175100,1118937174100,1778,1780,3,1118937174100,1118937176100,2
V_confirm,204,s1_t1118937160200_a1779,high,5.0,6,13,1118937176100,1118937175100,1803,1780,3,1118937175100,1118937177100,2
V_confirm,204,s1_t1118937160200_a1779,high,10.0,0,3,1118937166100,1118937165100,1803,1782,3,1118937165100,1118937167100,3
V_confirm,204,s1_t1118937160200_a1779,high,10.0,0,4,1118937167100,1118937166100,1782,1779,3,1118937166100,1118937168100,2
V_confirm,204,s1_t1118937160200_a1779,high,10.0,1,7,1118937170100,1118937169100,1781,1817,3,1118937169100,1118937171100,2
V_confirm,204,s1_t1118937160200_a1779,high,10.0,6,10,1118937173100,1118937172100,1782,1781,3,1118937172100,1118937174100,2
V_confirm,204,s1_t1118937160200_a1779,high,10.0,3,11,1118937174100,1118937173100,1780,1803,3,1118937173100,1118937175100,2
V_confirm,204,s1_t1118937160200_a1779,high,10.0,5,13,1118937176100,1118937175100,1780,1803,3,1118937175100,1118937177100,2
V_confirm,204,s1_t1118937160200_a1779,high,15.0,3,5,1118937168100,1118937167100,1779,1782,3,1118937167100,1118937169100,2
V_confirm,204,s1_t1118937160200_a1779,high,15.0,6,5,1118937168100,1118937167100,1803,1780,3,1118937167100,1118937169100,2
V_confirm,204,s1_t1118937160200_a1779,high,15.0,4,10,1118937173100,1118937172100,1803,1780,3,1118937172100,1118937174100,3
V_confirm,204,s1_t1118937160200_a1779,high,15.0,3,12,1118937175100,1118937174100,1778,1780,3,1118937174100,1118937176100,3
V_confirm,204,s1_t1118937160200_a1779,high,15.0,4,12,1118937175100,1118937174100,1780,1803,3,1118937174100,1118937176100,2
V_confirm,204,s1_t1118937160200_a1779,high,20.0,0,1,1118937164100,1118937163100,1782,1803,3,1118937163100,1118937165100,2
V_confirm,204,s1_t1118937160200_a1779,high,20.0,4,2,1118937165100,1118937164100,1780,1778,3,1118937164100,1118937166100,3
V_confirm,204,s1_t1118937160200_a1779,high,20.0,4,3,1118937166100,1118937165100,1778,1815,3,1118937165100,1118937167100,2
V_confirm,204,s1_t1118937160200_a1779,high,20.0,4,11,1118937174100,1118937173100,1782,1779,3,1118937173100,1118937175100,2
V_confirm,204,s1_t1118937160200_a1779,high,20.0,3,13,1118937176100,1118937175100,1780,1803,3,1118937175100,1118937177100,2
V_confirm,204,s1_t1118937160200_a1779,high,20.0,2,14,1118937177100,1118937176100,1779,1815,3,1118937176100,1118937178100,2
V_confirm,206,s1_t1118937180200_a1780,high,-5.0,5,3,1118937186100,1118937185100,1800,1798,3,1118937185100,1118937187100,3
V_confirm,206,s1_t1118937180200_a1780,high,0.0,0,3,1118937186100,1118937185100,1800,1798,3,1118937185100,1118937187100,3
V_confirm,206,s1_t1118937180200_a1780,high,5.0,0,3,1118937186100,1118937185100,1800,1798,3,1118937185100,1118937187100,3
V_confirm,206,s1_t1118937180200_a1780,high,5.0,2,5,1118937188100,1118937187100,1782,1779,3,1118937187100,1118937189100,2
V_confirm,206,s1_t1118937180200_a1780,high,10.0,0,3,1118937186100,1118937185100,1800,1798,3,1118937185100,1118937187100,3
V_confirm,206,s1_t1118937180200_a1780,high,10.0,2,5,1118937188100,1118937187100,1782,1779,3,1118937187100,1118937189100,2
V_confirm,206,s1_t1118937180200_a1780,high,15.0,0,3,1118937186100,1118937185100,1800,1798,3,1118937185100,1118937187100,3
V_confirm,206,s1_t1118937180200_a1780,high,15.0,2,4,1118937187100,1118937186100,1782,1779,3,1118937186100,1118937188100,3
V_confirm,206,s1_t1118937180200_a1780,high,20.0,0,3,1118937186100,1118937185100,1800,1798,3,1118937185100,1118937187100,3
V_confirm,206,s1_t1118937180200_a1780,high,20.0,2,4,1118937187100,1118937186100,1782,1779,3,1118937186100,1118937188100,3
V_confirm,207,s1_t1118937180200_a1840,high,-5.0,4,4,1118937187100,1118937186100,1840,1798,3,1118937186100,1118937188100,3
V_confirm,207,s1_t1118937180200_a1840,high,-5.0,3,5,1118937188100,1118937187100,1800,1840,3,1118937187100,1118937189100,3
V_confirm,207,s1_t1118937180200_a1840,high,-5.0,5,13,1118937196100,1118937195100,1798,1800,3,1118937195100,1118937197100,3
V_confirm,207,s1_t1118937180200_a1840,high,-5.0,4,14,1118937197100,1118937196100,1840,1798,3,1118937196100,1118937198100,3
V_confirm,207,s1_t1118937180200_a1840,high,-5.0,4,15,1118937198100,1118937197100,1798,1840,2,1118937197100,1118937198100,2
V_confirm,207,s1_t1118937180200_a1840,high,-5.0,5,15,1118937198100,1118937197100,1800,1798,2,1118937197100,1118937198100,2
V_confirm,207,s1_t1118937180200_a1840,high,0.0,4,4,1118937187100,1118937186100,1840,1798,3,1118937186100,1118937188100,3
V_confirm,207,s1_t1118937180200_a1840,high,0.0,3,5,1118937188100,1118937187100,1800,1840,3,1118937187100,1118937189100,3
V_confirm,207,s1_t1118937180200_a1840,high,0.0,4,10,1118937193100,1118937192100,1840,1798,3,1118937192100,1118937194100,3
V_confirm,207,s1_t1118937180200_a1840,high,0.0,4,11,1118937194100,1118937193100,1798,1800,3,1118937193100,1118937195100,3
V_confirm,207,s1_t1118937180200_a1840,high,0.0,4,12,1118937195100,1118937194100,1800,1798,3,1118937194100,1118937196100,3
V_confirm,207,s1_t1118937180200_a1840,high,0.0,4,13,1118937196100,1118937195100,1798,1800,3,1118937195100,1118937197100,3
V_confirm,207,s1_t1118937180200_a1840,high,0.0,4,14,1118937197100,1118937196100,1800,1798,3,1118937196100,1118937198100,2
V_confirm,207,s1_t1118937180200_a1840,high,5.0,5,4,1118937187100,1118937186100,1840,1798,3,1118937186100,1118937188100,3
V_confirm,207,s1_t1118937180200_a1840,high,5.0,4,5,1118937188100,1118937187100,1800,1840,3,1118937187100,1118937189100,3
V_confirm,207,s1_t1118937180200_a1840,high,5.0,5,10,1118937193100,1118937192100,1840,1798,3,1118937192100,1118937194100,3
V_confirm,207,s1_t1118937180200_a1840,high,5.0,5,11,1118937194100,1118937193100,1798,1800,3,1118937193100,1118937195100,3
V_confirm,207,s1_t1118937180200_a1840,high,5.0,5,12,1118937195100,1118937194100,1800,1798,3,1118937194100,1118937196100,3
V_confirm,207,s1_t1118937180200_a1840,high,5.0,5,13,1118937196100,1118937195100,1798,1800,3,1118937195100,1118937197100,3
V_confirm,207,s1_t1118937180200_a1840,high,5.0,5,15,1118937198100,1118937197100,1800,1798,2,1118937197100,1118937198100,2
V_confirm,207,s1_t1118937180200_a1840,high,10.0,5,4,1118937187100,1118937186100,1840,1798,3,1118937186100,1118937188100,3
V_confirm,207,s1_t1118937180200_a1840,high,10.0,4,5,1118937188100,1118937187100,1800,1840,3,1118937187100,1118937189100,3
V_confirm,207,s1_t1118937180200_a1840,high,10.0,4,9,1118937192100,1118937191100,1840,1798,3,1118937191100,1118937193100,2
V_confirm,207,s1_t1118937180200_a1840,high,10.0,7,12,1118937195100,1118937194100,1840,1798,3,1118937194100,1118937196100,2
V_confirm,207,s1_t1118937180200_a1840,high,10.0,1,14,1118937197100,1118937196100,1800,1798,3,1118937196100,1118937198100,3
V_confirm,207,s1_t1118937180200_a1840,high,15.0,4,4,1118937187100,1118937186100,1800,1798,3,1118937186100,1118937188100,3
V_confirm,207,s1_t1118937180200_a1840,high,15.0,4,5,1118937188100,1118937187100,1798,1840,3,1118937187100,1118937189100,3
V_confirm,207,s1_t1118937180200_a1840,high,15.0,5,5,1118937188100,1118937187100,1840,1798,3,1118937187100,1118937189100,3
V_confirm,207,s1_t1118937180200_a1840,high,15.0,4,9,1118937192100,1118937191100,1840,1798,3,1118937191100,1118937193100,2
V_confirm,207,s1_t1118937180200_a1840,high,15.0,7,13,1118937196100,1118937195100,1800,1798,3,1118937195100,1118937197100,3
V_confirm,207,s1_t1118937180200_a1840,high,20.0,4,4,1118937187100,1118937186100,1800,1798,3,1118937186100,1118937188100,3
V_confirm,207,s1_t1118937180200_a1840,high,20.0,4,5,1118937188100,1118937187100,1798,1840,3,1118937187100,1118937189100,3
V_confirm,207,s1_t1118937180200_a1840,high,20.0,5,5,1118937188100,1118937187100,1840,1798,3,1118937187100,1118937189100,3
V_confirm,207,s1_t1118937180200_a1840,high,20.0,4,9,1118937192100,1118937191100,1840,1798,3,1118937191100,1118937193100,2
V_confirm,207,s1_t1118937180200_a1840,high,20.0,7,13,1118937196100,1118937195100,1800,1798,3,1118937195100,1118937197100,3
V_confirm,209,s1_t1118937200200_a1779,high,-5.0,5,6,1118937209100,1118937208100,1778,1779,3,1118937208100,1118937210100,2
V_confirm,209,s1_t1118937200200_a1779,high,5.0,7,10,1118937213100,1118937212100,1785,1779,3,1118937212100,1118937214100,3
V_confirm,209,s1_t1118937200200_a1779,high,10.0,7,10,1118937213100,1118937212100,1785,1779,3,1118937212100,1118937214100,3
V_confirm,209,s1_t1118937200200_a1779,high,15.0,7,10,1118937213100,1118937212100,1785,1779,3,1118937212100,1118937214100,3
V_confirm,209,s1_t1118937200200_a1779,high,20.0,0,11,1118937214100,1118937213100,1785,1779,3,1118937213100,1118937215100,2
V_confirm,210,s1_t1118937200200_a1782,high,-5.0,0,6,1118937209100,1118937208100,1782,1780,3,1118937208100,1118937210100,3
V_confirm,210,s1_t1118937200200_a1782,high,-5.0,5,9,1118937212100,1118937211100,1782,1780,3,1118937211100,1118937213100,3
V_confirm,210,s1_t1118937200200_a1782,high,0.0,0,5,1118937208100,1118937207100,1782,1780,3,1118937207100,1118937209100,3
V_confirm,210,s1_t1118937200200_a1782,high,0.0,0,7,1118937210100,1118937209100,1780,1782,3,1118937209100,1118937211100,3
V_confirm,210,s1_t1118937200200_a1782,high,5.0,0,5,1118937208100,1118937207100,1782,1780,3,1118937207100,1118937209100,2
V_confirm,210,s1_t1118937200200_a1782,high,5.0,6,11,1118937214100,1118937213100,1780,1817,3,1118937213100,1118937215100,2
V_confirm,210,s1_t1118937200200_a1782,high,10.0,0,6,1118937209100,1118937208100,1782,1780,3,1118937208100,1118937210100,3
V_confirm,210,s1_t1118937200200_a1782,high,10.0,0,8,1118937211100,1118937210100,1780,1782,3,1118937210100,1118937212100,3
V_confirm,210,s1_t1118937200200_a1782,high,10.0,2,13,1118937216100,1118937215100,1780,1817,3,1118937215100,1118937217100,3
V_confirm,210,s1_t1118937200200_a1782,high,15.0,0,6,1118937209100,1118937208100,1782,1780,3,1118937208100,1118937210100,3
V_confirm,210,s1_t1118937200200_a1782,high,15.0,0,8,1118937211100,1118937210100,1780,1782,3,1118937210100,1118937212100,3
V_confirm,210,s1_t1118937200200_a1782,high,15.0,2,13,1118937216100,1118937215100,1780,1817,3,1118937215100,1118937217100,3
V_confirm,210,s1_t1118937200200_a1782,high,20.0,0,6,1118937209100,1118937208100,1782,1780,3,1118937208100,1118937210100,2
V_confirm,211,s1_t1118937220200_a1752,high,-5.0,5,9,1118937232100,1118937231100,1822,1846,3,1118937231100,1118937233100,2
V_confirm,211,s1_t1118937220200_a1752,high,-5.0,3,15,1118937238100,1118937237100,1807,1846,2,1118937237100,1118937238100,2
V_confirm,211,s1_t1118937220200_a1752,high,0.0,6,10,1118937233100,1118937232100,1822,1846,3,1118937232100,1118937234100,3
V_confirm,211,s1_t1118937220200_a1752,high,5.0,3,10,1118937233100,1118937232100,1822,1846,3,1118937232100,1118937234100,3
V_confirm,211,s1_t1118937220200_a1752,high,5.0,0,12,1118937235100,1118937234100,1752,1807,3,1118937234100,1118937236100,2
V_confirm,211,s1_t1118937220200_a1752,high,10.0,3,9,1118937232100,1118937231100,1822,1846,3,1118937231100,1118937233100,3
V_confirm,211,s1_t1118937220200_a1752,high,10.0,1,10,1118937233100,1118937232100,1822,1856,3,1118937232100,1118937234100,3
V_confirm,211,s1_t1118937220200_a1752,high,10.0,3,10,1118937233100,1118937232100,1846,1822,3,1118937232100,1118937234100,3
V_confirm,211,s1_t1118937220200_a1752,high,10.0,3,11,1118937234100,1118937233100,1822,1846,3,1118937233100,1118937235100,2
V_confirm,211,s1_t1118937220200_a1752,high,15.0,1,9,1118937232100,1118937231100,1822,1846,3,1118937231100,1118937233100,3
V_confirm,211,s1_t1118937220200_a1752,high,15.0,1,10,1118937233100,1118937232100,1846,1822,3,1118937232100,1118937234100,3
V_confirm,211,s1_t1118937220200_a1752,high,15.0,5,10,1118937233100,1118937232100,1822,1856,3,1118937232100,1118937234100,3
V_confirm,211,s1_t1118937220200_a1752,high,15.0,1,11,1118937234100,1118937233100,1822,1846,3,1118937233100,1118937235100,2
V_confirm,211,s1_t1118937220200_a1752,high,20.0,1,9,1118937232100,1118937231100,1822,1846,3,1118937231100,1118937233100,3
V_confirm,211,s1_t1118937220200_a1752,high,20.0,1,10,1118937233100,1118937232100,1846,1822,3,1118937232100,1118937234100,3
V_confirm,211,s1_t1118937220200_a1752,high,20.0,5,10,1118937233100,1118937232100,1822,1856,3,1118937232100,1118937234100,3
V_confirm,211,s1_t1118937220200_a1752,high,20.0,1,11,1118937234100,1118937233100,1822,1846,3,1118937233100,1118937235100,2
V_confirm,212,s1_t1118937220200_a1778,high,-5.0,7,3,1118937226100,1118937225100,1780,1782,3,1118937225100,1118937227100,3
V_confirm,212,s1_t1118937220200_a1778,high,-5.0,0,7,1118937230100,1118937229100,1785,1793,3,1118937229100,1118937231100,2
V_confirm,212,s1_t1118937220200_a1778,high,-5.0,2,12,1118937235100,1118937234100,1780,1779,3,1118937234100,1118937236100,2
V_confirm,212,s1_t1118937220200_a1778,high,0.0,4,1,1118937224100,1118937223100,1769,1782,3,1118937223100,1118937225100,2
V_confirm,212,s1_t1118937220200_a1778,high,0.0,0,4,1118937227100,1118937226100,1810,1793,3,1118937226100,1118937228100,2
V_confirm,212,s1_t1118937220200_a1778,high,0.0,7,5,1118937228100,1118937227100,1785,1793,3,1118937227100,1118937229100,2
V_confirm,212,s1_t1118937220200_a1778,high,0.0,1,7,1118937230100,1118937229100,1785,1793,3,1118937229100,1118937231100,3
V_confirm,212,s1_t1118937220200_a1778,high,0.0,4,8,1118937231100,1118937230100,1778,1779,3,1118937230100,1118937232100,3
V_confirm,212,s1_t1118937220200_a1778,high,5.0,4,1,1118937224100,1118937223100,1769,1780,3,1118937223100,1118937225100,2
V_confirm,212,s1_t1118937220200_a1778,high,5.0,7,1,1118937224100,1118937223100,1780,1769,3,1118937223100,1118937225100,2
V_confirm,212,s1_t1118937220200_a1778,high,5.0,0,4,1118937227100,1118937226100,1810,1793,3,1118937226100,1118937228100,2
V_confirm,212,s1_t1118937220200_a1778,high,5.0,3,4,1118937227100,1118937226100,1785,1779,3,1118937226100,1118937228100,2
V_confirm,212,s1_t1118937220200_a1778,high,5.0,5,4,1118937227100,1118937226100,1782,1769,3,1118937226100,1118937228100,2
V_confirm,212,s1_t1118937220200_a1778,high,5.0,5,11,1118937234100,1118937233100,1778,1779,3,1118937233100,1118937235100,3
V_confirm,212,s1_t1118937220200_a1778,high,10.0,0,5,1118937228100,1118937227100,1780,1782,3,1118937227100,1118937229100,3
V_confirm,212,s1_t1118937220200_a1778,high,10.0,0,6,1118937229100,1118937228100,1782,1769,3,1118937228100,1118937230100,3
V_confirm,212,s1_t1118937220200_a1778,high,10.0,0,8,1118937231100,1118937230100,1769,1780,3,1118937230100,1118937232100,3
V_confirm,212,s1_t1118937220200_a1778,high,15.0,0,5,1118937228100,1118937227100,1780,1782,3,1118937227100,1118937229100,3
V_confirm,212,s1_t1118937220200_a1778,high,15.0,0,6,1118937229100,1118937228100,1782,1769,3,1118937228100,1118937230100,3
V_confirm,212,s1_t1118937220200_a1778,high,15.0,0,8,1118937231100,1118937230100,1769,1780,3,1118937230100,1118937232100,3
V_confirm,212,s1_t1118937220200_a1778,high,20.0,2,4,1118937227100,1118937226100,1782,1769,3,1118937226100,1118937228100,2
V_confirm,212,s1_t1118937220200_a1778,high,20.0,3,5,1118937228100,1118937227100,1782,1780,3,1118937227100,1118937229100,3
V_confirm,213,s1_t1118937220200_a1916,high,-5.0,0,4,1118937227100,1118937226100,1903,1916,3,1118937226100,1118937228100,3
V_confirm,213,s1_t1118937220200_a1916,high,-5.0,0,5,1118937228100,1118937227100,1916,1903,3,1118937227100,1118937229100,3
V_confirm,213,s1_t1118937220200_a1916,high,-5.0,0,6,1118937229100,1118937228100,1903,1916,3,1118937228100,1118937230100,3
V_confirm,213,s1_t1118937220200_a1916,high,-5.0,4,7,1118937230100,1118937229100,1903,1921,3,1118937229100,1118937231100,3
V_confirm,213,s1_t1118937220200_a1916,high,-5.0,0,14,1118937237100,1118937236100,1903,1921,3,1118937236100,1118937238100,3
V_confirm,213,s1_t1118937220200_a1916,high,-5.0,0,15,1118937238100,1118937237100,1921,1903,2,1118937237100,1118937238100,2
V_confirm,213,s1_t1118937220200_a1916,high,-5.0,4,15,1118937238100,1118937237100,1903,1916,2,1118937237100,1118937238100,2
V_confirm,213,s1_t1118937220200_a1916,high,0.0,0,4,1118937227100,1118937226100,1903,1916,3,1118937226100,1118937228100,3
V_confirm,213,s1_t1118937220200_a1916,high,0.0,0,5,1118937228100,1118937227100,1916,1903,3,1118937227100,1118937229100,3
V_confirm,213,s1_t1118937220200_a1916,high,0.0,0,7,1118937230100,1118937229100,1903,1916,3,1118937229100,1118937231100,3
V_confirm,213,s1_t1118937220200_a1916,high,0.0,0,13,1118937236100,1118937235100,1921,1903,3,1118937235100,1118937237100,3
V_confirm,213,s1_t1118937220200_a1916,high,0.0,2,13,1118937236100,1118937235100,1903,1916,3,1118937235100,1118937237100,2
V_confirm,213,s1_t1118937220200_a1916,high,5.0,0,4,1118937227100,1118937226100,1903,1916,3,1118937226100,1118937228100,3
V_confirm,213,s1_t1118937220200_a1916,high,5.0,0,6,1118937229100,1118937228100,1916,1903,3,1118937228100,1118937230100,3
V_confirm,213,s1_t1118937220200_a1916,high,5.0,2,13,1118937236100,1118937235100,1921,1903,3,1118937235100,1118937237100,3
V_confirm,213,s1_t1118937220200_a1916,high,10.0,3,13,1118937236100,1118937235100,1921,1903,3,1118937235100,1118937237100,3
V_confirm,213,s1_t1118937220200_a1916,high,15.0,4,3,1118937226100,1118937225100,1908,1921,3,1118937225100,1118937227100,3
V_confirm,213,s1_t1118937220200_a1916,high,15.0,0,8,1118937231100,1118937230100,1903,1916,3,1118937230100,1118937232100,2
V_confirm,213,s1_t1118937220200_a1916,high,15.0,5,8,1118937231100,1118937230100,1921,1903,3,1118937230100,1118937232100,3
V_confirm,213,s1_t1118937220200_a1916,high,15.0,5,11,1118937234100,1118937233100,1903,1921,3,1118937233100,1118937235100,3
V_confirm,213,s1_t1118937220200_a1916,high,15.0,5,12,1118937235100,1118937234100,1921,1903,3,1118937234100,1118937236100,3
V_confirm,213,s1_t1118937220200_a1916,high,15.0,6,12,1118937235100,1118937234100,1903,1916,3,1118937234100,1118937236100,3
V_confirm,213,s1_t1118937220200_a1916,high,15.0,5,14,1118937237100,1118937236100,1903,1921,3,1118937236100,1118937238100,3
V_confirm,213,s1_t1118937220200_a1916,high,20.0,4,3,1118937226100,1118937225100,1908,1921,3,1118937225100,1118937227100,3
V_confirm,213,s1_t1118937220200_a1916,high,20.0,0,8,1118937231100,1118937230100,1903,1916,3,1118937230100,1118937232100,2
V_confirm,213,s1_t1118937220200_a1916,high,20.0,5,8,1118937231100,1118937230100,1921,1903,3,1118937230100,1118937232100,3
V_confirm,213,s1_t1118937220200_a1916,high,20.0,5,11,1118937234100,1118937233100,1903,1921,3,1118937233100,1118937235100,3
V_confirm,213,s1_t1118937220200_a1916,high,20.0,3,12,1118937235100,1118937234100,1903,1916,3,1118937234100,1118937236100,3
V_confirm,213,s1_t1118937220200_a1916,high,20.0,5,12,1118937235100,1118937234100,1921,1903,3,1118937234100,1118937236100,3
V_confirm,213,s1_t1118937220200_a1916,high,20.0,5,14,1118937237100,1118937236100,1903,1921,3,1118937236100,1118937238100,3
V_confirm,216,s1_t1118937240200_a1926,high,-5.0,2,5,1118937248100,1118937247100,1942,1926,3,1118937247100,1118937249100,2
V_confirm,216,s1_t1118937240200_a1926,high,-5.0,4,5,1118937248100,1118937247100,1926,1941,3,1118937247100,1118937249100,3
V_confirm,216,s1_t1118937240200_a1926,high,-5.0,4,6,1118937249100,1118937248100,1941,1926,3,1118937248100,1118937250100,3
V_confirm,216,s1_t1118937240200_a1926,high,-5.0,2,8,1118937251100,1118937250100,1930,1942,3,1118937250100,1118937252100,3
V_confirm,216,s1_t1118937240200_a1926,high,-5.0,2,13,1118937256100,1118937255100,1942,1930,3,1118937255100,1118937257100,2
V_confirm,216,s1_t1118937240200_a1926,high,-5.0,3,13,1118937256100,1118937255100,1930,1942,3,1118937255100,1118937257100,2
V_confirm,216,s1_t1118937240200_a1926,high,0.0,6,3,1118937246100,1118937245100,1930,1942,3,1118937245100,1118937247100,2
V_confirm,216,s1_t1118937240200_a1926,high,0.0,1,5,1118937248100,1118937247100,1928,1941,3,1118937247100,1118937249100,3
V_confirm,216,s1_t1118937240200_a1926,high,0.0,2,5,1118937248100,1118937247100,1942,1928,3,1118937247100,1118937249100,3
V_confirm,216,s1_t1118937240200_a1926,high,0.0,1,7,1118937250100,1118937249100,1941,1928,3,1118937249100,1118937251100,3
V_confirm,216,s1_t1118937240200_a1926,high,0.0,4,8,1118937251100,1118937250100,1930,1942,3,1118937250100,1118937252100,3
V_confirm,216,s1_t1118937240200_a1926,high,0.0,6,8,1118937251100,1118937250100,1942,1941,3,1118937250100,1118937252100,3
V_confirm,216,s1_t1118937240200_a1926,high,0.0,4,10,1118937253100,1118937252100,1942,1930,3,1118937252100,1118937254100,3
V_confirm,216,s1_t1118937240200_a1926,high,0.0,6,10,1118937253100,1118937252100,1941,1942,3,1118937252100,1118937254100,3
V_confirm,216,s1_t1118937240200_a1926,high,0.0,1,13,1118937256100,1118937255100,1928,1942,3,1118937255100,1118937257100,3
V_confirm,216,s1_t1118937240200_a1926,high,0.0,4,13,1118937256100,1118937255100,1930,1928,3,1118937255100,1118937257100,2
V_confirm,216,s1_t1118937240200_a1926,high,0.0,1,14,1118937257100,1118937256100,1942,1928,3,1118937256100,1118937258100,3
V_confirm,216,s1_t1118937240200_a1926,high,5.0,4,1,1118937244100,1118937243100,1930,1942,3,1118937243100,1118937245100,2
V_confirm,216,s1_t1118937240200_a1926,high,5.0,6,3,1118937246100,1118937245100,1930,1942,3,1118937245100,1118937247100,2
V_confirm,216,s1_t1118937240200_a1926,high,5.0,0,5,1118937248100,1118937247100,1942,1941,3,1118937247100,1118937249100,2
V_confirm,216,s1_t1118937240200_a1926,high,5.0,4,5,1118937248100,1118937247100,1930,1942,3,1118937247100,1118937249100,3
V_confirm,216,s1_t1118937240200_a1926,high,5.0,4,6,1118937249100,1118937248100,1942,1930,3,1118937248100,1118937250100,3
V_confirm,216,s1_t1118937240200_a1926,high,5.0,4,8,1118937251100,1118937250100,1930,1942,3,1118937250100,1118937252100,3
V_confirm,216,s1_t1118937240200_a1926,high,5.0,4,10,1118937253100,1118937252100,1942,1930,3,1118937252100,1118937254100,3
V_confirm,216,s1_t1118937240200_a1926,high,5.0,7,10,1118937253100,1118937252100,1941,1942,3,1118937252100,1118937254100,3
V_confirm,216,s1_t1118937240200_a1926,high,5.0,2,13,1118937256100,1118937255100,1928,1942,3,1118937255100,1118937257100,3
V_confirm,216,s1_t1118937240200_a1926,high,5.0,4,13,1118937256100,1118937255100,1930,1928,3,1118937255100,1118937257100,2
V_confirm,216,s1_t1118937240200_a1926,high,5.0,2,14,1118937257100,1118937256100,1942,1928,3,1118937256100,1118937258100,3
V_confirm,216,s1_t1118937240200_a1926,high,10.0,4,1,1118937244100,1118937243100,1930,1942,3,1118937243100,1118937245100,3
V_confirm,216,s1_t1118937240200_a1926,high,10.0,4,2,1118937245100,1118937244100,1942,1930,3,1118937244100,1118937246100,2
V_confirm,216,s1_t1118937240200_a1926,high,10.0,2,4,1118937247100,1118937246100,1928,1941,3,1118937246100,1118937248100,3
V_confirm,216,s1_t1118937240200_a1926,high,10.0,2,5,1118937248100,1118937247100,1941,1942,3,1118937247100,1118937249100,3
V_confirm,216,s1_t1118937240200_a1926,high,10.0,3,5,1118937248100,1118937247100,1926,1941,3,1118937247100,1118937249100,3
V_confirm,216,s1_t1118937240200_a1926,high,10.0,7,5,1118937248100,1118937247100,1942,1926,3,1118937247100,1118937249100,2
V_confirm,216,s1_t1118937240200_a1926,high,10.0,2,6,1118937249100,1118937248100,1942,1941,3,1118937248100,1118937250100,3
V_confirm,216,s1_t1118937240200_a1926,high,10.0,3,6,1118937249100,1118937248100,1941,1926,3,1118937248100,1118937250100,3
V_confirm,216,s1_t1118937240200_a1926,high,10.0,4,6,1118937249100,1118937248100,1930,1942,3,1118937248100,1118937250100,3
V_confirm,216,s1_t1118937240200_a1926,high,10.0,2,7,1118937250100,1118937249100,1941,1928,3,1118937249100,1118937251100,3
V_confirm,216,s1_t1118937240200_a1926,high,10.0,4,7,1118937250100,1118937249100,1942,1930,3,1118937249100,1118937251100,3
V_confirm,216,s1_t1118937240200_a1926,high,10.0,4,8,1118937251100,1118937250100,1930,1942,3,1118937250100,1118937252100,3
V_confirm,216,s1_t1118937240200_a1926,high,10.0,4,10,1118937253100,1118937252100,1942,1930,3,1118937252100,1118937254100,3
V_confirm,216,s1_t1118937240200_a1926,high,10.0,4,11,1118937254100,1118937253100,1930,1942,3,1118937253100,1118937255100,3
V_confirm,216,s1_t1118937240200_a1926,high,10.0,7,11,1118937254100,1118937253100,1942,1930,3,1118937253100,1118937255100,2
V_confirm,216,s1_t1118937240200_a1926,high,10.0,4,12,1118937255100,1118937254100,1942,1930,3,1118937254100,1118937256100,3
V_confirm,216,s1_t1118937240200_a1926,high,10.0,2,13,1118937256100,1118937255100,1928,1941,3,1118937255100,1118937257100,3
V_confirm,216,s1_t1118937240200_a1926,high,10.0,4,13,1118937256100,1118937255100,1930,1928,3,1118937255100,1118937257100,2
V_confirm,216,s1_t1118937240200_a1926,high,10.0,2,14,1118937257100,1118937256100,1941,1928,3,1118937256100,1118937258100,3
V_confirm,216,s1_t1118937240200_a1926,high,15.0,4,1,1118937244100,1118937243100,1930,1942,3,1118937243100,1118937245100,3
V_confirm,216,s1_t1118937240200_a1926,high,15.0,4,2,1118937245100,1118937244100,1942,1930,3,1118937244100,1118937246100,2
V_confirm,216,s1_t1118937240200_a1926,high,15.0,2,4,1118937247100,1118937246100,1928,1941,3,1118937246100,1118937248100,3
V_confirm,216,s1_t1118937240200_a1926,high,15.0,2,5,1118937248100,1118937247100,1941,1942,3,1118937247100,1118937249100,3
V_confirm,216,s1_t1118937240200_a1926,high,15.0,3,5,1118937248100,1118937247100,1926,1941,3,1118937247100,1118937249100,3
V_confirm,216,s1_t1118937240200_a1926,high,15.0,7,5,1118937248100,1118937247100,1942,1926,3,1118937247100,1118937249100,2
V_confirm,216,s1_t1118937240200_a1926,high,15.0,2,6,1118937249100,1118937248100,1942,1941,3,1118937248100,1118937250100,3
V_confirm,216,s1_t1118937240200_a1926,high,15.0,3,6,1118937249100,1118937248100,1941,1926,3,1118937248100,1118937250100,3
V_confirm,216,s1_t1118937240200_a1926,high,15.0,4,6,1118937249100,1118937248100,1930,1942,3,1118937248100,1118937250100,3
V_confirm,216,s1_t1118937240200_a1926,high,15.0,2,7,1118937250100,1118937249100,1941,1928,3,1118937249100,1118937251100,3
V_confirm,216,s1_t1118937240200_a1926,high,15.0,4,7,1118937250100,1118937249100,1942,1930,3,1118937249100,1118937251100,3
V_confirm,216,s1_t1118937240200_a1926,high,15.0,4,8,1118937251100,1118937250100,1930,1942,3,1118937250100,1118937252100,3
V_confirm,216,s1_t1118937240200_a1926,high,15.0,4,10,1118937253100,1118937252100,1942,1930,3,1118937252100,1118937254100,3
V_confirm,216,s1_t1118937240200_a1926,high,15.0,4,11,1118937254100,1118937253100,1930,1942,3,1118937253100,1118937255100,3
V_confirm,216,s1_t1118937240200_a1926,high,15.0,7,11,1118937254100,1118937253100,1942,1930,3,1118937253100,1118937255100,2
V_confirm,216,s1_t1118937240200_a1926,high,15.0,4,12,1118937255100,1118937254100,1942,1930,3,1118937254100,1118937256100,3
V_confirm,216,s1_t1118937240200_a1926,high,15.0,2,13,1118937256100,1118937255100,1928,1941,3,1118937255100,1118937257100,3
V_confirm,216,s1_t1118937240200_a1926,high,15.0,4,13,1118937256100,1118937255100,1930,1928,3,1118937255100,1118937257100,2
V_confirm,216,s1_t1118937240200_a1926,high,15.0,2,14,1118937257100,1118937256100,1941,1928,3,1118937256100,1118937258100,3
V_confirm,216,s1_t1118937240200_a1926,high,15.0,7,14,1118937257100,1118937256100,1942,1941,3,1118937256100,1118937258100,3
V_confirm,216,s1_t1118937240200_a1926,high,15.0,6,15,1118937258100,1118937257100,1942,1930,2,1118937257100,1118937258100,2
V_confirm,216,s1_t1118937240200_a1926,high,15.0,7,15,1118937258100,1118937257100,1941,1942,2,1118937257100,1118937258100,2
V_confirm,216,s1_t1118937240200_a1926,high,20.0,4,1,1118937244100,1118937243100,1930,1942,3,1118937243100,1118937245100,3
V_confirm,216,s1_t1118937240200_a1926,high,20.0,4,2,1118937245100,1118937244100,1942,1930,3,1118937244100,1118937246100,2
V_confirm,216,s1_t1118937240200_a1926,high,20.0,2,4,1118937247100,1118937246100,1928,1941,3,1118937246100,1118937248100,3
V_confirm,216,s1_t1118937240200_a1926,high,20.0,2,5,1118937248100,1118937247100,1941,1942,3,1118937247100,1118937249100,3
V_confirm,216,s1_t1118937240200_a1926,high,20.0,3,5,1118937248100,1118937247100,1926,1941,3,1118937247100,1118937249100,3
V_confirm,216,s1_t1118937240200_a1926,high,20.0,7,5,1118937248100,1118937247100,1942,1926,3,1118937247100,1118937249100,2
V_confirm,216,s1_t1118937240200_a1926,high,20.0,2,6,1118937249100,1118937248100,1942,1941,3,1118937248100,1118937250100,3
V_confirm,216,s1_t1118937240200_a1926,high,20.0,3,6,1118937249100,1118937248100,1941,1926,3,1118937248100,1118937250100,3
V_confirm,216,s1_t1118937240200_a1926,high,20.0,4,6,1118937249100,1118937248100,1930,1942,3,1118937248100,1118937250100,3
V_confirm,216,s1_t1118937240200_a1926,high,20.0,4,7,1118937250100,1118937249100,1942,1930,3,1118937249100,1118937251100,3
V_confirm,216,s1_t1118937240200_a1926,high,20.0,4,8,1118937251100,1118937250100,1930,1942,3,1118937250100,1118937252100,3
V_confirm,216,s1_t1118937240200_a1926,high,20.0,4,9,1118937252100,1118937251100,1942,1930,3,1118937251100,1118937253100,3
V_confirm,216,s1_t1118937240200_a1926,high,20.0,0,13,1118937256100,1118937255100,1928,1942,3,1118937255100,1118937257100,3
V_confirm,216,s1_t1118937240200_a1926,high,20.0,4,13,1118937256100,1118937255100,1930,1928,3,1118937255100,1118937257100,2
V_confirm,216,s1_t1118937240200_a1926,high,20.0,0,14,1118937257100,1118937256100,1942,1928,3,1118937256100,1118937258100,3
V_confirm,216,s1_t1118937240200_a1926,high,20.0,6,15,1118937258100,1118937257100,1942,1930,2,1118937257100,1118937258100,2
V_confirm,218,s1_t1118937260200_a1976,high,5.0,0,5,1118937268100,1118937267100,1978,1969,3,1118937267100,1118937269100,2
V_confirm,218,s1_t1118937260200_a1976,high,10.0,0,5,1118937268100,1118937267100,1978,1969,3,1118937267100,1118937269100,2
V_confirm,221,s1_t1118937280200_a1902,high,-5.0,5,1,1118937284100,1118937283100,1974,1873,3,1118937283100,1118937285100,2
V_confirm,221,s1_t1118937280200_a1902,high,-5.0,7,1,1118937284100,1118937283100,1977,1884,3,1118937283100,1118937285100,3
V_confirm,221,s1_t1118937280200_a1902,high,-5.0,7,2,1118937285100,1118937284100,1884,1977,3,1118937284100,1118937286100,3
V_confirm,221,s1_t1118937280200_a1902,high,-5.0,3,3,1118937286100,1118937285100,1972,1859,3,1118937285100,1118937287100,2
V_confirm,221,s1_t1118937280200_a1902,high,-5.0,7,5,1118937288100,1118937287100,1977,1884,3,1118937287100,1118937289100,3
V_confirm,221,s1_t1118937280200_a1902,high,-5.0,3,8,1118937291100,1118937290100,1873,1977,3,1118937290100,1118937292100,2
V_confirm,221,s1_t1118937280200_a1902,high,-5.0,7,11,1118937294100,1118937293100,1884,1977,3,1118937293100,1118937295100,3
V_confirm,221,s1_t1118937280200_a1902,high,-5.0,2,13,1118937296100,1118937295100,1972,1859,3,1118937295100,1118937297100,2
V_confirm,221,s1_t1118937280200_a1902,high,-5.0,6,13,1118937296100,1118937295100,1974,1972,3,1118937295100,1118937297100,2
V_confirm,221,s1_t1118937280200_a1902,high,-5.0,1,14,1118937297100,1118937296100,1974,1884,3,1118937296100,1118937298100,2
V_confirm,221,s1_t1118937280200_a1902,high,-5.0,7,15,1118937298100,1118937297100,1977,1884,2,1118937297100,1118937298100,2
V_confirm,221,s1_t1118937280200_a1902,high,0.0,7,1,1118937284100,1118937283100,1977,1884,3,1118937283100,1118937285100,3
V_confirm,221,s1_t1118937280200_a1902,high,0.0,7,2,1118937285100,1118937284100,1884,1977,3,1118937284100,1118937286100,3
V_confirm,221,s1_t1118937280200_a1902,high,0.0,1,3,1118937286100,1118937285100,1972,1859,3,1118937285100,1118937287100,3
V_confirm,221,s1_t1118937280200_a1902,high,0.0,7,5,1118937288100,1118937287100,1977,1884,3,1118937287100,1118937289100,3
V_confirm,221,s1_t1118937280200_a1902,high,0.0,1,6,1118937289100,1118937288100,1859,1873,3,1118937288100,1118937290100,3
V_confirm,221,s1_t1118937280200_a1902,high,0.0,2,6,1118937289100,1118937288100,1902,1893,3,1118937288100,1118937290100,2
V_confirm,221,s1_t1118937280200_a1902,high,0.0,5,6,1118937289100,1118937288100,1972,1859,3,1118937288100,1118937290100,3
V_confirm,221,s1_t1118937280200_a1902,high,0.0,5,9,1118937292100,1118937291100,1859,1873,3,1118937291100,1118937293100,3
V_confirm,221,s1_t1118937280200_a1902,high,0.0,7,11,1118937294100,1118937293100,1884,1977,3,1118937293100,1118937295100,3
V_confirm,221,s1_t1118937280200_a1902,high,0.0,2,12,1118937295100,1118937294100,1972,1859,3,1118937294100,1118937296100,2
V_confirm,221,s1_t1118937280200_a1902,high,0.0,7,13,1118937296100,1118937295100,1977,1884,3,1118937295100,1118937297100,3
V_confirm,221,s1_t1118937280200_a1902,high,0.0,7,14,1118937297100,1118937296100,1884,1977,3,1118937296100,1118937298100,3
V_confirm,221,s1_t1118937280200_a1902,high,0.0,0,15,1118937298100,1118937297100,1859,1873,2,1118937297100,1118937298100,2
V_confirm,221,s1_t1118937280200_a1902,high,0.0,3,15,1118937298100,1118937297100,1972,1859,2,1118937297100,1118937298100,2
V_confirm,221,s1_t1118937280200_a1902,high,5.0,7,1,1118937284100,1118937283100,1977,1884,3,1118937283100,1118937285100,3
V_confirm,221,s1_t1118937280200_a1902,high,5.0,1,3,1118937286100,1118937285100,1972,1859,3,1118937285100,1118937287100,3
V_confirm,221,s1_t1118937280200_a1902,high,5.0,7,3,1118937286100,1118937285100,1884,1977,3,1118937285100,1118937287100,3
V_confirm,221,s1_t1118937280200_a1902,high,5.0,7,5,1118937288100,1118937287100,1977,1884,3,1118937287100,1118937289100,3
V_confirm,221,s1_t1118937280200_a1902,high,5.0,1,6,1118937289100,1118937288100,1859,1873,3,1118937288100,1118937290100,3
V_confirm,221,s1_t1118937280200_a1902,high,5.0,5,6,1118937289100,1118937288100,1972,1859,3,1118937288100,1118937290100,3
V_confirm,221,s1_t1118937280200_a1902,high,5.0,7,8,1118937291100,1118937290100,1884,1977,3,1118937290100,1118937292100,3
V_confirm,221,s1_t1118937280200_a1902,high,5.0,5,9,1118937292100,1118937291100,1859,1873,3,1118937291100,1118937293100,3
V_confirm,221,s1_t1118937280200_a1902,high,5.0,7,9,1118937292100,1118937291100,1977,1884,3,1118937291100,1118937293100,3
V_confirm,221,s1_t1118937280200_a1902,high,5.0,1,10,1118937293100,1118937292100,1972,1859,3,1118937292100,1118937294100,3
V_confirm,221,s1_t1118937280200_a1902,high,5.0,1,11,1118937294100,1118937293100,1859,1972,3,1118937293100,1118937295100,3
V_confirm,221,s1_t1118937280200_a1902,high,5.0,7,11,1118937294100,1118937293100,1884,1977,3,1118937293100,1118937295100,3
V_confirm,221,s1_t1118937280200_a1902,high,5.0,7,13,1118937296100,1118937295100,1977,1884,3,1118937295100,1118937297100,3
V_confirm,221,s1_t1118937280200_a1902,high,5.0,7,14,1118937297100,1118937296100,1884,1977,3,1118937296100,1118937298100,3
V_confirm,221,s1_t1118937280200_a1902,high,5.0,7,15,1118937298100,1118937297100,1977,1884,2,1118937297100,1118937298100,2
V_confirm,221,s1_t1118937280200_a1902,high,10.0,7,1,1118937284100,1118937283100,1977,1884,3,1118937283100,1118937285100,3
V_confirm,221,s1_t1118937280200_a1902,high,10.0,7,3,1118937286100,1118937285100,1884,1977,3,1118937285100,1118937287100,3
V_confirm,221,s1_t1118937280200_a1902,high,10.0,5,5,1118937288100,1118937287100,1974,1873,3,1118937287100,1118937289100,2
V_confirm,221,s1_t1118937280200_a1902,high,10.0,7,5,1118937288100,1118937287100,1977,1884,3,1118937287100,1118937289100,3
V_confirm,221,s1_t1118937280200_a1902,high,10.0,1,9,1118937292100,1118937291100,1859,1873,3,1118937291100,1118937293100,3
V_confirm,221,s1_t1118937280200_a1902,high,10.0,2,10,1118937293100,1118937292100,1859,1972,3,1118937292100,1118937294100,3
V_confirm,221,s1_t1118937280200_a1902,high,10.0,4,10,1118937293100,1118937292100,1884,1977,3,1118937292100,1118937294100,3
V_confirm,221,s1_t1118937280200_a1902,high,10.0,4,15,1118937298100,1118937297100,1977,1884,2,1118937297100,1118937298100,2
V_confirm,221,s1_t1118937280200_a1902,high,15.0,6,2,1118937285100,1118937284100,1859,1873,3,1118937284100,1118937286100,2
V_confirm,221,s1_t1118937280200_a1902,high,15.0,7,3,1118937286100,1118937285100,1884,1977,3,1118937285100,1118937287100,3
V_confirm,221,s1_t1118937280200_a1902,high,15.0,7,5,1118937288100,1118937287100,1977,1884,3,1118937287100,1118937289100,3
V_confirm,221,s1_t1118937280200_a1902,high,15.0,1,7,1118937290100,1118937289100,1859,1974,3,1118937289100,1118937291100,2
V_confirm,221,s1_t1118937280200_a1902,high,15.0,6,8,1118937291100,1118937290100,1972,1974,3,1118937290100,1118937292100,2
V_confirm,221,s1_t1118937280200_a1902,high,15.0,7,8,1118937291100,1118937290100,1884,1977,3,1118937290100,1118937292100,2
V_confirm,221,s1_t1118937280200_a1902,high,15.0,0,10,1118937293100,1118937292100,1859,1972,3,1118937292100,1118937294100,3
V_confirm,221,s1_t1118937280200_a1902,high,15.0,5,10,1118937293100,1118937292100,1884,1977,3,1118937292100,1118937294100,2
V_confirm,221,s1_t1118937280200_a1902,high,15.0,0,13,1118937296100,1118937295100,1972,1859,3,1118937295100,1118937297100,2
V_confirm,221,s1_t1118937280200_a1902,high,20.0,1,2,1118937285100,1118937284100,1972,1859,3,1118937284100,1118937286100,3
V_confirm,221,s1_t1118937280200_a1902,high,20.0,6,2,1118937285100,1118937284100,1859,1873,3,1118937284100,1118937286100,2
V_confirm,221,s1_t1118937280200_a1902,high,20.0,7,3,1118937286100,1118937285100,1884,1977,3,1118937285100,1118937287100,3
V_confirm,221,s1_t1118937280200_a1902,high,20.0,6,5,1118937288100,1118937287100,1974,1873,3,1118937287100,1118937289100,2
V_confirm,221,s1_t1118937280200_a1902,high,20.0,7,5,1118937288100,1118937287100,1977,1884,3,1118937287100,1118937289100,3
V_confirm,221,s1_t1118937280200_a1902,high,20.0,4,6,1118937289100,1118937288100,1859,1873,3,1118937288100,1118937290100,3
V_confirm,221,s1_t1118937280200_a1902,high,20.0,7,7,1118937290100,1118937289100,1884,1977,3,1118937289100,1118937291100,3
V_confirm,221,s1_t1118937280200_a1902,high,20.0,0,10,1118937293100,1118937292100,1884,1977,3,1118937292100,1118937294100,3
V_confirm,221,s1_t1118937280200_a1902,high,20.0,2,10,1118937293100,1118937292100,1859,1972,3,1118937292100,1118937294100,3
V_confirm,221,s1_t1118937280200_a1902,high,20.0,2,13,1118937296100,1118937295100,1972,1859,3,1118937295100,1118937297100,2
V_confirm,222,s1_t1118937280200_a1994,high,-5.0,2,1,1118937284100,1118937283100,1933,1994,3,1118937283100,1118937285100,3
V_confirm,222,s1_t1118937280200_a1994,high,-5.0,2,2,1118937285100,1118937284100,1994,1933,3,1118937284100,1118937286100,3
V_confirm,222,s1_t1118937280200_a1994,high,-5.0,2,3,1118937286100,1118937285100,1933,1994,3,1118937285100,1118937287100,3
V_confirm,222,s1_t1118937280200_a1994,high,10.0,2,2,1118937285100,1118937284100,1933,1994,3,1118937284100,1118937286100,3
V_confirm,222,s1_t1118937280200_a1994,high,10.0,3,5,1118937288100,1118937287100,1917,1933,3,1118937287100,1118937289100,3
V_confirm,222,s1_t1118937280200_a1994,high,10.0,3,6,1118937289100,1118937288100,1933,1917,3,1118937288100,1118937290100,3
V_confirm,222,s1_t1118937280200_a1994,high,15.0,2,2,1118937285100,1118937284100,1933,1994,3,1118937284100,1118937286100,3
V_confirm,222,s1_t1118937280200_a1994,high,20.0,2,2,1118937285100,1118937284100,1933,1994,3,1118937284100,1118937286100,3
V_confirm,223,s1_t1118937300200_a1999,high,-5.0,4,7,1118937310100,1118937309100,2001,1990,3,1118937309100,1118937311100,2
V_confirm,223,s1_t1118937300200_a1999,high,0.0,5,2,1118937305100,1118937304100,1990,2000,3,1118937304100,1118937306100,2
V_confirm,223,s1_t1118937300200_a1999,high,0.0,5,6,1118937309100,1118937308100,2004,2000,3,1118937308100,1118937310100,2
V_confirm,223,s1_t1118937300200_a1999,high,0.0,7,7,1118937310100,1118937309100,1990,2001,3,1118937309100,1118937311100,3
V_confirm,223,s1_t1118937300200_a1999,high,0.0,7,10,1118937313100,1118937312100,2001,1990,3,1118937312100,1118937314100,3
V_confirm,223,s1_t1118937300200_a1999,high,0.0,7,13,1118937316100,1118937315100,1990,2001,3,1118937315100,1118937317100,2
V_confirm,223,s1_t1118937300200_a1999,high,0.0,5,14,1118937317100,1118937316100,1990,2001,3,1118937316100,1118937318100,3
V_confirm,223,s1_t1118937300200_a1999,high,5.0,5,2,1118937305100,1118937304100,1990,2000,3,1118937304100,1118937306100,2
V_confirm,223,s1_t1118937300200_a1999,high,5.0,7,6,1118937309100,1118937308100,2000,1990,3,1118937308100,1118937310100,3
V_confirm,223,s1_t1118937300200_a1999,high,5.0,7,8,1118937311100,1118937310100,1990,2004,3,1118937310100,1118937312100,3
V_confirm,223,s1_t1118937300200_a1999,high,5.0,7,10,1118937313100,1118937312100,2004,1990,3,1118937312100,1118937314100,3
V_confirm,223,s1_t1118937300200_a1999,high,5.0,7,11,1118937314100,1118937313100,1990,2000,3,1118937313100,1118937315100,3
V_confirm,223,s1_t1118937300200_a1999,high,10.0,5,2,1118937305100,1118937304100,1990,2000,3,1118937304100,1118937306100,2
V_confirm,223,s1_t1118937300200_a1999,high,10.0,7,3,1118937306100,1118937305100,2001,1990,3,1118937305100,1118937307100,3
V_confirm,223,s1_t1118937300200_a1999,high,10.0,0,8,1118937311100,1118937310100,1990,2000,3,1118937310100,1118937312100,2
V_confirm,223,s1_t1118937300200_a1999,high,10.0,7,9,1118937312100,1118937311100,1990,2001,3,1118937311100,1118937313100,3
V_confirm,223,s1_t1118937300200_a1999,high,15.0,5,2,1118937305100,1118937304100,1990,2000,3,1118937304100,1118937306100,2
V_confirm,223,s1_t1118937300200_a1999,high,15.0,7,3,1118937306100,1118937305100,2001,1990,3,1118937305100,1118937307100,3
V_confirm,223,s1_t1118937300200_a1999,high,20.0,5,2,1118937305100,1118937304100,1990,2000,3,1118937304100,1118937306100,2
V_confirm,223,s1_t1118937300200_a1999,high,20.0,7,3,1118937306100,1118937305100,2001,1990,3,1118937305100,1118937307100,3
V_confirm,224,s1_t1118937300200_a2033,high,5.0,3,11,1118937314100,1118937313100,2007,1908,3,1118937313100,1118937315100,2
V_confirm,224,s1_t1118937300200_a2033,high,10.0,6,11,1118937314100,1118937313100,2007,1908,3,1118937313100,1118937315100,2
V_confirm,224,s1_t1118937300200_a2033,high,15.0,6,11,1118937314100,1118937313100,2007,1908,3,1118937313100,1118937315100,2
V_confirm,224,s1_t1118937300200_a2033,high,20.0,6,11,1118937314100,1118937313100,2007,1908,3,1118937313100,1118937315100,2
test,226,s1_t1118937360200_a2073,high,-5.0,5,1,1118937364100,1118937363100,2080,2433,3,1118937363100,1118937365100,3
test,226,s1_t1118937360200_a2073,high,-5.0,5,2,1118937365100,1118937364100,2433,2080,3,1118937364100,1118937366100,3
test,226,s1_t1118937360200_a2073,high,-5.0,7,3,1118937366100,1118937365100,2119,2067,3,1118937365100,1118937367100,3
test,226,s1_t1118937360200_a2073,high,-5.0,4,5,1118937368100,1118937367100,2124,2074,3,1118937367100,1118937369100,2
test,226,s1_t1118937360200_a2073,high,-5.0,7,6,1118937369100,1118937368100,2067,2080,3,1118937368100,1118937370100,3
test,226,s1_t1118937360200_a2073,high,-5.0,0,8,1118937371100,1118937370100,2073,2119,3,1118937370100,1118937372100,2
test,226,s1_t1118937360200_a2073,high,-5.0,7,13,1118937376100,1118937375100,2433,2080,3,1118937375100,1118937377100,3
test,226,s1_t1118937360200_a2073,high,-5.0,1,14,1118937377100,1118937376100,2119,2067,3,1118937376100,1118937378100,3
test,226,s1_t1118937360200_a2073,high,-5.0,4,14,1118937377100,1118937376100,2074,2124,3,1118937376100,1118937378100,3
test,226,s1_t1118937360200_a2073,high,-5.0,3,15,1118937378100,1118937377100,2119,2124,2,1118937377100,1118937378100,2
test,226,s1_t1118937360200_a2073,high,-5.0,4,15,1118937378100,1118937377100,2124,2074,2,1118937377100,1118937378100,2
test,226,s1_t1118937360200_a2073,high,0.0,2,1,1118937364100,1118937363100,2119,2124,3,1118937363100,1118937365100,2
test,226,s1_t1118937360200_a2073,high,0.0,4,2,1118937365100,1118937364100,2119,2073,3,1118937364100,1118937366100,2
test,226,s1_t1118937360200_a2073,high,0.0,6,3,1118937366100,1118937365100,2080,2433,3,1118937365100,1118937367100,2
test,226,s1_t1118937360200_a2073,high,0.0,5,4,1118937367100,1118937366100,2074,2124,3,1118937366100,1118937368100,3
test,226,s1_t1118937360200_a2073,high,0.0,2,5,1118937368100,1118937367100,2080,2433,3,1118937367100,1118937369100,2
test,226,s1_t1118937360200_a2073,high,0.0,3,8,1118937371100,1118937370100,2073,2119,3,1118937370100,1118937372100,3
test,226,s1_t1118937360200_a2073,high,0.0,0,11,1118937374100,1118937373100,2073,2119,3,1118937373100,1118937375100,2
test,226,s1_t1118937360200_a2073,high,0.0,3,13,1118937376100,1118937375100,2067,2119,3,1118937375100,1118937377100,2
test,226,s1_t1118937360200_a2073,high,5.0,5,1,1118937364100,1118937363100,2135,2073,3,1118937363100,1118937365100,2
test,226,s1_t1118937360200_a2073,high,5.0,3,3,1118937366100,1118937365100,2080,2433,3,1118937365100,1118937367100,3
test,226,s1_t1118937360200_a2073,high,5.0,1,4,1118937367100,1118937366100,2119,2073,3,1118937366100,1118937368100,2
test,226,s1_t1118937360200_a2073,high,5.0,3,4,1118937367100,1118937366100,2433,2080,3,1118937366100,1118937368100,2
test,226,s1_t1118937360200_a2073,high,5.0,5,5,1118937368100,1118937367100,2067,2080,3,1118937367100,1118937369100,2
test,226,s1_t1118937360200_a2073,high,5.0,0,8,1118937371100,1118937370100,2119,2073,3,1118937370100,1118937372100,2
test,226,s1_t1118937360200_a2073,high,5.0,3,10,1118937373100,1118937372100,2080,2433,3,1118937372100,1118937374100,2
test,226,s1_t1118937360200_a2073,high,5.0,0,11,1118937374100,1118937373100,2074,2124,3,1118937373100,1118937375100,3
test,226,s1_t1118937360200_a2073,high,5.0,5,11,1118937374100,1118937373100,2080,2433,3,1118937373100,1118937375100,3
test,226,s1_t1118937360200_a2073,high,5.0,1,13,1118937376100,1118937375100,2080,2433,3,1118937375100,1118937377100,3
test,226,s1_t1118937360200_a2073,high,5.0,4,14,1118937377100,1118937376100,2067,2080,3,1118937376100,1118937378100,2
test,226,s1_t1118937360200_a2073,high,5.0,0,15,1118937378100,1118937377100,2067,2119,2,1118937377100,1118937378100,2
test,226,s1_t1118937360200_a2073,high,10.0,0,2,1118937365100,1118937364100,2119,2073,3,1118937364100,1118937366100,2
test,226,s1_t1118937360200_a2073,high,10.0,3,2,1118937365100,1118937364100,2080,2433,3,1118937364100,1118937366100,3
test,226,s1_t1118937360200_a2073,high,10.0,2,3,1118937366100,1118937365100,2124,2074,3,1118937365100,1118937367100,2
test,226,s1_t1118937360200_a2073,high,10.0,3,4,1118937367100,1118937366100,2433,2080,3,1118937366100,1118937368100,3
test,226,s1_t1118937360200_a2073,high,10.0,1,7,1118937370100,1118937369100,2073,2119,3,1118937369100,1118937371100,3
test,226,s1_t1118937360200_a2073,high,10.0,5,7,1118937370100,1118937369100,2067,2433,3,1118937369100,1118937371100,2
test,226,s1_t1118937360200_a2073,high,10.0,1,8,1118937371100,1118937370100,2119,2433,3,1118937370100,1118937372100,3
test,226,s1_t1118937360200_a2073,high,10.0,6,10,1118937373100,1118937372100,2124,2074,3,1118937372100,1118937374100,2
test,226,s1_t1118937360200_a2073,high,10.0,7,11,1118937374100,1118937373100,2073,2119,3,1118937373100,1118937375100,2
test,226,s1_t1118937360200_a2073,high,10.0,5,12,1118937375100,1118937374100,2124,2135,3,1118937374100,1118937376100,3
test,226,s1_t1118937360200_a2073,high,10.0,3,13,1118937376100,1118937375100,2080,2433,3,1118937375100,1118937377100,3
test,226,s1_t1118937360200_a2073,high,10.0,5,13,1118937376100,1118937375100,2135,2119,3,1118937375100,1118937377100,2
test,226,s1_t1118937360200_a2073,high,10.0,2,14,1118937377100,1118937376100,2074,2124,3,1118937376100,1118937378100,3
test,226,s1_t1118937360200_a2073,high,10.0,6,14,1118937377100,1118937376100,2124,2074,3,1118937376100,1118937378100,3
test,226,s1_t1118937360200_a2073,high,10.0,7,14,1118937377100,1118937376100,2067,2080,3,1118937376100,1118937378100,2
test,226,s1_t1118937360200_a2073,high,10.0,0,15,1118937378100,1118937377100,2119,2124,2,1118937377100,1118937378100,2
test,226,s1_t1118937360200_a2073,high,10.0,2,15,1118937378100,1118937377100,2124,2135,2,1118937377100,1118937378100,2
test,226,s1_t1118937360200_a2073,high,15.0,0,2,1118937365100,1118937364100,2119,2073,3,1118937364100,1118937366100,2
test,226,s1_t1118937360200_a2073,high,15.0,3,2,1118937365100,1118937364100,2080,2433,3,1118937364100,1118937366100,3
test,226,s1_t1118937360200_a2073,high,15.0,2,3,1118937366100,1118937365100,2124,2074,3,1118937365100,1118937367100,2
test,226,s1_t1118937360200_a2073,high,15.0,4,7,1118937370100,1118937369100,2124,2074,3,1118937369100,1118937371100,3
test,226,s1_t1118937360200_a2073,high,15.0,2,8,1118937371100,1118937370100,2135,2119,3,1118937370100,1118937372100,2
test,226,s1_t1118937360200_a2073,high,15.0,1,11,1118937374100,1118937373100,2080,2433,3,1118937373100,1118937375100,3
test,226,s1_t1118937360200_a2073,high,15.0,6,13,1118937376100,1118937375100,2135,2119,3,1118937375100,1118937377100,2
test,226,s1_t1118937360200_a2073,high,15.0,3,14,1118937377100,1118937376100,2074,2124,3,1118937376100,1118937378100,2
test,226,s1_t1118937360200_a2073,high,20.0,0,2,1118937365100,1118937364100,2119,2073,3,1118937364100,1118937366100,2
test,226,s1_t1118937360200_a2073,high,20.0,3,2,1118937365100,1118937364100,2080,2433,3,1118937364100,1118937366100,3
test,226,s1_t1118937360200_a2073,high,20.0,2,3,1118937366100,1118937365100,2124,2074,3,1118937365100,1118937367100,2
test,226,s1_t1118937360200_a2073,high,20.0,1,4,1118937367100,1118937366100,2067,2080,3,1118937366100,1118937368100,3
test,226,s1_t1118937360200_a2073,high,20.0,6,7,1118937370100,1118937369100,2124,2073,3,1118937369100,1118937371100,2
test,226,s1_t1118937360200_a2073,high,20.0,2,8,1118937371100,1118937370100,2135,2119,3,1118937370100,1118937372100,2
test,226,s1_t1118937360200_a2073,high,20.0,1,9,1118937372100,1118937371100,2080,2433,3,1118937371100,1118937373100,3
test,226,s1_t1118937360200_a2073,high,20.0,1,10,1118937373100,1118937372100,2433,2080,3,1118937372100,1118937374100,3
test,226,s1_t1118937360200_a2073,high,20.0,6,10,1118937373100,1118937372100,2124,2074,3,1118937372100,1118937374100,2
test,228,s1_t1118937380200_a2022,high,-5.0,2,1,1118937384100,1118937383100,2081,2075,3,1118937383100,1118937385100,2
test,228,s1_t1118937380200_a2022,high,-5.0,6,14,1118937397100,1118937396100,2023,2022,3,1118937396100,1118937398100,2
test,228,s1_t1118937380200_a2022,high,-5.0,7,14,1118937397100,1118937396100,2022,2045,3,1118937396100,1118937398100,3
test,228,s1_t1118937380200_a2022,high,-5.0,7,15,1118937398100,1118937397100,2045,2022,2,1118937397100,1118937398100,2
test,228,s1_t1118937380200_a2022,high,0.0,2,1,1118937384100,1118937383100,2081,2075,3,1118937383100,1118937385100,2
test,228,s1_t1118937380200_a2022,high,0.0,6,3,1118937386100,1118937385100,2101,2023,3,1118937385100,1118937387100,3
test,228,s1_t1118937380200_a2022,high,0.0,6,4,1118937387100,1118937386100,2023,2045,3,1118937386100,1118937388100,3
test,228,s1_t1118937380200_a2022,high,0.0,6,5,1118937388100,1118937387100,2045,2023,3,1118937387100,1118937389100,3
test,228,s1_t1118937380200_a2022,high,0.0,6,13,1118937396100,1118937395100,2023,2045,3,1118937395100,1118937397100,3
test,228,s1_t1118937380200_a2022,high,0.0,6,15,1118937398100,1118937397100,2045,2023,2,1118937397100,1118937398100,2
test,228,s1_t1118937380200_a2022,high,5.0,2,1,1118937384100,1118937383100,2081,2075,3,1118937383100,1118937385100,2
test,228,s1_t1118937380200_a2022,high,5.0,6,3,1118937386100,1118937385100,2045,2023,3,1118937385100,1118937387100,3
test,228,s1_t1118937380200_a2022,high,5.0,6,4,1118937387100,1118937386100,2023,2045,3,1118937386100,1118937388100,3
test,228,s1_t1118937380200_a2022,high,5.0,6,5,1118937388100,1118937387100,2045,2023,3,1118937387100,1118937389100,3
test,228,s1_t1118937380200_a2022,high,5.0,6,13,1118937396100,1118937395100,2023,2045,3,1118937395100,1118937397100,3
test,228,s1_t1118937380200_a2022,high,5.0,6,14,1118937397100,1118937396100,2045,2023,3,1118937396100,1118937398100,3
test,228,s1_t1118937380200_a2022,high,10.0,2,13,1118937396100,1118937395100,2023,2045,3,1118937395100,1118937397100,3
test,228,s1_t1118937380200_a2022,high,15.0,5,14,1118937397100,1118937396100,2022,2045,3,1118937396100,1118937398100,3
test,228,s1_t1118937380200_a2022,high,15.0,5,15,1118937398100,1118937397100,2045,2022,2,1118937397100,1118937398100,2
test,228,s1_t1118937380200_a2022,high,20.0,1,14,1118937397100,1118937396100,2022,2045,3,1118937396100,1118937398100,3
test,228,s1_t1118937380200_a2022,high,20.0,1,15,1118937398100,1118937397100,2045,2022,2,1118937397100,1118937398100,2
test,229,s1_t1118937380200_a2045,high,-5.0,3,3,1118937386100,1118937385100,2045,2023,3,1118937385100,1118937387100,3
test,229,s1_t1118937380200_a2045,high,-5.0,0,15,1118937398100,1118937397100,2022,2045,2,1118937397100,1118937398100,2
test,229,s1_t1118937380200_a2045,high,-5.0,3,15,1118937398100,1118937397100,2023,2101,2,1118937397100,1118937398100,2
test,229,s1_t1118937380200_a2045,high,0.0,3,3,1118937386100,1118937385100,2045,2023,3,1118937385100,1118937387100,3
test,229,s1_t1118937380200_a2045,high,0.0,0,15,1118937398100,1118937397100,2022,2045,2,1118937397100,1118937398100,2
test,229,s1_t1118937380200_a2045,high,0.0,5,15,1118937398100,1118937397100,2023,2101,2,1118937397100,1118937398100,2
test,229,s1_t1118937380200_a2045,high,5.0,6,2,1118937385100,1118937384100,2081,2075,3,1118937384100,1118937386100,2
test,229,s1_t1118937380200_a2045,high,5.0,2,3,1118937386100,1118937385100,2045,2023,3,1118937385100,1118937387100,3
test,229,s1_t1118937380200_a2045,high,5.0,0,15,1118937398100,1118937397100,2022,2045,2,1118937397100,1118937398100,2
test,229,s1_t1118937380200_a2045,high,5.0,6,15,1118937398100,1118937397100,2023,2101,2,1118937397100,1118937398100,2
test,229,s1_t1118937380200_a2045,high,10.0,6,2,1118937385100,1118937384100,2081,2075,3,1118937384100,1118937386100,2
test,229,s1_t1118937380200_a2045,high,10.0,2,3,1118937386100,1118937385100,2045,2023,3,1118937385100,1118937387100,3
test,229,s1_t1118937380200_a2045,high,10.0,0,15,1118937398100,1118937397100,2022,2045,2,1118937397100,1118937398100,2
test,229,s1_t1118937380200_a2045,high,10.0,6,15,1118937398100,1118937397100,2023,2101,2,1118937397100,1118937398100,2
test,229,s1_t1118937380200_a2045,high,15.0,6,2,1118937385100,1118937384100,2081,2075,3,1118937384100,1118937386100,2
test,229,s1_t1118937380200_a2045,high,15.0,2,3,1118937386100,1118937385100,2045,2023,3,1118937385100,1118937387100,3
test,229,s1_t1118937380200_a2045,high,15.0,0,15,1118937398100,1118937397100,2022,2045,2,1118937397100,1118937398100,2
test,229,s1_t1118937380200_a2045,high,15.0,6,15,1118937398100,1118937397100,2023,2101,2,1118937397100,1118937398100,2
test,229,s1_t1118937380200_a2045,high,20.0,2,3,1118937386100,1118937385100,2045,2023,3,1118937385100,1118937387100,3
test,229,s1_t1118937380200_a2045,high,20.0,0,15,1118937398100,1118937397100,2022,2045,2,1118937397100,1118937398100,2
test,229,s1_t1118937380200_a2045,high,20.0,7,15,1118937398100,1118937397100,2023,2101,2,1118937397100,1118937398100,2
test,230,s1_t1118937380200_a2112,high,-5.0,3,2,1118937385100,1118937384100,2092,2158,3,1118937384100,1118937386100,2
test,230,s1_t1118937380200_a2112,high,10.0,4,1,1118937384100,1118937383100,2158,2092,3,1118937383100,1118937385100,3
test,230,s1_t1118937380200_a2112,high,15.0,4,1,1118937384100,1118937383100,2158,2092,3,1118937383100,1118937385100,3
test,230,s1_t1118937380200_a2112,high,20.0,4,1,1118937384100,1118937383100,2158,2092,3,1118937383100,1118937385100,3
test,232,s1_t1118937400200_a2144,high,-5.0,7,12,1118937415100,1118937414100,2156,2164,3,1118937414100,1118937416100,2
test,232,s1_t1118937400200_a2144,high,-5.0,0,13,1118937416100,1118937415100,2154,2144,3,1118937415100,1118937417100,3
test,232,s1_t1118937400200_a2144,high,0.0,7,1,1118937404100,1118937403100,2148,2144,3,1118937403100,1118937405100,2
test,232,s1_t1118937400200_a2144,high,0.0,2,2,1118937405100,1118937404100,2164,2156,3,1118937404100,1118937406100,2
test,232,s1_t1118937400200_a2144,high,0.0,4,2,1118937405100,1118937404100,2180,2154,3,1118937404100,1118937406100,3
test,232,s1_t1118937400200_a2144,high,0.0,4,3,1118937406100,1118937405100,2154,2144,3,1118937405100,1118937407100,3
test,232,s1_t1118937400200_a2144,high,0.0,2,13,1118937416100,1118937415100,2148,2144,3,1118937415100,1118937417100,2
test,232,s1_t1118937400200_a2144,high,0.0,5,13,1118937416100,1118937415100,2144,2148,3,1118937415100,1118937417100,3
test,232,s1_t1118937400200_a2144,high,5.0,4,1,1118937404100,1118937403100,2180,2154,3,1118937403100,1118937405100,3
test,232,s1_t1118937400200_a2144,high,5.0,4,2,1118937405100,1118937404100,2154,2144,3,1118937404100,1118937406100,3
test,232,s1_t1118937400200_a2144,high,5.0,5,2,1118937405100,1118937404100,2144,2148,3,1118937404100,1118937406100,3
test,232,s1_t1118937400200_a2144,high,5.0,4,3,1118937406100,1118937405100,2144,2164,3,1118937405100,1118937407100,3
test,232,s1_t1118937400200_a2144,high,5.0,5,3,1118937406100,1118937405100,2148,2154,3,1118937405100,1118937407100,2
test,232,s1_t1118937400200_a2144,high,5.0,5,9,1118937412100,1118937411100,2156,2164,3,1118937411100,1118937413100,3
test,232,s1_t1118937400200_a2144,high,5.0,4,13,1118937416100,1118937415100,2144,2148,3,1118937415100,1118937417100,3
test,232,s1_t1118937400200_a2144,high,5.0,6,13,1118937416100,1118937415100,2148,2144,3,1118937415100,1118937417100,2
test,232,s1_t1118937400200_a2144,high,10.0,4,1,1118937404100,1118937403100,2180,2154,3,1118937403100,1118937405100,3
test,232,s1_t1118937400200_a2144,high,10.0,4,2,1118937405100,1118937404100,2154,2144,3,1118937404100,1118937406100,3
test,232,s1_t1118937400200_a2144,high,10.0,5,2,1118937405100,1118937404100,2144,2148,3,1118937404100,1118937406100,3
test,232,s1_t1118937400200_a2144,high,10.0,4,3,1118937406100,1118937405100,2144,2164,3,1118937405100,1118937407100,3
test,232,s1_t1118937400200_a2144,high,10.0,5,3,1118937406100,1118937405100,2148,2154,3,1118937405100,1118937407100,2
test,232,s1_t1118937400200_a2144,high,10.0,1,8,1118937411100,1118937410100,2156,2164,3,1118937410100,1118937412100,2
test,232,s1_t1118937400200_a2144,high,10.0,6,13,1118937416100,1118937415100,2148,2144,3,1118937415100,1118937417100,2
test,232,s1_t1118937400200_a2144,high,10.0,1,14,1118937417100,1118937416100,2164,2156,3,1118937416100,1118937418100,3
test,232,s1_t1118937400200_a2144,high,10.0,5,15,1118937418100,1118937417100,2148,2144,2,1118937417100,1118937418100,2
test,232,s1_t1118937400200_a2144,high,15.0,4,1,1118937404100,1118937403100,2180,2154,3,1118937403100,1118937405100,3
test,232,s1_t1118937400200_a2144,high,15.0,4,3,1118937406100,1118937405100,2154,2164,3,1118937405100,1118937407100,3
test,232,s1_t1118937400200_a2144,high,15.0,7,3,1118937406100,1118937405100,2144,2154,3,1118937405100,1118937407100,2
test,232,s1_t1118937400200_a2144,high,15.0,6,8,1118937411100,1118937410100,2156,2164,3,1118937410100,1118937412100,2
test,232,s1_t1118937400200_a2144,high,20.0,4,1,1118937404100,1118937403100,2180,2154,3,1118937403100,1118937405100,3
test,232,s1_t1118937400200_a2144,high,20.0,4,3,1118937406100,1118937405100,2154,2164,3,1118937405100,1118937407100,2
test,232,s1_t1118937400200_a2144,high,20.0,7,3,1118937406100,1118937405100,2144,2154,3,1118937405100,1118937407100,2
test,233,s1_t1118937400200_a2163,high,-5.0,0,7,1118937410100,1118937409100,2135,2167,3,1118937409100,1118937411100,2
test,233,s1_t1118937400200_a2163,high,-5.0,2,8,1118937411100,1118937410100,2135,2167,3,1118937410100,1118937412100,3
test,233,s1_t1118937400200_a2163,high,-5.0,2,9,1118937412100,1118937411100,2167,2135,3,1118937411100,1118937413100,3
test,233,s1_t1118937400200_a2163,high,-5.0,1,11,1118937414100,1118937413100,2149,2134,3,1118937413100,1118937415100,3
test,233,s1_t1118937400200_a2163,high,-5.0,1,14,1118937417100,1118937416100,2134,2149,3,1118937416100,1118937418100,2
test,233,s1_t1118937400200_a2163,high,-5.0,0,15,1118937418100,1118937417100,2134,2149,2,1118937417100,1118937418100,2
test,233,s1_t1118937400200_a2163,high,0.0,1,7,1118937410100,1118937409100,2134,2149,3,1118937409100,1118937411100,3
test,233,s1_t1118937400200_a2163,high,0.0,1,8,1118937411100,1118937410100,2149,2134,3,1118937410100,1118937412100,2
test,233,s1_t1118937400200_a2163,high,0.0,4,8,1118937411100,1118937410100,2167,2135,3,1118937410100,1118937412100,3
test,233,s1_t1118937400200_a2163,high,5.0,1,7,1118937410100,1118937409100,2134,2149,3,1118937409100,1118937411100,3
test,233,s1_t1118937400200_a2163,high,5.0,1,8,1118937411100,1118937410100,2149,2134,3,1118937410100,1118937412100,3
test,233,s1_t1118937400200_a2163,high,5.0,1,13,1118937416100,1118937415100,2134,2149,3,1118937415100,1118937417100,3
test,233,s1_t1118937400200_a2163,high,5.0,3,13,1118937416100,1118937415100,2167,2135,3,1118937415100,1118937417100,3
test,233,s1_t1118937400200_a2163,high,5.0,1,14,1118937417100,1118937416100,2149,2134,3,1118937416100,1118937418100,2
test,233,s1_t1118937400200_a2163,high,10.0,1,7,1118937410100,1118937409100,2134,2149,3,1118937409100,1118937411100,3
test,233,s1_t1118937400200_a2163,high,10.0,1,8,1118937411100,1118937410100,2149,2134,3,1118937410100,1118937412100,3
test,233,s1_t1118937400200_a2163,high,10.0,4,9,1118937412100,1118937411100,2167,2135,3,1118937411100,1118937413100,3
test,233,s1_t1118937400200_a2163,high,10.0,4,10,1118937413100,1118937412100,2135,2167,3,1118937412100,1118937414100,3
test,233,s1_t1118937400200_a2163,high,15.0,1,7,1118937410100,1118937409100,2134,2149,3,1118937409100,1118937411100,3
test,233,s1_t1118937400200_a2163,high,15.0,1,8,1118937411100,1118937410100,2149,2134,3,1118937410100,1118937412100,3
test,233,s1_t1118937400200_a2163,high,15.0,4,9,1118937412100,1118937411100,2167,2135,3,1118937411100,1118937413100,3
test,233,s1_t1118937400200_a2163,high,15.0,4,10,1118937413100,1118937412100,2135,2167,3,1118937412100,1118937414100,3
test,233,s1_t1118937400200_a2163,high,15.0,2,14,1118937417100,1118937416100,2135,2167,3,1118937416100,1118937418100,3
test,233,s1_t1118937400200_a2163,high,15.0,1,15,1118937418100,1118937417100,2134,2149,2,1118937417100,1118937418100,2
test,233,s1_t1118937400200_a2163,high,15.0,2,15,1118937418100,1118937417100,2167,2135,2,1118937417100,1118937418100,2
test,233,s1_t1118937400200_a2163,high,20.0,1,7,1118937410100,1118937409100,2134,2149,3,1118937409100,1118937411100,3
test,233,s1_t1118937400200_a2163,high,20.0,1,8,1118937411100,1118937410100,2149,2134,3,1118937410100,1118937412100,3
test,233,s1_t1118937400200_a2163,high,20.0,4,9,1118937412100,1118937411100,2167,2135,3,1118937411100,1118937413100,3
test,233,s1_t1118937400200_a2163,high,20.0,4,10,1118937413100,1118937412100,2135,2167,3,1118937412100,1118937414100,3
test,233,s1_t1118937400200_a2163,high,20.0,0,15,1118937418100,1118937417100,2134,2149,2,1118937417100,1118937418100,2
test,234,s1_t1118937420200_a2144,high,-5.0,0,6,1118937429100,1118937428100,2164,2148,3,1118937428100,1118937430100,2
test,234,s1_t1118937420200_a2144,high,-5.0,0,13,1118937436100,1118937435100,2129,2156,3,1118937435100,1118937437100,2
test,234,s1_t1118937420200_a2144,high,0.0,0,4,1118937427100,1118937426100,2144,2148,3,1118937426100,1118937428100,2
test,234,s1_t1118937420200_a2144,high,0.0,6,4,1118937427100,1118937426100,2156,2164,3,1118937426100,1118937428100,2
test,234,s1_t1118937420200_a2144,high,0.0,7,4,1118937427100,1118937426100,2129,2156,3,1118937426100,1118937428100,3
test,234,s1_t1118937420200_a2144,high,0.0,1,10,1118937433100,1118937432100,2148,2144,3,1118937432100,1118937434100,3
test,234,s1_t1118937420200_a2144,high,0.0,6,11,1118937434100,1118937433100,2154,2148,3,1118937433100,1118937435100,2
test,234,s1_t1118937420200_a2144,high,0.0,1,12,1118937435100,1118937434100,2144,2154,3,1118937434100,1118937436100,1
test,234,s1_t1118937420200_a2144,high,5.0,4,9,1118937432100,1118937431100,2156,2129,3,1118937431100,1118937433100,2
test,234,s1_t1118937420200_a2144,high,5.0,5,9,1118937432100,1118937431100,2144,2148,3,1118937431100,1118937433100,2
test,234,s1_t1118937420200_a2144,high,10.0,0,6,1118937429100,1118937428100,2144,2154,3,1118937428100,1118937430100,3
test,234,s1_t1118937420200_a2144,high,10.0,6,8,1118937431100,1118937430100,2156,2164,3,1118937430100,1118937432100,2
test,234,s1_t1118937420200_a2144,high,10.0,7,12,1118937435100,1118937434100,2129,2156,3,1118937434100,1118937436100,2
test,234,s1_t1118937420200_a2144,high,15.0,3,6,1118937429100,1118937428100,2144,2154,3,1118937428100,1118937430100,3
test,234,s1_t1118937420200_a2144,high,15.0,6,8,1118937431100,1118937430100,2156,2164,3,1118937430100,1118937432100,2
test,234,s1_t1118937420200_a2144,high,15.0,7,12,1118937435100,1118937434100,2129,2156,3,1118937434100,1118937436100,2
test,234,s1_t1118937420200_a2144,high,20.0,3,6,1118937429100,1118937428100,2144,2154,3,1118937428100,1118937430100,3
test,234,s1_t1118937420200_a2144,high,20.0,7,12,1118937435100,1118937434100,2129,2156,3,1118937434100,1118937436100,2
test,235,s1_t1118937420200_a2145,high,-5.0,0,1,1118937424100,1118937423100,2178,2176,3,1118937423100,1118937425100,3
test,235,s1_t1118937420200_a2145,high,-5.0,0,3,1118937426100,1118937425100,2176,2178,3,1118937425100,1118937427100,3
test,235,s1_t1118937420200_a2145,high,-5.0,0,5,1118937428100,1118937427100,2178,2176,3,1118937427100,1118937429100,3
test,235,s1_t1118937420200_a2145,high,-5.0,2,5,1118937428100,1118937427100,2186,2178,3,1118937427100,1118937429100,2
test,235,s1_t1118937420200_a2145,high,-5.0,0,6,1118937429100,1118937428100,2176,2178,3,1118937428100,1118937430100,2
test,235,s1_t1118937420200_a2145,high,-5.0,1,8,1118937431100,1118937430100,2186,2178,3,1118937430100,1118937432100,3
test,235,s1_t1118937420200_a2145,high,-5.0,1,9,1118937432100,1118937431100,2178,2186,3,1118937431100,1118937433100,2
test,235,s1_t1118937420200_a2145,high,-5.0,1,12,1118937435100,1118937434100,2176,2178,3,1118937434100,1118937436100,2
test,235,s1_t1118937420200_a2145,high,0.0,0,1,1118937424100,1118937423100,2178,2176,3,1118937423100,1118937425100,3
test,235,s1_t1118937420200_a2145,high,0.0,0,4,1118937427100,1118937426100,2176,2178,3,1118937426100,1118937428100,3
test,235,s1_t1118937420200_a2145,high,0.0,0,5,1118937428100,1118937427100,2178,2176,3,1118937427100,1118937429100,3
test,235,s1_t1118937420200_a2145,high,0.0,2,6,1118937429100,1118937428100,2186,2178,3,1118937428100,1118937430100,3
test,235,s1_t1118937420200_a2145,high,0.0,5,6,1118937429100,1118937428100,2180,2186,3,1118937428100,1118937430100,3
test,235,s1_t1118937420200_a2145,high,0.0,5,7,1118937430100,1118937429100,2186,2180,3,1118937429100,1118937431100,3
test,235,s1_t1118937420200_a2145,high,0.0,5,8,1118937431100,1118937430100,2180,2186,3,1118937430100,1118937432100,2
test,235,s1_t1118937420200_a2145,high,0.0,6,8,1118937431100,1118937430100,2186,2180,3,1118937430100,1118937432100,2
test,235,s1_t1118937420200_a2145,high,0.0,2,10,1118937433100,1118937432100,2178,2186,3,1118937432100,1118937434100,3
test,235,s1_t1118937420200_a2145,high,0.0,7,11,1118937434100,1118937433100,2177,2180,3,1118937433100,1118937435100,2
test,235,s1_t1118937420200_a2145,high,5.0,0,1,1118937424100,1118937423100,2178,2176,3,1118937423100,1118937425100,3
test,235,s1_t1118937420200_a2145,high,5.0,1,5,1118937428100,1118937427100,2178,2176,3,1118937427100,1118937429100,3
test,235,s1_t1118937420200_a2145,high,5.0,2,5,1118937428100,1118937427100,2186,2178,3,1118937427100,1118937429100,2
test,235,s1_t1118937420200_a2145,high,5.0,5,8,1118937431100,1118937430100,2180,2186,3,1118937430100,1118937432100,2
test,235,s1_t1118937420200_a2145,high,5.0,1,9,1118937432100,1118937431100,2178,2186,3,1118937431100,1118937433100,3
test,235,s1_t1118937420200_a2145,high,5.0,4,9,1118937432100,1118937431100,2176,2178,3,1118937431100,1118937433100,2
test,235,s1_t1118937420200_a2145,high,5.0,7,11,1118937434100,1118937433100,2177,2180,3,1118937433100,1118937435100,2
test,235,s1_t1118937420200_a2145,high,5.0,2,12,1118937435100,1118937434100,2174,2180,3,1118937434100,1118937436100,2
test,235,s1_t1118937420200_a2145,high,5.0,5,15,1118937438100,1118937437100,2180,2186,2,1118937437100,1118937438100,2
test,235,s1_t1118937420200_a2145,high,10.0,0,1,1118937424100,1118937423100,2178,2176,3,1118937423100,1118937425100,3
test,235,s1_t1118937420200_a2145,high,10.0,2,4,1118937427100,1118937426100,2178,2176,3,1118937426100,1118937428100,3
test,235,s1_t1118937420200_a2145,high,10.0,5,6,1118937429100,1118937428100,2180,2186,3,1118937428100,1118937430100,3
test,235,s1_t1118937420200_a2145,high,10.0,5,7,1118937430100,1118937429100,2186,2180,3,1118937429100,1118937431100,3
test,235,s1_t1118937420200_a2145,high,10.0,1,8,1118937431100,1118937430100,2186,2178,3,1118937430100,1118937432100,3
test,235,s1_t1118937420200_a2145,high,10.0,5,8,1118937431100,1118937430100,2180,2186,3,1118937430100,1118937432100,2
test,235,s1_t1118937420200_a2145,high,10.0,6,8,1118937431100,1118937430100,2178,2176,3,1118937430100,1118937432100,3
test,235,s1_t1118937420200_a2145,high,10.0,1,9,1118937432100,1118937431100,2178,2186,3,1118937431100,1118937433100,3
test,235,s1_t1118937420200_a2145,high,10.0,0,10,1118937433100,1118937432100,2177,2180,3,1118937432100,1118937434100,3
test,235,s1_t1118937420200_a2145,high,10.0,1,10,1118937433100,1118937432100,2186,2178,3,1118937432100,1118937434100,3
test,235,s1_t1118937420200_a2145,high,10.0,0,11,1118937434100,1118937433100,2180,2186,3,1118937433100,1118937435100,3
test,235,s1_t1118937420200_a2145,high,10.0,0,13,1118937436100,1118937435100,2186,2180,3,1118937435100,1118937437100,3
test,235,s1_t1118937420200_a2145,high,10.0,4,13,1118937436100,1118937435100,2178,2186,3,1118937435100,1118937437100,2
test,235,s1_t1118937420200_a2145,high,10.0,6,13,1118937436100,1118937435100,2180,2174,3,1118937435100,1118937437100,2
test,235,s1_t1118937420200_a2145,high,10.0,0,14,1118937437100,1118937436100,2180,2186,3,1118937436100,1118937438100,3
test,235,s1_t1118937420200_a2145,high,10.0,0,15,1118937438100,1118937437100,2186,2180,2,1118937437100,1118937438100,2
test,235,s1_t1118937420200_a2145,high,15.0,0,1,1118937424100,1118937423100,2178,2176,3,1118937423100,1118937425100,3
test,235,s1_t1118937420200_a2145,high,15.0,2,4,1118937427100,1118937426100,2178,2176,3,1118937426100,1118937428100,3
test,235,s1_t1118937420200_a2145,high,15.0,5,6,1118937429100,1118937428100,2180,2186,3,1118937428100,1118937430100,3
test,235,s1_t1118937420200_a2145,high,15.0,5,7,1118937430100,1118937429100,2186,2180,3,1118937429100,1118937431100,3
test,235,s1_t1118937420200_a2145,high,15.0,1,8,1118937431100,1118937430100,2186,2178,3,1118937430100,1118937432100,3
test,235,s1_t1118937420200_a2145,high,15.0,5,8,1118937431100,1118937430100,2180,2186,3,1118937430100,1118937432100,2
test,235,s1_t1118937420200_a2145,high,15.0,6,8,1118937431100,1118937430100,2178,2176,3,1118937430100,1118937432100,3
test,235,s1_t1118937420200_a2145,high,15.0,1,9,1118937432100,1118937431100,2178,2186,3,1118937431100,1118937433100,3
test,235,s1_t1118937420200_a2145,high,15.0,0,10,1118937433100,1118937432100,2177,2180,3,1118937432100,1118937434100,3
test,235,s1_t1118937420200_a2145,high,15.0,1,10,1118937433100,1118937432100,2186,2178,3,1118937432100,1118937434100,3
test,235,s1_t1118937420200_a2145,high,15.0,0,11,1118937434100,1118937433100,2180,2186,3,1118937433100,1118937435100,3
test,235,s1_t1118937420200_a2145,high,15.0,0,13,1118937436100,1118937435100,2186,2180,3,1118937435100,1118937437100,3
test,235,s1_t1118937420200_a2145,high,15.0,4,13,1118937436100,1118937435100,2178,2186,3,1118937435100,1118937437100,2
test,235,s1_t1118937420200_a2145,high,15.0,6,13,1118937436100,1118937435100,2180,2174,3,1118937435100,1118937437100,2
test,235,s1_t1118937420200_a2145,high,15.0,0,14,1118937437100,1118937436100,2180,2186,3,1118937436100,1118937438100,3
test,235,s1_t1118937420200_a2145,high,15.0,0,15,1118937438100,1118937437100,2186,2180,2,1118937437100,1118937438100,2
test,235,s1_t1118937420200_a2145,high,20.0,0,1,1118937424100,1118937423100,2178,2176,3,1118937423100,1118937425100,3
test,235,s1_t1118937420200_a2145,high,20.0,6,3,1118937426100,1118937425100,2174,2178,3,1118937425100,1118937427100,2
test,235,s1_t1118937420200_a2145,high,20.0,1,8,1118937431100,1118937430100,2186,2178,3,1118937430100,1118937432100,3
test,235,s1_t1118937420200_a2145,high,20.0,5,8,1118937431100,1118937430100,2180,2186,3,1118937430100,1118937432100,2
test,235,s1_t1118937420200_a2145,high,20.0,6,8,1118937431100,1118937430100,2178,2176,3,1118937430100,1118937432100,3
test,235,s1_t1118937420200_a2145,high,20.0,1,9,1118937432100,1118937431100,2178,2186,3,1118937431100,1118937433100,3
test,235,s1_t1118937420200_a2145,high,20.0,1,10,1118937433100,1118937432100,2186,2178,3,1118937432100,1118937434100,3
test,235,s1_t1118937420200_a2145,high,20.0,4,10,1118937433100,1118937432100,2177,2180,3,1118937432100,1118937434100,3
test,235,s1_t1118937420200_a2145,high,20.0,4,11,1118937434100,1118937433100,2180,2186,3,1118937433100,1118937435100,3
test,235,s1_t1118937420200_a2145,high,20.0,4,13,1118937436100,1118937435100,2186,2180,3,1118937435100,1118937437100,3
test,235,s1_t1118937420200_a2145,high,20.0,6,13,1118937436100,1118937435100,2180,2174,3,1118937435100,1118937437100,2
test,235,s1_t1118937420200_a2145,high,20.0,7,13,1118937436100,1118937435100,2178,2186,3,1118937435100,1118937437100,2
test,235,s1_t1118937420200_a2145,high,20.0,4,14,1118937437100,1118937436100,2180,2186,3,1118937436100,1118937438100,3
test,235,s1_t1118937420200_a2145,high,20.0,4,15,1118937438100,1118937437100,2186,2180,2,1118937437100,1118937438100,2
test,236,s1_t1118937420200_a2159,high,-5.0,7,2,1118937425100,1118937424100,2142,2159,3,1118937424100,1118937426100,2
test,236,s1_t1118937420200_a2159,high,-5.0,5,7,1118937430100,1118937429100,2159,2190,3,1118937429100,1118937431100,2
test,236,s1_t1118937420200_a2159,high,-5.0,7,8,1118937431100,1118937430100,2159,2190,3,1118937430100,1118937432100,2
test,236,s1_t1118937420200_a2159,high,-5.0,4,9,1118937432100,1118937431100,2139,2161,3,1118937431100,1118937433100,2
test,236,s1_t1118937420200_a2159,high,-5.0,2,10,1118937433100,1118937432100,2168,2161,3,1118937432100,1118937434100,2
test,236,s1_t1118937420200_a2159,high,0.0,7,2,1118937425100,1118937424100,2142,2159,3,1118937424100,1118937426100,2
test,236,s1_t1118937420200_a2159,high,0.0,6,7,1118937430100,1118937429100,2139,2161,3,1118937429100,1118937431100,2
test,236,s1_t1118937420200_a2159,high,0.0,3,9,1118937432100,1118937431100,2139,2161,3,1118937431100,1118937433100,3
test,236,s1_t1118937420200_a2159,high,0.0,3,14,1118937437100,1118937436100,2161,2168,3,1118937436100,1118937438100,3
test,236,s1_t1118937420200_a2159,high,5.0,7,2,1118937425100,1118937424100,2142,2159,3,1118937424100,1118937426100,2
test,236,s1_t1118937420200_a2159,high,5.0,4,9,1118937432100,1118937431100,2142,2139,3,1118937431100,1118937433100,2
test,236,s1_t1118937420200_a2159,high,5.0,4,14,1118937437100,1118937436100,2142,2161,3,1118937436100,1118937438100,2
test,236,s1_t1118937420200_a2159,high,10.0,7,2,1118937425100,1118937424100,2142,2159,3,1118937424100,1118937426100,2
test,236,s1_t1118937420200_a2159,high,10.0,6,7,1118937430100,1118937429100,2139,2161,3,1118937429100,1118937431100,3
test,236,s1_t1118937420200_a2159,high,10.0,2,8,1118937431100,1118937430100,2142,2159,3,1118937430100,1118937432100,3
test,236,s1_t1118937420200_a2159,high,10.0,2,9,1118937432100,1118937431100,2159,2142,3,1118937431100,1118937433100,2
test,236,s1_t1118937420200_a2159,high,10.0,5,9,1118937432100,1118937431100,2139,2161,3,1118937431100,1118937433100,3
test,236,s1_t1118937420200_a2159,high,10.0,5,10,1118937433100,1118937432100,2161,2139,3,1118937432100,1118937434100,3
test,236,s1_t1118937420200_a2159,high,10.0,7,10,1118937433100,1118937432100,2168,2161,3,1118937432100,1118937434100,2
test,236,s1_t1118937420200_a2159,high,10.0,4,11,1118937434100,1118937433100,2168,2161,3,1118937433100,1118937435100,2
test,236,s1_t1118937420200_a2159,high,10.0,5,11,1118937434100,1118937433100,2139,2168,3,1118937433100,1118937435100,2
test,236,s1_t1118937420200_a2159,high,10.0,4,14,1118937437100,1118937436100,2159,2142,3,1118937436100,1118937438100,3
test,236,s1_t1118937420200_a2159,high,15.0,7,2,1118937425100,1118937424100,2142,2159,3,1118937424100,1118937426100,2
test,236,s1_t1118937420200_a2159,high,15.0,2,9,1118937432100,1118937431100,2159,2142,3,1118937431100,1118937433100,2
test,236,s1_t1118937420200_a2159,high,15.0,5,9,1118937432100,1118937431100,2139,2161,3,1118937431100,1118937433100,3
test,236,s1_t1118937420200_a2159,high,15.0,7,11,1118937434100,1118937433100,2168,2139,3,1118937433100,1118937435100,3
test,236,s1_t1118937420200_a2159,high,15.0,4,12,1118937435100,1118937434100,2168,2161,3,1118937434100,1118937436100,3
test,236,s1_t1118937420200_a2159,high,15.0,4,13,1118937436100,1118937435100,2161,2168,3,1118937435100,1118937437100,2
test,236,s1_t1118937420200_a2159,high,15.0,7,13,1118937436100,1118937435100,2139,2161,3,1118937435100,1118937437100,2
test,236,s1_t1118937420200_a2159,high,20.0,7,2,1118937425100,1118937424100,2142,2159,3,1118937424100,1118937426100,2
test,236,s1_t1118937420200_a2159,high,20.0,2,9,1118937432100,1118937431100,2159,2142,3,1118937431100,1118937433100,2
test,236,s1_t1118937420200_a2159,high,20.0,5,9,1118937432100,1118937431100,2139,2161,3,1118937431100,1118937433100,3
test,236,s1_t1118937420200_a2159,high,20.0,7,11,1118937434100,1118937433100,2168,2139,3,1118937433100,1118937435100,3
test,236,s1_t1118937420200_a2159,high,20.0,4,12,1118937435100,1118937434100,2168,2161,3,1118937434100,1118937436100,3
test,236,s1_t1118937420200_a2159,high,20.0,4,13,1118937436100,1118937435100,2161,2168,3,1118937435100,1118937437100,2
test,236,s1_t1118937420200_a2159,high,20.0,7,13,1118937436100,1118937435100,2139,2161,3,1118937435100,1118937437100,3
test,237,s1_t1118937440200_a2170,high,-5.0,4,1,1118937444100,1118937443100,2165,2106,3,1118937443100,1118937445100,3
test,237,s1_t1118937440200_a2170,high,-5.0,4,12,1118937455100,1118937454100,2104,2170,3,1118937454100,1118937456100,2
test,237,s1_t1118937440200_a2170,high,0.0,4,3,1118937446100,1118937445100,2165,2106,3,1118937445100,1118937447100,2
test,237,s1_t1118937440200_a2170,high,0.0,5,3,1118937446100,1118937445100,2106,2170,3,1118937445100,1118937447100,3
test,237,s1_t1118937440200_a2170,high,0.0,0,12,1118937455100,1118937454100,2104,2170,3,1118937454100,1118937456100,2
test,237,s1_t1118937440200_a2170,high,5.0,4,2,1118937445100,1118937444100,2165,2106,3,1118937444100,1118937446100,3
test,237,s1_t1118937440200_a2170,high,5.0,0,6,1118937449100,1118937448100,2104,2170,3,1118937448100,1118937450100,3
test,237,s1_t1118937440200_a2170,high,5.0,3,6,1118937449100,1118937448100,2170,2104,3,1118937448100,1118937450100,2
test,237,s1_t1118937440200_a2170,high,5.0,0,12,1118937455100,1118937454100,2104,2170,3,1118937454100,1118937456100,3
test,237,s1_t1118937440200_a2170,high,5.0,0,14,1118937457100,1118937456100,2170,2104,3,1118937456100,1118937458100,2
test,237,s1_t1118937440200_a2170,high,10.0,4,2,1118937445100,1118937444100,2165,2106,3,1118937444100,1118937446100,3
test,237,s1_t1118937440200_a2170,high,10.0,5,12,1118937455100,1118937454100,2104,2170,3,1118937454100,1118937456100,3
test,237,s1_t1118937440200_a2170,high,10.0,5,14,1118937457100,1118937456100,2170,2104,3,1118937456100,1118937458100,2
test,237,s1_t1118937440200_a2170,high,15.0,4,2,1118937445100,1118937444100,2165,2106,3,1118937444100,1118937446100,3
test,237,s1_t1118937440200_a2170,high,15.0,5,12,1118937455100,1118937454100,2104,2170,3,1118937454100,1118937456100,3
test,237,s1_t1118937440200_a2170,high,15.0,5,14,1118937457100,1118937456100,2170,2104,3,1118937456100,1118937458100,2
test,237,s1_t1118937440200_a2170,high,20.0,4,2,1118937445100,1118937444100,2165,2106,3,1118937444100,1118937446100,3
test,237,s1_t1118937440200_a2170,high,20.0,5,12,1118937455100,1118937454100,2104,2170,3,1118937454100,1118937456100,3
test,237,s1_t1118937440200_a2170,high,20.0,5,14,1118937457100,1118937456100,2170,2104,3,1118937456100,1118937458100,2
test,239,s1_t1118937440200_a2232,high,-5.0,5,1,1118937444100,1118937443100,2224,2233,3,1118937443100,1118937445100,2
test,239,s1_t1118937440200_a2232,high,-5.0,6,9,1118937452100,1118937451100,2182,2222,3,1118937451100,1118937453100,2
test,239,s1_t1118937440200_a2232,high,-5.0,5,14,1118937457100,1118937456100,2233,2224,3,1118937456100,1118937458100,2
test,239,s1_t1118937440200_a2232,high,0.0,3,3,1118937446100,1118937445100,2233,2224,3,1118937445100,1118937447100,3
test,239,s1_t1118937440200_a2232,high,0.0,3,4,1118937447100,1118937446100,2224,2233,3,1118937446100,1118937448100,3
test,239,s1_t1118937440200_a2232,high,0.0,3,14,1118937457100,1118937456100,2222,2233,3,1118937456100,1118937458100,2
test,239,s1_t1118937440200_a2232,high,0.0,4,14,1118937457100,1118937456100,2182,2222,3,1118937456100,1118937458100,2
test,239,s1_t1118937440200_a2232,high,0.0,5,15,1118937458100,1118937457100,2224,2233,2,1118937457100,1118937458100,2
test,239,s1_t1118937440200_a2232,high,5.0,3,1,1118937444100,1118937443100,2224,2233,3,1118937443100,1118937445100,2
test,239,s1_t1118937440200_a2232,high,5.0,5,1,1118937444100,1118937443100,2222,2182,3,1118937443100,1118937445100,3
test,239,s1_t1118937440200_a2232,high,5.0,5,3,1118937446100,1118937445100,2182,2222,3,1118937445100,1118937447100,3
test,239,s1_t1118937440200_a2232,high,5.0,5,4,1118937447100,1118937446100,2222,2182,3,1118937446100,1118937448100,3
test,239,s1_t1118937440200_a2232,high,5.0,3,6,1118937449100,1118937448100,2233,2224,3,1118937448100,1118937450100,3
test,239,s1_t1118937440200_a2232,high,5.0,6,10,1118937453100,1118937452100,2233,2224,3,1118937452100,1118937454100,3
test,239,s1_t1118937440200_a2232,high,5.0,5,14,1118937457100,1118937456100,2182,2222,3,1118937456100,1118937458100,2
test,239,s1_t1118937440200_a2232,high,10.0,3,1,1118937444100,1118937443100,2224,2233,3,1118937443100,1118937445100,2
test,239,s1_t1118937440200_a2232,high,10.0,5,3,1118937446100,1118937445100,2182,2222,3,1118937445100,1118937447100,3
test,239,s1_t1118937440200_a2232,high,10.0,5,4,1118937447100,1118937446100,2222,2182,3,1118937446100,1118937448100,3
test,239,s1_t1118937440200_a2232,high,10.0,5,9,1118937452100,1118937451100,2182,2222,3,1118937451100,1118937453100,3
test,239,s1_t1118937440200_a2232,high,10.0,6,10,1118937453100,1118937452100,2233,2224,3,1118937452100,1118937454100,3
test,239,s1_t1118937440200_a2232,high,15.0,3,1,1118937444100,1118937443100,2224,2233,3,1118937443100,1118937445100,3
test,239,s1_t1118937440200_a2232,high,15.0,4,9,1118937452100,1118937451100,2182,2222,3,1118937451100,1118937453100,3
test,239,s1_t1118937440200_a2232,high,20.0,3,1,1118937444100,1118937443100,2224,2233,3,1118937443100,1118937445100,2
test,239,s1_t1118937440200_a2232,high,20.0,4,9,1118937452100,1118937451100,2182,2222,3,1118937451100,1118937453100,3
test,243,s1_t1118937480200_a2222,high,-5.0,5,1,1118937484100,1118937483100,2222,2233,3,1118937483100,1118937485100,2
test,243,s1_t1118937480200_a2222,high,-5.0,7,4,1118937487100,1118937486100,2222,2233,3,1118937486100,1118937488100,3
test,243,s1_t1118937480200_a2222,high,-5.0,7,5,1118937488100,1118937487100,2233,2222,3,1118937487100,1118937489100,3
test,243,s1_t1118937480200_a2222,high,-5.0,4,8,1118937491100,1118937490100,2258,2222,3,1118937490100,1118937492100,3
test,243,s1_t1118937480200_a2222,high,-5.0,4,10,1118937493100,1118937492100,2222,2258,3,1118937492100,1118937494100,3
test,243,s1_t1118937480200_a2222,high,0.0,4,4,1118937487100,1118937486100,2222,2233,3,1118937486100,1118937488100,3
test,243,s1_t1118937480200_a2222,high,0.0,4,5,1118937488100,1118937487100,2233,2222,3,1118937487100,1118937489100,3
test,243,s1_t1118937480200_a2222,high,0.0,2,8,1118937491100,1118937490100,2258,2222,3,1118937490100,1118937492100,3
test,243,s1_t1118937480200_a2222,high,0.0,2,10,1118937493100,1118937492100,2222,2258,3,1118937492100,1118937494100,3
test,243,s1_t1118937480200_a2222,high,5.0,7,3,1118937486100,1118937485100,2222,2233,3,1118937485100,1118937487100,3
test,243,s1_t1118937480200_a2222,high,5.0,3,7,1118937490100,1118937489100,2222,2258,3,1118937489100,1118937491100,3
test,243,s1_t1118937480200_a2222,high,5.0,7,7,1118937490100,1118937489100,2233,2222,3,1118937489100,1118937491100,2
test,243,s1_t1118937480200_a2222,high,5.0,3,8,1118937491100,1118937490100,2258,2222,3,1118937490100,1118937492100,3
test,243,s1_t1118937480200_a2222,high,5.0,3,10,1118937493100,1118937492100,2222,2258,3,1118937492100,1118937494100,3
test,243,s1_t1118937480200_a2222,high,10.0,1,8,1118937491100,1118937490100,2258,2222,3,1118937490100,1118937492100,3
test,243,s1_t1118937480200_a2222,high,10.0,1,10,1118937493100,1118937492100,2222,2258,3,1118937492100,1118937494100,3
test,243,s1_t1118937480200_a2222,high,15.0,7,4,1118937487100,1118937486100,2222,2233,3,1118937486100,1118937488100,3
test,243,s1_t1118937480200_a2222,high,15.0,3,7,1118937490100,1118937489100,2222,2258,3,1118937489100,1118937491100,3
test,243,s1_t1118937480200_a2222,high,15.0,3,8,1118937491100,1118937490100,2258,2222,3,1118937490100,1118937492100,3
test,243,s1_t1118937480200_a2222,high,15.0,3,10,1118937493100,1118937492100,2222,2258,3,1118937492100,1118937494100,3
test,243,s1_t1118937480200_a2222,high,20.0,7,4,1118937487100,1118937486100,2222,2233,3,1118937486100,1118937488100,3
test,243,s1_t1118937480200_a2222,high,20.0,1,7,1118937490100,1118937489100,2222,2258,3,1118937489100,1118937491100,3
test,243,s1_t1118937480200_a2222,high,20.0,1,8,1118937491100,1118937490100,2258,2222,3,1118937490100,1118937492100,3
test,243,s1_t1118937480200_a2222,high,20.0,1,10,1118937493100,1118937492100,2222,2258,3,1118937492100,1118937494100,3
test,244,s1_t1118937480200_a2228,high,-5.0,6,3,1118937486100,1118937485100,2247,2229,3,1118937485100,1118937487100,2
test,244,s1_t1118937480200_a2228,high,0.0,2,3,1118937486100,1118937485100,2247,2229,3,1118937485100,1118937487100,2
test,244,s1_t1118937480200_a2228,high,5.0,3,1,1118937484100,1118937483100,2247,2229,3,1118937483100,1118937485100,2
test,244,s1_t1118937480200_a2228,high,5.0,6,3,1118937486100,1118937485100,2247,2229,3,1118937485100,1118937487100,2
test,244,s1_t1118937480200_a2228,high,5.0,7,12,1118937495100,1118937494100,2247,2229,3,1118937494100,1118937496100,2
test,244,s1_t1118937480200_a2228,high,10.0,6,2,1118937485100,1118937484100,2247,2229,3,1118937484100,1118937486100,3
test,244,s1_t1118937480200_a2228,high,15.0,5,2,1118937485100,1118937484100,2247,2229,3,1118937484100,1118937486100,3
test,244,s1_t1118937480200_a2228,high,20.0,5,2,1118937485100,1118937484100,2247,2229,3,1118937484100,1118937486100,3
test,244,s1_t1118937480200_a2228,high,20.0,5,3,1118937486100,1118937485100,2229,2247,3,1118937485100,1118937487100,2
test,244,s1_t1118937480200_a2228,high,20.0,7,4,1118937487100,1118937486100,2228,2209,3,1118937486100,1118937488100,3
test,245,s1_t1118937480200_a2258,high,-5.0,0,4,1118937487100,1118937486100,2233,2222,3,1118937486100,1118937488100,3
test,245,s1_t1118937480200_a2258,high,-5.0,5,4,1118937487100,1118937486100,2222,2233,3,1118937486100,1118937488100,3
test,245,s1_t1118937480200_a2258,high,-5.0,2,7,1118937490100,1118937489100,2258,2222,3,1118937489100,1118937491100,3
test,245,s1_t1118937480200_a2258,high,-5.0,2,9,1118937492100,1118937491100,2222,2258,3,1118937491100,1118937493100,3
test,245,s1_t1118937480200_a2258,high,0.0,6,4,1118937487100,1118937486100,2229,2214,3,1118937486100,1118937488100,3
test,245,s1_t1118937480200_a2258,high,0.0,3,5,1118937488100,1118937487100,2233,2222,3,1118937487100,1118937489100,3
test,245,s1_t1118937480200_a2258,high,0.0,6,6,1118937489100,1118937488100,2214,2229,3,1118937488100,1118937490100,3
test,245,s1_t1118937480200_a2258,high,0.0,6,8,1118937491100,1118937490100,2229,2214,3,1118937490100,1118937492100,2
test,245,s1_t1118937480200_a2258,high,5.0,6,3,1118937486100,1118937485100,2233,2222,3,1118937485100,1118937487100,3
test,245,s1_t1118937480200_a2258,high,5.0,0,4,1118937487100,1118937486100,2233,2222,3,1118937486100,1118937488100,3
test,245,s1_t1118937480200_a2258,high,5.0,6,4,1118937487100,1118937486100,2222,2233,3,1118937486100,1118937488100,3
test,245,s1_t1118937480200_a2258,high,5.0,4,7,1118937490100,1118937489100,2214,2229,3,1118937489100,1118937491100,3
test,245,s1_t1118937480200_a2258,high,5.0,4,8,1118937491100,1118937490100,2229,2214,3,1118937490100,1118937492100,2
test,245,s1_t1118937480200_a2258,high,10.0,7,3,1118937486100,1118937485100,2182,2258,3,1118937485100,1118937487100,3
test,245,s1_t1118937480200_a2258,high,10.0,0,5,1118937488100,1118937487100,2233,2222,3,1118937487100,1118937489100,3
test,245,s1_t1118937480200_a2258,high,10.0,0,6,1118937489100,1118937488100,2222,2233,3,1118937488100,1118937490100,3
test,245,s1_t1118937480200_a2258,high,10.0,7,6,1118937489100,1118937488100,2258,2182,3,1118937488100,1118937490100,3
test,245,s1_t1118937480200_a2258,high,10.0,0,7,1118937490100,1118937489100,2233,2222,3,1118937489100,1118937491100,3
test,245,s1_t1118937480200_a2258,high,15.0,0,5,1118937488100,1118937487100,2233,2222,3,1118937487100,1118937489100,3
test,245,s1_t1118937480200_a2258,high,15.0,0,6,1118937489100,1118937488100,2222,2233,3,1118937488100,1118937490100,3
test,245,s1_t1118937480200_a2258,high,15.0,6,7,1118937490100,1118937489100,2258,2222,3,1118937489100,1118937491100,3
test,245,s1_t1118937480200_a2258,high,15.0,0,8,1118937491100,1118937490100,2233,2222,3,1118937490100,1118937492100,2
test,245,s1_t1118937480200_a2258,high,15.0,6,8,1118937491100,1118937490100,2222,2258,3,1118937490100,1118937492100,3
test,245,s1_t1118937480200_a2258,high,20.0,7,2,1118937485100,1118937484100,2182,2258,3,1118937484100,1118937486100,2
test,245,s1_t1118937480200_a2258,high,20.0,0,4,1118937487100,1118937486100,2233,2222,3,1118937486100,1118937488100,3
test,245,s1_t1118937480200_a2258,high,20.0,0,7,1118937490100,1118937489100,2222,2233,3,1118937489100,1118937491100,3
test,245,s1_t1118937480200_a2258,high,20.0,0,8,1118937491100,1118937490100,2233,2222,3,1118937490100,1118937492100,2
test,245,s1_t1118937480200_a2258,high,20.0,2,8,1118937491100,1118937490100,2222,2258,3,1118937490100,1118937492100,3
test,246,s1_t1118937500200_a2215,high,-5.0,1,8,1118937511100,1118937510100,2157,2208,3,1118937510100,1118937512100,3
test,246,s1_t1118937500200_a2215,high,0.0,7,13,1118937516100,1118937515100,2157,2208,3,1118937515100,1118937517100,3
test,246,s1_t1118937500200_a2215,high,5.0,5,13,1118937516100,1118937515100,2157,2208,3,1118937515100,1118937517100,2
test,246,s1_t1118937500200_a2215,high,10.0,2,13,1118937516100,1118937515100,2157,2208,3,1118937515100,1118937517100,2
test,246,s1_t1118937500200_a2215,high,15.0,2,13,1118937516100,1118937515100,2157,2208,3,1118937515100,1118937517100,2
test,246,s1_t1118937500200_a2215,high,20.0,2,13,1118937516100,1118937515100,2157,2208,3,1118937515100,1118937517100,2
test,247,s1_t1118937500200_a2244,high,-5.0,0,5,1118937508100,1118937507100,2242,2262,3,1118937507100,1118937509100,2
test,247,s1_t1118937500200_a2244,high,-5.0,2,7,1118937510100,1118937509100,2264,2240,3,1118937509100,1118937511100,2
test,247,s1_t1118937500200_a2244,high,-5.0,3,7,1118937510100,1118937509100,2240,2264,3,1118937509100,1118937511100,3
test,247,s1_t1118937500200_a2244,high,-5.0,5,10,1118937513100,1118937512100,2242,2262,3,1118937512100,1118937514100,3
test,247,s1_t1118937500200_a2244,high,-5.0,6,10,1118937513100,1118937512100,2262,2242,3,1118937512100,1118937514100,3
test,247,s1_t1118937500200_a2244,high,-5.0,5,15,1118937518100,1118937517100,2262,2242,2,1118937517100,1118937518100,2
test,247,s1_t1118937500200_a2244,high,0.0,4,1,1118937504100,1118937503100,2240,2244,3,1118937503100,1118937505100,3
test,247,s1_t1118937500200_a2244,high,0.0,4,2,1118937505100,1118937504100,2244,2240,3,1118937504100,1118937506100,3
test,247,s1_t1118937500200_a2244,high,0.0,4,3,1118937506100,1118937505100,2240,2244,3,1118937505100,1118937507100,3
test,247,s1_t1118937500200_a2244,high,0.0,4,4,1118937507100,1118937506100,2244,2240,3,1118937506100,1118937508100,3
test,247,s1_t1118937500200_a2244,high,0.0,2,5,1118937508100,1118937507100,2242,2262,3,1118937507100,1118937509100,2
test,247,s1_t1118937500200_a2244,high,0.0,5,7,1118937510100,1118937509100,2264,2240,3,1118937509100,1118937511100,3
test,247,s1_t1118937500200_a2244,high,0.0,5,8,1118937511100,1118937510100,2240,2264,3,1118937510100,1118937512100,2
test,247,s1_t1118937500200_a2244,high,0.0,6,9,1118937512100,1118937511100,2244,2240,3,1118937511100,1118937513100,3
test,247,s1_t1118937500200_a2244,high,0.0,7,10,1118937513100,1118937512100,2242,2262,3,1118937512100,1118937514100,3
test,247,s1_t1118937500200_a2244,high,0.0,7,11,1118937514100,1118937513100,2262,2242,3,1118937513100,1118937515100,3
test,247,s1_t1118937500200_a2244,high,5.0,6,2,1118937505100,1118937504100,2244,2240,3,1118937504100,1118937506100,3
test,247,s1_t1118937500200_a2244,high,5.0,5,7,1118937510100,1118937509100,2264,2240,3,1118937509100,1118937511100,3
test,247,s1_t1118937500200_a2244,high,5.0,5,8,1118937511100,1118937510100,2240,2264,3,1118937510100,1118937512100,2
test,247,s1_t1118937500200_a2244,high,5.0,7,10,1118937513100,1118937512100,2242,2262,3,1118937512100,1118937514100,3
test,247,s1_t1118937500200_a2244,high,5.0,7,11,1118937514100,1118937513100,2262,2242,3,1118937513100,1118937515100,3
test,247,s1_t1118937500200_a2244,high,5.0,4,15,1118937518100,1118937517100,2264,2240,2,1118937517100,1118937518100,2
test,247,s1_t1118937500200_a2244,high,5.0,6,15,1118937518100,1118937517100,2240,2264,2,1118937517100,1118937518100,2
test,247,s1_t1118937500200_a2244,high,10.0,1,2,1118937505100,1118937504100,2244,2240,3,1118937504100,1118937506100,3
test,247,s1_t1118937500200_a2244,high,10.0,2,10,1118937513100,1118937512100,2242,2262,3,1118937512100,1118937514100,3
test,247,s1_t1118937500200_a2244,high,10.0,2,11,1118937514100,1118937513100,2262,2242,3,1118937513100,1118937515100,3
test,247,s1_t1118937500200_a2244,high,10.0,5,15,1118937518100,1118937517100,2240,2264,2,1118937517100,1118937518100,2
test,247,s1_t1118937500200_a2244,high,10.0,7,15,1118937518100,1118937517100,2264,2240,2,1118937517100,1118937518100,2
test,247,s1_t1118937500200_a2244,high,15.0,1,2,1118937505100,1118937504100,2244,2240,3,1118937504100,1118937506100,3
test,247,s1_t1118937500200_a2244,high,15.0,2,10,1118937513100,1118937512100,2242,2262,3,1118937512100,1118937514100,3
test,247,s1_t1118937500200_a2244,high,15.0,2,11,1118937514100,1118937513100,2262,2242,3,1118937513100,1118937515100,3
test,247,s1_t1118937500200_a2244,high,15.0,5,15,1118937518100,1118937517100,2240,2264,2,1118937517100,1118937518100,2
test,247,s1_t1118937500200_a2244,high,15.0,6,15,1118937518100,1118937517100,2264,2240,2,1118937517100,1118937518100,2
test,247,s1_t1118937500200_a2244,high,20.0,1,2,1118937505100,1118937504100,2244,2240,3,1118937504100,1118937506100,3
test,247,s1_t1118937500200_a2244,high,20.0,7,8,1118937511100,1118937510100,2244,2240,3,1118937510100,1118937512100,3
test,247,s1_t1118937500200_a2244,high,20.0,2,10,1118937513100,1118937512100,2242,2262,3,1118937512100,1118937514100,3
test,247,s1_t1118937500200_a2244,high,20.0,2,11,1118937514100,1118937513100,2262,2242,3,1118937513100,1118937515100,3
test,248,s1_t1118937500200_a2303,high,0.0,6,7,1118937510100,1118937509100,2185,2216,3,1118937509100,1118937511100,2
test,249,s1_t1118937520200_a2222,high,-5.0,1,1,1118937524100,1118937523100,2222,2290,3,1118937523100,1118937525100,3
test,249,s1_t1118937520200_a2222,high,-5.0,7,3,1118937526100,1118937525100,2209,2229,3,1118937525100,1118937527100,3
test,249,s1_t1118937520200_a2222,high,-5.0,6,5,1118937528100,1118937527100,2209,2229,3,1118937527100,1118937529100,2
test,249,s1_t1118937520200_a2222,high,-5.0,7,5,1118937528100,1118937527100,2229,2209,3,1118937527100,1118937529100,3
test,249,s1_t1118937520200_a2222,high,-5.0,7,9,1118937532100,1118937531100,2209,2229,3,1118937531100,1118937533100,3
test,249,s1_t1118937520200_a2222,high,-5.0,0,11,1118937534100,1118937533100,2209,2290,3,1118937533100,1118937535100,3
test,249,s1_t1118937520200_a2222,high,0.0,1,1,1118937524100,1118937523100,2222,2229,3,1118937523100,1118937525100,3
test,249,s1_t1118937520200_a2222,high,0.0,7,1,1118937524100,1118937523100,2229,2209,3,1118937523100,1118937525100,2
test,249,s1_t1118937520200_a2222,high,0.0,6,5,1118937528100,1118937527100,2209,2229,3,1118937527100,1118937529100,2
test,249,s1_t1118937520200_a2222,high,0.0,7,5,1118937528100,1118937527100,2229,2209,3,1118937527100,1118937529100,3
test,249,s1_t1118937520200_a2222,high,0.0,7,9,1118937532100,1118937531100,2209,2229,3,1118937531100,1118937533100,3
test,249,s1_t1118937520200_a2222,high,5.0,1,1,1118937524100,1118937523100,2222,2229,3,1118937523100,1118937525100,3
test,249,s1_t1118937520200_a2222,high,5.0,7,3,1118937526100,1118937525100,2222,2229,3,1118937525100,1118937527100,2
test,249,s1_t1118937520200_a2222,high,5.0,4,9,1118937532100,1118937531100,2209,2229,3,1118937531100,1118937533100,3
test,249,s1_t1118937520200_a2222,high,5.0,7,11,1118937534100,1118937533100,2209,2290,3,1118937533100,1118937535100,2
test,249,s1_t1118937520200_a2222,high,5.0,0,13,1118937536100,1118937535100,2209,2229,3,1118937535100,1118937537100,3
test,249,s1_t1118937520200_a2222,high,10.0,1,1,1118937524100,1118937523100,2222,2229,3,1118937523100,1118937525100,3
test,249,s1_t1118937520200_a2222,high,10.0,7,3,1118937526100,1118937525100,2222,2229,3,1118937525100,1118937527100,2
test,249,s1_t1118937520200_a2222,high,10.0,4,9,1118937532100,1118937531100,2209,2229,3,1118937531100,1118937533100,3
test,249,s1_t1118937520200_a2222,high,10.0,7,11,1118937534100,1118937533100,2209,2290,3,1118937533100,1118937535100,2
test,249,s1_t1118937520200_a2222,high,10.0,0,13,1118937536100,1118937535100,2209,2229,3,1118937535100,1118937537100,3
test,249,s1_t1118937520200_a2222,high,15.0,1,5,1118937528100,1118937527100,2229,2209,3,1118937527100,1118937529100,3
test,249,s1_t1118937520200_a2222,high,15.0,7,5,1118937528100,1118937527100,2209,2229,3,1118937527100,1118937529100,2
test,249,s1_t1118937520200_a2222,high,15.0,1,9,1118937532100,1118937531100,2209,2229,3,1118937531100,1118937533100,3
test,249,s1_t1118937520200_a2222,high,15.0,5,11,1118937534100,1118937533100,2209,2290,3,1118937533100,1118937535100,2
test,249,s1_t1118937520200_a2222,high,15.0,0,13,1118937536100,1118937535100,2209,2229,3,1118937535100,1118937537100,3
test,249,s1_t1118937520200_a2222,high,20.0,5,1,1118937524100,1118937523100,2209,2229,3,1118937523100,1118937525100,3
test,249,s1_t1118937520200_a2222,high,20.0,5,3,1118937526100,1118937525100,2229,2209,3,1118937525100,1118937527100,3
test,249,s1_t1118937520200_a2222,high,20.0,7,3,1118937526100,1118937525100,2209,2229,3,1118937525100,1118937527100,3
test,249,s1_t1118937520200_a2222,high,20.0,5,5,1118937528100,1118937527100,2209,2229,3,1118937527100,1118937529100,2
test,249,s1_t1118937520200_a2222,high,20.0,7,5,1118937528100,1118937527100,2229,2209,3,1118937527100,1118937529100,3
test,249,s1_t1118937520200_a2222,high,20.0,7,9,1118937532100,1118937531100,2209,2229,3,1118937531100,1118937533100,3
test,249,s1_t1118937520200_a2222,high,20.0,6,11,1118937534100,1118937533100,2209,2290,3,1118937533100,1118937535100,2
test,249,s1_t1118937520200_a2222,high,20.0,0,13,1118937536100,1118937535100,2209,2229,3,1118937535100,1118937537100,3
test,250,s1_t1118937520200_a2233,high,0.0,2,1,1118937524100,1118937523100,2233,2224,3,1118937523100,1118937525100,3
test,250,s1_t1118937520200_a2233,high,0.0,5,3,1118937526100,1118937525100,2229,2222,3,1118937525100,1118937527100,3
test,250,s1_t1118937520200_a2233,high,0.0,1,4,1118937527100,1118937526100,2233,2290,3,1118937526100,1118937528100,2
test,250,s1_t1118937520200_a2233,high,0.0,2,4,1118937527100,1118937526100,2224,2233,3,1118937526100,1118937528100,3
test,250,s1_t1118937520200_a2233,high,0.0,5,9,1118937532100,1118937531100,2222,2229,3,1118937531100,1118937533100,2
test,250,s1_t1118937520200_a2233,high,5.0,6,2,1118937525100,1118937524100,2229,2222,3,1118937524100,1118937526100,3
test,250,s1_t1118937520200_a2233,high,5.0,1,5,1118937528100,1118937527100,2224,2233,3,1118937527100,1118937529100,3
test,250,s1_t1118937520200_a2233,high,5.0,3,5,1118937528100,1118937527100,2233,2290,3,1118937527100,1118937529100,3
test,250,s1_t1118937520200_a2233,high,5.0,1,7,1118937530100,1118937529100,2233,2224,3,1118937529100,1118937531100,3
test,250,s1_t1118937520200_a2233,high,5.0,3,7,1118937530100,1118937529100,2290,2233,3,1118937529100,1118937531100,3
test,250,s1_t1118937520200_a2233,high,5.0,6,7,1118937530100,1118937529100,2222,2290,3,1118937529100,1118937531100,3
test,250,s1_t1118937520200_a2233,high,5.0,6,8,1118937531100,1118937530100,2290,2222,3,1118937530100,1118937532100,2
test,250,s1_t1118937520200_a2233,high,10.0,4,2,1118937525100,1118937524100,2233,2224,3,1118937524100,1118937526100,2
test,250,s1_t1118937520200_a2233,high,10.0,3,4,1118937527100,1118937526100,2224,2233,3,1118937526100,1118937528100,3
test,250,s1_t1118937520200_a2233,high,10.0,3,8,1118937531100,1118937530100,2233,2224,3,1118937530100,1118937532100,3
test,250,s1_t1118937520200_a2233,high,15.0,4,2,1118937525100,1118937524100,2233,2224,3,1118937524100,1118937526100,2
test,250,s1_t1118937520200_a2233,high,15.0,3,4,1118937527100,1118937526100,2224,2233,3,1118937526100,1118937528100,3
test,250,s1_t1118937520200_a2233,high,15.0,3,8,1118937531100,1118937530100,2233,2224,3,1118937530100,1118937532100,3
test,250,s1_t1118937520200_a2233,high,15.0,6,13,1118937536100,1118937535100,2222,2229,3,1118937535100,1118937537100,2
test,250,s1_t1118937520200_a2233,high,15.0,7,14,1118937537100,1118937536100,2222,2224,3,1118937536100,1118937538100,3
test,250,s1_t1118937520200_a2233,high,20.0,4,2,1118937525100,1118937524100,2233,2224,3,1118937524100,1118937526100,2
test,250,s1_t1118937520200_a2233,high,20.0,3,4,1118937527100,1118937526100,2224,2233,3,1118937526100,1118937528100,3
test,250,s1_t1118937520200_a2233,high,20.0,3,8,1118937531100,1118937530100,2233,2224,3,1118937530100,1118937532100,3
test,250,s1_t1118937520200_a2233,high,20.0,6,13,1118937536100,1118937535100,2222,2229,3,1118937535100,1118937537100,2
test,250,s1_t1118937520200_a2233,high,20.0,7,14,1118937537100,1118937536100,2222,2224,3,1118937536100,1118937538100,3
test,251,s1_t1118937520200_a2278,high,-5.0,4,9,1118937532100,1118937531100,2240,2264,3,1118937531100,1118937533100,3
test,251,s1_t1118937520200_a2278,high,-5.0,4,10,1118937533100,1118937532100,2264,2240,3,1118937532100,1118937534100,3
test,251,s1_t1118937520200_a2278,high,5.0,3,9,1118937532100,1118937531100,2240,2264,3,1118937531100,1118937533100,3
test,251,s1_t1118937520200_a2278,high,5.0,3,10,1118937533100,1118937532100,2264,2240,3,1118937532100,1118937534100,3
test,251,s1_t1118937520200_a2278,high,10.0,4,9,1118937532100,1118937531100,2240,2264,3,1118937531100,1118937533100,3
test,251,s1_t1118937520200_a2278,high,10.0,4,10,1118937533100,1118937532100,2264,2240,3,1118937532100,1118937534100,3
test,251,s1_t1118937520200_a2278,high,15.0,4,9,1118937532100,1118937531100,2240,2264,3,1118937531100,1118937533100,3
test,251,s1_t1118937520200_a2278,high,15.0,4,10,1118937533100,1118937532100,2264,2240,3,1118937532100,1118937534100,3
test,251,s1_t1118937520200_a2278,high,20.0,4,9,1118937532100,1118937531100,2240,2264,3,1118937531100,1118937533100,3
test,251,s1_t1118937520200_a2278,high,20.0,4,10,1118937533100,1118937532100,2264,2240,3,1118937532100,1118937534100,3
test,252,s1_t1118937540200_a2225,high,-5.0,7,1,1118937544100,1118937543100,2225,2290,3,1118937543100,1118937545100,1
test,253,s1_t1118937540200_a2314,high,0.0,2,1,1118937544100,1118937543100,2310,2331,3,1118937543100,1118937545100,3
test,253,s1_t1118937540200_a2314,high,0.0,7,8,1118937551100,1118937550100,2311,2310,3,1118937550100,1118937552100,2
test,253,s1_t1118937540200_a2314,high,5.0,1,8,1118937551100,1118937550100,2314,2332,3,1118937550100,1118937552100,2
test,253,s1_t1118937540200_a2314,high,5.0,2,8,1118937551100,1118937550100,2332,2328,3,1118937550100,1118937552100,3
test,253,s1_t1118937540200_a2314,high,5.0,2,9,1118937552100,1118937551100,2328,2332,3,1118937551100,1118937553100,3
test,253,s1_t1118937540200_a2314,high,5.0,2,12,1118937555100,1118937554100,2332,2314,3,1118937554100,1118937556100,3
test,253,s1_t1118937540200_a2314,high,5.0,2,14,1118937557100,1118937556100,2314,2311,3,1118937556100,1118937558100,2
test,253,s1_t1118937540200_a2314,high,5.0,5,14,1118937557100,1118937556100,2332,2314,3,1118937556100,1118937558100,3
test,253,s1_t1118937540200_a2314,high,10.0,1,8,1118937551100,1118937550100,2314,2332,3,1118937550100,1118937552100,2
test,253,s1_t1118937540200_a2314,high,10.0,2,8,1118937551100,1118937550100,2332,2328,3,1118937550100,1118937552100,3
test,253,s1_t1118937540200_a2314,high,10.0,2,9,1118937552100,1118937551100,2328,2332,3,1118937551100,1118937553100,3
test,253,s1_t1118937540200_a2314,high,10.0,2,12,1118937555100,1118937554100,2332,2314,3,1118937554100,1118937556100,3
test,253,s1_t1118937540200_a2314,high,10.0,2,13,1118937556100,1118937555100,2314,2311,3,1118937555100,1118937557100,3
test,253,s1_t1118937540200_a2314,high,10.0,4,13,1118937556100,1118937555100,2332,2314,3,1118937555100,1118937557100,3
test,253,s1_t1118937540200_a2314,high,15.0,1,8,1118937551100,1118937550100,2314,2332,3,1118937550100,1118937552100,2
test,253,s1_t1118937540200_a2314,high,15.0,2,8,1118937551100,1118937550100,2332,2328,3,1118937550100,1118937552100,3
test,253,s1_t1118937540200_a2314,high,15.0,2,9,1118937552100,1118937551100,2328,2332,3,1118937551100,1118937553100,3
test,253,s1_t1118937540200_a2314,high,15.0,2,12,1118937555100,1118937554100,2332,2314,3,1118937554100,1118937556100,3
test,253,s1_t1118937540200_a2314,high,15.0,2,14,1118937557100,1118937556100,2314,2311,3,1118937556100,1118937558100,2
test,253,s1_t1118937540200_a2314,high,20.0,1,8,1118937551100,1118937550100,2314,2332,3,1118937550100,1118937552100,2
test,253,s1_t1118937540200_a2314,high,20.0,2,8,1118937551100,1118937550100,2332,2328,3,1118937550100,1118937552100,3
test,253,s1_t1118937540200_a2314,high,20.0,2,9,1118937552100,1118937551100,2328,2332,3,1118937551100,1118937553100,3
test,253,s1_t1118937540200_a2314,high,20.0,2,12,1118937555100,1118937554100,2332,2314,3,1118937554100,1118937556100,3
test,253,s1_t1118937540200_a2314,high,20.0,2,14,1118937557100,1118937556100,2314,2311,3,1118937556100,1118937558100,2
test,253,s1_t1118937540200_a2314,high,20.0,5,14,1118937557100,1118937556100,2310,2331,3,1118937556100,1118937558100,3
test,254,s1_t1118937540200_a2322,high,-5.0,3,6,1118937549100,1118937548100,2340,2322,3,1118937548100,1118937550100,3
test,254,s1_t1118937540200_a2322,high,-5.0,2,13,1118937556100,1118937555100,2340,2346,3,1118937555100,1118937557100,2
test,254,s1_t1118937540200_a2322,high,-5.0,3,13,1118937556100,1118937555100,2322,2340,3,1118937555100,1118937557100,3
test,254,s1_t1118937540200_a2322,high,-5.0,3,15,1118937558100,1118937557100,2340,2322,2,1118937557100,1118937558100,2
test,254,s1_t1118937540200_a2322,high,-5.0,7,15,1118937558100,1118937557100,2322,2340,2,1118937557100,1118937558100,2
test,254,s1_t1118937540200_a2322,high,0.0,2,14,1118937557100,1118937556100,2322,2340,3,1118937556100,1118937558100,3
test,254,s1_t1118937540200_a2322,high,0.0,6,14,1118937557100,1118937556100,2342,2322,3,1118937556100,1118937558100,3
test,254,s1_t1118937540200_a2322,high,0.0,6,15,1118937558100,1118937557100,2322,2342,2,1118937557100,1118937558100,2
test,254,s1_t1118937540200_a2322,high,5.0,4,1,1118937544100,1118937543100,2340,2322,3,1118937543100,1118937545100,3
test,254,s1_t1118937540200_a2322,high,5.0,6,15,1118937558100,1118937557100,2322,2340,2,1118937557100,1118937558100,2
test,254,s1_t1118937540200_a2322,high,10.0,4,2,1118937545100,1118937544100,2340,2322,3,1118937544100,1118937546100,3
test,254,s1_t1118937540200_a2322,high,10.0,7,13,1118937556100,1118937555100,2322,2340,3,1118937555100,1118937557100,3
test,254,s1_t1118937540200_a2322,high,15.0,4,2,1118937545100,1118937544100,2340,2322,3,1118937544100,1118937546100,3
test,254,s1_t1118937540200_a2322,high,20.0,4,2,1118937545100,1118937544100,2340,2322,3,1118937544100,1118937546100,3
test,255,s1_t1118937560200_a2254,high,-5.0,6,2,1118937565100,1118937564100,2304,2315,3,1118937564100,1118937566100,2
test,255,s1_t1118937560200_a2254,high,-5.0,5,4,1118937567100,1118937566100,2331,2310,3,1118937566100,1118937568100,2
test,255,s1_t1118937560200_a2254,high,-5.0,1,6,1118937569100,1118937568100,2309,2304,3,1118937568100,1118937570100,3
test,255,s1_t1118937560200_a2254,high,-5.0,0,8,1118937571100,1118937570100,2309,2304,3,1118937570100,1118937572100,3
test,255,s1_t1118937560200_a2254,high,-5.0,1,8,1118937571100,1118937570100,2304,2230,3,1118937570100,1118937572100,3
test,255,s1_t1118937560200_a2254,high,-5.0,0,9,1118937572100,1118937571100,2304,2309,3,1118937571100,1118937573100,3
test,255,s1_t1118937560200_a2254,high,-5.0,1,9,1118937572100,1118937571100,2230,2304,3,1118937571100,1118937573100,2
test,255,s1_t1118937560200_a2254,high,0.0,6,2,1118937565100,1118937564100,2309,2304,3,1118937564100,1118937566100,3
test,255,s1_t1118937560200_a2254,high,0.0,6,3,1118937566100,1118937565100,2304,2309,3,1118937565100,1118937567100,2
test,255,s1_t1118937560200_a2254,high,0.0,1,7,1118937570100,1118937569100,2304,2230,3,1118937569100,1118937571100,2
test,255,s1_t1118937560200_a2254,high,0.0,3,7,1118937570100,1118937569100,2254,2308,3,1118937569100,1118937571100,2
test,255,s1_t1118937560200_a2254,high,0.0,5,7,1118937570100,1118937569100,2309,2304,3,1118937569100,1118937571100,3
test,255,s1_t1118937560200_a2254,high,0.0,5,8,1118937571100,1118937570100,2304,2309,3,1118937570100,1118937572100,3
test,255,s1_t1118937560200_a2254,high,5.0,7,2,1118937565100,1118937564100,2304,2315,3,1118937564100,1118937566100,2
test,255,s1_t1118937560200_a2254,high,5.0,1,4,1118937567100,1118937566100,2309,2304,3,1118937566100,1118937568100,3
test,255,s1_t1118937560200_a2254,high,5.0,2,5,1118937568100,1118937567100,2254,2308,3,1118937567100,1118937569100,3
test,255,s1_t1118937560200_a2254,high,5.0,2,6,1118937569100,1118937568100,2308,2254,3,1118937568100,1118937570100,3
test,255,s1_t1118937560200_a2254,high,5.0,1,7,1118937570100,1118937569100,2304,2230,3,1118937569100,1118937571100,2
test,255,s1_t1118937560200_a2254,high,5.0,2,7,1118937570100,1118937569100,2254,2308,3,1118937569100,1118937571100,2
test,255,s1_t1118937560200_a2254,high,5.0,4,7,1118937570100,1118937569100,2309,2304,3,1118937569100,1118937571100,3
test,255,s1_t1118937560200_a2254,high,10.0,3,2,1118937565100,1118937564100,2304,2315,3,1118937564100,1118937566100,2
test,255,s1_t1118937560200_a2254,high,10.0,7,2,1118937565100,1118937564100,2308,2310,3,1118937564100,1118937566100,2
test,255,s1_t1118937560200_a2254,high,10.0,5,4,1118937567100,1118937566100,2309,2304,3,1118937566100,1118937568100,3
test,255,s1_t1118937560200_a2254,high,10.0,1,7,1118937570100,1118937569100,2308,2254,3,1118937569100,1118937571100,2
test,255,s1_t1118937560200_a2254,high,10.0,2,7,1118937570100,1118937569100,2254,2308,3,1118937569100,1118937571100,2
test,255,s1_t1118937560200_a2254,high,10.0,5,7,1118937570100,1118937569100,2304,2309,3,1118937569100,1118937571100,3
test,255,s1_t1118937560200_a2254,high,10.0,7,7,1118937570100,1118937569100,2309,2304,3,1118937569100,1118937571100,3
test,255,s1_t1118937560200_a2254,high,10.0,2,13,1118937576100,1118937575100,2308,2254,3,1118937575100,1118937577100,2
test,255,s1_t1118937560200_a2254,high,15.0,2,2,1118937565100,1118937564100,2304,2315,3,1118937564100,1118937566100,2
test,255,s1_t1118937560200_a2254,high,15.0,3,2,1118937565100,1118937564100,2308,2310,3,1118937564100,1118937566100,2
test,255,s1_t1118937560200_a2254,high,15.0,6,4,1118937567100,1118937566100,2309,2304,3,1118937566100,1118937568100,3
test,255,s1_t1118937560200_a2254,high,15.0,1,7,1118937570100,1118937569100,2308,2254,3,1118937569100,1118937571100,2
test,255,s1_t1118937560200_a2254,high,15.0,3,7,1118937570100,1118937569100,2309,2304,3,1118937569100,1118937571100,2
test,255,s1_t1118937560200_a2254,high,15.0,4,7,1118937570100,1118937569100,2254,2308,3,1118937569100,1118937571100,2
test,255,s1_t1118937560200_a2254,high,15.0,6,7,1118937570100,1118937569100,2304,2309,3,1118937569100,1118937571100,3
test,255,s1_t1118937560200_a2254,high,15.0,6,8,1118937571100,1118937570100,2309,2304,3,1118937570100,1118937572100,3
test,255,s1_t1118937560200_a2254,high,15.0,6,9,1118937572100,1118937571100,2304,2309,3,1118937571100,1118937573100,3
test,255,s1_t1118937560200_a2254,high,15.0,7,9,1118937572100,1118937571100,2230,2304,3,1118937571100,1118937573100,2
test,255,s1_t1118937560200_a2254,high,15.0,6,13,1118937576100,1118937575100,2308,2254,3,1118937575100,1118937577100,2
test,255,s1_t1118937560200_a2254,high,20.0,2,2,1118937565100,1118937564100,2304,2315,3,1118937564100,1118937566100,2
test,255,s1_t1118937560200_a2254,high,20.0,3,2,1118937565100,1118937564100,2308,2310,3,1118937564100,1118937566100,2
test,255,s1_t1118937560200_a2254,high,20.0,6,4,1118937567100,1118937566100,2309,2304,3,1118937566100,1118937568100,3
test,255,s1_t1118937560200_a2254,high,20.0,4,5,1118937568100,1118937567100,2254,2308,3,1118937567100,1118937569100,3
test,255,s1_t1118937560200_a2254,high,20.0,7,5,1118937568100,1118937567100,2315,2254,3,1118937567100,1118937569100,3
test,255,s1_t1118937560200_a2254,high,20.0,4,6,1118937569100,1118937568100,2308,2254,3,1118937568100,1118937570100,3
test,255,s1_t1118937560200_a2254,high,20.0,7,6,1118937569100,1118937568100,2254,2315,3,1118937568100,1118937570100,2
test,255,s1_t1118937560200_a2254,high,20.0,2,7,1118937570100,1118937569100,2309,2304,3,1118937569100,1118937571100,2
test,255,s1_t1118937560200_a2254,high,20.0,4,8,1118937571100,1118937570100,2254,2315,3,1118937570100,1118937572100,2
test,255,s1_t1118937560200_a2254,high,20.0,5,8,1118937571100,1118937570100,2309,2304,3,1118937570100,1118937572100,3
test,255,s1_t1118937560200_a2254,high,20.0,2,13,1118937576100,1118937575100,2308,2254,3,1118937575100,1118937577100,2
test,257,s1_t1118937560200_a2380,high,20.0,5,14,1118937577100,1118937576100,2375,2382,3,1118937576100,1118937578100,2
test,258,s1_t1118937580200_a2382,high,0.0,1,3,1118937586100,1118937585100,2370,2363,3,1118937585100,1118937587100,2
test,258,s1_t1118937580200_a2382,high,0.0,3,4,1118937587100,1118937586100,2382,2363,3,1118937586100,1118937588100,3
test,258,s1_t1118937580200_a2382,high,0.0,4,8,1118937591100,1118937590100,2370,2382,3,1118937590100,1118937592100,3
test,258,s1_t1118937580200_a2382,high,5.0,3,3,1118937586100,1118937585100,2370,2363,3,1118937585100,1118937587100,2
test,258,s1_t1118937580200_a2382,high,5.0,5,4,1118937587100,1118937586100,2382,2363,3,1118937586100,1118937588100,3
test,258,s1_t1118937580200_a2382,high,10.0,2,4,1118937587100,1118937586100,2370,2382,3,1118937586100,1118937588100,3
test,258,s1_t1118937580200_a2382,high,10.0,2,5,1118937588100,1118937587100,2382,2370,3,1118937587100,1118937589100,3
test,258,s1_t1118937580200_a2382,high,10.0,2,7,1118937590100,1118937589100,2370,2382,3,1118937589100,1118937591100,3
test,258,s1_t1118937580200_a2382,high,15.0,2,4,1118937587100,1118937586100,2370,2382,3,1118937586100,1118937588100,3
test,258,s1_t1118937580200_a2382,high,15.0,2,5,1118937588100,1118937587100,2382,2370,3,1118937587100,1118937589100,3
test,258,s1_t1118937580200_a2382,high,15.0,2,7,1118937590100,1118937589100,2370,2382,3,1118937589100,1118937591100,3
test,258,s1_t1118937580200_a2382,high,20.0,5,2,1118937585100,1118937584100,2370,2382,3,1118937584100,1118937586100,3
test,258,s1_t1118937580200_a2382,high,20.0,5,4,1118937587100,1118937586100,2382,2370,3,1118937586100,1118937588100,3
test,258,s1_t1118937580200_a2382,high,20.0,5,7,1118937590100,1118937589100,2370,2382,3,1118937589100,1118937591100,3
test,259,s1_t1118937580200_a2386,high,-5.0,6,14,1118937597100,1118937596100,2375,2386,3,1118937596100,1118937598100,3
test,259,s1_t1118937580200_a2386,high,0.0,4,4,1118937587100,1118937586100,2383,2375,3,1118937586100,1118937588100,3
test,259,s1_t1118937580200_a2386,high,0.0,4,8,1118937591100,1118937590100,2375,2383,3,1118937590100,1118937592100,2
test,259,s1_t1118937580200_a2386,high,0.0,5,14,1118937597100,1118937596100,2375,2386,3,1118937596100,1118937598100,3
test,259,s1_t1118937580200_a2386,high,5.0,4,6,1118937589100,1118937588100,2375,2383,3,1118937588100,1118937590100,3
test,259,s1_t1118937580200_a2386,high,5.0,7,13,1118937596100,1118937595100,2375,2383,3,1118937595100,1118937597100,3
test,259,s1_t1118937580200_a2386,high,10.0,4,8,1118937591100,1118937590100,2375,2383,3,1118937590100,1118937592100,2
test,259,s1_t1118937580200_a2386,high,10.0,2,13,1118937596100,1118937595100,2375,2383,3,1118937595100,1118937597100,3
test,259,s1_t1118937580200_a2386,high,15.0,6,2,1118937585100,1118937584100,2383,2375,3,1118937584100,1118937586100,3
test,259,s1_t1118937580200_a2386,high,15.0,6,8,1118937591100,1118937590100,2375,2383,3,1118937590100,1118937592100,2
test,259,s1_t1118937580200_a2386,high,15.0,2,13,1118937596100,1118937595100,2375,2383,3,1118937595100,1118937597100,3
test,259,s1_t1118937580200_a2386,high,20.0,6,2,1118937585100,1118937584100,2383,2375,3,1118937584100,1118937586100,3
test,259,s1_t1118937580200_a2386,high,20.0,6,8,1118937591100,1118937590100,2375,2383,3,1118937590100,1118937592100,2
test,259,s1_t1118937580200_a2386,high,20.0,2,13,1118937596100,1118937595100,2375,2383,3,1118937595100,1118937597100,3
test,260,s1_t1118937580200_a2406,mid,0.0,6,2,1118937585100,1118937584100,2406,2408,3,1118937584100,1118937586100,2
test,261,s1_t1118937600200_a2356,high,-5.0,1,1,1118937604100,1118937603100,2407,2396,3,1118937603100,1118937605100,3
test,261,s1_t1118937600200_a2356,high,-5.0,1,3,1118937606100,1118937605100,2396,2407,3,1118937605100,1118937607100,3
test,261,s1_t1118937600200_a2356,high,0.0,2,1,1118937604100,1118937603100,2407,2396,3,1118937603100,1118937605100,3
test,261,s1_t1118937600200_a2356,high,0.0,4,9,1118937612100,1118937611100,2407,2396,3,1118937611100,1118937613100,3
test,261,s1_t1118937600200_a2356,high,5.0,2,1,1118937604100,1118937603100,2407,2396,3,1118937603100,1118937605100,3
test,261,s1_t1118937600200_a2356,high,5.0,3,8,1118937611100,1118937610100,2407,2396,3,1118937610100,1118937612100,3
test,261,s1_t1118937600200_a2356,high,10.0,2,1,1118937604100,1118937603100,2407,2396,3,1118937603100,1118937605100,3
test,261,s1_t1118937600200_a2356,high,15.0,2,1,1118937604100,1118937603100,2407,2396,3,1118937603100,1118937605100,3
test,261,s1_t1118937600200_a2356,high,15.0,7,8,1118937611100,1118937610100,2407,2396,3,1118937610100,1118937612100,3
test,261,s1_t1118937600200_a2356,high,20.0,2,1,1118937604100,1118937603100,2407,2396,3,1118937603100,1118937605100,3
test,261,s1_t1118937600200_a2356,high,20.0,7,8,1118937611100,1118937610100,2407,2396,3,1118937610100,1118937612100,3
test,263,s1_t1118937600200_a2420,high,-5.0,1,3,1118937606100,1118937605100,2340,2420,3,1118937605100,1118937607100,3
test,263,s1_t1118937600200_a2420,high,-5.0,1,4,1118937607100,1118937606100,2420,2340,3,1118937606100,1118937608100,3
test,263,s1_t1118937600200_a2420,high,-5.0,1,6,1118937609100,1118937608100,2340,2420,3,1118937608100,1118937610100,3
test,263,s1_t1118937600200_a2420,high,0.0,5,15,1118937618100,1118937617100,2338,2349,2,1118937617100,1118937618100,2
test,263,s1_t1118937600200_a2420,high,0.0,6,15,1118937618100,1118937617100,2420,2338,2,1118937617100,1118937618100,2
test,263,s1_t1118937600200_a2420,high,5.0,1,4,1118937607100,1118937606100,2420,2340,3,1118937606100,1118937608100,3
test,263,s1_t1118937600200_a2420,high,5.0,1,6,1118937609100,1118937608100,2340,2420,3,1118937608100,1118937610100,3
test,263,s1_t1118937600200_a2420,high,5.0,1,8,1118937611100,1118937610100,2420,2340,3,1118937610100,1118937612100,3
test,263,s1_t1118937600200_a2420,high,5.0,5,8,1118937611100,1118937610100,2338,2420,3,1118937610100,1118937612100,2
test,263,s1_t1118937600200_a2420,high,5.0,1,9,1118937612100,1118937611100,2340,2420,3,1118937611100,1118937613100,3
test,263,s1_t1118937600200_a2420,high,10.0,1,4,1118937607100,1118937606100,2420,2340,3,1118937606100,1118937608100,3
test,263,s1_t1118937600200_a2420,high,10.0,1,6,1118937609100,1118937608100,2340,2420,3,1118937608100,1118937610100,2
test,263,s1_t1118937600200_a2420,high,15.0,1,4,1118937607100,1118937606100,2420,2340,3,1118937606100,1118937608100,3
test,263,s1_t1118937600200_a2420,high,15.0,1,6,1118937609100,1118937608100,2340,2420,3,1118937608100,1118937610100,2
test,263,s1_t1118937600200_a2420,high,20.0,1,4,1118937607100,1118937606100,2420,2340,3,1118937606100,1118937608100,3
test,263,s1_t1118937600200_a2420,high,20.0,1,6,1118937609100,1118937608100,2340,2420,3,1118937608100,1118937610100,2
test,263,s1_t1118937600200_a2420,high,20.0,1,9,1118937612100,1118937611100,2340,2420,3,1118937611100,1118937613100,3
test,264,s1_t1118937620200_a2362,high,-5.0,0,1,1118937624100,1118937623100,2362,2342,3,1118937623100,1118937625100,2
test,264,s1_t1118937620200_a2362,high,-5.0,2,1,1118937624100,1118937623100,2399,2412,3,1118937623100,1118937625100,2
test,264,s1_t1118937620200_a2362,high,-5.0,6,4,1118937627100,1118937626100,2344,2330,3,1118937626100,1118937628100,3
test,264,s1_t1118937620200_a2362,high,-5.0,7,4,1118937627100,1118937626100,2330,2344,3,1118937626100,1118937628100,3
test,264,s1_t1118937620200_a2362,high,-5.0,1,5,1118937628100,1118937627100,2399,2412,3,1118937627100,1118937629100,3
test,264,s1_t1118937620200_a2362,high,-5.0,0,10,1118937633100,1118937632100,2344,2342,3,1118937632100,1118937634100,2
test,264,s1_t1118937620200_a2362,high,0.0,2,2,1118937625100,1118937624100,2399,2412,3,1118937624100,1118937626100,3
test,264,s1_t1118937620200_a2362,high,0.0,5,4,1118937627100,1118937626100,2347,2362,3,1118937626100,1118937628100,2
test,264,s1_t1118937620200_a2362,high,0.0,2,5,1118937628100,1118937627100,2412,2399,3,1118937627100,1118937629100,3
test,264,s1_t1118937620200_a2362,high,0.0,2,7,1118937630100,1118937629100,2399,2412,3,1118937629100,1118937631100,2
test,264,s1_t1118937620200_a2362,high,0.0,3,7,1118937630100,1118937629100,2344,2347,3,1118937629100,1118937631100,2
test,264,s1_t1118937620200_a2362,high,0.0,6,8,1118937631100,1118937630100,2342,2344,3,1118937630100,1118937632100,2
test,264,s1_t1118937620200_a2362,high,0.0,5,13,1118937636100,1118937635100,2342,2344,3,1118937635100,1118937637100,3
test,264,s1_t1118937620200_a2362,high,0.0,5,14,1118937637100,1118937636100,2344,2347,3,1118937636100,1118937638100,2
test,264,s1_t1118937620200_a2362,high,0.0,7,14,1118937637100,1118937636100,2330,2344,3,1118937636100,1118937638100,2
test,264,s1_t1118937620200_a2362,high,5.0,2,1,1118937624100,1118937623100,2399,2412,3,1118937623100,1118937625100,3
test,264,s1_t1118937620200_a2362,high,5.0,2,2,1118937625100,1118937624100,2412,2399,3,1118937624100,1118937626100,2
test,264,s1_t1118937620200_a2362,high,5.0,5,4,1118937627100,1118937626100,2362,2314,3,1118937626100,1118937628100,2
test,264,s1_t1118937620200_a2362,high,5.0,3,7,1118937630100,1118937629100,2330,2344,3,1118937629100,1118937631100,3
test,264,s1_t1118937620200_a2362,high,5.0,3,8,1118937631100,1118937630100,2344,2314,3,1118937630100,1118937632100,3
test,264,s1_t1118937620200_a2362,high,5.0,1,12,1118937635100,1118937634100,2362,2342,3,1118937634100,1118937636100,3
test,264,s1_t1118937620200_a2362,high,5.0,3,14,1118937637100,1118937636100,2314,2330,3,1118937636100,1118937638100,2
test,264,s1_t1118937620200_a2362,high,5.0,7,14,1118937637100,1118937636100,2330,2344,3,1118937636100,1118937638100,3
test,264,s1_t1118937620200_a2362,high,5.0,7,15,1118937638100,1118937637100,2344,2347,2,1118937637100,1118937638100,2
test,264,s1_t1118937620200_a2362,high,10.0,2,1,1118937624100,1118937623100,2399,2412,3,1118937623100,1118937625100,3
test,264,s1_t1118937620200_a2362,high,10.0,2,2,1118937625100,1118937624100,2412,2399,3,1118937624100,1118937626100,2
test,264,s1_t1118937620200_a2362,high,10.0,5,3,1118937626100,1118937625100,2347,2344,3,1118937625100,1118937627100,3
test,264,s1_t1118937620200_a2362,high,10.0,5,4,1118937627100,1118937626100,2344,2314,3,1118937626100,1118937628100,3
test,264,s1_t1118937620200_a2362,high,10.0,4,6,1118937629100,1118937628100,2342,2362,3,1118937628100,1118937630100,3
test,264,s1_t1118937620200_a2362,high,10.0,4,7,1118937630100,1118937629100,2362,2342,3,1118937629100,1118937631100,3
test,264,s1_t1118937620200_a2362,high,10.0,4,11,1118937634100,1118937633100,2342,2362,3,1118937633100,1118937635100,2
test,264,s1_t1118937620200_a2362,high,10.0,0,14,1118937637100,1118937636100,2314,2344,3,1118937636100,1118937638100,2
test,264,s1_t1118937620200_a2362,high,10.0,5,15,1118937638100,1118937637100,2330,2347,2,1118937637100,1118937638100,2
test,264,s1_t1118937620200_a2362,high,15.0,2,1,1118937624100,1118937623100,2399,2412,3,1118937623100,1118937625100,3
test,264,s1_t1118937620200_a2362,high,15.0,1,2,1118937625100,1118937624100,2342,2362,3,1118937624100,1118937626100,2
test,264,s1_t1118937620200_a2362,high,15.0,2,2,1118937625100,1118937624100,2412,2399,3,1118937624100,1118937626100,3
test,264,s1_t1118937620200_a2362,high,15.0,5,4,1118937627100,1118937626100,2347,2344,3,1118937626100,1118937628100,3
test,264,s1_t1118937620200_a2362,high,15.0,1,5,1118937628100,1118937627100,2399,2412,3,1118937627100,1118937629100,2
test,264,s1_t1118937620200_a2362,high,15.0,5,5,1118937628100,1118937627100,2344,2314,3,1118937627100,1118937629100,2
test,264,s1_t1118937620200_a2362,high,15.0,7,6,1118937629100,1118937628100,2330,2344,3,1118937628100,1118937630100,2
test,264,s1_t1118937620200_a2362,high,15.0,3,9,1118937632100,1118937631100,2362,2342,3,1118937631100,1118937633100,3
test,264,s1_t1118937620200_a2362,high,15.0,6,9,1118937632100,1118937631100,2342,2344,3,1118937631100,1118937633100,2
test,264,s1_t1118937620200_a2362,high,15.0,3,11,1118937634100,1118937633100,2342,2362,3,1118937633100,1118937635100,3
test,264,s1_t1118937620200_a2362,high,15.0,3,13,1118937636100,1118937635100,2362,2342,3,1118937635100,1118937637100,2
test,264,s1_t1118937620200_a2362,high,15.0,0,14,1118937637100,1118937636100,2314,2344,3,1118937636100,1118937638100,2
test,264,s1_t1118937620200_a2362,high,15.0,7,15,1118937638100,1118937637100,2330,2344,2,1118937637100,1118937638100,2
test,264,s1_t1118937620200_a2362,high,20.0,3,1,1118937624100,1118937623100,2399,2412,3,1118937623100,1118937625100,2
test,264,s1_t1118937620200_a2362,high,20.0,1,2,1118937625100,1118937624100,2342,2362,3,1118937624100,1118937626100,3
test,264,s1_t1118937620200_a2362,high,20.0,1,3,1118937626100,1118937625100,2362,2342,3,1118937625100,1118937627100,3
test,264,s1_t1118937620200_a2362,high,20.0,0,4,1118937627100,1118937626100,2344,2330,3,1118937626100,1118937628100,3
test,264,s1_t1118937620200_a2362,high,20.0,5,4,1118937627100,1118937626100,2330,2344,3,1118937626100,1118937628100,3
test,264,s1_t1118937620200_a2362,high,20.0,0,6,1118937629100,1118937628100,2330,2344,3,1118937628100,1118937630100,3
test,264,s1_t1118937620200_a2362,high,20.0,5,6,1118937629100,1118937628100,2344,2330,3,1118937628100,1118937630100,3
test,264,s1_t1118937620200_a2362,high,20.0,0,7,1118937630100,1118937629100,2344,2330,3,1118937629100,1118937631100,3
test,264,s1_t1118937620200_a2362,high,20.0,5,7,1118937630100,1118937629100,2330,2344,3,1118937629100,1118937631100,3
test,264,s1_t1118937620200_a2362,high,20.0,5,8,1118937631100,1118937630100,2344,2314,3,1118937630100,1118937632100,3
test,264,s1_t1118937620200_a2362,high,20.0,7,8,1118937631100,1118937630100,2347,2344,3,1118937630100,1118937632100,3
test,264,s1_t1118937620200_a2362,high,20.0,3,13,1118937636100,1118937635100,2344,2314,3,1118937635100,1118937637100,3
test,265,s1_t1118937620200_a2386,high,-5.0,6,1,1118937624100,1118937623100,2375,2414,3,1118937623100,1118937625100,2
test,265,s1_t1118937620200_a2386,high,-5.0,4,3,1118937626100,1118937625100,2386,2383,3,1118937625100,1118937627100,2
test,265,s1_t1118937620200_a2386,high,-5.0,0,4,1118937627100,1118937626100,2414,2421,3,1118937626100,1118937628100,3
test,265,s1_t1118937620200_a2386,high,-5.0,1,4,1118937627100,1118937626100,2421,2414,3,1118937626100,1118937628100,2
test,265,s1_t1118937620200_a2386,high,-5.0,3,4,1118937627100,1118937626100,2388,2383,3,1118937626100,1118937628100,2
test,265,s1_t1118937620200_a2386,high,-5.0,5,5,1118937628100,1118937627100,2375,2414,3,1118937627100,1118937629100,3
test,265,s1_t1118937620200_a2386,high,-5.0,2,6,1118937629100,1118937628100,2375,2414,3,1118937628100,1118937630100,3
test,265,s1_t1118937620200_a2386,high,-5.0,5,6,1118937629100,1118937628100,2414,2421,3,1118937628100,1118937630100,3
test,265,s1_t1118937620200_a2386,high,-5.0,2,7,1118937630100,1118937629100,2414,2375,3,1118937629100,1118937631100,3
test,265,s1_t1118937620200_a2386,high,-5.0,0,10,1118937633100,1118937632100,2414,2421,3,1118937632100,1118937634100,3
test,265,s1_t1118937620200_a2386,high,-5.0,5,10,1118937633100,1118937632100,2421,2414,3,1118937632100,1118937634100,2
test,265,s1_t1118937620200_a2386,high,-5.0,1,11,1118937634100,1118937633100,2386,2388,3,1118937633100,1118937635100,2
test,265,s1_t1118937620200_a2386,high,-5.0,2,11,1118937634100,1118937633100,2375,2414,3,1118937633100,1118937635100,3
test,265,s1_t1118937620200_a2386,high,-5.0,0,12,1118937635100,1118937634100,2421,2414,3,1118937634100,1118937636100,3
test,265,s1_t1118937620200_a2386,high,-5.0,2,12,1118937635100,1118937634100,2414,2375,3,1118937634100,1118937636100,3
test,265,s1_t1118937620200_a2386,high,-5.0,0,13,1118937636100,1118937635100,2414,2421,3,1118937635100,1118937637100,3
test,265,s1_t1118937620200_a2386,high,-5.0,2,13,1118937636100,1118937635100,2375,2414,3,1118937635100,1118937637100,3
test,265,s1_t1118937620200_a2386,high,-5.0,2,14,1118937637100,1118937636100,2414,2375,3,1118937636100,1118937638100,3
test,265,s1_t1118937620200_a2386,high,-5.0,6,14,1118937637100,1118937636100,2375,2383,3,1118937636100,1118937638100,3
test,265,s1_t1118937620200_a2386,high,0.0,6,1,1118937624100,1118937623100,2375,2414,3,1118937623100,1118937625100,2
test,265,s1_t1118937620200_a2386,high,0.0,4,3,1118937626100,1118937625100,2386,2383,3,1118937625100,1118937627100,2
test,265,s1_t1118937620200_a2386,high,0.0,0,4,1118937627100,1118937626100,2414,2421,3,1118937626100,1118937628100,3
test,265,s1_t1118937620200_a2386,high,0.0,3,4,1118937627100,1118937626100,2388,2383,3,1118937626100,1118937628100,2
test,265,s1_t1118937620200_a2386,high,0.0,5,4,1118937627100,1118937626100,2375,2414,3,1118937626100,1118937628100,3
test,265,s1_t1118937620200_a2386,high,0.0,7,6,1118937629100,1118937628100,2375,2414,3,1118937628100,1118937630100,3
test,265,s1_t1118937620200_a2386,high,0.0,4,8,1118937631100,1118937630100,2421,2414,3,1118937630100,1118937632100,3
test,265,s1_t1118937620200_a2386,high,0.0,7,8,1118937631100,1118937630100,2414,2375,3,1118937630100,1118937632100,3
test,265,s1_t1118937620200_a2386,high,0.0,0,10,1118937633100,1118937632100,2421,2414,3,1118937632100,1118937634100,3
test,265,s1_t1118937620200_a2386,high,0.0,4,10,1118937633100,1118937632100,2414,2421,3,1118937632100,1118937634100,3
test,265,s1_t1118937620200_a2386,high,0.0,6,11,1118937634100,1118937633100,2386,2388,3,1118937633100,1118937635100,3
test,265,s1_t1118937620200_a2386,high,0.0,2,12,1118937635100,1118937634100,2375,2414,3,1118937634100,1118937636100,3
test,265,s1_t1118937620200_a2386,high,0.0,2,13,1118937636100,1118937635100,2414,2375,3,1118937635100,1118937637100,3
test,265,s1_t1118937620200_a2386,high,5.0,6,1,1118937624100,1118937623100,2375,2414,3,1118937623100,1118937625100,2
test,265,s1_t1118937620200_a2386,high,5.0,4,3,1118937626100,1118937625100,2386,2383,3,1118937625100,1118937627100,2
test,265,s1_t1118937620200_a2386,high,5.0,0,4,1118937627100,1118937626100,2414,2421,3,1118937626100,1118937628100,3
test,265,s1_t1118937620200_a2386,high,5.0,3,4,1118937627100,1118937626100,2388,2383,3,1118937626100,1118937628100,2
test,265,s1_t1118937620200_a2386,high,5.0,5,4,1118937627100,1118937626100,2375,2414,3,1118937626100,1118937628100,2
test,265,s1_t1118937620200_a2386,high,5.0,7,5,1118937628100,1118937627100,2375,2414,3,1118937627100,1118937629100,3
test,265,s1_t1118937620200_a2386,high,5.0,7,8,1118937631100,1118937630100,2414,2375,3,1118937630100,1118937632100,3
test,265,s1_t1118937620200_a2386,high,5.0,0,9,1118937632100,1118937631100,2414,2421,3,1118937631100,1118937633100,3
test,265,s1_t1118937620200_a2386,high,5.0,4,9,1118937632100,1118937631100,2421,2414,3,1118937631100,1118937633100,3
test,265,s1_t1118937620200_a2386,high,5.0,0,10,1118937633100,1118937632100,2421,2414,3,1118937632100,1118937634100,3
test,265,s1_t1118937620200_a2386,high,5.0,4,10,1118937633100,1118937632100,2414,2421,3,1118937632100,1118937634100,3
test,265,s1_t1118937620200_a2386,high,5.0,5,11,1118937634100,1118937633100,2386,2388,3,1118937633100,1118937635100,3
test,265,s1_t1118937620200_a2386,high,5.0,4,12,1118937635100,1118937634100,2421,2414,3,1118937634100,1118937636100,3
test,265,s1_t1118937620200_a2386,high,10.0,6,1,1118937624100,1118937623100,2375,2414,3,1118937623100,1118937625100,2
test,265,s1_t1118937620200_a2386,high,10.0,4,3,1118937626100,1118937625100,2386,2383,3,1118937625100,1118937627100,2
test,265,s1_t1118937620200_a2386,high,10.0,0,4,1118937627100,1118937626100,2414,2421,3,1118937626100,1118937628100,3
test,265,s1_t1118937620200_a2386,high,10.0,3,4,1118937627100,1118937626100,2388,2383,3,1118937626100,1118937628100,2
test,265,s1_t1118937620200_a2386,high,10.0,5,4,1118937627100,1118937626100,2375,2414,3,1118937626100,1118937628100,2
test,265,s1_t1118937620200_a2386,high,10.0,7,5,1118937628100,1118937627100,2375,2414,3,1118937627100,1118937629100,3
test,265,s1_t1118937620200_a2386,high,10.0,7,8,1118937631100,1118937630100,2414,2375,3,1118937630100,1118937632100,3
test,265,s1_t1118937620200_a2386,high,10.0,0,9,1118937632100,1118937631100,2414,2421,3,1118937631100,1118937633100,3
test,265,s1_t1118937620200_a2386,high,10.0,4,9,1118937632100,1118937631100,2421,2414,3,1118937631100,1118937633100,3
test,265,s1_t1118937620200_a2386,high,10.0,0,10,1118937633100,1118937632100,2421,2414,3,1118937632100,1118937634100,3
test,265,s1_t1118937620200_a2386,high,10.0,4,10,1118937633100,1118937632100,2414,2421,3,1118937632100,1118937634100,3
test,265,s1_t1118937620200_a2386,high,10.0,5,11,1118937634100,1118937633100,2386,2388,3,1118937633100,1118937635100,3
test,265,s1_t1118937620200_a2386,high,10.0,4,12,1118937635100,1118937634100,2421,2414,3,1118937634100,1118937636100,3
test,265,s1_t1118937620200_a2386,high,15.0,4,3,1118937626100,1118937625100,2386,2383,3,1118937625100,1118937627100,2
test,265,s1_t1118937620200_a2386,high,15.0,3,4,1118937627100,1118937626100,2414,2375,3,1118937626100,1118937628100,3
test,265,s1_t1118937620200_a2386,high,15.0,5,4,1118937627100,1118937626100,2388,2383,3,1118937626100,1118937628100,2
test,265,s1_t1118937620200_a2386,high,15.0,3,6,1118937629100,1118937628100,2375,2414,3,1118937628100,1118937630100,3
test,265,s1_t1118937620200_a2386,high,15.0,3,8,1118937631100,1118937630100,2414,2375,3,1118937630100,1118937632100,3
test,265,s1_t1118937620200_a2386,high,15.0,2,9,1118937632100,1118937631100,2421,2414,3,1118937631100,1118937633100,3
test,265,s1_t1118937620200_a2386,high,15.0,7,9,1118937632100,1118937631100,2414,2421,3,1118937631100,1118937633100,3
test,265,s1_t1118937620200_a2386,high,15.0,2,10,1118937633100,1118937632100,2414,2421,3,1118937632100,1118937634100,3
test,265,s1_t1118937620200_a2386,high,15.0,7,10,1118937633100,1118937632100,2421,2414,3,1118937632100,1118937634100,3
test,265,s1_t1118937620200_a2386,high,15.0,6,11,1118937634100,1118937633100,2386,2388,3,1118937633100,1118937635100,3
test,265,s1_t1118937620200_a2386,high,15.0,2,12,1118937635100,1118937634100,2421,2414,3,1118937634100,1118937636100,3
test,265,s1_t1118937620200_a2386,high,20.0,4,3,1118937626100,1118937625100,2386,2383,3,1118937625100,1118937627100,2
test,265,s1_t1118937620200_a2386,high,20.0,3,4,1118937627100,1118937626100,2414,2375,3,1118937626100,1118937628100,3
test,265,s1_t1118937620200_a2386,high,20.0,5,4,1118937627100,1118937626100,2388,2383,3,1118937626100,1118937628100,2
test,265,s1_t1118937620200_a2386,high,20.0,3,6,1118937629100,1118937628100,2375,2414,3,1118937628100,1118937630100,3
test,265,s1_t1118937620200_a2386,high,20.0,3,8,1118937631100,1118937630100,2414,2375,3,1118937630100,1118937632100,3
test,265,s1_t1118937620200_a2386,high,20.0,2,9,1118937632100,1118937631100,2421,2414,3,1118937631100,1118937633100,3
test,265,s1_t1118937620200_a2386,high,20.0,7,9,1118937632100,1118937631100,2414,2421,3,1118937631100,1118937633100,3
test,265,s1_t1118937620200_a2386,high,20.0,2,10,1118937633100,1118937632100,2414,2421,3,1118937632100,1118937634100,3
test,265,s1_t1118937620200_a2386,high,20.0,7,10,1118937633100,1118937632100,2421,2414,3,1118937632100,1118937634100,3
test,265,s1_t1118937620200_a2386,high,20.0,6,11,1118937634100,1118937633100,2386,2388,3,1118937633100,1118937635100,3
test,265,s1_t1118937620200_a2386,high,20.0,2,12,1118937635100,1118937634100,2421,2414,3,1118937634100,1118937636100,3
test,266,s1_t1118937620200_a2412,high,-5.0,3,1,1118937624100,1118937623100,2342,2362,3,1118937623100,1118937625100,3
test,266,s1_t1118937620200_a2412,high,-5.0,5,1,1118937624100,1118937623100,2356,2322,3,1118937623100,1118937625100,3
test,266,s1_t1118937620200_a2412,high,-5.0,0,2,1118937625100,1118937624100,2412,2322,3,1118937624100,1118937626100,3
test,266,s1_t1118937620200_a2412,high,-5.0,5,2,1118937625100,1118937624100,2322,2356,3,1118937624100,1118937626100,2
test,266,s1_t1118937620200_a2412,high,-5.0,3,3,1118937626100,1118937625100,2362,2342,3,1118937625100,1118937627100,2
test,266,s1_t1118937620200_a2412,high,-5.0,7,5,1118937628100,1118937627100,2399,2412,3,1118937627100,1118937629100,3
test,266,s1_t1118937620200_a2412,high,-5.0,7,6,1118937629100,1118937628100,2412,2399,3,1118937628100,1118937630100,3
test,266,s1_t1118937620200_a2412,high,-5.0,2,8,1118937631100,1118937630100,2412,2322,3,1118937630100,1118937632100,2
test,266,s1_t1118937620200_a2412,high,-5.0,4,8,1118937631100,1118937630100,2322,2412,3,1118937630100,1118937632100,3
test,266,s1_t1118937620200_a2412,high,-5.0,4,9,1118937632100,1118937631100,2412,2322,3,1118937631100,1118937633100,2
test,266,s1_t1118937620200_a2412,high,0.0,7,1,1118937624100,1118937623100,2412,2399,3,1118937623100,1118937625100,3
test,266,s1_t1118937620200_a2412,high,0.0,5,2,1118937625100,1118937624100,2322,2412,3,1118937624100,1118937626100,3
test,266,s1_t1118937620200_a2412,high,0.0,6,4,1118937627100,1118937626100,2314,2344,3,1118937626100,1118937628100,3
test,266,s1_t1118937620200_a2412,high,0.0,3,9,1118937632100,1118937631100,2399,2412,3,1118937631100,1118937633100,2
test,266,s1_t1118937620200_a2412,high,0.0,7,9,1118937632100,1118937631100,2412,2322,3,1118937631100,1118937633100,2
test,266,s1_t1118937620200_a2412,high,0.0,6,11,1118937634100,1118937633100,2362,2342,3,1118937633100,1118937635100,3
test,266,s1_t1118937620200_a2412,high,0.0,6,12,1118937635100,1118937634100,2342,2362,3,1118937634100,1118937636100,2
test,266,s1_t1118937620200_a2412,high,0.0,2,13,1118937636100,1118937635100,2412,2322,3,1118937635100,1118937637100,2
test,266,s1_t1118937620200_a2412,high,5.0,1,1,1118937624100,1118937623100,2342,2362,3,1118937623100,1118937625100,3
test,266,s1_t1118937620200_a2412,high,5.0,1,3,1118937626100,1118937625100,2362,2342,3,1118937625100,1118937627100,2
test,266,s1_t1118937620200_a2412,high,5.0,4,4,1118937627100,1118937626100,2322,2356,3,1118937626100,1118937628100,3
test,266,s1_t1118937620200_a2412,high,5.0,6,4,1118937627100,1118937626100,2314,2344,3,1118937626100,1118937628100,3
test,266,s1_t1118937620200_a2412,high,5.0,0,7,1118937630100,1118937629100,2412,2322,3,1118937629100,1118937631100,3
test,266,s1_t1118937620200_a2412,high,5.0,2,7,1118937630100,1118937629100,2362,2314,3,1118937629100,1118937631100,2
test,266,s1_t1118937620200_a2412,high,5.0,7,7,1118937630100,1118937629100,2342,2362,3,1118937629100,1118937631100,3
test,266,s1_t1118937620200_a2412,high,5.0,0,8,1118937631100,1118937630100,2322,2412,3,1118937630100,1118937632100,3
test,266,s1_t1118937620200_a2412,high,5.0,7,8,1118937631100,1118937630100,2362,2342,3,1118937630100,1118937632100,3
test,266,s1_t1118937620200_a2412,high,5.0,7,9,1118937632100,1118937631100,2342,2362,3,1118937631100,1118937633100,3
test,266,s1_t1118937620200_a2412,high,5.0,3,10,1118937633100,1118937632100,2344,2314,3,1118937632100,1118937634100,3
test,266,s1_t1118937620200_a2412,high,5.0,7,11,1118937634100,1118937633100,2362,2342,3,1118937633100,1118937635100,2
test,266,s1_t1118937620200_a2412,high,10.0,1,1,1118937624100,1118937623100,2342,2362,3,1118937623100,1118937625100,3
test,266,s1_t1118937620200_a2412,high,10.0,6,3,1118937626100,1118937625100,2314,2344,3,1118937625100,1118937627100,3
test,266,s1_t1118937620200_a2412,high,10.0,1,4,1118937627100,1118937626100,2362,2342,3,1118937626100,1118937628100,2
test,266,s1_t1118937620200_a2412,high,10.0,5,6,1118937629100,1118937628100,2356,2322,3,1118937628100,1118937630100,2
test,266,s1_t1118937620200_a2412,high,10.0,7,6,1118937629100,1118937628100,2399,2412,3,1118937628100,1118937630100,3
test,266,s1_t1118937620200_a2412,high,10.0,7,7,1118937630100,1118937629100,2412,2322,3,1118937629100,1118937631100,2
test,266,s1_t1118937620200_a2412,high,10.0,3,8,1118937631100,1118937630100,2412,2322,3,1118937630100,1118937632100,3
test,266,s1_t1118937620200_a2412,high,10.0,4,10,1118937633100,1118937632100,2362,2342,3,1118937632100,1118937634100,3
test,266,s1_t1118937620200_a2412,high,10.0,0,11,1118937634100,1118937633100,2314,2362,3,1118937633100,1118937635100,3
test,266,s1_t1118937620200_a2412,high,10.0,3,11,1118937634100,1118937633100,2322,2356,3,1118937633100,1118937635100,3
test,266,s1_t1118937620200_a2412,high,10.0,0,12,1118937635100,1118937634100,2362,2314,3,1118937634100,1118937636100,3
test,266,s1_t1118937620200_a2412,high,10.0,3,12,1118937635100,1118937634100,2356,2322,3,1118937634100,1118937636100,3
test,266,s1_t1118937620200_a2412,high,10.0,3,13,1118937636100,1118937635100,2322,2356,3,1118937635100,1118937637100,2
test,266,s1_t1118937620200_a2412,high,10.0,4,13,1118937636100,1118937635100,2342,2362,3,1118937635100,1118937637100,2
test,266,s1_t1118937620200_a2412,high,15.0,1,1,1118937624100,1118937623100,2342,2362,3,1118937623100,1118937625100,3
test,266,s1_t1118937620200_a2412,high,15.0,6,3,1118937626100,1118937625100,2314,2344,3,1118937625100,1118937627100,3
test,266,s1_t1118937620200_a2412,high,15.0,1,4,1118937627100,1118937626100,2362,2342,3,1118937626100,1118937628100,2
test,266,s1_t1118937620200_a2412,high,15.0,4,7,1118937630100,1118937629100,2342,2362,3,1118937629100,1118937631100,2
test,266,s1_t1118937620200_a2412,high,15.0,5,7,1118937630100,1118937629100,2362,2314,3,1118937629100,1118937631100,3
test,266,s1_t1118937620200_a2412,high,15.0,5,8,1118937631100,1118937630100,2314,2362,3,1118937630100,1118937632100,3
test,266,s1_t1118937620200_a2412,high,15.0,0,13,1118937636100,1118937635100,2322,2356,3,1118937635100,1118937637100,2
test,266,s1_t1118937620200_a2412,high,20.0,1,1,1118937624100,1118937623100,2342,2362,3,1118937623100,1118937625100,3
test,266,s1_t1118937620200_a2412,high,20.0,6,3,1118937626100,1118937625100,2314,2344,3,1118937625100,1118937627100,3
test,266,s1_t1118937620200_a2412,high,20.0,1,4,1118937627100,1118937626100,2362,2342,3,1118937626100,1118937628100,2
test,266,s1_t1118937620200_a2412,high,20.0,3,5,1118937628100,1118937627100,2412,2322,3,1118937627100,1118937629100,2
test,266,s1_t1118937620200_a2412,high,20.0,1,7,1118937630100,1118937629100,2399,2412,3,1118937629100,1118937631100,3
test,266,s1_t1118937620200_a2412,high,20.0,4,7,1118937630100,1118937629100,2342,2362,3,1118937629100,1118937631100,2
test,266,s1_t1118937620200_a2412,high,20.0,5,7,1118937630100,1118937629100,2362,2314,3,1118937629100,1118937631100,3
test,266,s1_t1118937620200_a2412,high,20.0,5,8,1118937631100,1118937630100,2314,2362,3,1118937630100,1118937632100,3
test,266,s1_t1118937620200_a2412,high,20.0,7,9,1118937632100,1118937631100,2322,2356,3,1118937631100,1118937633100,3
test,266,s1_t1118937620200_a2412,high,20.0,4,10,1118937633100,1118937632100,2322,2412,3,1118937632100,1118937634100,3
test,266,s1_t1118937620200_a2412,high,20.0,7,10,1118937633100,1118937632100,2356,2322,3,1118937632100,1118937634100,3
test,266,s1_t1118937620200_a2412,high,20.0,4,12,1118937635100,1118937634100,2412,2322,3,1118937634100,1118937636100,3
test,266,s1_t1118937620200_a2412,high,20.0,0,13,1118937636100,1118937635100,2342,2314,3,1118937635100,1118937637100,2
test,266,s1_t1118937620200_a2412,high,20.0,4,13,1118937636100,1118937635100,2322,2356,3,1118937635100,1118937637100,2
test,266,s1_t1118937620200_a2412,high,20.0,1,15,1118937638100,1118937637100,2322,2362,2,1118937637100,1118937638100,2
test,267,s1_t1118937640200_a2382,high,-5.0,5,5,1118937648100,1118937647100,2370,2414,3,1118937647100,1118937649100,3
test,267,s1_t1118937640200_a2382,high,-5.0,3,6,1118937649100,1118937648100,2383,2375,3,1118937648100,1118937650100,2
test,267,s1_t1118937640200_a2382,high,-5.0,6,6,1118937649100,1118937648100,2382,2411,3,1118937648100,1118937650100,2
test,267,s1_t1118937640200_a2382,high,-5.0,5,7,1118937650100,1118937649100,2414,2411,3,1118937649100,1118937651100,3
test,267,s1_t1118937640200_a2382,high,0.0,5,5,1118937648100,1118937647100,2363,2370,3,1118937647100,1118937649100,2
test,267,s1_t1118937640200_a2382,high,0.0,7,5,1118937648100,1118937647100,2370,2414,3,1118937647100,1118937649100,2
test,267,s1_t1118937640200_a2382,high,0.0,3,6,1118937649100,1118937648100,2383,2375,3,1118937648100,1118937650100,2
test,267,s1_t1118937640200_a2382,high,0.0,0,7,1118937650100,1118937649100,2411,2414,3,1118937649100,1118937651100,3
test,267,s1_t1118937640200_a2382,high,0.0,0,8,1118937651100,1118937650100,2414,2375,3,1118937650100,1118937652100,3
test,267,s1_t1118937640200_a2382,high,5.0,6,5,1118937648100,1118937647100,2363,2370,3,1118937647100,1118937649100,2
test,267,s1_t1118937640200_a2382,high,5.0,7,5,1118937648100,1118937647100,2370,2414,3,1118937647100,1118937649100,2
test,267,s1_t1118937640200_a2382,high,5.0,3,6,1118937649100,1118937648100,2383,2375,3,1118937648100,1118937650100,2
test,267,s1_t1118937640200_a2382,high,5.0,2,8,1118937651100,1118937650100,2414,2375,3,1118937650100,1118937652100,3
test,267,s1_t1118937640200_a2382,high,10.0,6,5,1118937648100,1118937647100,2363,2370,3,1118937647100,1118937649100,2
test,267,s1_t1118937640200_a2382,high,10.0,7,5,1118937648100,1118937647100,2370,2414,3,1118937647100,1118937649100,2
test,267,s1_t1118937640200_a2382,high,10.0,3,6,1118937649100,1118937648100,2383,2375,3,1118937648100,1118937650100,2
test,267,s1_t1118937640200_a2382,high,10.0,4,8,1118937651100,1118937650100,2414,2375,3,1118937650100,1118937652100,3
test,267,s1_t1118937640200_a2382,high,15.0,6,5,1118937648100,1118937647100,2363,2370,3,1118937647100,1118937649100,2
test,267,s1_t1118937640200_a2382,high,15.0,7,5,1118937648100,1118937647100,2370,2414,3,1118937647100,1118937649100,2
test,267,s1_t1118937640200_a2382,high,15.0,3,6,1118937649100,1118937648100,2383,2375,3,1118937648100,1118937650100,2
test,267,s1_t1118937640200_a2382,high,15.0,4,8,1118937651100,1118937650100,2414,2375,3,1118937650100,1118937652100,3
test,267,s1_t1118937640200_a2382,high,20.0,6,5,1118937648100,1118937647100,2363,2370,3,1118937647100,1118937649100,2
test,267,s1_t1118937640200_a2382,high,20.0,7,5,1118937648100,1118937647100,2370,2414,3,1118937647100,1118937649100,2
test,267,s1_t1118937640200_a2382,high,20.0,3,6,1118937649100,1118937648100,2383,2375,3,1118937648100,1118937650100,2
test,267,s1_t1118937640200_a2382,high,20.0,4,8,1118937651100,1118937650100,2414,2375,3,1118937650100,1118937652100,3
test,268,s1_t1118937640200_a2383,high,-5.0,1,2,1118937645100,1118937644100,2414,2421,3,1118937644100,1118937646100,3
test,268,s1_t1118937640200_a2383,high,-5.0,1,3,1118937646100,1118937645100,2421,2414,3,1118937645100,1118937647100,3
test,268,s1_t1118937640200_a2383,high,-5.0,0,5,1118937648100,1118937647100,2383,2370,3,1118937647100,1118937649100,2
test,268,s1_t1118937640200_a2383,high,-5.0,7,9,1118937652100,1118937651100,2375,2411,3,1118937651100,1118937653100,3
test,268,s1_t1118937640200_a2383,high,-5.0,1,12,1118937655100,1118937654100,2375,2388,3,1118937654100,1118937656100,3
test,268,s1_t1118937640200_a2383,high,0.0,1,2,1118937645100,1118937644100,2414,2421,3,1118937644100,1118937646100,3
test,268,s1_t1118937640200_a2383,high,0.0,2,2,1118937645100,1118937644100,2370,2375,3,1118937644100,1118937646100,3
test,268,s1_t1118937640200_a2383,high,0.0,1,3,1118937646100,1118937645100,2421,2414,3,1118937645100,1118937647100,3
test,268,s1_t1118937640200_a2383,high,0.0,3,5,1118937648100,1118937647100,2383,2370,3,1118937647100,1118937649100,2
test,268,s1_t1118937640200_a2383,high,0.0,4,8,1118937651100,1118937650100,2383,2414,3,1118937650100,1118937652100,3
test,268,s1_t1118937640200_a2383,high,0.0,4,9,1118937652100,1118937651100,2414,2411,3,1118937651100,1118937653100,3
test,268,s1_t1118937640200_a2383,high,0.0,3,10,1118937653100,1118937652100,2414,2411,3,1118937652100,1118937654100,2
test,268,s1_t1118937640200_a2383,high,0.0,4,10,1118937653100,1118937652100,2411,2421,3,1118937652100,1118937654100,2
test,268,s1_t1118937640200_a2383,high,0.0,0,13,1118937656100,1118937655100,2375,2388,3,1118937655100,1118937657100,3
test,268,s1_t1118937640200_a2383,high,5.0,1,2,1118937645100,1118937644100,2414,2421,3,1118937644100,1118937646100,3
test,268,s1_t1118937640200_a2383,high,5.0,2,2,1118937645100,1118937644100,2370,2383,3,1118937644100,1118937646100,3
test,268,s1_t1118937640200_a2383,high,5.0,1,3,1118937646100,1118937645100,2421,2414,3,1118937645100,1118937647100,3
test,268,s1_t1118937640200_a2383,high,5.0,2,5,1118937648100,1118937647100,2383,2370,3,1118937647100,1118937649100,3
test,268,s1_t1118937640200_a2383,high,5.0,1,6,1118937649100,1118937648100,2414,2421,3,1118937648100,1118937650100,2
test,268,s1_t1118937640200_a2383,high,5.0,2,6,1118937649100,1118937648100,2370,2383,3,1118937648100,1118937650100,2
test,268,s1_t1118937640200_a2383,high,5.0,6,9,1118937652100,1118937651100,2375,2414,3,1118937651100,1118937653100,3
test,268,s1_t1118937640200_a2383,high,5.0,6,10,1118937653100,1118937652100,2414,2411,3,1118937652100,1118937654100,2
test,268,s1_t1118937640200_a2383,high,5.0,1,15,1118937658100,1118937657100,2388,2375,2,1118937657100,1118937658100,2
test,268,s1_t1118937640200_a2383,high,10.0,7,3,1118937646100,1118937645100,2375,2383,3,1118937645100,1118937647100,3
test,268,s1_t1118937640200_a2383,high,10.0,1,4,1118937647100,1118937646100,2414,2421,3,1118937646100,1118937648100,3
test,268,s1_t1118937640200_a2383,high,10.0,6,4,1118937647100,1118937646100,2375,2370,3,1118937646100,1118937648100,3
test,268,s1_t1118937640200_a2383,high,10.0,1,5,1118937648100,1118937647100,2421,2414,3,1118937647100,1118937649100,3
test,268,s1_t1118937640200_a2383,high,10.0,1,6,1118937649100,1118937648100,2414,2421,3,1118937648100,1118937650100,2
test,268,s1_t1118937640200_a2383,high,10.0,6,6,1118937649100,1118937648100,2370,2383,3,1118937648100,1118937650100,2
test,268,s1_t1118937640200_a2383,high,10.0,5,9,1118937652100,1118937651100,2375,2414,3,1118937651100,1118937653100,3
test,268,s1_t1118937640200_a2383,high,10.0,5,10,1118937653100,1118937652100,2414,2411,3,1118937652100,1118937654100,2
test,268,s1_t1118937640200_a2383,high,10.0,0,15,1118937658100,1118937657100,2388,2375,2,1118937657100,1118937658100,2
test,268,s1_t1118937640200_a2383,high,15.0,7,3,1118937646100,1118937645100,2375,2383,3,1118937645100,1118937647100,3
test,268,s1_t1118937640200_a2383,high,15.0,7,4,1118937647100,1118937646100,2383,2370,3,1118937646100,1118937648100,3
test,268,s1_t1118937640200_a2383,high,15.0,3,5,1118937648100,1118937647100,2383,2375,3,1118937647100,1118937649100,3
test,268,s1_t1118937640200_a2383,high,15.0,7,5,1118937648100,1118937647100,2370,2383,3,1118937647100,1118937649100,2
test,268,s1_t1118937640200_a2383,high,15.0,3,6,1118937649100,1118937648100,2375,2383,3,1118937648100,1118937650100,2
test,268,s1_t1118937640200_a2383,high,15.0,7,9,1118937652100,1118937651100,2375,2414,3,1118937651100,1118937653100,3
test,268,s1_t1118937640200_a2383,high,15.0,7,10,1118937653100,1118937652100,2414,2411,3,1118937652100,1118937654100,2
test,268,s1_t1118937640200_a2383,high,15.0,0,15,1118937658100,1118937657100,2388,2375,2,1118937657100,1118937658100,2
test,268,s1_t1118937640200_a2383,high,20.0,1,2,1118937645100,1118937644100,2414,2421,3,1118937644100,1118937646100,3
test,268,s1_t1118937640200_a2383,high,20.0,2,2,1118937645100,1118937644100,2370,2383,3,1118937644100,1118937646100,3
test,268,s1_t1118937640200_a2383,high,20.0,1,3,1118937646100,1118937645100,2421,2414,3,1118937645100,1118937647100,3
test,268,s1_t1118937640200_a2383,high,20.0,2,5,1118937648100,1118937647100,2383,2370,3,1118937647100,1118937649100,3
test,268,s1_t1118937640200_a2383,high,20.0,1,6,1118937649100,1118937648100,2414,2375,3,1118937648100,1118937650100,2
test,268,s1_t1118937640200_a2383,high,20.0,2,6,1118937649100,1118937648100,2370,2383,3,1118937648100,1118937650100,2
test,268,s1_t1118937640200_a2383,high,20.0,4,9,1118937652100,1118937651100,2375,2411,3,1118937651100,1118937653100,2
test,268,s1_t1118937640200_a2383,high,20.0,0,15,1118937658100,1118937657100,2388,2375,2,1118937657100,1118937658100,2
test,269,s1_t1118937640200_a2420,high,-5.0,2,5,1118937648100,1118937647100,2338,2420,3,1118937647100,1118937649100,3
test,269,s1_t1118937640200_a2420,high,-5.0,2,6,1118937649100,1118937648100,2420,2338,3,1118937648100,1118937650100,3
test,269,s1_t1118937640200_a2420,high,-5.0,2,7,1118937650100,1118937649100,2338,2420,3,1118937649100,1118937651100,3
test,269,s1_t1118937640200_a2420,high,-5.0,2,8,1118937651100,1118937650100,2420,2338,3,1118937650100,1118937652100,3
test,269,s1_t1118937640200_a2420,high,-5.0,0,9,1118937652100,1118937651100,2428,2423,3,1118937651100,1118937653100,3
test,269,s1_t1118937640200_a2420,high,-5.0,7,11,1118937654100,1118937653100,2348,2349,3,1118937653100,1118937655100,3
test,269,s1_t1118937640200_a2420,high,-5.0,2,13,1118937656100,1118937655100,2338,2420,3,1118937655100,1118937657100,3
test,269,s1_t1118937640200_a2420,high,-5.0,2,14,1118937657100,1118937656100,2420,2338,3,1118937656100,1118937658100,3
test,269,s1_t1118937640200_a2420,high,-5.0,7,14,1118937657100,1118937656100,2349,2348,3,1118937656100,1118937658100,3
test,269,s1_t1118937640200_a2420,high,-5.0,7,15,1118937658100,1118937657100,2348,2349,2,1118937657100,1118937658100,2
test,269,s1_t1118937640200_a2420,high,0.0,0,6,1118937649100,1118937648100,2428,2423,3,1118937648100,1118937650100,3
test,269,s1_t1118937640200_a2420,high,0.0,0,7,1118937650100,1118937649100,2423,2428,3,1118937649100,1118937651100,3
test,269,s1_t1118937640200_a2420,high,0.0,4,7,1118937650100,1118937649100,2374,2348,3,1118937649100,1118937651100,3
test,269,s1_t1118937640200_a2420,high,0.0,0,9,1118937652100,1118937651100,2428,2423,3,1118937651100,1118937653100,3
test,269,s1_t1118937640200_a2420,high,0.0,4,9,1118937652100,1118937651100,2348,2349,3,1118937651100,1118937653100,3
test,269,s1_t1118937640200_a2420,high,5.0,1,6,1118937649100,1118937648100,2428,2423,3,1118937648100,1118937650100,3
test,269,s1_t1118937640200_a2420,high,5.0,1,7,1118937650100,1118937649100,2423,2428,3,1118937649100,1118937651100,3
test,269,s1_t1118937640200_a2420,high,5.0,1,8,1118937651100,1118937650100,2428,2423,3,1118937650100,1118937652100,3
test,269,s1_t1118937640200_a2420,high,5.0,2,8,1118937651100,1118937650100,2348,2349,3,1118937650100,1118937652100,3
test,269,s1_t1118937640200_a2420,high,5.0,2,9,1118937652100,1118937651100,2349,2348,3,1118937651100,1118937653100,3
test,269,s1_t1118937640200_a2420,high,5.0,1,10,1118937653100,1118937652100,2423,2428,3,1118937652100,1118937654100,3
test,269,s1_t1118937640200_a2420,high,5.0,2,10,1118937653100,1118937652100,2348,2374,3,1118937652100,1118937654100,2
test,269,s1_t1118937640200_a2420,high,5.0,6,10,1118937653100,1118937652100,2428,2423,3,1118937652100,1118937654100,3
test,269,s1_t1118937640200_a2420,high,5.0,7,10,1118937653100,1118937652100,2349,2348,3,1118937652100,1118937654100,3
test,269,s1_t1118937640200_a2420,high,5.0,7,11,1118937654100,1118937653100,2348,2374,3,1118937653100,1118937655100,3
test,269,s1_t1118937640200_a2420,high,5.0,7,12,1118937655100,1118937654100,2374,2348,3,1118937654100,1118937656100,3
test,269,s1_t1118937640200_a2420,high,5.0,7,13,1118937656100,1118937655100,2348,2349,3,1118937655100,1118937657100,3
test,269,s1_t1118937640200_a2420,high,5.0,7,14,1118937657100,1118937656100,2349,2348,3,1118937656100,1118937658100,3
test,269,s1_t1118937640200_a2420,high,5.0,7,15,1118937658100,1118937657100,2348,2349,2,1118937657100,1118937658100,2
test,269,s1_t1118937640200_a2420,high,10.0,0,4,1118937647100,1118937646100,2338,2340,3,1118937646100,1118937648100,3
test,269,s1_t1118937640200_a2420,high,10.0,0,5,1118937648100,1118937647100,2340,2338,3,1118937647100,1118937649100,3
test,269,s1_t1118937640200_a2420,high,10.0,1,6,1118937649100,1118937648100,2428,2423,3,1118937648100,1118937650100,3
test,269,s1_t1118937640200_a2420,high,10.0,1,7,1118937650100,1118937649100,2423,2428,3,1118937649100,1118937651100,3
test,269,s1_t1118937640200_a2420,high,10.0,7,7,1118937650100,1118937649100,2374,2348,3,1118937649100,1118937651100,3
test,269,s1_t1118937640200_a2420,high,10.0,1,8,1118937651100,1118937650100,2428,2423,3,1118937650100,1118937652100,3
test,269,s1_t1118937640200_a2420,high,10.0,3,8,1118937651100,1118937650100,2349,2374,3,1118937650100,1118937652100,2
test,269,s1_t1118937640200_a2420,high,10.0,7,8,1118937651100,1118937650100,2348,2349,3,1118937650100,1118937652100,3
test,269,s1_t1118937640200_a2420,high,10.0,7,9,1118937652100,1118937651100,2349,2348,3,1118937651100,1118937653100,3
test,269,s1_t1118937640200_a2420,high,10.0,2,10,1118937653100,1118937652100,2349,2348,3,1118937652100,1118937654100,3
test,269,s1_t1118937640200_a2420,high,10.0,7,10,1118937653100,1118937652100,2348,2374,3,1118937652100,1118937654100,2
test,269,s1_t1118937640200_a2420,high,10.0,2,11,1118937654100,1118937653100,2348,2374,3,1118937653100,1118937655100,3
test,269,s1_t1118937640200_a2420,high,10.0,2,12,1118937655100,1118937654100,2374,2348,3,1118937654100,1118937656100,3
test,269,s1_t1118937640200_a2420,high,10.0,2,13,1118937656100,1118937655100,2348,2349,3,1118937655100,1118937657100,3
test,269,s1_t1118937640200_a2420,high,15.0,0,4,1118937647100,1118937646100,2338,2340,3,1118937646100,1118937648100,3
test,269,s1_t1118937640200_a2420,high,15.0,0,5,1118937648100,1118937647100,2340,2338,3,1118937647100,1118937649100,3
test,269,s1_t1118937640200_a2420,high,15.0,1,6,1118937649100,1118937648100,2428,2423,3,1118937648100,1118937650100,3
test,269,s1_t1118937640200_a2420,high,15.0,1,7,1118937650100,1118937649100,2423,2428,3,1118937649100,1118937651100,3
test,269,s1_t1118937640200_a2420,high,15.0,7,7,1118937650100,1118937649100,2374,2348,3,1118937649100,1118937651100,3
test,269,s1_t1118937640200_a2420,high,15.0,1,8,1118937651100,1118937650100,2428,2423,3,1118937650100,1118937652100,3
test,269,s1_t1118937640200_a2420,high,15.0,3,8,1118937651100,1118937650100,2349,2374,3,1118937650100,1118937652100,2
test,269,s1_t1118937640200_a2420,high,15.0,7,8,1118937651100,1118937650100,2348,2349,3,1118937650100,1118937652100,3
test,269,s1_t1118937640200_a2420,high,15.0,7,9,1118937652100,1118937651100,2349,2348,3,1118937651100,1118937653100,3
test,269,s1_t1118937640200_a2420,high,15.0,2,10,1118937653100,1118937652100,2349,2348,3,1118937652100,1118937654100,3
test,269,s1_t1118937640200_a2420,high,15.0,7,10,1118937653100,1118937652100,2348,2374,3,1118937652100,1118937654100,2
test,269,s1_t1118937640200_a2420,high,15.0,2,11,1118937654100,1118937653100,2348,2349,3,1118937653100,1118937655100,3
test,269,s1_t1118937640200_a2420,high,20.0,0,4,1118937647100,1118937646100,2338,2340,3,1118937646100,1118937648100,3
test,269,s1_t1118937640200_a2420,high,20.0,0,5,1118937648100,1118937647100,2340,2338,3,1118937647100,1118937649100,3
test,269,s1_t1118937640200_a2420,high,20.0,1,6,1118937649100,1118937648100,2428,2423,3,1118937648100,1118937650100,3
test,269,s1_t1118937640200_a2420,high,20.0,1,7,1118937650100,1118937649100,2423,2428,3,1118937649100,1118937651100,3
test,269,s1_t1118937640200_a2420,high,20.0,7,7,1118937650100,1118937649100,2374,2348,3,1118937649100,1118937651100,3
test,269,s1_t1118937640200_a2420,high,20.0,1,8,1118937651100,1118937650100,2428,2423,3,1118937650100,1118937652100,3
test,269,s1_t1118937640200_a2420,high,20.0,3,8,1118937651100,1118937650100,2349,2374,3,1118937650100,1118937652100,2
test,269,s1_t1118937640200_a2420,high,20.0,7,8,1118937651100,1118937650100,2348,2349,3,1118937650100,1118937652100,3
test,269,s1_t1118937640200_a2420,high,20.0,7,9,1118937652100,1118937651100,2349,2348,3,1118937651100,1118937653100,3
test,269,s1_t1118937640200_a2420,high,20.0,2,10,1118937653100,1118937652100,2349,2348,3,1118937652100,1118937654100,3
test,269,s1_t1118937640200_a2420,high,20.0,7,10,1118937653100,1118937652100,2348,2374,3,1118937652100,1118937654100,2
test,269,s1_t1118937640200_a2420,high,20.0,2,11,1118937654100,1118937653100,2348,2349,3,1118937653100,1118937655100,3
test,272,s1_t1118937660200_a2338,high,-5.0,5,3,1118937666100,1118937665100,2420,2348,3,1118937665100,1118937667100,2
test,272,s1_t1118937660200_a2338,high,0.0,4,1,1118937664100,1118937663100,2374,2349,3,1118937663100,1118937665100,3
test,272,s1_t1118937660200_a2338,high,0.0,0,4,1118937667100,1118937666100,2340,2420,3,1118937666100,1118937668100,3
test,272,s1_t1118937660200_a2338,high,0.0,3,7,1118937670100,1118937669100,2349,2374,3,1118937669100,1118937671100,3
test,272,s1_t1118937660200_a2338,high,0.0,5,7,1118937670100,1118937669100,2338,2420,3,1118937669100,1118937671100,3
test,272,s1_t1118937660200_a2338,high,0.0,1,8,1118937671100,1118937670100,2349,2334,3,1118937670100,1118937672100,3
test,272,s1_t1118937660200_a2338,high,0.0,3,8,1118937671100,1118937670100,2374,2349,3,1118937670100,1118937672100,2
test,272,s1_t1118937660200_a2338,high,0.0,5,9,1118937672100,1118937671100,2420,2338,3,1118937671100,1118937673100,3
test,272,s1_t1118937660200_a2338,high,0.0,0,13,1118937676100,1118937675100,2420,2348,3,1118937675100,1118937677100,3
test,272,s1_t1118937660200_a2338,high,0.0,5,13,1118937676100,1118937675100,2338,2420,3,1118937675100,1118937677100,2
test,272,s1_t1118937660200_a2338,high,5.0,1,4,1118937667100,1118937666100,2340,2420,3,1118937666100,1118937668100,3
test,272,s1_t1118937660200_a2338,high,5.0,0,7,1118937670100,1118937669100,2338,2420,3,1118937669100,1118937671100,3
test,272,s1_t1118937660200_a2338,high,5.0,1,12,1118937675100,1118937674100,2349,2334,3,1118937674100,1118937676100,2
test,272,s1_t1118937660200_a2338,high,10.0,0,7,1118937670100,1118937669100,2338,2420,3,1118937669100,1118937671100,3
test,272,s1_t1118937660200_a2338,high,10.0,4,7,1118937670100,1118937669100,2349,2374,3,1118937669100,1118937671100,3
test,272,s1_t1118937660200_a2338,high,10.0,1,9,1118937672100,1118937671100,2349,2334,3,1118937671100,1118937673100,3
test,272,s1_t1118937660200_a2338,high,15.0,0,7,1118937670100,1118937669100,2338,2420,3,1118937669100,1118937671100,3
test,272,s1_t1118937660200_a2338,high,15.0,4,7,1118937670100,1118937669100,2349,2374,3,1118937669100,1118937671100,3
test,272,s1_t1118937660200_a2338,high,15.0,1,9,1118937672100,1118937671100,2349,2334,3,1118937671100,1118937673100,3
test,272,s1_t1118937660200_a2338,high,20.0,0,7,1118937670100,1118937669100,2338,2420,3,1118937669100,1118937671100,3
test,272,s1_t1118937660200_a2338,high,20.0,4,7,1118937670100,1118937669100,2349,2374,3,1118937669100,1118937671100,3
test,272,s1_t1118937660200_a2338,high,20.0,1,9,1118937672100,1118937671100,2349,2334,3,1118937671100,1118937673100,3
test,274,s1_t1118937680200_a2420,mid,5.0,0,12,1118937695100,1118937694100,2340,2338,3,1118937694100,1118937696100,2
