selection,seed,validation_split,origin,snr_db,gnn_epoch,relation_D_epoch,ade_targets,fde_targets,gnn_ADE,relation_D_ADE,delta_ADE_relation_minus_gnn,gnn_FDE,relation_D_FDE,delta_FDE_relation_minus_gnn,gnn_scene_J,relation_D_scene_J,delta_scene_J_relation_minus_gnn,gnn_source,relation_D_source
final,2026,V_select,0,5,100,100,8,8,0.07691119611263275,0.07782363891601562,0.0009124428033828735,0.4265279173851013,0.42780011892318726,0.0012722015380859375,0.2901751548051834,0.29172369837760925,0.0015485435724258423,project/results/qgat_extend100/seed2026/gnn/validation_epoch_100.json,project/results/qgat_extend100/seed2026/relation_D/validation_epoch_100.json
final,2026,V_select,0,10,100,100,8,8,0.07691445201635361,0.07782255113124847,0.0009080991148948669,0.426528662443161,0.42780524492263794,0.0012765824794769287,0.2901787832379341,0.29172517359256744,0.0015463903546333313,project/results/qgat_extend100/seed2026/gnn/validation_epoch_100.json,project/results/qgat_extend100/seed2026/relation_D/validation_epoch_100.json
final,2026,V_select,0,15,100,100,8,8,0.07691584527492523,0.07782097905874252,0.0009051337838172913,0.4265328645706177,0.42780572175979614,0.0012728571891784668,0.29018227756023407,0.2917238399386406,0.0015415623784065247,project/results/qgat_extend100/seed2026/gnn/validation_epoch_100.json,project/results/qgat_extend100/seed2026/relation_D/validation_epoch_100.json
final,2026,V_select,0,20,100,100,8,8,0.07691596448421478,0.07782112807035446,0.000905163586139679,0.4265330135822296,0.42780354619026184,0.0012705326080322266,0.2901824712753296,0.2917229011654854,0.0015404298901557922,project/results/qgat_extend100/seed2026/gnn/validation_epoch_100.json,project/results/qgat_extend100/seed2026/relation_D/validation_epoch_100.json
final,2026,V_select,1,5,100,100,8,8,0.6984086036682129,0.7041977643966675,0.00578916072845459,2.6356515884399414,2.657559871673584,0.021908283233642578,2.0162343978881836,2.0329777002334595,0.01674330234527588,project/results/qgat_extend100/seed2026/gnn/validation_epoch_100.json,project/results/qgat_extend100/seed2026/relation_D/validation_epoch_100.json
final,2026,V_select,1,10,100,100,8,8,0.6993715167045593,0.7054978013038635,0.006126284599304199,2.637726306915283,2.6598634719848633,0.022137165069580078,2.018234670162201,2.035429537296295,0.01719486713409424,project/results/qgat_extend100/seed2026/gnn/validation_epoch_100.json,project/results/qgat_extend100/seed2026/relation_D/validation_epoch_100.json
final,2026,V_select,1,15,100,100,8,8,0.7015805840492249,0.7074100375175476,0.005829453468322754,2.640763759613037,2.6627562046051025,0.02199244499206543,2.0219624638557434,2.038788139820099,0.01682567596435547,project/results/qgat_extend100/seed2026/gnn/validation_epoch_100.json,project/results/qgat_extend100/seed2026/relation_D/validation_epoch_100.json
final,2026,V_select,1,20,100,100,8,8,0.7016162872314453,0.7074055671691895,0.005789279937744141,2.64086651802063,2.6627426147460938,0.021876096725463867,2.0220495462417603,2.0387768745422363,0.016727328300476074,project/results/qgat_extend100/seed2026/gnn/validation_epoch_100.json,project/results/qgat_extend100/seed2026/relation_D/validation_epoch_100.json
final,2026,V_select,2,5,100,100,8,8,1.5045342445373535,1.7405604124069214,0.23602616786956787,2.853743553161621,4.403964042663574,1.5502204895019531,2.931406021118164,3.9425424337387085,1.0111364126205444,project/results/qgat_extend100/seed2026/gnn/validation_epoch_100.json,project/results/qgat_extend100/seed2026/relation_D/validation_epoch_100.json
final,2026,V_select,2,10,100,100,8,8,1.5089178085327148,1.7389578819274902,0.2300400733947754,2.862344741821289,4.396183967590332,1.533839225769043,2.9400901794433594,3.9370498657226562,0.9969596862792969,project/results/qgat_extend100/seed2026/gnn/validation_epoch_100.json,project/results/qgat_extend100/seed2026/relation_D/validation_epoch_100.json
final,2026,V_select,2,15,100,100,8,8,1.4956841468811035,1.738979458808899,0.2432953119277954,2.8324122428894043,4.39625358581543,1.5638413429260254,2.9118902683258057,3.9371062517166138,1.025215983390808,project/results/qgat_extend100/seed2026/gnn/validation_epoch_100.json,project/results/qgat_extend100/seed2026/relation_D/validation_epoch_100.json
final,2026,V_select,2,20,100,100,8,8,1.4953795671463013,1.7389936447143555,0.2436140775680542,2.8313655853271484,4.396296977996826,1.5649313926696777,2.9110623598098755,3.9371421337127686,1.026079773902893,project/results/qgat_extend100/seed2026/gnn/validation_epoch_100.json,project/results/qgat_extend100/seed2026/relation_D/validation_epoch_100.json
final,2026,V_select,3,5,100,100,8,8,1.4485547542572021,1.4163835048675537,-0.03217124938964844,3.2665677070617676,2.970635414123535,-0.2959322929382324,3.081838607788086,2.9017012119293213,-0.18013739585876465,project/results/qgat_extend100/seed2026/gnn/validation_epoch_100.json,project/results/qgat_extend100/seed2026/relation_D/validation_epoch_100.json
final,2026,V_select,3,10,100,100,8,8,1.4490187168121338,1.4226841926574707,-0.026334524154663086,3.2689337730407715,2.988996982574463,-0.2799367904663086,3.0834856033325195,2.917182683944702,-0.16630291938781738,project/results/qgat_extend100/seed2026/gnn/validation_epoch_100.json,project/results/qgat_extend100/seed2026/relation_D/validation_epoch_100.json
final,2026,V_select,3,15,100,100,8,8,1.4488046169281006,1.4215238094329834,-0.027280807495117188,3.2688958644866943,2.9869771003723145,-0.2819187641143799,3.0832525491714478,2.9150123596191406,-0.16824018955230713,project/results/qgat_extend100/seed2026/gnn/validation_epoch_100.json,project/results/qgat_extend100/seed2026/relation_D/validation_epoch_100.json
final,2026,V_select,3,20,100,100,8,8,1.4483647346496582,1.4212162494659424,-0.02714848518371582,3.268681049346924,2.9867160320281982,-0.2819650173187256,3.08270525932312,2.9145742654800415,-0.1681309938430786,project/results/qgat_extend100/seed2026/gnn/validation_epoch_100.json,project/results/qgat_extend100/seed2026/relation_D/validation_epoch_100.json
final,2026,V_select,4,5,100,100,8,8,1.5295627117156982,1.1765683889389038,-0.35299432277679443,2.750462532043457,2.316521167755127,-0.4339413642883301,2.9047939777374268,2.3348289728164673,-0.5699650049209595,project/results/qgat_extend100/seed2026/gnn/validation_epoch_100.json,project/results/qgat_extend100/seed2026/relation_D/validation_epoch_100.json
final,2026,V_select,4,10,100,100,8,8,1.5296876430511475,1.1797058582305908,-0.34998178482055664,2.7446000576019287,2.3266797065734863,-0.4179203510284424,2.901987671852112,2.343045711517334,-0.5589419603347778,project/results/qgat_extend100/seed2026/gnn/validation_epoch_100.json,project/results/qgat_extend100/seed2026/relation_D/validation_epoch_100.json
final,2026,V_select,4,15,100,100,8,8,1.5287065505981445,1.179656744003296,-0.34904980659484863,2.7448694705963135,2.3271126747131348,-0.4177567958831787,2.9011412858963013,2.3432130813598633,-0.557928204536438,project/results/qgat_extend100/seed2026/gnn/validation_epoch_100.json,project/results/qgat_extend100/seed2026/relation_D/validation_epoch_100.json
final,2026,V_select,4,20,100,100,8,8,1.52534019947052,1.1799018383026123,-0.3454383611679077,2.7417876720428467,2.327784776687622,-0.4140028953552246,2.8962340354919434,2.3437942266464233,-0.55243980884552,project/results/qgat_extend100/seed2026/gnn/validation_epoch_100.json,project/results/qgat_extend100/seed2026/relation_D/validation_epoch_100.json
final,2026,V_select,5,5,100,100,8,8,1.1919825077056885,0.9674646854400635,-0.224517822265625,2.410890817642212,1.8402173519134521,-0.5706734657287598,2.3974279165267944,1.8875733613967896,-0.5098545551300049,project/results/qgat_extend100/seed2026/gnn/validation_epoch_100.json,project/results/qgat_extend100/seed2026/relation_D/validation_epoch_100.json
final,2026,V_select,5,10,100,100,8,8,1.1907548904418945,0.9662966728210449,-0.2244582176208496,2.408128261566162,1.838854432106018,-0.569273829460144,2.3948190212249756,1.885723888874054,-0.5090951323509216,project/results/qgat_extend100/seed2026/gnn/validation_epoch_100.json,project/results/qgat_extend100/seed2026/relation_D/validation_epoch_100.json
final,2026,V_select,5,15,100,100,8,8,1.18843412399292,0.9656734466552734,-0.22276067733764648,2.402531147003174,1.8378040790557861,-0.5647270679473877,2.389699697494507,1.8845754861831665,-0.5051242113113403,project/results/qgat_extend100/seed2026/gnn/validation_epoch_100.json,project/results/qgat_extend100/seed2026/relation_D/validation_epoch_100.json
final,2026,V_select,5,20,100,100,8,8,1.1884883642196655,0.9656631946563721,-0.22282516956329346,2.4026873111724854,1.837775707244873,-0.5649116039276123,2.389832019805908,1.8845510482788086,-0.5052809715270996,project/results/qgat_extend100/seed2026/gnn/validation_epoch_100.json,project/results/qgat_extend100/seed2026/relation_D/validation_epoch_100.json
final,2026,V_select,6,5,100,100,8,8,1.1376700401306152,0.8819229602813721,-0.25574707984924316,2.467947006225586,1.7836859226226807,-0.6842610836029053,2.371643543243408,1.7737659215927124,-0.5978776216506958,project/results/qgat_extend100/seed2026/gnn/validation_epoch_100.json,project/results/qgat_extend100/seed2026/relation_D/validation_epoch_100.json
final,2026,V_select,6,10,100,100,8,8,1.137213945388794,0.8810385465621948,-0.2561753988265991,2.46661114692688,1.7825194597244263,-0.6840916872024536,2.370519518852234,1.772298276424408,-0.5982212424278259,project/results/qgat_extend100/seed2026/gnn/validation_epoch_100.json,project/results/qgat_extend100/seed2026/relation_D/validation_epoch_100.json
final,2026,V_select,6,15,100,100,8,8,1.1410263776779175,0.8855671882629395,-0.255459189414978,2.4743704795837402,1.7903075218200684,-0.6840629577636719,2.3782116174697876,1.7807209491729736,-0.597490668296814,project/results/qgat_extend100/seed2026/gnn/validation_epoch_100.json,project/results/qgat_extend100/seed2026/relation_D/validation_epoch_100.json
final,2026,V_select,6,20,100,100,8,8,1.142539381980896,0.8897103071212769,-0.25282907485961914,2.4796996116638184,1.7981828451156616,-0.6815167665481567,2.382389187812805,1.7888017296791077,-0.5935874581336975,project/results/qgat_extend100/seed2026/gnn/validation_epoch_100.json,project/results/qgat_extend100/seed2026/relation_D/validation_epoch_100.json
final,2026,V_select,7,5,100,100,8,8,1.0461065769195557,1.0732927322387695,0.027186155319213867,2.2535858154296875,2.144157886505127,-0.10942792892456055,2.1728994846343994,2.145371675491333,-0.027527809143066406,project/results/qgat_extend100/seed2026/gnn/validation_epoch_100.json,project/results/qgat_extend100/seed2026/relation_D/validation_epoch_100.json
final,2026,V_select,7,10,100,100,8,8,1.0478042364120483,1.069955587387085,0.02215135097503662,2.2562811374664307,2.13441801071167,-0.12186312675476074,2.1759448051452637,2.13716459274292,-0.03878021240234375,project/results/qgat_extend100/seed2026/gnn/validation_epoch_100.json,project/results/qgat_extend100/seed2026/relation_D/validation_epoch_100.json
final,2026,V_select,7,15,100,100,8,8,1.0466744899749756,1.0688376426696777,0.02216315269470215,2.2507882118225098,2.134305000305176,-0.11648321151733398,2.1720685958862305,2.1359901428222656,-0.036078453063964844,project/results/qgat_extend100/seed2026/gnn/validation_epoch_100.json,project/results/qgat_extend100/seed2026/relation_D/validation_epoch_100.json
final,2026,V_select,7,20,100,100,8,8,1.046614408493042,1.0688904523849487,0.02227604389190674,2.2510595321655273,2.1343235969543457,-0.11673593521118164,2.1721441745758057,2.1360522508621216,-0.03609192371368408,project/results/qgat_extend100/seed2026/gnn/validation_epoch_100.json,project/results/qgat_extend100/seed2026/relation_D/validation_epoch_100.json
final,2026,V_select,8,5,100,100,8,8,0.9221016764640808,1.347179651260376,0.42507797479629517,1.8018121719360352,2.3278589248657227,0.5260467529296875,1.8230077624320984,2.5111091136932373,0.6881013512611389,project/results/qgat_extend100/seed2026/gnn/validation_epoch_100.json,project/results/qgat_extend100/seed2026/relation_D/validation_epoch_100.json
final,2026,V_select,8,10,100,100,8,8,0.9188344478607178,1.3392632007598877,0.4204287528991699,1.797672152519226,2.3153133392333984,0.5176411867141724,1.8176705241203308,2.496919870376587,0.6792493462562561,project/results/qgat_extend100/seed2026/gnn/validation_epoch_100.json,project/results/qgat_extend100/seed2026/relation_D/validation_epoch_100.json
final,2026,V_select,8,15,100,100,8,8,0.9184087514877319,1.3395395278930664,0.4211307764053345,1.7963275909423828,2.315838575363159,0.5195109844207764,1.8165725469589233,2.497458815574646,0.6808862686157227,project/results/qgat_extend100/seed2026/gnn/validation_epoch_100.json,project/results/qgat_extend100/seed2026/relation_D/validation_epoch_100.json
final,2026,V_select,8,20,100,100,8,8,0.9184801578521729,1.3395181894302368,0.42103803157806396,1.7963826656341553,2.3157286643981934,0.5193459987640381,1.8166714906692505,2.4973825216293335,0.680711030960083,project/results/qgat_extend100/seed2026/gnn/validation_epoch_100.json,project/results/qgat_extend100/seed2026/relation_D/validation_epoch_100.json
final,2026,V_select,9,5,100,100,8,8,0.8637257814407349,0.8507925271987915,-0.01293325424194336,1.8158328533172607,1.501938819885254,-0.31389403343200684,1.7716422080993652,1.6017619371414185,-0.16988027095794678,project/results/qgat_extend100/seed2026/gnn/validation_epoch_100.json,project/results/qgat_extend100/seed2026/relation_D/validation_epoch_100.json
final,2026,V_select,9,10,100,100,8,8,0.8628847002983093,0.8511850833892822,-0.0116996169090271,1.814476490020752,1.501481533050537,-0.31299495697021484,1.7701229453086853,1.6019258499145508,-0.16819709539413452,project/results/qgat_extend100/seed2026/gnn/validation_epoch_100.json,project/results/qgat_extend100/seed2026/relation_D/validation_epoch_100.json
final,2026,V_select,9,15,100,100,8,8,0.8639819622039795,0.8527255654335022,-0.011256396770477295,1.8161582946777344,1.5026779174804688,-0.3134803771972656,1.7720611095428467,1.6040645241737366,-0.1679965853691101,project/results/qgat_extend100/seed2026/gnn/validation_epoch_100.json,project/results/qgat_extend100/seed2026/relation_D/validation_epoch_100.json
final,2026,V_select,9,20,100,100,8,8,0.8631038665771484,0.851491391658783,-0.011612474918365479,1.8160066604614258,1.5012319087982178,-0.314774751663208,1.7711071968078613,1.6021073460578918,-0.16899985074996948,project/results/qgat_extend100/seed2026/gnn/validation_epoch_100.json,project/results/qgat_extend100/seed2026/relation_D/validation_epoch_100.json
final,2026,V_select,10,5,100,100,8,8,1.0794222354888916,1.1645456552505493,0.08512341976165771,1.9088554382324219,2.053305149078369,0.14444971084594727,2.0338499546051025,2.191198229789734,0.15734827518463135,project/results/qgat_extend100/seed2026/gnn/validation_epoch_100.json,project/results/qgat_extend100/seed2026/relation_D/validation_epoch_100.json
final,2026,V_select,10,10,100,100,8,8,1.0789766311645508,1.166163444519043,0.08718681335449219,1.9069582223892212,2.056715726852417,0.1497575044631958,2.0324557423591614,2.1945213079452515,0.1620655655860901,project/results/qgat_extend100/seed2026/gnn/validation_epoch_100.json,project/results/qgat_extend100/seed2026/relation_D/validation_epoch_100.json
final,2026,V_select,10,15,100,100,8,8,1.078780174255371,1.1662648916244507,0.08748471736907959,1.906633734703064,2.0569851398468018,0.1503514051437378,2.032097041606903,2.1947574615478516,0.1626604199409485,project/results/qgat_extend100/seed2026/gnn/validation_epoch_100.json,project/results/qgat_extend100/seed2026/relation_D/validation_epoch_100.json
final,2026,V_select,10,20,100,100,8,8,1.0788047313690186,1.165940523147583,0.08713579177856445,1.9069349765777588,2.0563042163848877,0.1493692398071289,2.032272219657898,2.194092631340027,0.1618204116821289,project/results/qgat_extend100/seed2026/gnn/validation_epoch_100.json,project/results/qgat_extend100/seed2026/relation_D/validation_epoch_100.json
final,2026,V_select,11,5,100,100,8,8,1.067720890045166,1.2952373027801514,0.22751641273498535,2.143352508544922,2.634505033493042,0.4911525249481201,2.139397144317627,2.6124898195266724,0.4730926752090454,project/results/qgat_extend100/seed2026/gnn/validation_epoch_100.json,project/results/qgat_extend100/seed2026/relation_D/validation_epoch_100.json
final,2026,V_select,11,10,100,100,8,8,1.0720728635787964,1.291524887084961,0.21945202350616455,2.1489109992980957,2.624429941177368,0.47551894187927246,2.1465283632278442,2.603739857673645,0.4572114944458008,project/results/qgat_extend100/seed2026/gnn/validation_epoch_100.json,project/results/qgat_extend100/seed2026/relation_D/validation_epoch_100.json
final,2026,V_select,11,15,100,100,8,8,1.072102665901184,1.2916666269302368,0.21956396102905273,2.1487855911254883,2.6243386268615723,0.475553035736084,2.1464954614639282,2.603835940361023,0.4573404788970947,project/results/qgat_extend100/seed2026/gnn/validation_epoch_100.json,project/results/qgat_extend100/seed2026/relation_D/validation_epoch_100.json
final,2026,V_select,11,20,100,100,8,8,1.0721592903137207,1.2911272048950195,0.21896791458129883,2.148617744445801,2.622904062271118,0.4742863178253174,2.146468162536621,2.6025792360305786,0.4561110734939575,project/results/qgat_extend100/seed2026/gnn/validation_epoch_100.json,project/results/qgat_extend100/seed2026/relation_D/validation_epoch_100.json
final,2026,V_select,12,5,100,100,8,8,1.136781096458435,1.1805133819580078,0.043732285499572754,2.183256149291992,2.473923921585083,0.2906677722930908,2.228409171104431,2.4174753427505493,0.18906617164611816,project/results/qgat_extend100/seed2026/gnn/validation_epoch_100.json,project/results/qgat_extend100/seed2026/relation_D/validation_epoch_100.json
final,2026,V_select,12,10,100,100,8,8,1.1357464790344238,1.1813713312149048,0.04562485218048096,2.1830148696899414,2.4752349853515625,0.2922201156616211,2.2272539138793945,2.418988823890686,0.1917349100112915,project/results/qgat_extend100/seed2026/gnn/validation_epoch_100.json,project/results/qgat_extend100/seed2026/relation_D/validation_epoch_100.json
final,2026,V_select,12,15,100,100,8,8,1.1358062028884888,1.181769847869873,0.04596364498138428,2.1833465099334717,2.47578763961792,0.29244112968444824,2.2274794578552246,2.419663667678833,0.1921842098236084,project/results/qgat_extend100/seed2026/gnn/validation_epoch_100.json,project/results/qgat_extend100/seed2026/relation_D/validation_epoch_100.json
final,2026,V_select,12,20,100,100,8,8,1.1361689567565918,1.1818037033081055,0.04563474655151367,2.18355655670166,2.476050615310669,0.2924940586090088,2.227947235107422,2.41982901096344,0.19188177585601807,project/results/qgat_extend100/seed2026/gnn/validation_epoch_100.json,project/results/qgat_extend100/seed2026/relation_D/validation_epoch_100.json
final,2026,V_select,13,5,100,100,8,8,0.5819779634475708,0.7351633906364441,0.1531854271888733,0.9966601133346558,1.1227238178253174,0.12606370449066162,1.0803080201148987,1.2965252995491028,0.2162172794342041,project/results/qgat_extend100/seed2026/gnn/validation_epoch_100.json,project/results/qgat_extend100/seed2026/relation_D/validation_epoch_100.json
final,2026,V_select,13,10,100,100,8,8,0.5821212530136108,0.7353684306144714,0.1532471776008606,0.9964598417282104,1.1230478286743164,0.12658798694610596,1.080351173877716,1.2968923449516296,0.21654117107391357,project/results/qgat_extend100/seed2026/gnn/validation_epoch_100.json,project/results/qgat_extend100/seed2026/relation_D/validation_epoch_100.json
final,2026,V_select,13,15,100,100,8,8,0.5827845335006714,0.7382274866104126,0.1554429531097412,0.9979214072227478,1.126319408416748,0.12839800119400024,1.0817452371120453,1.3013871908187866,0.21964195370674133,project/results/qgat_extend100/seed2026/gnn/validation_epoch_100.json,project/results/qgat_extend100/seed2026/relation_D/validation_epoch_100.json
final,2026,V_select,13,20,100,100,8,8,0.5828259587287903,0.7382175326347351,0.15539157390594482,0.9980506896972656,1.1263482570648193,0.1282975673675537,1.081851303577423,1.3013916611671448,0.21954035758972168,project/results/qgat_extend100/seed2026/gnn/validation_epoch_100.json,project/results/qgat_extend100/seed2026/relation_D/validation_epoch_100.json
final,2026,V_select,14,5,100,100,8,8,0.8572872281074524,0.8302228450775146,-0.027064383029937744,1.6027556657791138,1.4649581909179688,-0.13779747486114502,1.6586650609970093,1.562701940536499,-0.09596312046051025,project/results/qgat_extend100/seed2026/gnn/validation_epoch_100.json,project/results/qgat_extend100/seed2026/relation_D/validation_epoch_100.json
final,2026,V_select,14,10,100,100,8,8,0.857170820236206,0.8310757875442505,-0.026095032691955566,1.6019747257232666,1.4662277698516846,-0.13574695587158203,1.6581581830978394,1.5641896724700928,-0.09396851062774658,project/results/qgat_extend100/seed2026/gnn/validation_epoch_100.json,project/results/qgat_extend100/seed2026/relation_D/validation_epoch_100.json
final,2026,V_select,14,15,100,100,8,8,0.8546634316444397,0.8294745087623596,-0.025188922882080078,1.5967516899108887,1.46187424659729,-0.13487744331359863,1.653039276599884,1.5604116320610046,-0.0926276445388794,project/results/qgat_extend100/seed2026/gnn/validation_epoch_100.json,project/results/qgat_extend100/seed2026/relation_D/validation_epoch_100.json
final,2026,V_select,14,20,100,100,8,8,0.8544923663139343,0.8300443291664124,-0.024448037147521973,1.596634864807129,1.4640264511108398,-0.13260841369628906,1.6528097987174988,1.5620575547218323,-0.0907522439956665,project/results/qgat_extend100/seed2026/gnn/validation_epoch_100.json,project/results/qgat_extend100/seed2026/relation_D/validation_epoch_100.json
final,2026,V_select,15,5,100,100,8,8,0.8905807137489319,0.9627395272254944,0.0721588134765625,1.4274272918701172,1.9021689891815186,0.47474169731140137,1.6042943596839905,1.9138240218162537,0.3095296621322632,project/results/qgat_extend100/seed2026/gnn/validation_epoch_100.json,project/results/qgat_extend100/seed2026/relation_D/validation_epoch_100.json
final,2026,V_select,15,10,100,100,8,8,0.8918165564537048,0.9618792533874512,0.07006269693374634,1.4287939071655273,1.8997271060943604,0.470933198928833,1.6062135100364685,1.9117428064346313,0.30552929639816284,project/results/qgat_extend100/seed2026/gnn/validation_epoch_100.json,project/results/qgat_extend100/seed2026/relation_D/validation_epoch_100.json
final,2026,V_select,15,15,100,100,8,8,0.8903807997703552,0.9603261947631836,0.06994539499282837,1.4262440204620361,1.8945717811584473,0.46832776069641113,1.6035028100013733,1.9076120853424072,0.30410927534103394,project/results/qgat_extend100/seed2026/gnn/validation_epoch_100.json,project/results/qgat_extend100/seed2026/relation_D/validation_epoch_100.json
final,2026,V_select,15,20,100,100,8,8,0.890237033367157,0.9606285095214844,0.07039147615432739,1.4263112545013428,1.8951444625854492,0.46883320808410645,1.6033926606178284,1.908200740814209,0.3048080801963806,project/results/qgat_extend100/seed2026/gnn/validation_epoch_100.json,project/results/qgat_extend100/seed2026/relation_D/validation_epoch_100.json
final,2026,V_select,16,5,100,100,8,8,0.011610608547925949,0.013118033297359943,0.0015074247494339943,0.012173976749181747,0.017475467175245285,0.005301490426063538,0.017697596922516823,0.021855766884982586,0.004158169962465763,project/results/qgat_extend100/seed2026/gnn/validation_epoch_100.json,project/results/qgat_extend100/seed2026/relation_D/validation_epoch_100.json
final,2026,V_select,16,10,100,100,8,8,0.01130489818751812,0.013114833272993565,0.0018099350854754448,0.012227804400026798,0.017220670357346535,0.0049928659573197365,0.01741880038753152,0.021725168451666832,0.004306368064135313,project/results/qgat_extend100/seed2026/gnn/validation_epoch_100.json,project/results/qgat_extend100/seed2026/relation_D/validation_epoch_100.json
final,2026,V_select,16,15,100,100,8,8,0.011048058047890663,0.0139536764472723,0.0029056183993816376,0.011516787111759186,0.01804770529270172,0.006530918180942535,0.016806451603770256,0.02297752909362316,0.006171077489852905,project/results/qgat_extend100/seed2026/gnn/validation_epoch_100.json,project/results/qgat_extend100/seed2026/relation_D/validation_epoch_100.json
final,2026,V_select,16,20,100,100,8,8,0.01104801893234253,0.013953698799014091,0.002905679866671562,0.011516956612467766,0.018047744408249855,0.006530787795782089,0.016806497238576412,0.02297757100313902,0.006171073764562607,project/results/qgat_extend100/seed2026/gnn/validation_epoch_100.json,project/results/qgat_extend100/seed2026/relation_D/validation_epoch_100.json
final,2026,V_select,17,5,100,100,8,8,0.011591702699661255,0.015556154772639275,0.00396445207297802,0.012610032223165035,0.020476670935750008,0.007866638712584972,0.017896718811243773,0.02579449024051428,0.007897771429270506,project/results/qgat_extend100/seed2026/gnn/validation_epoch_100.json,project/results/qgat_extend100/seed2026/relation_D/validation_epoch_100.json
final,2026,V_select,17,10,100,100,8,8,0.011591935530304909,0.015557318925857544,0.003965383395552635,0.012609251774847507,0.020481932908296585,0.007872681133449078,0.017896561417728662,0.025798285380005836,0.007901723962277174,project/results/qgat_extend100/seed2026/gnn/validation_epoch_100.json,project/results/qgat_extend100/seed2026/relation_D/validation_epoch_100.json
final,2026,V_select,17,15,100,100,8,8,0.011592024005949497,0.015557494945824146,0.003965470939874649,0.012606481090188026,0.02048191800713539,0.007875436916947365,0.01789526455104351,0.025798453949391842,0.007903189398348331,project/results/qgat_extend100/seed2026/gnn/validation_epoch_100.json,project/results/qgat_extend100/seed2026/relation_D/validation_epoch_100.json
final,2026,V_select,17,20,100,100,8,8,0.01159150991588831,0.015559623017907143,0.003968113102018833,0.012605234049260616,0.020491408184170723,0.007886174134910107,0.017894126940518618,0.025805327109992504,0.007911200169473886,project/results/qgat_extend100/seed2026/gnn/validation_epoch_100.json,project/results/qgat_extend100/seed2026/relation_D/validation_epoch_100.json
final,2026,V_select,18,5,100,100,8,8,0.011412200517952442,0.012855236418545246,0.001443035900592804,0.011849700473248959,0.016982069239020348,0.005132368765771389,0.01733705075457692,0.02134627103805542,0.0040092202834784985,project/results/qgat_extend100/seed2026/gnn/validation_epoch_100.json,project/results/qgat_extend100/seed2026/relation_D/validation_epoch_100.json
final,2026,V_select,18,10,100,100,8,8,0.009627239778637886,0.012750200927257538,0.003122961148619652,0.009972082450985909,0.016693495213985443,0.006721412762999535,0.01461328100413084,0.02109694853425026,0.006483667530119419,project/results/qgat_extend100/seed2026/gnn/validation_epoch_100.json,project/results/qgat_extend100/seed2026/relation_D/validation_epoch_100.json
final,2026,V_select,18,15,100,100,8,8,0.009626973420381546,0.01275051012635231,0.003123536705970764,0.009970048442482948,0.016695188358426094,0.006725139915943146,0.01461199764162302,0.021098104305565357,0.006486106663942337,project/results/qgat_extend100/seed2026/gnn/validation_epoch_100.json,project/results/qgat_extend100/seed2026/relation_D/validation_epoch_100.json
final,2026,V_select,18,20,100,100,8,8,0.009627077728509903,0.012757308781147003,0.0031302310526371002,0.009973902255296707,0.016715511679649353,0.006741609424352646,0.014614028856158257,0.02111506462097168,0.006501035764813423,project/results/qgat_extend100/seed2026/gnn/validation_epoch_100.json,project/results/qgat_extend100/seed2026/relation_D/validation_epoch_100.json
final,2026,V_select,19,5,100,100,8,8,0.010653933510184288,0.014385995455086231,0.003732061944901943,0.011494789272546768,0.019614005461335182,0.008119216188788414,0.016401328146457672,0.024192998185753822,0.00779167003929615,project/results/qgat_extend100/seed2026/gnn/validation_epoch_100.json,project/results/qgat_extend100/seed2026/relation_D/validation_epoch_100.json
final,2026,V_select,19,10,100,100,8,8,0.010663097724318504,0.014385659247636795,0.0037225615233182907,0.01152254082262516,0.01964806392788887,0.00812552310526371,0.016424368135631084,0.02420969121158123,0.007785323075950146,project/results/qgat_extend100/seed2026/gnn/validation_epoch_100.json,project/results/qgat_extend100/seed2026/relation_D/validation_epoch_100.json
final,2026,V_select,19,15,100,100,8,8,0.010662877932190895,0.014394461177289486,0.003731583245098591,0.011521926149725914,0.01967266947031021,0.008150743320584297,0.016423841007053852,0.02423079591244459,0.0078069549053907394,project/results/qgat_extend100/seed2026/gnn/validation_epoch_100.json,project/results/qgat_extend100/seed2026/relation_D/validation_epoch_100.json
final,2026,V_select,19,20,100,100,8,8,0.01066267304122448,0.014394555240869522,0.0037318821996450424,0.011520104482769966,0.01967264898121357,0.008152544498443604,0.016422725282609463,0.024230879731476307,0.007808154448866844,project/results/qgat_extend100/seed2026/gnn/validation_epoch_100.json,project/results/qgat_extend100/seed2026/relation_D/validation_epoch_100.json
final,2026,V_select,20,5,100,100,8,8,0.01029081642627716,0.01059938594698906,0.0003085695207118988,0.01114723738282919,0.014458105899393559,0.003310868516564369,0.015864435117691755,0.01782843889668584,0.0019640037789940834,project/results/qgat_extend100/seed2026/gnn/validation_epoch_100.json,project/results/qgat_extend100/seed2026/relation_D/validation_epoch_100.json
final,2026,V_select,20,10,100,100,8,8,0.011374902911484241,0.013110147789120674,0.0017352448776364326,0.012449278496205807,0.0181473009288311,0.005698022432625294,0.017599542159587145,0.022183798253536224,0.0045842560939490795,project/results/qgat_extend100/seed2026/gnn/validation_epoch_100.json,project/results/qgat_extend100/seed2026/relation_D/validation_epoch_100.json
final,2026,V_select,20,15,100,100,8,8,0.011378934606909752,0.013112442567944527,0.0017335079610347748,0.012467429973185062,0.018193580210208893,0.00572615023702383,0.017612649593502283,0.022209232673048973,0.00459658307954669,project/results/qgat_extend100/seed2026/gnn/validation_epoch_100.json,project/results/qgat_extend100/seed2026/relation_D/validation_epoch_100.json
final,2026,V_select,20,20,100,100,8,8,0.011379130184650421,0.013113169930875301,0.0017340397462248802,0.012467706575989723,0.018195442855358124,0.005727736279368401,0.017612983472645283,0.022210891358554363,0.0045979078859090805,project/results/qgat_extend100/seed2026/gnn/validation_epoch_100.json,project/results/qgat_extend100/seed2026/relation_D/validation_epoch_100.json
final,2026,V_select,21,5,100,100,8,8,0.020254261791706085,0.025005344301462173,0.004751082509756088,0.07121353596448898,0.07878902554512024,0.007575489580631256,0.05586102977395058,0.0643998570740223,0.008538827300071716,project/results/qgat_extend100/seed2026/gnn/validation_epoch_100.json,project/results/qgat_extend100/seed2026/relation_D/validation_epoch_100.json
final,2026,V_select,21,10,100,100,8,8,0.02026556059718132,0.02503623068332672,0.004770670086145401,0.07124699652194977,0.0788969025015831,0.007649905979633331,0.055889058858156204,0.06448468193411827,0.008595623075962067,project/results/qgat_extend100/seed2026/gnn/validation_epoch_100.json,project/results/qgat_extend100/seed2026/relation_D/validation_epoch_100.json
final,2026,V_select,21,15,100,100,8,8,0.020267430692911148,0.02498890645802021,0.004721475765109062,0.07125432789325714,0.07874489575624466,0.007490567862987518,0.05589459463953972,0.06436135433614254,0.008466759696602821,project/results/qgat_extend100/seed2026/gnn/validation_epoch_100.json,project/results/qgat_extend100/seed2026/relation_D/validation_epoch_100.json
final,2026,V_select,21,20,100,100,8,8,0.020629679784178734,0.023935765027999878,0.003306085243821144,0.07053927332162857,0.07819090038537979,0.007651627063751221,0.05589931644499302,0.06303121522068977,0.0071318987756967545,project/results/qgat_extend100/seed2026/gnn/validation_epoch_100.json,project/results/qgat_extend100/seed2026/relation_D/validation_epoch_100.json
final,2026,V_select,22,5,100,100,8,8,0.08033056557178497,0.08398672938346863,0.003656163811683655,0.17178501188755035,0.179640531539917,0.007855519652366638,0.16622307151556015,0.17380699515342712,0.007583923637866974,project/results/qgat_extend100/seed2026/gnn/validation_epoch_100.json,project/results/qgat_extend100/seed2026/relation_D/validation_epoch_100.json
final,2026,V_select,22,10,100,100,8,8,0.0803312435746193,0.08398741483688354,0.0036561712622642517,0.17178693413734436,0.1796424835920334,0.007855549454689026,0.16622471064329147,0.17380865663290024,0.007583945989608765,project/results/qgat_extend100/seed2026/gnn/validation_epoch_100.json,project/results/qgat_extend100/seed2026/relation_D/validation_epoch_100.json
final,2026,V_select,22,15,100,100,8,8,0.07936405390501022,0.08358372747898102,0.004219673573970795,0.1709880530834198,0.17906604707241058,0.008077993988990784,0.16485808044672012,0.1731167510151863,0.008258670568466187,project/results/qgat_extend100/seed2026/gnn/validation_epoch_100.json,project/results/qgat_extend100/seed2026/relation_D/validation_epoch_100.json
final,2026,V_select,22,20,100,100,8,8,0.07936341315507889,0.08358719199895859,0.0042237788438797,0.1709880828857422,0.17907485365867615,0.00808677077293396,0.16485745459794998,0.17312461882829666,0.00826716423034668,project/results/qgat_extend100/seed2026/gnn/validation_epoch_100.json,project/results/qgat_extend100/seed2026/relation_D/validation_epoch_100.json
final,2026,V_select,23,5,100,100,8,8,0.15926089882850647,0.15959061682224274,0.0003297179937362671,0.6820727586746216,0.6823786497116089,0.0003058910369873047,0.5002972781658173,0.5007799416780472,0.00048266351222991943,project/results/qgat_extend100/seed2026/gnn/validation_epoch_100.json,project/results/qgat_extend100/seed2026/relation_D/validation_epoch_100.json
final,2026,V_select,23,10,100,100,8,8,0.15844938158988953,0.1589253544807434,0.00047597289085388184,0.6806777119636536,0.680896520614624,0.00021880865097045898,0.4987882375717163,0.4993736147880554,0.0005853772163391113,project/results/qgat_extend100/seed2026/gnn/validation_epoch_100.json,project/results/qgat_extend100/seed2026/relation_D/validation_epoch_100.json
final,2026,V_select,23,15,100,100,8,8,0.15713948011398315,0.1575053632259369,0.00036588311195373535,0.6792610883712769,0.6802047491073608,0.0009436607360839844,0.4967700242996216,0.4976077377796173,0.0008377134799957275,project/results/qgat_extend100/seed2026/gnn/validation_epoch_100.json,project/results/qgat_extend100/seed2026/relation_D/validation_epoch_100.json
final,2026,V_select,23,20,100,100,8,8,0.1571395993232727,0.1575055718421936,0.00036597251892089844,0.6792647838592529,0.6802047491073608,0.0009399652481079102,0.49677199125289917,0.497607946395874,0.0008359551429748535,project/results/qgat_extend100/seed2026/gnn/validation_epoch_100.json,project/results/qgat_extend100/seed2026/relation_D/validation_epoch_100.json
final,2026,V_select,24,5,100,100,8,8,0.8707089424133301,0.8806452751159668,0.009936332702636719,2.2137632369995117,2.243781566619873,0.030018329620361328,1.977590560913086,2.0025360584259033,0.024945497512817383,project/results/qgat_extend100/seed2026/gnn/validation_epoch_100.json,project/results/qgat_extend100/seed2026/relation_D/validation_epoch_100.json
final,2026,V_select,24,10,100,100,8,8,0.8699590563774109,0.8806377649307251,0.010678708553314209,2.212034225463867,2.2437615394592285,0.03172731399536133,1.9759761691093445,2.0025185346603394,0.026542365550994873,project/results/qgat_extend100/seed2026/gnn/validation_epoch_100.json,project/results/qgat_extend100/seed2026/relation_D/validation_epoch_100.json
final,2026,V_select,24,15,100,100,8,8,0.872893214225769,0.879779577255249,0.0068863630294799805,2.2167818546295166,2.2443900108337402,0.027608156204223633,1.9812841415405273,2.001974582672119,0.020690441131591797,project/results/qgat_extend100/seed2026/gnn/validation_epoch_100.json,project/results/qgat_extend100/seed2026/relation_D/validation_epoch_100.json
final,2026,V_select,24,20,100,100,8,8,0.8729249835014343,0.8797793984413147,0.006854414939880371,2.216848373413086,2.2443881034851074,0.027539730072021484,1.9813491702079773,2.0019734501838684,0.020624279975891113,project/results/qgat_extend100/seed2026/gnn/validation_epoch_100.json,project/results/qgat_extend100/seed2026/relation_D/validation_epoch_100.json
final,2026,V_select,25,5,100,100,8,8,0.9067111015319824,0.9826242923736572,0.0759131908416748,1.9945545196533203,2.023972988128662,0.029418468475341797,1.9039883613586426,1.9946107864379883,0.0906224250793457,project/results/qgat_extend100/seed2026/gnn/validation_epoch_100.json,project/results/qgat_extend100/seed2026/relation_D/validation_epoch_100.json
final,2026,V_select,25,10,100,100,8,8,0.9089781045913696,0.9836361408233643,0.07465803623199463,1.9967515468597412,2.0243911743164062,0.02763962745666504,1.9073538780212402,1.9958317279815674,0.08847784996032715,project/results/qgat_extend100/seed2026/gnn/validation_epoch_100.json,project/results/qgat_extend100/seed2026/relation_D/validation_epoch_100.json
final,2026,V_select,25,15,100,100,8,8,0.9112634658813477,0.9815647602081299,0.07030129432678223,2.002725124359131,2.018528699874878,0.01580357551574707,1.912626028060913,1.9908291101455688,0.07820308208465576,project/results/qgat_extend100/seed2026/gnn/validation_epoch_100.json,project/results/qgat_extend100/seed2026/relation_D/validation_epoch_100.json
final,2026,V_select,25,20,100,100,8,8,0.9113130569458008,0.9815517663955688,0.07023870944976807,2.002859592437744,2.0185022354125977,0.015642642974853516,1.9127428531646729,1.9908028841018677,0.07806003093719482,project/results/qgat_extend100/seed2026/gnn/validation_epoch_100.json,project/results/qgat_extend100/seed2026/relation_D/validation_epoch_100.json
final,2026,V_select,26,5,100,100,8,8,0.9034733772277832,0.8966231942176819,-0.006850183010101318,1.8758018016815186,1.963118076324463,0.08731627464294434,1.8413742780685425,1.8781822323799133,0.03680795431137085,project/results/qgat_extend100/seed2026/gnn/validation_epoch_100.json,project/results/qgat_extend100/seed2026/relation_D/validation_epoch_100.json
final,2026,V_select,26,10,100,100,8,8,0.9026700258255005,0.8967323899269104,-0.005937635898590088,1.8738276958465576,1.9629149436950684,0.08908724784851074,1.8395838737487793,1.8781898617744446,0.03860598802566528,project/results/qgat_extend100/seed2026/gnn/validation_epoch_100.json,project/results/qgat_extend100/seed2026/relation_D/validation_epoch_100.json
final,2026,V_select,26,15,100,100,8,8,0.9026514291763306,0.8968048691749573,-0.005846560001373291,1.8738046884536743,1.9631643295288086,0.08935964107513428,1.8395537734031677,1.8783870339393616,0.03883326053619385,project/results/qgat_extend100/seed2026/gnn/validation_epoch_100.json,project/results/qgat_extend100/seed2026/relation_D/validation_epoch_100.json
final,2026,V_select,26,20,100,100,8,8,0.9030073881149292,0.897132396697998,-0.005874991416931152,1.8744629621505737,1.964101791381836,0.08963882923126221,1.840238869190216,1.879183292388916,0.03894442319869995,project/results/qgat_extend100/seed2026/gnn/validation_epoch_100.json,project/results/qgat_extend100/seed2026/relation_D/validation_epoch_100.json
final,2026,V_select,27,5,100,100,8,8,1.0677590370178223,0.9511616230010986,-0.11659741401672363,2.1906843185424805,1.9417805671691895,-0.24890375137329102,2.1631011962890625,1.9220519065856934,-0.24104928970336914,project/results/qgat_extend100/seed2026/gnn/validation_epoch_100.json,project/results/qgat_extend100/seed2026/relation_D/validation_epoch_100.json
final,2026,V_select,27,10,100,100,8,8,1.0692389011383057,0.9508552551269531,-0.11838364601135254,2.194154739379883,1.9409689903259277,-0.2531857490539551,2.166316270828247,1.921339750289917,-0.24497652053833008,project/results/qgat_extend100/seed2026/gnn/validation_epoch_100.json,project/results/qgat_extend100/seed2026/relation_D/validation_epoch_100.json
final,2026,V_select,27,15,100,100,8,8,1.0692691802978516,0.9508772492408752,-0.11839193105697632,2.194209575653076,1.9410293102264404,-0.25318026542663574,2.1663739681243896,1.9213919043540955,-0.2449820637702942,project/results/qgat_extend100/seed2026/gnn/validation_epoch_100.json,project/results/qgat_extend100/seed2026/relation_D/validation_epoch_100.json
final,2026,V_select,27,20,100,100,8,8,1.0688414573669434,0.9484075903892517,-0.12043386697769165,2.1934120655059814,1.9341464042663574,-0.259265661239624,2.165547490119934,1.9154807925224304,-0.25006669759750366,project/results/qgat_extend100/seed2026/gnn/validation_epoch_100.json,project/results/qgat_extend100/seed2026/relation_D/validation_epoch_100.json
final,2026,V_select,28,5,100,100,8,8,0.6842657923698425,0.6341432929039001,-0.05012249946594238,1.6769758462905884,1.1869175434112549,-0.4900583028793335,1.5227537155151367,1.2276020646095276,-0.29515165090560913,project/results/qgat_extend100/seed2026/gnn/validation_epoch_100.json,project/results/qgat_extend100/seed2026/relation_D/validation_epoch_100.json
final,2026,V_select,28,10,100,100,8,8,0.6845131516456604,0.634358823299408,-0.05015432834625244,1.677046775817871,1.186961054801941,-0.4900857210159302,1.523036539554596,1.2278393507003784,-0.29519718885421753,project/results/qgat_extend100/seed2026/gnn/validation_epoch_100.json,project/results/qgat_extend100/seed2026/relation_D/validation_epoch_100.json
final,2026,V_select,28,15,100,100,8,8,0.6827133297920227,0.6337466239929199,-0.04896670579910278,1.6718919277191162,1.180452823638916,-0.4914391040802002,1.5186592936515808,1.223973035812378,-0.2946862578392029,project/results/qgat_extend100/seed2026/gnn/validation_epoch_100.json,project/results/qgat_extend100/seed2026/relation_D/validation_epoch_100.json
final,2026,V_select,28,20,100,100,8,8,0.6823848485946655,0.6337664127349854,-0.048618435859680176,1.6713619232177734,1.1814907789230347,-0.48987114429473877,1.5180658102035522,1.2245118021965027,-0.29355400800704956,project/results/qgat_extend100/seed2026/gnn/validation_epoch_100.json,project/results/qgat_extend100/seed2026/relation_D/validation_epoch_100.json
final,2026,V_select,29,5,100,100,8,8,1.353722333908081,1.0640349388122559,-0.2896873950958252,2.564436912536621,1.8778966665267944,-0.6865402460098267,2.6359407901763916,2.002983272075653,-0.6329575181007385,project/results/qgat_extend100/seed2026/gnn/validation_epoch_100.json,project/results/qgat_extend100/seed2026/relation_D/validation_epoch_100.json
final,2026,V_select,29,10,100,100,8,8,1.3533697128295898,1.0639009475708008,-0.28946876525878906,2.563716411590576,1.8776795864105225,-0.6860368251800537,2.635227918624878,2.002740740776062,-0.6324871778488159,project/results/qgat_extend100/seed2026/gnn/validation_epoch_100.json,project/results/qgat_extend100/seed2026/relation_D/validation_epoch_100.json
final,2026,V_select,29,15,100,100,8,8,1.3536039590835571,1.0640374422073364,-0.2895665168762207,2.564229965209961,1.8780114650726318,-0.6862185001373291,2.6357189416885376,2.0030431747436523,-0.6326757669448853,project/results/qgat_extend100/seed2026/gnn/validation_epoch_100.json,project/results/qgat_extend100/seed2026/relation_D/validation_epoch_100.json
final,2026,V_select,29,20,100,100,8,8,1.354183554649353,1.0641210079193115,-0.2900625467300415,2.565445899963379,1.8782050609588623,-0.6872408390045166,2.6369065046310425,2.0032235383987427,-0.6336829662322998,project/results/qgat_extend100/seed2026/gnn/validation_epoch_100.json,project/results/qgat_extend100/seed2026/relation_D/validation_epoch_100.json
final,2026,V_select,30,5,100,100,8,8,1.035339117050171,0.8846633434295654,-0.15067577362060547,2.215393304824829,1.7445769309997559,-0.47081637382507324,2.1430357694625854,1.7569518089294434,-0.3860839605331421,project/results/qgat_extend100/seed2026/gnn/validation_epoch_100.json,project/results/qgat_extend100/seed2026/relation_D/validation_epoch_100.json
final,2026,V_select,30,10,100,100,8,8,1.0377291440963745,0.8866381049156189,-0.15109103918075562,2.2184488773345947,1.747173547744751,-0.47127532958984375,2.146953582763672,1.7602248787879944,-0.3867287039756775,project/results/qgat_extend100/seed2026/gnn/validation_epoch_100.json,project/results/qgat_extend100/seed2026/relation_D/validation_epoch_100.json
final,2026,V_select,30,15,100,100,8,8,1.0388014316558838,0.8859921097755432,-0.15280932188034058,2.220767021179199,1.7454502582550049,-0.47531676292419434,2.1491849422454834,1.7587172389030457,-0.39046770334243774,project/results/qgat_extend100/seed2026/gnn/validation_epoch_100.json,project/results/qgat_extend100/seed2026/relation_D/validation_epoch_100.json
final,2026,V_select,30,20,100,100,8,8,1.0387228727340698,0.8860983848571777,-0.1526244878768921,2.2207939624786377,1.7455859184265137,-0.475208044052124,2.1491198539733887,1.7588913440704346,-0.3902285099029541,project/results/qgat_extend100/seed2026/gnn/validation_epoch_100.json,project/results/qgat_extend100/seed2026/relation_D/validation_epoch_100.json
final,2026,V_select,31,5,100,100,8,8,1.0093413591384888,0.9487730860710144,-0.060568273067474365,1.8627891540527344,1.963377594947815,0.10058844089508057,1.940735936164856,1.9304618835449219,-0.010274052619934082,project/results/qgat_extend100/seed2026/gnn/validation_epoch_100.json,project/results/qgat_extend100/seed2026/relation_D/validation_epoch_100.json
final,2026,V_select,31,10,100,100,8,8,1.0076844692230225,0.9511098861694336,-0.05657458305358887,1.8580152988433838,1.9687243700027466,0.11070907115936279,1.9366921186447144,1.9354720711708069,-0.0012200474739074707,project/results/qgat_extend100/seed2026/gnn/validation_epoch_100.json,project/results/qgat_extend100/seed2026/relation_D/validation_epoch_100.json
final,2026,V_select,31,15,100,100,8,8,1.0079058408737183,0.9510881304740906,-0.056817710399627686,1.8581866025924683,1.9687526226043701,0.11056602001190186,1.9369991421699524,1.9354644417762756,-0.0015347003936767578,project/results/qgat_extend100/seed2026/gnn/validation_epoch_100.json,project/results/qgat_extend100/seed2026/relation_D/validation_epoch_100.json
final,2026,V_select,31,20,100,100,8,8,1.0076278448104858,0.9507666230201721,-0.05686122179031372,1.8602756261825562,1.968339204788208,0.10806357860565186,1.937765657901764,1.9349362254142761,-0.002829432487487793,project/results/qgat_extend100/seed2026/gnn/validation_epoch_100.json,project/results/qgat_extend100/seed2026/relation_D/validation_epoch_100.json
final,2026,V_select,32,5,100,100,8,8,1.0108426809310913,1.1986494064331055,0.18780672550201416,2.0637121200561523,2.3121252059936523,0.2484130859375,2.0426987409591675,2.3547120094299316,0.31201326847076416,project/results/qgat_extend100/seed2026/gnn/validation_epoch_100.json,project/results/qgat_extend100/seed2026/relation_D/validation_epoch_100.json
final,2026,V_select,32,10,100,100,8,8,1.0129494667053223,1.1983592510223389,0.1854097843170166,2.067289352416992,2.310232162475586,0.24294281005859375,2.0465941429138184,2.353475332260132,0.3068811893463135,project/results/qgat_extend100/seed2026/gnn/validation_epoch_100.json,project/results/qgat_extend100/seed2026/relation_D/validation_epoch_100.json
final,2026,V_select,32,15,100,100,8,8,1.011233925819397,1.197737455368042,0.18650352954864502,2.065574884414673,2.310783863067627,0.2452089786529541,2.0440213680267334,2.3531293869018555,0.30910801887512207,project/results/qgat_extend100/seed2026/gnn/validation_epoch_100.json,project/results/qgat_extend100/seed2026/relation_D/validation_epoch_100.json
final,2026,V_select,32,20,100,100,8,8,1.0120930671691895,1.197884440422058,0.18579137325286865,2.0674972534179688,2.3110244274139404,0.24352717399597168,2.045841693878174,2.3533966541290283,0.3075549602508545,project/results/qgat_extend100/seed2026/gnn/validation_epoch_100.json,project/results/qgat_extend100/seed2026/relation_D/validation_epoch_100.json
final,2026,V_select,33,5,100,100,8,8,0.8081690073013306,0.7605516910552979,-0.047617316246032715,1.2946484088897705,1.514585018157959,0.21993660926818848,1.4554932117462158,1.5178442001342773,0.06235098838806152,project/results/qgat_extend100/seed2026/gnn/validation_epoch_100.json,project/results/qgat_extend100/seed2026/relation_D/validation_epoch_100.json
final,2026,V_select,33,10,100,100,8,8,0.8080810308456421,0.7606074810028076,-0.04747354984283447,1.294297218322754,1.5160194635391235,0.22172224521636963,1.455229640007019,1.5186172127723694,0.06338757276535034,project/results/qgat_extend100/seed2026/gnn/validation_epoch_100.json,project/results/qgat_extend100/seed2026/relation_D/validation_epoch_100.json
final,2026,V_select,33,15,100,100,8,8,0.8071417808532715,0.7605271935462952,-0.04661458730697632,1.2927899360656738,1.516242265701294,0.22345232963562012,1.4535367488861084,1.5186483263969421,0.06511157751083374,project/results/qgat_extend100/seed2026/gnn/validation_epoch_100.json,project/results/qgat_extend100/seed2026/relation_D/validation_epoch_100.json
final,2026,V_select,33,20,100,100,8,8,0.8067079782485962,0.7603753209114075,-0.04633265733718872,1.292360544204712,1.5162172317504883,0.22385668754577637,1.4528882503509521,1.5184839367866516,0.06559568643569946,project/results/qgat_extend100/seed2026/gnn/validation_epoch_100.json,project/results/qgat_extend100/seed2026/relation_D/validation_epoch_100.json
final,2026,V_select,34,5,100,100,8,8,0.9138743877410889,1.2715741395950317,0.35769975185394287,1.5738898515701294,2.0686326026916504,0.494742751121521,1.7008193135261536,2.305890440940857,0.6050711274147034,project/results/qgat_extend100/seed2026/gnn/validation_epoch_100.json,project/results/qgat_extend100/seed2026/relation_D/validation_epoch_100.json
final,2026,V_select,34,10,100,100,8,8,0.9150670766830444,1.2696959972381592,0.35462892055511475,1.5758991241455078,2.0667457580566406,0.4908466339111328,1.7030166387557983,2.3030688762664795,0.6000522375106812,project/results/qgat_extend100/seed2026/gnn/validation_epoch_100.json,project/results/qgat_extend100/seed2026/relation_D/validation_epoch_100.json
final,2026,V_select,34,15,100,100,8,8,0.9155537486076355,1.2697809934616089,0.3542272448539734,1.5769240856170654,2.067016124725342,0.49009203910827637,1.7040157914161682,2.30328905582428,0.5992732644081116,project/results/qgat_extend100/seed2026/gnn/validation_epoch_100.json,project/results/qgat_extend100/seed2026/relation_D/validation_epoch_100.json
final,2026,V_select,34,20,100,100,8,8,0.9149031043052673,1.2697539329528809,0.3548508286476135,1.5755863189697266,2.067324161529541,0.49173784255981445,1.7026962637901306,2.3034160137176514,0.6007197499275208,project/results/qgat_extend100/seed2026/gnn/validation_epoch_100.json,project/results/qgat_extend100/seed2026/relation_D/validation_epoch_100.json
final,2026,V_select,35,5,100,100,8,8,0.9086316823959351,0.952340304851532,0.043708622455596924,1.5884275436401367,1.4717105627059937,-0.11671698093414307,1.7028454542160034,1.6881955862045288,-0.01464986801147461,project/results/qgat_extend100/seed2026/gnn/validation_epoch_100.json,project/results/qgat_extend100/seed2026/relation_D/validation_epoch_100.json
final,2026,V_select,35,10,100,100,8,8,0.9084984064102173,0.9524505138397217,0.043952107429504395,1.5875568389892578,1.471378207206726,-0.11617863178253174,1.7022768259048462,1.6881396174430847,-0.014137208461761475,project/results/qgat_extend100/seed2026/gnn/validation_epoch_100.json,project/results/qgat_extend100/seed2026/relation_D/validation_epoch_100.json
final,2026,V_select,35,15,100,100,8,8,0.9085257649421692,0.952218770980835,0.04369300603866577,1.5876760482788086,1.4709640741348267,-0.11671197414398193,1.7023637890815735,1.6877008080482483,-0.014662981033325195,project/results/qgat_extend100/seed2026/gnn/validation_epoch_100.json,project/results/qgat_extend100/seed2026/relation_D/validation_epoch_100.json
final,2026,V_select,35,20,100,100,8,8,0.908555269241333,0.9525094032287598,0.04395413398742676,1.5886166095733643,1.4718869924545288,-0.11672961711883545,1.7028635740280151,1.6884528994560242,-0.014410674571990967,project/results/qgat_extend100/seed2026/gnn/validation_epoch_100.json,project/results/qgat_extend100/seed2026/relation_D/validation_epoch_100.json
final,2026,V_select,36,5,100,100,8,8,0.7203734517097473,0.6838591694831848,-0.0365142822265625,1.2426260709762573,1.1598336696624756,-0.08279240131378174,1.341686487197876,1.2637760043144226,-0.07791048288345337,project/results/qgat_extend100/seed2026/gnn/validation_epoch_100.json,project/results/qgat_extend100/seed2026/relation_D/validation_epoch_100.json
final,2026,V_select,36,10,100,100,8,8,0.7198808193206787,0.6839061379432678,-0.03597468137741089,1.2390989065170288,1.1567808389663696,-0.08231806755065918,1.3394302725791931,1.2622965574264526,-0.07713371515274048,project/results/qgat_extend100/seed2026/gnn/validation_epoch_100.json,project/results/qgat_extend100/seed2026/relation_D/validation_epoch_100.json
final,2026,V_select,36,15,100,100,8,8,0.7199728488922119,0.684079647064209,-0.03589320182800293,1.2392632961273193,1.1570038795471191,-0.0822594165802002,1.3396044969558716,1.2625815868377686,-0.07702291011810303,project/results/qgat_extend100/seed2026/gnn/validation_epoch_100.json,project/results/qgat_extend100/seed2026/relation_D/validation_epoch_100.json
final,2026,V_select,36,20,100,100,8,8,0.7203712463378906,0.6827148199081421,-0.037656426429748535,1.2407701015472412,1.1555323600769043,-0.08523774147033691,1.3407562971115112,1.2604809999465942,-0.08027529716491699,project/results/qgat_extend100/seed2026/gnn/validation_epoch_100.json,project/results/qgat_extend100/seed2026/relation_D/validation_epoch_100.json
final,2026,V_select,37,5,100,100,8,8,0.8748505115509033,0.981880247592926,0.1070297360420227,1.4648714065551758,1.5751779079437256,0.1103065013885498,1.6072862148284912,1.7694692015647888,0.1621829867362976,project/results/qgat_extend100/seed2026/gnn/validation_epoch_100.json,project/results/qgat_extend100/seed2026/relation_D/validation_epoch_100.json
final,2026,V_select,37,10,100,100,8,8,0.8730047941207886,0.9783694744110107,0.10536468029022217,1.4677332639694214,1.5701453685760498,0.10241210460662842,1.6068714261054993,1.7634421586990356,0.15657073259353638,project/results/qgat_extend100/seed2026/gnn/validation_epoch_100.json,project/results/qgat_extend100/seed2026/relation_D/validation_epoch_100.json
final,2026,V_select,37,15,100,100,8,8,0.8742344379425049,0.9765763282775879,0.10234189033508301,1.4697792530059814,1.5687320232391357,0.0989527702331543,1.6091240644454956,1.7609423398971558,0.15181827545166016,project/results/qgat_extend100/seed2026/gnn/validation_epoch_100.json,project/results/qgat_extend100/seed2026/relation_D/validation_epoch_100.json
final,2026,V_select,37,20,100,100,8,8,0.8730038404464722,0.9762300252914429,0.1032261848449707,1.4680943489074707,1.5677852630615234,0.09969091415405273,1.6070510149002075,1.7601226568222046,0.15307164192199707,project/results/qgat_extend100/seed2026/gnn/validation_epoch_100.json,project/results/qgat_extend100/seed2026/relation_D/validation_epoch_100.json
final,2026,V_select,38,5,100,100,8,7,0.7698410749435425,0.8396949768066406,0.06985390186309814,1.3984109163284302,1.376383900642395,-0.022027015686035156,1.4690465331077576,1.5278869271278381,0.058840394020080566,project/results/qgat_extend100/seed2026/gnn/validation_epoch_100.json,project/results/qgat_extend100/seed2026/relation_D/validation_epoch_100.json
final,2026,V_select,38,10,100,100,8,7,0.7696858644485474,0.8396410346031189,0.06995517015457153,1.3974571228027344,1.3762435913085938,-0.021213531494140625,1.4684144258499146,1.5277628302574158,0.05934840440750122,project/results/qgat_extend100/seed2026/gnn/validation_epoch_100.json,project/results/qgat_extend100/seed2026/relation_D/validation_epoch_100.json
final,2026,V_select,38,15,100,100,8,7,0.769578218460083,0.8396009206771851,0.07002270221710205,1.397135615348816,1.376053810119629,-0.02108180522918701,1.468146026134491,1.5276278257369995,0.059481799602508545,project/results/qgat_extend100/seed2026/gnn/validation_epoch_100.json,project/results/qgat_extend100/seed2026/relation_D/validation_epoch_100.json
final,2026,V_select,38,20,100,100,8,7,0.7694875001907349,0.8385879993438721,0.06910049915313721,1.3968113660812378,1.372588038444519,-0.02422332763671875,1.4678931832313538,1.5248820185661316,0.05698883533477783,project/results/qgat_extend100/seed2026/gnn/validation_epoch_100.json,project/results/qgat_extend100/seed2026/relation_D/validation_epoch_100.json
final,2026,V_select,39,5,100,100,8,7,0.9938074946403503,0.9343910813331604,-0.05941641330718994,1.7520948648452759,1.7945438623428345,0.042448997497558594,1.8698549270629883,1.8316630125045776,-0.038191914558410645,project/results/qgat_extend100/seed2026/gnn/validation_epoch_100.json,project/results/qgat_extend100/seed2026/relation_D/validation_epoch_100.json
final,2026,V_select,39,10,100,100,8,7,0.9940875768661499,0.9346866607666016,-0.05940091609954834,1.7531884908676147,1.7952367067337036,0.04204821586608887,1.8706818222999573,1.8323050141334534,-0.038376808166503906,project/results/qgat_extend100/seed2026/gnn/validation_epoch_100.json,project/results/qgat_extend100/seed2026/relation_D/validation_epoch_100.json
final,2026,V_select,39,15,100,100,8,7,0.9938970804214478,0.9346376061439514,-0.05925947427749634,1.7529442310333252,1.7951405048370361,0.04219627380371094,1.8703691959381104,1.8322078585624695,-0.03816133737564087,project/results/qgat_extend100/seed2026/gnn/validation_epoch_100.json,project/results/qgat_extend100/seed2026/relation_D/validation_epoch_100.json
final,2026,V_select,39,20,100,100,8,7,0.9940727949142456,0.9346802234649658,-0.059392571449279785,1.7531596422195435,1.7952312231063843,0.04207158088684082,1.8706526160240173,1.832295835018158,-0.038356781005859375,project/results/qgat_extend100/seed2026/gnn/validation_epoch_100.json,project/results/qgat_extend100/seed2026/relation_D/validation_epoch_100.json
final,2026,V_select,40,5,100,100,7,7,0.7068505883216858,0.7590957880020142,0.05224519968032837,1.2969592809677124,1.5082706212997437,0.21131134033203125,1.355330228805542,1.513231098651886,0.157900869846344,project/results/qgat_extend100/seed2026/gnn/validation_epoch_100.json,project/results/qgat_extend100/seed2026/relation_D/validation_epoch_100.json
final,2026,V_select,40,10,100,100,7,7,0.7055274844169617,0.7586103081703186,0.053082823753356934,1.2942897081375122,1.5081465244293213,0.21385681629180908,1.3526723384857178,1.5126835703849792,0.16001123189926147,project/results/qgat_extend100/seed2026/gnn/validation_epoch_100.json,project/results/qgat_extend100/seed2026/relation_D/validation_epoch_100.json
final,2026,V_select,40,15,100,100,7,7,0.7067086100578308,0.7577782273292542,0.05106961727142334,1.2962000370025635,1.5055862665176392,0.20938622951507568,1.3548086285591125,1.5105713605880737,0.15576273202896118,project/results/qgat_extend100/seed2026/gnn/validation_epoch_100.json,project/results/qgat_extend100/seed2026/relation_D/validation_epoch_100.json
final,2026,V_select,40,20,100,100,7,7,0.7040214538574219,0.7548701167106628,0.05084866285324097,1.292174220085144,1.5029386281967163,0.21076440811157227,1.350108563899994,1.506339430809021,0.1562308669090271,project/results/qgat_extend100/seed2026/gnn/validation_epoch_100.json,project/results/qgat_extend100/seed2026/relation_D/validation_epoch_100.json
final,2026,V_select,41,5,100,100,7,7,0.7241072058677673,0.4923183023929596,-0.23178890347480774,1.2875301837921143,0.9620629549026489,-0.32546722888946533,1.3678722977638245,0.9733497798442841,-0.3945225179195404,project/results/qgat_extend100/seed2026/gnn/validation_epoch_100.json,project/results/qgat_extend100/seed2026/relation_D/validation_epoch_100.json
final,2026,V_select,41,10,100,100,7,7,0.724394679069519,0.48929089307785034,-0.2351037859916687,1.287983775138855,0.9569777250289917,-0.3310060501098633,1.3683865666389465,0.9677797555923462,-0.40060681104660034,project/results/qgat_extend100/seed2026/gnn/validation_epoch_100.json,project/results/qgat_extend100/seed2026/relation_D/validation_epoch_100.json
final,2026,V_select,41,15,100,100,7,7,0.7278607487678528,0.49298691749572754,-0.23487383127212524,1.2917078733444214,0.9617680907249451,-0.3299397826194763,1.3737146854400635,0.9738709628582001,-0.3998437225818634,project/results/qgat_extend100/seed2026/gnn/validation_epoch_100.json,project/results/qgat_extend100/seed2026/relation_D/validation_epoch_100.json
final,2026,V_select,41,20,100,100,7,7,0.7278718948364258,0.4930201470851898,-0.23485174775123596,1.2917041778564453,0.9617899656295776,-0.3299142122268677,1.3737239837646484,0.9739151298999786,-0.3998088538646698,project/results/qgat_extend100/seed2026/gnn/validation_epoch_100.json,project/results/qgat_extend100/seed2026/relation_D/validation_epoch_100.json
final,2026,V_select,42,5,100,100,7,7,0.7064121961593628,0.963145911693573,0.2567337155342102,1.2635542154312134,1.994292140007019,0.7307379245758057,1.3381893038749695,1.9602919816970825,0.622102677822113,project/results/qgat_extend100/seed2026/gnn/validation_epoch_100.json,project/results/qgat_extend100/seed2026/relation_D/validation_epoch_100.json
final,2026,V_select,42,10,100,100,7,7,0.7038357853889465,0.9636805653572083,0.2598447799682617,1.2616115808486938,1.9999144077301025,0.7383028268814087,1.3346415758132935,1.9636377692222595,0.6289961934089661,project/results/qgat_extend100/seed2026/gnn/validation_epoch_100.json,project/results/qgat_extend100/seed2026/relation_D/validation_epoch_100.json
final,2026,V_select,42,15,100,100,7,7,0.7044499516487122,0.963292121887207,0.2588421702384949,1.2627447843551636,1.9986330270767212,0.7358882427215576,1.335822343826294,1.9626086354255676,0.6267862915992737,project/results/qgat_extend100/seed2026/gnn/validation_epoch_100.json,project/results/qgat_extend100/seed2026/relation_D/validation_epoch_100.json
final,2026,V_select,42,20,100,100,7,7,0.7044398188591003,0.9632467031478882,0.25880688428878784,1.2626914978027344,1.9984245300292969,0.7357330322265625,1.3357855677604675,1.9624589681625366,0.6266734004020691,project/results/qgat_extend100/seed2026/gnn/validation_epoch_100.json,project/results/qgat_extend100/seed2026/relation_D/validation_epoch_100.json
final,2026,V_select,43,5,100,100,7,7,0.6240529417991638,0.8471134901046753,0.22306054830551147,1.1286730766296387,1.438553810119629,0.30988073348999023,1.1883894801139832,1.5663903951644897,0.3780009150505066,project/results/qgat_extend100/seed2026/gnn/validation_epoch_100.json,project/results/qgat_extend100/seed2026/relation_D/validation_epoch_100.json
final,2026,V_select,43,10,100,100,7,7,0.6243528723716736,0.8474496006965637,0.22309672832489014,1.1294171810150146,1.4392664432525635,0.30984926223754883,1.189061462879181,1.5670828223228455,0.37802135944366455,project/results/qgat_extend100/seed2026/gnn/validation_epoch_100.json,project/results/qgat_extend100/seed2026/relation_D/validation_epoch_100.json
final,2026,V_select,43,15,100,100,7,7,0.6225930452346802,0.8496937155723572,0.227100670337677,1.131760597229004,1.4439918994903564,0.31223130226135254,1.1884733438491821,1.5716896653175354,0.38321632146835327,project/results/qgat_extend100/seed2026/gnn/validation_epoch_100.json,project/results/qgat_extend100/seed2026/relation_D/validation_epoch_100.json
final,2026,V_select,43,20,100,100,7,7,0.6226159334182739,0.8497053980827332,0.22708946466445923,1.1318012475967407,1.4440206289291382,0.31221938133239746,1.1885165572166443,1.5717157125473022,0.38319915533065796,project/results/qgat_extend100/seed2026/gnn/validation_epoch_100.json,project/results/qgat_extend100/seed2026/relation_D/validation_epoch_100.json
final,2026,V_select,44,5,100,100,7,7,1.3118458986282349,1.5879336595535278,0.27608776092529297,2.894893169403076,3.5591931343078613,0.6642999649047852,2.759292483329773,3.3675302267074585,0.6082377433776855,project/results/qgat_extend100/seed2026/gnn/validation_epoch_100.json,project/results/qgat_extend100/seed2026/relation_D/validation_epoch_100.json
final,2026,V_select,44,10,100,100,7,7,1.3115005493164062,1.5872538089752197,0.2757532596588135,2.894568920135498,3.558004856109619,0.6634359359741211,2.7587850093841553,3.3662562370300293,0.607471227645874,project/results/qgat_extend100/seed2026/gnn/validation_epoch_100.json,project/results/qgat_extend100/seed2026/relation_D/validation_epoch_100.json
final,2026,V_select,44,15,100,100,7,7,1.3100011348724365,1.585345983505249,0.2753448486328125,2.8922042846679688,3.5573534965515137,0.6651492118835449,2.756103277206421,3.364022731781006,0.607919454574585,project/results/qgat_extend100/seed2026/gnn/validation_epoch_100.json,project/results/qgat_extend100/seed2026/relation_D/validation_epoch_100.json
final,2026,V_select,44,20,100,100,7,7,1.310071349143982,1.5853410959243774,0.2752697467803955,2.8923370838165283,3.557340621948242,0.6650035381317139,2.756239891052246,3.3640114068984985,0.6077715158462524,project/results/qgat_extend100/seed2026/gnn/validation_epoch_100.json,project/results/qgat_extend100/seed2026/relation_D/validation_epoch_100.json
final,2026,V_select,45,5,100,100,7,7,0.7776839137077332,1.0375114679336548,0.25982755422592163,1.331892967224121,1.8818696737289429,0.5499767065048218,1.4436303973197937,1.9784463047981262,0.5348159074783325,project/results/qgat_extend100/seed2026/gnn/validation_epoch_100.json,project/results/qgat_extend100/seed2026/relation_D/validation_epoch_100.json
final,2026,V_select,45,10,100,100,7,7,0.7740952372550964,1.0374164581298828,0.2633212208747864,1.3296808004379272,1.8824354410171509,0.5527546405792236,1.43893563747406,1.9786341786384583,0.5396985411643982,project/results/qgat_extend100/seed2026/gnn/validation_epoch_100.json,project/results/qgat_extend100/seed2026/relation_D/validation_epoch_100.json
final,2026,V_select,45,15,100,100,7,7,0.7732686996459961,1.0370169878005981,0.26374828815460205,1.3273547887802124,1.8819904327392578,0.5546356439590454,1.4369460940361023,1.978012204170227,0.5410661101341248,project/results/qgat_extend100/seed2026/gnn/validation_epoch_100.json,project/results/qgat_extend100/seed2026/relation_D/validation_epoch_100.json
final,2026,V_select,45,20,100,100,7,7,0.7733986973762512,1.0370069742202759,0.26360827684402466,1.3276227712631226,1.8819929361343384,0.5543701648712158,1.4372100830078125,1.978003442287445,0.5407933592796326,project/results/qgat_extend100/seed2026/gnn/validation_epoch_100.json,project/results/qgat_extend100/seed2026/relation_D/validation_epoch_100.json
final,2026,V_select,46,5,100,100,7,7,0.5979105830192566,0.7618138194084167,0.16390323638916016,1.0131168365478516,1.7026517391204834,0.6895349025726318,1.1044690012931824,1.6131396889686584,0.5086706876754761,project/results/qgat_extend100/seed2026/gnn/validation_epoch_100.json,project/results/qgat_extend100/seed2026/relation_D/validation_epoch_100.json
final,2026,V_select,46,10,100,100,7,7,0.5946391224861145,0.7653666734695435,0.17072755098342896,1.010001540184021,1.7060720920562744,0.6960705518722534,1.099639892578125,1.6184027194976807,0.5187628269195557,project/results/qgat_extend100/seed2026/gnn/validation_epoch_100.json,project/results/qgat_extend100/seed2026/relation_D/validation_epoch_100.json
final,2026,V_select,46,15,100,100,7,7,0.5947930216789246,0.7653878331184387,0.17059481143951416,1.0106207132339478,1.7061946392059326,0.6955739259719849,1.1001033782958984,1.618485152721405,0.5183817744255066,project/results/qgat_extend100/seed2026/gnn/validation_epoch_100.json,project/results/qgat_extend100/seed2026/relation_D/validation_epoch_100.json
final,2026,V_select,46,20,100,100,7,7,0.5946959257125854,0.7654442191123962,0.1707482933998108,1.010348916053772,1.7063018083572388,0.6959528923034668,1.0998703837394714,1.6185951232910156,0.5187247395515442,project/results/qgat_extend100/seed2026/gnn/validation_epoch_100.json,project/results/qgat_extend100/seed2026/relation_D/validation_epoch_100.json
final,2026,V_select,47,5,100,100,7,7,0.9606016874313354,1.0219595432281494,0.061357855796813965,1.800792932510376,1.9922915697097778,0.19149863719940186,1.8609981536865234,2.0181053280830383,0.1571071743965149,project/results/qgat_extend100/seed2026/gnn/validation_epoch_100.json,project/results/qgat_extend100/seed2026/relation_D/validation_epoch_100.json
final,2026,V_select,47,10,100,100,7,7,0.960490882396698,1.022483229637146,0.061992347240448,1.8005409240722656,1.993306279182434,0.19276535511016846,1.8607613444328308,2.019136369228363,0.15837502479553223,project/results/qgat_extend100/seed2026/gnn/validation_epoch_100.json,project/results/qgat_extend100/seed2026/relation_D/validation_epoch_100.json
final,2026,V_select,47,15,100,100,7,7,0.9602256417274475,1.0226662158966064,0.062440574169158936,1.7996593713760376,1.9934388399124146,0.19377946853637695,1.8600553274154663,2.0193856358528137,0.1593303084373474,project/results/qgat_extend100/seed2026/gnn/validation_epoch_100.json,project/results/qgat_extend100/seed2026/relation_D/validation_epoch_100.json
final,2026,V_select,47,20,100,100,7,7,0.9605193734169006,1.022463083267212,0.06194370985031128,1.8003355264663696,1.9932183027267456,0.19288277626037598,1.8606871366500854,2.0190722346305847,0.15838509798049927,project/results/qgat_extend100/seed2026/gnn/validation_epoch_100.json,project/results/qgat_extend100/seed2026/relation_D/validation_epoch_100.json
final,2026,V_select,48,5,100,100,8,8,0.8152033686637878,1.0882411003112793,0.27303773164749146,1.4809064865112305,1.6340101957321167,0.15310370922088623,1.555656611919403,1.9052461981773376,0.34958958625793457,project/results/qgat_extend100/seed2026/gnn/validation_epoch_100.json,project/results/qgat_extend100/seed2026/relation_D/validation_epoch_100.json
final,2026,V_select,48,10,100,100,8,8,0.8175727128982544,1.0908734798431396,0.27330076694488525,1.4831006526947021,1.6386250257492065,0.1555243730545044,1.5591230392456055,1.910185992717743,0.35106295347213745,project/results/qgat_extend100/seed2026/gnn/validation_epoch_100.json,project/results/qgat_extend100/seed2026/relation_D/validation_epoch_100.json
final,2026,V_select,48,15,100,100,8,8,0.8168603181838989,1.0907235145568848,0.27386319637298584,1.4823243618011475,1.6388201713562012,0.1564958095550537,1.5580224990844727,1.9101336002349854,0.3521111011505127,project/results/qgat_extend100/seed2026/gnn/validation_epoch_100.json,project/results/qgat_extend100/seed2026/relation_D/validation_epoch_100.json
final,2026,V_select,48,20,100,100,8,8,0.8173782825469971,1.0907315015792847,0.2733532190322876,1.4833345413208008,1.6389333009719849,0.15559875965118408,1.5590455532073975,1.910198152065277,0.35115259885787964,project/results/qgat_extend100/seed2026/gnn/validation_epoch_100.json,project/results/qgat_extend100/seed2026/relation_D/validation_epoch_100.json
final,2026,V_select,49,5,100,100,8,6,1.2910823822021484,0.9101581573486328,-0.3809242248535156,2.3254315853118896,1.6385250091552734,-0.6869065761566162,2.4537981748580933,1.7294206619262695,-0.7243775129318237,project/results/qgat_extend100/seed2026/gnn/validation_epoch_100.json,project/results/qgat_extend100/seed2026/relation_D/validation_epoch_100.json
final,2026,V_select,49,10,100,100,8,6,1.291516900062561,0.9081593751907349,-0.38335752487182617,2.3268845081329346,1.6370240449905396,-0.689860463142395,2.4549591541290283,1.7266713976860046,-0.7282877564430237,project/results/qgat_extend100/seed2026/gnn/validation_epoch_100.json,project/results/qgat_extend100/seed2026/relation_D/validation_epoch_100.json
final,2026,V_select,49,15,100,100,8,6,1.29148268699646,0.9077301025390625,-0.38375258445739746,2.3266000747680664,1.6358658075332642,-0.6907342672348022,2.454782724380493,1.7256630063056946,-0.7291197180747986,project/results/qgat_extend100/seed2026/gnn/validation_epoch_100.json,project/results/qgat_extend100/seed2026/relation_D/validation_epoch_100.json
final,2026,V_select,49,20,100,100,8,6,1.2912940979003906,0.9078878164291382,-0.38340628147125244,2.326007843017578,1.6353505849838257,-0.6906572580337524,2.4542980194091797,1.725563108921051,-0.7287349104881287,project/results/qgat_extend100/seed2026/gnn/validation_epoch_100.json,project/results/qgat_extend100/seed2026/relation_D/validation_epoch_100.json
final,2026,V_select,50,5,100,100,8,6,0.8185206651687622,0.8106342554092407,-0.007886409759521484,1.827765941619873,2.05719256401062,0.22942662239074707,1.7324036359786987,1.8392305374145508,0.10682690143585205,project/results/qgat_extend100/seed2026/gnn/validation_epoch_100.json,project/results/qgat_extend100/seed2026/relation_D/validation_epoch_100.json
final,2026,V_select,50,10,100,100,8,6,0.8203185796737671,0.8124068379402161,-0.007911741733551025,1.830445647239685,2.058520555496216,0.22807490825653076,1.7355414032936096,1.841667115688324,0.10612571239471436,project/results/qgat_extend100/seed2026/gnn/validation_epoch_100.json,project/results/qgat_extend100/seed2026/relation_D/validation_epoch_100.json
final,2026,V_select,50,15,100,100,8,6,0.8199369311332703,0.8127536773681641,-0.007183253765106201,1.8293431997299194,2.058629274368286,0.2292860746383667,1.73460853099823,1.8420683145523071,0.10745978355407715,project/results/qgat_extend100/seed2026/gnn/validation_epoch_100.json,project/results/qgat_extend100/seed2026/relation_D/validation_epoch_100.json
final,2026,V_select,50,20,100,100,8,6,0.8203010559082031,0.8117918968200684,-0.008509159088134766,1.8305625915527344,2.057161808013916,0.22659921646118164,1.7355823516845703,1.8403728008270264,0.10479044914245605,project/results/qgat_extend100/seed2026/gnn/validation_epoch_100.json,project/results/qgat_extend100/seed2026/relation_D/validation_epoch_100.json
final,2026,V_select,51,5,100,100,6,5,1.08880615234375,0.9383026957511902,-0.15050345659255981,1.529732346534729,1.257383108139038,-0.2723492383956909,1.8536723256111145,1.5669942498207092,-0.2866780757904053,project/results/qgat_extend100/seed2026/gnn/validation_epoch_100.json,project/results/qgat_extend100/seed2026/relation_D/validation_epoch_100.json
final,2026,V_select,51,10,100,100,6,5,1.089415192604065,0.9366717338562012,-0.15274345874786377,1.5320628881454468,1.254907250404358,-0.27715563774108887,1.8554466366767883,1.5641253590583801,-0.2913212776184082,project/results/qgat_extend100/seed2026/gnn/validation_epoch_100.json,project/results/qgat_extend100/seed2026/relation_D/validation_epoch_100.json
final,2026,V_select,51,15,100,100,6,5,1.091497540473938,0.942399799823761,-0.149097740650177,1.5310602188110352,1.2558376789093018,-0.2752225399017334,1.8570276498794556,1.5703186392784119,-0.2867090106010437,project/results/qgat_extend100/seed2026/gnn/validation_epoch_100.json,project/results/qgat_extend100/seed2026/relation_D/validation_epoch_100.json
final,2026,V_select,51,20,100,100,6,5,1.0916305780410767,0.9425718188285828,-0.1490587592124939,1.531147837638855,1.2561204433441162,-0.27502739429473877,1.8572044968605042,1.5706320405006409,-0.2865724563598633,project/results/qgat_extend100/seed2026/gnn/validation_epoch_100.json,project/results/qgat_extend100/seed2026/relation_D/validation_epoch_100.json
final,2026,V_select,52,5,100,100,6,5,0.8221017718315125,0.6670775413513184,-0.1550242304801941,1.8461034297943115,1.6707818508148193,-0.1753215789794922,1.7451534867286682,1.502468466758728,-0.24268501996994019,project/results/qgat_extend100/seed2026/gnn/validation_epoch_100.json,project/results/qgat_extend100/seed2026/relation_D/validation_epoch_100.json
final,2026,V_select,52,10,100,100,6,5,0.8221513628959656,0.6674677729606628,-0.15468358993530273,1.8462721109390259,1.672372579574585,-0.17389953136444092,1.7452874183654785,1.5036540627479553,-0.2416333556175232,project/results/qgat_extend100/seed2026/gnn/validation_epoch_100.json,project/results/qgat_extend100/seed2026/relation_D/validation_epoch_100.json
final,2026,V_select,52,15,100,100,6,5,0.8215730786323547,0.6675999760627747,-0.15397310256958008,1.8458211421966553,1.6748180389404297,-0.17100310325622559,1.7444836497306824,1.5050089955329895,-0.23947465419769287,project/results/qgat_extend100/seed2026/gnn/validation_epoch_100.json,project/results/qgat_extend100/seed2026/relation_D/validation_epoch_100.json
final,2026,V_select,52,20,100,100,6,5,0.8214645385742188,0.6677513718605042,-0.1537131667137146,1.8457874059677124,1.6752361059188843,-0.17055130004882812,1.744358241558075,1.5053694248199463,-0.23898881673812866,project/results/qgat_extend100/seed2026/gnn/validation_epoch_100.json,project/results/qgat_extend100/seed2026/relation_D/validation_epoch_100.json
final,2026,V_select,53,5,100,100,5,5,1.4755061864852905,1.628074049949646,0.15256786346435547,2.746992588043213,2.692387104034424,-0.05460548400878906,2.849002480506897,2.974267601966858,0.12526512145996094,project/results/qgat_extend100/seed2026/gnn/validation_epoch_100.json,project/results/qgat_extend100/seed2026/relation_D/validation_epoch_100.json
final,2026,V_select,53,10,100,100,5,5,1.4760950803756714,1.6296361684799194,0.15354108810424805,2.7469840049743652,2.693882465362549,-0.053101539611816406,2.849587082862854,2.976577401161194,0.12699031829833984,project/results/qgat_extend100/seed2026/gnn/validation_epoch_100.json,project/results/qgat_extend100/seed2026/relation_D/validation_epoch_100.json
final,2026,V_select,53,15,100,100,5,5,1.475466012954712,1.629601240158081,0.15413522720336914,2.7458503246307373,2.6937479972839355,-0.05210232734680176,2.8483911752700806,2.976475238800049,0.12808406352996826,project/results/qgat_extend100/seed2026/gnn/validation_epoch_100.json,project/results/qgat_extend100/seed2026/relation_D/validation_epoch_100.json
final,2026,V_select,53,20,100,100,5,5,1.4753748178482056,1.6294742822647095,0.1540994644165039,2.745671510696411,2.692955493927002,-0.05271601676940918,2.848210573196411,2.9759520292282104,0.12774145603179932,project/results/qgat_extend100/seed2026/gnn/validation_epoch_100.json,project/results/qgat_extend100/seed2026/relation_D/validation_epoch_100.json
final,2026,V_select,54,5,100,100,5,5,0.6506059169769287,0.7087545990943909,0.05814868211746216,1.2511581182479858,1.2477086782455444,-0.0034494400024414062,1.2761849761009216,1.332608938217163,0.056423962116241455,project/results/qgat_extend100/seed2026/gnn/validation_epoch_100.json,project/results/qgat_extend100/seed2026/relation_D/validation_epoch_100.json
final,2026,V_select,54,10,100,100,5,5,0.6504206657409668,0.7087631821632385,0.05834251642227173,1.2507684230804443,1.2474262714385986,-0.003342151641845703,1.275804877281189,1.3324763178825378,0.05667144060134888,project/results/qgat_extend100/seed2026/gnn/validation_epoch_100.json,project/results/qgat_extend100/seed2026/relation_D/validation_epoch_100.json
final,2026,V_select,54,15,100,100,5,5,0.6505168080329895,0.7093449234962463,0.058828115463256836,1.2508958578109741,1.2491517066955566,-0.0017441511154174805,1.2759647369384766,1.3339207768440247,0.057956039905548096,project/results/qgat_extend100/seed2026/gnn/validation_epoch_100.json,project/results/qgat_extend100/seed2026/relation_D/validation_epoch_100.json
final,2026,V_select,54,20,100,100,5,5,0.6505168080329895,0.7093449234962463,0.058828115463256836,1.2508958578109741,1.2491517066955566,-0.0017441511154174805,1.2759647369384766,1.3339207768440247,0.057956039905548096,project/results/qgat_extend100/seed2026/gnn/validation_epoch_100.json,project/results/qgat_extend100/seed2026/relation_D/validation_epoch_100.json
final,2026,V_select,55,5,100,100,5,5,0.44041210412979126,0.4964126646518707,0.05600056052207947,1.0486667156219482,0.9337366223335266,-0.11493009328842163,0.9647454619407654,0.963280975818634,-0.0014644861221313477,project/results/qgat_extend100/seed2026/gnn/validation_epoch_100.json,project/results/qgat_extend100/seed2026/relation_D/validation_epoch_100.json
final,2026,V_select,55,10,100,100,5,5,0.44096440076828003,0.49653249979019165,0.05556809902191162,1.0500316619873047,0.9338762164115906,-0.11615544557571411,0.9659802317619324,0.9634706079959869,-0.0025096237659454346,project/results/qgat_extend100/seed2026/gnn/validation_epoch_100.json,project/results/qgat_extend100/seed2026/relation_D/validation_epoch_100.json
final,2026,V_select,55,15,100,100,5,5,0.43774300813674927,0.4941987097263336,0.05645570158958435,1.0402510166168213,0.9253389239311218,-0.11491209268569946,0.9578685164451599,0.9568681716918945,-0.0010003447532653809,project/results/qgat_extend100/seed2026/gnn/validation_epoch_100.json,project/results/qgat_extend100/seed2026/relation_D/validation_epoch_100.json
final,2026,V_select,55,20,100,100,5,5,0.43803662061691284,0.49345284700393677,0.055416226387023926,1.0406657457351685,0.9235814809799194,-0.11708426475524902,0.9583694934844971,0.9552435874938965,-0.003125905990600586,project/results/qgat_extend100/seed2026/gnn/validation_epoch_100.json,project/results/qgat_extend100/seed2026/relation_D/validation_epoch_100.json
final,2026,V_select,56,5,100,100,5,5,0.7999123334884644,0.5570757985115051,-0.24283653497695923,1.6945416927337646,1.2267478704452515,-0.4677938222885132,1.6471831798553467,1.1704497337341309,-0.4767334461212158,project/results/qgat_extend100/seed2026/gnn/validation_epoch_100.json,project/results/qgat_extend100/seed2026/relation_D/validation_epoch_100.json
final,2026,V_select,56,10,100,100,5,5,0.7995032072067261,0.556946873664856,-0.24255633354187012,1.6935977935791016,1.2273342609405518,-0.4662635326385498,1.6463021039962769,1.1706140041351318,-0.475688099861145,project/results/qgat_extend100/seed2026/gnn/validation_epoch_100.json,project/results/qgat_extend100/seed2026/relation_D/validation_epoch_100.json
final,2026,V_select,56,15,100,100,5,5,0.8001977801322937,0.5569687485694885,-0.24322903156280518,1.6952354907989502,1.2279033660888672,-0.467332124710083,1.6478155255317688,1.1709204316139221,-0.4768950939178467,project/results/qgat_extend100/seed2026/gnn/validation_epoch_100.json,project/results/qgat_extend100/seed2026/relation_D/validation_epoch_100.json
final,2026,V_select,56,20,100,100,5,5,0.7998824715614319,0.5571743249893188,-0.24270814657211304,1.6946265697479248,1.228348731994629,-0.4662778377532959,1.6471957564353943,1.1713486909866333,-0.475847065448761,project/results/qgat_extend100/seed2026/gnn/validation_epoch_100.json,project/results/qgat_extend100/seed2026/relation_D/validation_epoch_100.json
final,2026,V_select,57,5,100,100,5,5,0.6253358125686646,0.6616688966751099,0.03633308410644531,1.2154110670089722,1.1276988983154297,-0.08771216869354248,1.2330413460731506,1.2255183458328247,-0.007523000240325928,project/results/qgat_extend100/seed2026/gnn/validation_epoch_100.json,project/results/qgat_extend100/seed2026/relation_D/validation_epoch_100.json
final,2026,V_select,57,10,100,100,5,5,0.6254595518112183,0.6611525416374207,0.03569298982620239,1.2165731191635132,1.1264679431915283,-0.09010517597198486,1.2337461113929749,1.2243865132331848,-0.009359598159790039,project/results/qgat_extend100/seed2026/gnn/validation_epoch_100.json,project/results/qgat_extend100/seed2026/relation_D/validation_epoch_100.json
final,2026,V_select,57,15,100,100,5,5,0.6214163899421692,0.6561148762702942,0.034698486328125,1.214722990989685,1.1220413446426392,-0.0926816463470459,1.2287778854370117,1.2171355485916138,-0.01164233684539795,project/results/qgat_extend100/seed2026/gnn/validation_epoch_100.json,project/results/qgat_extend100/seed2026/relation_D/validation_epoch_100.json
final,2026,V_select,57,20,100,100,5,5,0.6213641166687012,0.6561271548271179,0.03476303815841675,1.2145845890045166,1.1220588684082031,-0.09252572059631348,1.2286564111709595,1.2171565890312195,-0.01149982213973999,project/results/qgat_extend100/seed2026/gnn/validation_epoch_100.json,project/results/qgat_extend100/seed2026/relation_D/validation_epoch_100.json
final,2026,V_select,58,5,100,100,5,5,0.6990064382553101,1.0026718378067017,0.3036653995513916,1.4945176839828491,2.170468807220459,0.6759511232376099,1.4462652802467346,2.087906241416931,0.6416409611701965,project/results/qgat_extend100/seed2026/gnn/validation_epoch_100.json,project/results/qgat_extend100/seed2026/relation_D/validation_epoch_100.json
final,2026,V_select,58,10,100,100,5,5,0.6988576650619507,1.0025650262832642,0.3037073612213135,1.4941215515136719,2.170198917388916,0.6760773658752441,1.4459184408187866,2.087664484977722,0.6417460441589355,project/results/qgat_extend100/seed2026/gnn/validation_epoch_100.json,project/results/qgat_extend100/seed2026/relation_D/validation_epoch_100.json
final,2026,V_select,58,15,100,100,5,5,0.6964573860168457,0.9955835342407227,0.29912614822387695,1.4899438619613647,2.157233476638794,0.6672896146774292,1.441429316997528,2.0742002725601196,0.6327709555625916,project/results/qgat_extend100/seed2026/gnn/validation_epoch_100.json,project/results/qgat_extend100/seed2026/relation_D/validation_epoch_100.json
final,2026,V_select,58,20,100,100,5,5,0.6964617967605591,0.9956062436103821,0.299144446849823,1.489972472190857,2.1573548316955566,0.6673823595046997,1.4414480328559875,2.0742836594581604,0.6328356266021729,project/results/qgat_extend100/seed2026/gnn/validation_epoch_100.json,project/results/qgat_extend100/seed2026/relation_D/validation_epoch_100.json
final,2026,V_select,59,5,100,100,5,5,0.6196545958518982,0.7682803869247437,0.14862579107284546,1.1401289701461792,1.4242877960205078,0.2841588258743286,1.1897190809249878,1.4804242849349976,0.29070520401000977,project/results/qgat_extend100/seed2026/gnn/validation_epoch_100.json,project/results/qgat_extend100/seed2026/relation_D/validation_epoch_100.json
final,2026,V_select,59,10,100,100,5,5,0.6197737455368042,0.7683956623077393,0.14862191677093506,1.1404352188110352,1.424237608909607,0.2838023900985718,1.1899913549423218,1.4805144667625427,0.29052311182022095,project/results/qgat_extend100/seed2026/gnn/validation_epoch_100.json,project/results/qgat_extend100/seed2026/relation_D/validation_epoch_100.json
final,2026,V_select,59,15,100,100,5,5,0.6182349324226379,0.7658622860908508,0.1476273536682129,1.1380112171173096,1.4240490198135376,0.286037802696228,1.1872405409812927,1.4778867959976196,0.2906462550163269,project/results/qgat_extend100/seed2026/gnn/validation_epoch_100.json,project/results/qgat_extend100/seed2026/relation_D/validation_epoch_100.json
final,2026,V_select,59,20,100,100,5,5,0.6183279752731323,0.7656005620956421,0.14727258682250977,1.1381938457489014,1.423628807067871,0.2854349613189697,1.187424898147583,1.4774149656295776,0.28999006748199463,project/results/qgat_extend100/seed2026/gnn/validation_epoch_100.json,project/results/qgat_extend100/seed2026/relation_D/validation_epoch_100.json
final,2026,V_select,60,5,100,100,5,5,0.9829603433609009,0.9435561895370483,-0.03940415382385254,2.2478930950164795,2.100235939025879,-0.14765715599060059,2.1069068908691406,1.9936741590499878,-0.11323273181915283,project/results/qgat_extend100/seed2026/gnn/validation_epoch_100.json,project/results/qgat_extend100/seed2026/relation_D/validation_epoch_100.json
final,2026,V_select,60,10,100,100,5,5,0.9822502136230469,0.9511289596557617,-0.031121253967285156,2.2428059577941895,2.11435604095459,-0.1284499168395996,2.1036531925201416,2.0083069801330566,-0.09534621238708496,project/results/qgat_extend100/seed2026/gnn/validation_epoch_100.json,project/results/qgat_extend100/seed2026/relation_D/validation_epoch_100.json
final,2026,V_select,60,15,100,100,5,5,0.9823565483093262,0.9559414982795715,-0.02641505002975464,2.2424700260162354,2.118922710418701,-0.12354731559753418,2.103591561317444,2.015402853488922,-0.08818870782852173,project/results/qgat_extend100/seed2026/gnn/validation_epoch_100.json,project/results/qgat_extend100/seed2026/relation_D/validation_epoch_100.json
final,2026,V_select,60,20,100,100,5,5,0.9823565483093262,0.9559414982795715,-0.02641505002975464,2.2424700260162354,2.118922710418701,-0.12354731559753418,2.103591561317444,2.015402853488922,-0.08818870782852173,project/results/qgat_extend100/seed2026/gnn/validation_epoch_100.json,project/results/qgat_extend100/seed2026/relation_D/validation_epoch_100.json
final,2026,V_select,61,5,100,100,5,5,1.0309901237487793,0.7000778913497925,-0.3309122323989868,1.9835948944091797,1.3895165920257568,-0.5940783023834229,2.022787570953369,1.394836187362671,-0.6279513835906982,project/results/qgat_extend100/seed2026/gnn/validation_epoch_100.json,project/results/qgat_extend100/seed2026/relation_D/validation_epoch_100.json
final,2026,V_select,61,10,100,100,5,5,1.0298361778259277,0.6986114978790283,-0.3312246799468994,1.9835087060928345,1.3880856037139893,-0.5954231023788452,2.021590530872345,1.392654299736023,-0.628936231136322,project/results/qgat_extend100/seed2026/gnn/validation_epoch_100.json,project/results/qgat_extend100/seed2026/relation_D/validation_epoch_100.json
final,2026,V_select,61,15,100,100,5,5,1.0290684700012207,0.6977874040603638,-0.33128106594085693,1.981533408164978,1.3863359689712524,-0.5951974391937256,2.0198351740837097,1.39095538854599,-0.6288797855377197,project/results/qgat_extend100/seed2026/gnn/validation_epoch_100.json,project/results/qgat_extend100/seed2026/relation_D/validation_epoch_100.json
final,2026,V_select,61,20,100,100,5,5,1.0290217399597168,0.6978043913841248,-0.33121734857559204,1.9814891815185547,1.3863751888275146,-0.59511399269104,2.019766330718994,1.390991985797882,-0.6287743449211121,project/results/qgat_extend100/seed2026/gnn/validation_epoch_100.json,project/results/qgat_extend100/seed2026/relation_D/validation_epoch_100.json
final,2026,V_select,62,5,100,100,5,5,0.6516920328140259,0.8970234990119934,0.24533146619796753,1.609124779701233,2.035662889480591,0.4265381097793579,1.4562544226646423,1.9148549437522888,0.4586005210876465,project/results/qgat_extend100/seed2026/gnn/validation_epoch_100.json,project/results/qgat_extend100/seed2026/relation_D/validation_epoch_100.json
final,2026,V_select,62,10,100,100,5,5,0.6541017293930054,0.8977880477905273,0.24368631839752197,1.6134777069091797,2.0375895500183105,0.42411184310913086,1.4608405828475952,1.9165828227996826,0.4557422399520874,project/results/qgat_extend100/seed2026/gnn/validation_epoch_100.json,project/results/qgat_extend100/seed2026/relation_D/validation_epoch_100.json
final,2026,V_select,62,15,100,100,5,5,0.6544927358627319,0.8982194066047668,0.2437266707420349,1.6151123046875,2.0390634536743164,0.4239511489868164,1.462048888206482,1.917751133441925,0.4557022452354431,project/results/qgat_extend100/seed2026/gnn/validation_epoch_100.json,project/results/qgat_extend100/seed2026/relation_D/validation_epoch_100.json
final,2026,V_select,62,20,100,100,5,5,0.6545352339744568,0.8980773687362671,0.2435421347618103,1.6155335903167725,2.0387375354766846,0.4232039451599121,1.462302029132843,1.9174461364746094,0.45514410734176636,project/results/qgat_extend100/seed2026/gnn/validation_epoch_100.json,project/results/qgat_extend100/seed2026/relation_D/validation_epoch_100.json
final,2026,V_select,63,5,100,100,5,5,1.0200618505477905,1.1797559261322021,0.15969407558441162,2.131957530975342,2.492086172103882,0.36012864112854004,2.0860406160354614,2.425799012184143,0.33975839614868164,project/results/qgat_extend100/seed2026/gnn/validation_epoch_100.json,project/results/qgat_extend100/seed2026/relation_D/validation_epoch_100.json
final,2026,V_select,63,10,100,100,5,5,1.0208531618118286,1.180851936340332,0.15999877452850342,2.134183168411255,2.4938533306121826,0.35967016220092773,2.087944746017456,2.4277786016464233,0.3398338556289673,project/results/qgat_extend100/seed2026/gnn/validation_epoch_100.json,project/results/qgat_extend100/seed2026/relation_D/validation_epoch_100.json
final,2026,V_select,63,15,100,100,5,5,1.020888090133667,1.180965781211853,0.16007769107818604,2.134153127670288,2.494170904159546,0.3600177764892578,2.087964653968811,2.428051233291626,0.34008657932281494,project/results/qgat_extend100/seed2026/gnn/validation_epoch_100.json,project/results/qgat_extend100/seed2026/relation_D/validation_epoch_100.json
final,2026,V_select,63,20,100,100,5,5,1.0210949182510376,1.180786371231079,0.1596914529800415,2.134675979614258,2.494072437286377,0.35939645767211914,2.0884329080581665,2.4278225898742676,0.3393896818161011,project/results/qgat_extend100/seed2026/gnn/validation_epoch_100.json,project/results/qgat_extend100/seed2026/relation_D/validation_epoch_100.json
final,2026,V_select,64,5,100,100,8,8,0.5518436431884766,0.5191090106964111,-0.03273463249206543,1.0710967779159546,0.996594250202179,-0.07450252771377563,1.0873920321464539,1.0174061357975006,-0.06998589634895325,project/results/qgat_extend100/seed2026/gnn/validation_epoch_100.json,project/results/qgat_extend100/seed2026/relation_D/validation_epoch_100.json
final,2026,V_select,64,10,100,100,8,8,0.5494756698608398,0.516373872756958,-0.033101797103881836,1.0678696632385254,0.9928014278411865,-0.07506823539733887,1.0834105014801025,1.0127745866775513,-0.07063591480255127,project/results/qgat_extend100/seed2026/gnn/validation_epoch_100.json,project/results/qgat_extend100/seed2026/relation_D/validation_epoch_100.json
final,2026,V_select,64,15,100,100,8,8,0.5514589548110962,0.5154929161071777,-0.03596603870391846,1.069706916809082,0.9923669695854187,-0.07733994722366333,1.0863124132156372,1.011676400899887,-0.07463601231575012,project/results/qgat_extend100/seed2026/gnn/validation_epoch_100.json,project/results/qgat_extend100/seed2026/relation_D/validation_epoch_100.json
final,2026,V_select,64,20,100,100,8,8,0.5513016581535339,0.5155653953552246,-0.035736262798309326,1.0693248510360718,0.9925587177276611,-0.07676613330841064,1.0859640836715698,1.0118447542190552,-0.07411932945251465,project/results/qgat_extend100/seed2026/gnn/validation_epoch_100.json,project/results/qgat_extend100/seed2026/relation_D/validation_epoch_100.json
final,2026,V_select,65,5,100,100,8,8,0.615322470664978,0.621587336063385,0.006264865398406982,1.2287148237228394,1.3903112411499023,0.161596417427063,1.2296798825263977,1.3167429566383362,0.08706307411193848,project/results/qgat_extend100/seed2026/gnn/validation_epoch_100.json,project/results/qgat_extend100/seed2026/relation_D/validation_epoch_100.json
final,2026,V_select,65,10,100,100,8,8,0.6180890798568726,0.6207751035690308,0.002686023712158203,1.23203444480896,1.389899492263794,0.15786504745483398,1.2341063022613525,1.3157248497009277,0.0816185474395752,project/results/qgat_extend100/seed2026/gnn/validation_epoch_100.json,project/results/qgat_extend100/seed2026/relation_D/validation_epoch_100.json
final,2026,V_select,65,15,100,100,8,8,0.6167741417884827,0.6205793619155884,0.003805220127105713,1.2318222522735596,1.3922728300094604,0.16045057773590088,1.2326852679252625,1.3167157769203186,0.08403050899505615,project/results/qgat_extend100/seed2026/gnn/validation_epoch_100.json,project/results/qgat_extend100/seed2026/relation_D/validation_epoch_100.json
final,2026,V_select,65,20,100,100,8,8,0.6167837381362915,0.6205996870994568,0.003815948963165283,1.2317851781845093,1.3923437595367432,0.1605585813522339,1.2326763272285461,1.3167715668678284,0.08409523963928223,project/results/qgat_extend100/seed2026/gnn/validation_epoch_100.json,project/results/qgat_extend100/seed2026/relation_D/validation_epoch_100.json
final,2026,V_select,66,5,100,100,8,8,0.47711431980133057,0.5812113285064697,0.10409700870513916,1.0801455974578857,1.3596512079238892,0.2795056104660034,1.0171871185302734,1.2610369324684143,0.24384981393814087,project/results/qgat_extend100/seed2026/gnn/validation_epoch_100.json,project/results/qgat_extend100/seed2026/relation_D/validation_epoch_100.json
final,2026,V_select,66,10,100,100,8,8,0.4766307473182678,0.5809438824653625,0.10431313514709473,1.0787533521652222,1.3589017391204834,0.28014838695526123,1.016007423400879,1.2603947520256042,0.24438732862472534,project/results/qgat_extend100/seed2026/gnn/validation_epoch_100.json,project/results/qgat_extend100/seed2026/relation_D/validation_epoch_100.json
final,2026,V_select,66,15,100,100,8,8,0.4765377938747406,0.580818772315979,0.1042809784412384,1.0786138772964478,1.3585728406906128,0.27995896339416504,1.0158447325229645,1.2601051926612854,0.24426046013832092,project/results/qgat_extend100/seed2026/gnn/validation_epoch_100.json,project/results/qgat_extend100/seed2026/relation_D/validation_epoch_100.json
final,2026,V_select,66,20,100,100,8,8,0.47180283069610596,0.5808639526367188,0.10906112194061279,1.0662387609481812,1.3600382804870605,0.2937995195388794,1.0049222111701965,1.260883092880249,0.2559608817100525,project/results/qgat_extend100/seed2026/gnn/validation_epoch_100.json,project/results/qgat_extend100/seed2026/relation_D/validation_epoch_100.json
final,2026,V_select,67,5,100,100,8,8,0.5990964770317078,0.5582985281944275,-0.04079794883728027,1.3798320293426514,1.2386696338653564,-0.14116239547729492,1.2890124917030334,1.1776333451271057,-0.11137914657592773,project/results/qgat_extend100/seed2026/gnn/validation_epoch_100.json,project/results/qgat_extend100/seed2026/relation_D/validation_epoch_100.json
final,2026,V_select,67,10,100,100,8,8,0.5986077785491943,0.5590248107910156,-0.03958296775817871,1.3790110349655151,1.240186333656311,-0.1388247013092041,1.288113296031952,1.1791179776191711,-0.10899531841278076,project/results/qgat_extend100/seed2026/gnn/validation_epoch_100.json,project/results/qgat_extend100/seed2026/relation_D/validation_epoch_100.json
final,2026,V_select,67,15,100,100,8,8,0.5989623069763184,0.5586881637573242,-0.04027414321899414,1.3797169923782349,1.2392387390136719,-0.140478253364563,1.2888208031654358,1.1783075332641602,-0.11051326990127563,project/results/qgat_extend100/seed2026/gnn/validation_epoch_100.json,project/results/qgat_extend100/seed2026/relation_D/validation_epoch_100.json
final,2026,V_select,67,20,100,100,8,8,0.5985144972801208,0.5587934851646423,-0.039721012115478516,1.3787496089935303,1.2393954992294312,-0.13935410976409912,1.287889301776886,1.178491234779358,-0.10939806699752808,project/results/qgat_extend100/seed2026/gnn/validation_epoch_100.json,project/results/qgat_extend100/seed2026/relation_D/validation_epoch_100.json
final,2026,V_select,68,5,100,100,8,8,0.6668719053268433,0.8695191144943237,0.20264720916748047,1.2680699825286865,1.7342567443847656,0.4661867618560791,1.3009068965911865,1.7366474866867065,0.43574059009552,project/results/qgat_extend100/seed2026/gnn/validation_epoch_100.json,project/results/qgat_extend100/seed2026/relation_D/validation_epoch_100.json
final,2026,V_select,68,10,100,100,8,8,0.6661748886108398,0.8693835735321045,0.20320868492126465,1.2671171426773071,1.7337875366210938,0.4666703939437866,1.2997334599494934,1.7362773418426514,0.43654388189315796,project/results/qgat_extend100/seed2026/gnn/validation_epoch_100.json,project/results/qgat_extend100/seed2026/relation_D/validation_epoch_100.json
final,2026,V_select,68,15,100,100,8,8,0.66603022813797,0.8697202801704407,0.2036900520324707,1.2668719291687012,1.7342933416366577,0.46742141246795654,1.2994661927223206,1.7368669509887695,0.437400758266449,project/results/qgat_extend100/seed2026/gnn/validation_epoch_100.json,project/results/qgat_extend100/seed2026/relation_D/validation_epoch_100.json
final,2026,V_select,68,20,100,100,8,8,0.666033923625946,0.8697280883789062,0.2036941647529602,1.2668838500976562,1.7343169450759888,0.4674330949783325,1.2994758486747742,1.7368865609169006,0.43741071224212646,project/results/qgat_extend100/seed2026/gnn/validation_epoch_100.json,project/results/qgat_extend100/seed2026/relation_D/validation_epoch_100.json
final,2026,V_select,69,5,100,100,8,8,0.5430126786231995,0.5879814624786377,0.04496878385543823,0.9936892986297607,1.2521201372146606,0.2584308385848999,1.0398573279380798,1.214041531085968,0.17418420314788818,project/results/qgat_extend100/seed2026/gnn/validation_epoch_100.json,project/results/qgat_extend100/seed2026/relation_D/validation_epoch_100.json
final,2026,V_select,69,10,100,100,8,8,0.5435441136360168,0.5879030227661133,0.044358909130096436,0.9948633909225464,1.2533581256866455,0.2584947347640991,1.04097580909729,1.214582085609436,0.173606276512146,project/results/qgat_extend100/seed2026/gnn/validation_epoch_100.json,project/results/qgat_extend100/seed2026/relation_D/validation_epoch_100.json
final,2026,V_select,69,15,100,100,8,8,0.5433946847915649,0.5880669355392456,0.044672250747680664,0.9944798946380615,1.2535303831100464,0.25905048847198486,1.0406346321105957,1.2148321270942688,0.1741974949836731,project/results/qgat_extend100/seed2026/gnn/validation_epoch_100.json,project/results/qgat_extend100/seed2026/relation_D/validation_epoch_100.json
final,2026,V_select,69,20,100,100,8,8,0.5433189272880554,0.5873402953147888,0.0440213680267334,0.9945878982543945,1.2533385753631592,0.25875067710876465,1.0406128764152527,1.2140095829963684,0.17339670658111572,project/results/qgat_extend100/seed2026/gnn/validation_epoch_100.json,project/results/qgat_extend100/seed2026/relation_D/validation_epoch_100.json
final,2026,V_select,70,5,100,100,8,8,0.23381344974040985,0.35911446809768677,0.12530101835727692,0.47508883476257324,0.699019730091095,0.22393089532852173,0.47135786712169647,0.7086243331432343,0.23726646602153778,project/results/qgat_extend100/seed2026/gnn/validation_epoch_100.json,project/results/qgat_extend100/seed2026/relation_D/validation_epoch_100.json
final,2026,V_select,70,10,100,100,8,8,0.2347029149532318,0.36034977436065674,0.12564685940742493,0.47437161207199097,0.6994336843490601,0.2250620722770691,0.4718887209892273,0.7100666165351868,0.23817789554595947,project/results/qgat_extend100/seed2026/gnn/validation_epoch_100.json,project/results/qgat_extend100/seed2026/relation_D/validation_epoch_100.json
final,2026,V_select,70,15,100,100,8,8,0.23492324352264404,0.36035433411598206,0.125431090593338,0.47516387701034546,0.6994551420211792,0.22429126501083374,0.4725051820278168,0.7100819051265717,0.23757672309875488,project/results/qgat_extend100/seed2026/gnn/validation_epoch_100.json,project/results/qgat_extend100/seed2026/relation_D/validation_epoch_100.json
final,2026,V_select,70,20,100,100,8,8,0.2338772416114807,0.3597143590450287,0.12583711743354797,0.47127702832221985,0.6982778906822205,0.2270008623600006,0.46951575577259064,0.7088533043861389,0.23933754861354828,project/results/qgat_extend100/seed2026/gnn/validation_epoch_100.json,project/results/qgat_extend100/seed2026/relation_D/validation_epoch_100.json
final,2026,V_select,71,5,100,100,8,8,0.29948732256889343,0.3288821578025818,0.029394835233688354,0.6738454103469849,0.7313180565834045,0.05747264623641968,0.6364100277423859,0.6945411860942841,0.05813115835189819,project/results/qgat_extend100/seed2026/gnn/validation_epoch_100.json,project/results/qgat_extend100/seed2026/relation_D/validation_epoch_100.json
final,2026,V_select,71,10,100,100,8,8,0.2968079447746277,0.32644954323768616,0.02964159846305847,0.6675324440002441,0.7248363494873047,0.05730390548706055,0.6305741667747498,0.6888677179813385,0.058293551206588745,project/results/qgat_extend100/seed2026/gnn/validation_epoch_100.json,project/results/qgat_extend100/seed2026/relation_D/validation_epoch_100.json
final,2026,V_select,71,15,100,100,8,8,0.29661187529563904,0.3259317874908447,0.02931991219520569,0.6698795557022095,0.7253236174583435,0.05544406175613403,0.6315516531467438,0.6885935962200165,0.057041943073272705,project/results/qgat_extend100/seed2026/gnn/validation_epoch_100.json,project/results/qgat_extend100/seed2026/relation_D/validation_epoch_100.json
final,2026,V_select,71,20,100,100,8,8,0.29686903953552246,0.3260817229747772,0.02921268343925476,0.6704265475273132,0.7255062460899353,0.05507969856262207,0.6320823132991791,0.6888348460197449,0.056752532720565796,project/results/qgat_extend100/seed2026/gnn/validation_epoch_100.json,project/results/qgat_extend100/seed2026/relation_D/validation_epoch_100.json
final,2026,V_select,72,5,100,100,8,7,0.2577522397041321,0.2891053855419159,0.031353145837783813,0.48097676038742065,0.4998069107532501,0.018830150365829468,0.4982406198978424,0.539008840918541,0.04076822102069855,project/results/qgat_extend100/seed2026/gnn/validation_epoch_100.json,project/results/qgat_extend100/seed2026/relation_D/validation_epoch_100.json
final,2026,V_select,72,10,100,100,8,7,0.2575058043003082,0.2879049479961395,0.0303991436958313,0.48199883103370667,0.49859562516212463,0.01659679412841797,0.49850521981716156,0.5372027605772018,0.03869754076004028,project/results/qgat_extend100/seed2026/gnn/validation_epoch_100.json,project/results/qgat_extend100/seed2026/relation_D/validation_epoch_100.json
final,2026,V_select,72,15,100,100,8,7,0.25601109862327576,0.28554195165634155,0.029530853033065796,0.48182180523872375,0.4984245002269745,0.016602694988250732,0.49692200124263763,0.5347542017698288,0.03783220052719116,project/results/qgat_extend100/seed2026/gnn/validation_epoch_100.json,project/results/qgat_extend100/seed2026/relation_D/validation_epoch_100.json
final,2026,V_select,72,20,100,100,8,7,0.2560633420944214,0.2855090796947479,0.029445737600326538,0.4816517233848572,0.4983299672603607,0.01667824387550354,0.49688920378685,0.5346740633249283,0.03778485953807831,project/results/qgat_extend100/seed2026/gnn/validation_epoch_100.json,project/results/qgat_extend100/seed2026/relation_D/validation_epoch_100.json
final,2026,V_select,73,5,100,100,8,7,0.35860005021095276,0.2871597409248352,-0.07144030928611755,0.840961754322052,0.6173219680786133,-0.22363978624343872,0.7790809273719788,0.5958207249641418,-0.18326020240783691,project/results/qgat_extend100/seed2026/gnn/validation_epoch_100.json,project/results/qgat_extend100/seed2026/relation_D/validation_epoch_100.json
final,2026,V_select,73,10,100,100,8,7,0.36182263493537903,0.29026129841804504,-0.07156133651733398,0.8481212854385376,0.624236524105072,-0.22388476133346558,0.7858832776546478,0.602379560470581,-0.18350371718406677,project/results/qgat_extend100/seed2026/gnn/validation_epoch_100.json,project/results/qgat_extend100/seed2026/relation_D/validation_epoch_100.json
final,2026,V_select,73,15,100,100,8,7,0.3616182804107666,0.29039713740348816,-0.07122114300727844,0.8475109338760376,0.6246111989021301,-0.22289973497390747,0.7853737473487854,0.6027027368545532,-0.18267101049423218,project/results/qgat_extend100/seed2026/gnn/validation_epoch_100.json,project/results/qgat_extend100/seed2026/relation_D/validation_epoch_100.json
final,2026,V_select,73,20,100,100,8,7,0.3616485893726349,0.29031816124916077,-0.07133042812347412,0.847597599029541,0.6243600249290466,-0.22323757410049438,0.7854473888874054,0.6024981737136841,-0.1829492151737213,project/results/qgat_extend100/seed2026/gnn/validation_epoch_100.json,project/results/qgat_extend100/seed2026/relation_D/validation_epoch_100.json
final,2026,V_select,74,5,100,100,7,6,0.43560582399368286,0.4215022623538971,-0.014103561639785767,0.6381241679191589,0.7100513577461243,0.07192718982696533,0.7546679079532623,0.7765279412269592,0.0218600332736969,project/results/qgat_extend100/seed2026/gnn/validation_epoch_100.json,project/results/qgat_extend100/seed2026/relation_D/validation_epoch_100.json
final,2026,V_select,74,10,100,100,7,6,0.4356763958930969,0.4214549660682678,-0.014221429824829102,0.6381269693374634,0.7100474834442139,0.07192051410675049,0.7547398805618286,0.7764787077903748,0.021738827228546143,project/results/qgat_extend100/seed2026/gnn/validation_epoch_100.json,project/results/qgat_extend100/seed2026/relation_D/validation_epoch_100.json
final,2026,V_select,74,15,100,100,7,6,0.4356721341609955,0.42145267128944397,-0.014219462871551514,0.6381140351295471,0.7100479006767273,0.07193386554718018,0.754729151725769,0.7764766216278076,0.021747469902038574,project/results/qgat_extend100/seed2026/gnn/validation_epoch_100.json,project/results/qgat_extend100/seed2026/relation_D/validation_epoch_100.json
final,2026,V_select,74,20,100,100,7,6,0.4356721341609955,0.42145267128944397,-0.014219462871551514,0.6381140351295471,0.7100479006767273,0.07193386554718018,0.754729151725769,0.7764766216278076,0.021747469902038574,project/results/qgat_extend100/seed2026/gnn/validation_epoch_100.json,project/results/qgat_extend100/seed2026/relation_D/validation_epoch_100.json
final,2026,V_select,75,5,100,100,7,6,0.13594816625118256,0.14366421103477478,0.007716044783592224,0.238606259226799,0.3115052878856659,0.07289902865886688,0.25525129586458206,0.2994168549776077,0.044165559113025665,project/results/qgat_extend100/seed2026/gnn/validation_epoch_100.json,project/results/qgat_extend100/seed2026/relation_D/validation_epoch_100.json
final,2026,V_select,75,10,100,100,7,6,0.13594453036785126,0.14365503191947937,0.007710501551628113,0.23866665363311768,0.3115106523036957,0.072843998670578,0.2552778571844101,0.2994103580713272,0.044132500886917114,project/results/qgat_extend100/seed2026/gnn/validation_epoch_100.json,project/results/qgat_extend100/seed2026/relation_D/validation_epoch_100.json
final,2026,V_select,75,15,100,100,7,6,0.1360919326543808,0.1436968594789505,0.007604926824569702,0.23923705518245697,0.3117031753063202,0.07246612012386322,0.2557104602456093,0.2995484471321106,0.04383798688650131,project/results/qgat_extend100/seed2026/gnn/validation_epoch_100.json,project/results/qgat_extend100/seed2026/relation_D/validation_epoch_100.json
final,2026,V_select,75,20,100,100,7,6,0.1363554745912552,0.14379754662513733,0.007442072033882141,0.24013622105121613,0.31208375096321106,0.07194752991199493,0.25642358511686325,0.29983942210674286,0.04341583698987961,project/results/qgat_extend100/seed2026/gnn/validation_epoch_100.json,project/results/qgat_extend100/seed2026/relation_D/validation_epoch_100.json
final,2026,V_select,76,5,100,100,6,6,0.34855303168296814,0.3613981306552887,0.012845098972320557,0.9095252156257629,0.8859395384788513,-0.02358567714691162,0.8033156394958496,0.8043678998947144,0.001052260398864746,project/results/qgat_extend100/seed2026/gnn/validation_epoch_100.json,project/results/qgat_extend100/seed2026/relation_D/validation_epoch_100.json
final,2026,V_select,76,10,100,100,6,6,0.3485499918460846,0.3613978624343872,0.012847870588302612,0.9095163345336914,0.885938823223114,-0.023577511310577393,0.8033081591129303,0.8043672740459442,0.001059114933013916,project/results/qgat_extend100/seed2026/gnn/validation_epoch_100.json,project/results/qgat_extend100/seed2026/relation_D/validation_epoch_100.json
final,2026,V_select,76,15,100,100,6,6,0.34751012921333313,0.3606051504611969,0.01309502124786377,0.9089571833610535,0.8850338459014893,-0.02392333745956421,0.8019887208938599,0.8031220734119415,0.001133352518081665,project/results/qgat_extend100/seed2026/gnn/validation_epoch_100.json,project/results/qgat_extend100/seed2026/relation_D/validation_epoch_100.json
final,2026,V_select,76,20,100,100,6,6,0.3452962636947632,0.36110296845436096,0.01580670475959778,0.9053783416748047,0.8836490511894226,-0.02172929048538208,0.7979854345321655,0.8029274940490723,0.004942059516906738,project/results/qgat_extend100/seed2026/gnn/validation_epoch_100.json,project/results/qgat_extend100/seed2026/relation_D/validation_epoch_100.json
final,2026,V_select,77,5,100,100,6,6,0.7723711133003235,0.6009383797645569,-0.1714327335357666,1.5990122556686401,1.3027693033218384,-0.29624295234680176,1.5718772411346436,1.252323031425476,-0.3195542097091675,project/results/qgat_extend100/seed2026/gnn/validation_epoch_100.json,project/results/qgat_extend100/seed2026/relation_D/validation_epoch_100.json
final,2026,V_select,77,10,100,100,6,6,0.7723174095153809,0.6000878214836121,-0.1722295880317688,1.5989004373550415,1.3009010553359985,-0.29799938201904297,1.5717676281929016,1.2505383491516113,-0.3212292790412903,project/results/qgat_extend100/seed2026/gnn/validation_epoch_100.json,project/results/qgat_extend100/seed2026/relation_D/validation_epoch_100.json
final,2026,V_select,77,15,100,100,6,6,0.7723106741905212,0.6000872254371643,-0.17222344875335693,1.5988845825195312,1.3009008169174194,-0.2979837656021118,1.5717529654502869,1.250537633895874,-0.32121533155441284,project/results/qgat_extend100/seed2026/gnn/validation_epoch_100.json,project/results/qgat_extend100/seed2026/relation_D/validation_epoch_100.json
final,2026,V_select,77,20,100,100,6,6,0.772307813167572,0.6000868678092957,-0.17222094535827637,1.5988785028457642,1.3008997440338135,-0.2979787588119507,1.571747064590454,1.2505367398262024,-0.3212103247642517,project/results/qgat_extend100/seed2026/gnn/validation_epoch_100.json,project/results/qgat_extend100/seed2026/relation_D/validation_epoch_100.json
final,2026,V_select,78,5,100,100,6,6,0.14412085711956024,0.125929057598114,-0.018191799521446228,0.22058270871639252,0.15679046511650085,-0.06379224359989166,0.2544122114777565,0.20432429015636444,-0.05008792132139206,project/results/qgat_extend100/seed2026/gnn/validation_epoch_100.json,project/results/qgat_extend100/seed2026/relation_D/validation_epoch_100.json
final,2026,V_select,78,10,100,100,6,6,0.1430593878030777,0.12313521653413773,-0.019924171268939972,0.21861599385738373,0.15015612542629242,-0.06845986843109131,0.25236738473176956,0.19821327924728394,-0.054154105484485626,project/results/qgat_extend100/seed2026/gnn/validation_epoch_100.json,project/results/qgat_extend100/seed2026/relation_D/validation_epoch_100.json
final,2026,V_select,78,15,100,100,6,6,0.14347116649150848,0.12383532524108887,-0.019635841250419617,0.21911586821079254,0.15101613104343414,-0.0680997371673584,0.25302910059690475,0.19934339076280594,-0.053685709834098816,project/results/qgat_extend100/seed2026/gnn/validation_epoch_100.json,project/results/qgat_extend100/seed2026/relation_D/validation_epoch_100.json
final,2026,V_select,78,20,100,100,6,6,0.14346660673618317,0.1238347664475441,-0.01963184028863907,0.2191077470779419,0.15101473033428192,-0.06809301674365997,0.2530204802751541,0.19934213161468506,-0.053678348660469055,project/results/qgat_extend100/seed2026/gnn/validation_epoch_100.json,project/results/qgat_extend100/seed2026/relation_D/validation_epoch_100.json
final,2026,V_select,79,5,100,100,6,6,0.2411903589963913,0.22207672894001007,-0.019113630056381226,0.4029049873352051,0.1875801831483841,-0.21532480418682098,0.44264285266399384,0.3158668205142021,-0.12677603214979172,project/results/qgat_extend100/seed2026/gnn/validation_epoch_100.json,project/results/qgat_extend100/seed2026/relation_D/validation_epoch_100.json
final,2026,V_select,79,10,100,100,6,6,0.24046389758586884,0.21981187164783478,-0.020652025938034058,0.40180838108062744,0.18373847007751465,-0.2180699110031128,0.44136808812618256,0.3116811066865921,-0.12968698143959045,project/results/qgat_extend100/seed2026/gnn/validation_epoch_100.json,project/results/qgat_extend100/seed2026/relation_D/validation_epoch_100.json
final,2026,V_select,79,15,100,100,6,6,0.24029628932476044,0.21995551884174347,-0.020340770483016968,0.4016225337982178,0.18407823145389557,-0.2175443023443222,0.4411075562238693,0.31199463456869125,-0.12911292165517807,project/results/qgat_extend100/seed2026/gnn/validation_epoch_100.json,project/results/qgat_extend100/seed2026/relation_D/validation_epoch_100.json
final,2026,V_select,79,20,100,100,6,6,0.24041253328323364,0.2200932651758194,-0.020319268107414246,0.4018001854419708,0.1842942088842392,-0.21750597655773163,0.44131262600421906,0.312240369617939,-0.12907225638628006,project/results/qgat_extend100/seed2026/gnn/validation_epoch_100.json,project/results/qgat_extend100/seed2026/relation_D/validation_epoch_100.json
final,2026,V_select,80,5,100,100,8,8,0.8319804668426514,0.8286858201026917,-0.003294646739959717,1.788418173789978,1.9210939407348633,0.13267576694488525,1.7261895537376404,1.7892327904701233,0.06304323673248291,project/results/qgat_extend100/seed2026/gnn/validation_epoch_100.json,project/results/qgat_extend100/seed2026/relation_D/validation_epoch_100.json
final,2026,V_select,80,10,100,100,8,8,0.8354017734527588,0.8314039707183838,-0.003997802734375,1.7947219610214233,1.9262796640396118,0.13155770301818848,1.7327627539634705,1.7945438027381897,0.06178104877471924,project/results/qgat_extend100/seed2026/gnn/validation_epoch_100.json,project/results/qgat_extend100/seed2026/relation_D/validation_epoch_100.json
final,2026,V_select,80,15,100,100,8,8,0.8360805511474609,0.8319210410118103,-0.004159510135650635,1.7958475351333618,1.9273531436920166,0.13150560855865479,1.7340043187141418,1.7955976128578186,0.06159329414367676,project/results/qgat_extend100/seed2026/gnn/validation_epoch_100.json,project/results/qgat_extend100/seed2026/relation_D/validation_epoch_100.json
final,2026,V_select,80,20,100,100,8,8,0.8359954953193665,0.8324562311172485,-0.00353926420211792,1.7954528331756592,1.9286630153656006,0.1332101821899414,1.733721911907196,1.7967877388000488,0.06306582689285278,project/results/qgat_extend100/seed2026/gnn/validation_epoch_100.json,project/results/qgat_extend100/seed2026/relation_D/validation_epoch_100.json
final,2026,V_select,81,5,100,100,8,7,1.2178072929382324,0.8670039176940918,-0.3508033752441406,2.8219592571258545,2.0391788482666016,-0.7827804088592529,2.6287869215011597,1.8865933418273926,-0.7421935796737671,project/results/qgat_extend100/seed2026/gnn/validation_epoch_100.json,project/results/qgat_extend100/seed2026/relation_D/validation_epoch_100.json
final,2026,V_select,81,10,100,100,8,7,1.2183082103729248,0.8669155836105347,-0.35139262676239014,2.823551654815674,2.039475917816162,-0.7840757369995117,2.6300840377807617,1.8866535425186157,-0.743430495262146,project/results/qgat_extend100/seed2026/gnn/validation_epoch_100.json,project/results/qgat_extend100/seed2026/relation_D/validation_epoch_100.json
final,2026,V_select,81,15,100,100,8,7,1.2188997268676758,0.8667151927947998,-0.352184534072876,2.8243978023529053,2.0389444828033447,-0.7854533195495605,2.6310986280441284,1.8861874341964722,-0.7449111938476562,project/results/qgat_extend100/seed2026/gnn/validation_epoch_100.json,project/results/qgat_extend100/seed2026/relation_D/validation_epoch_100.json
final,2026,V_select,81,20,100,100,8,7,1.2189301252365112,0.8666685819625854,-0.3522615432739258,2.824439287185669,2.0389084815979004,-0.7855308055877686,2.6311497688293457,1.8861228227615356,-0.7450269460678101,project/results/qgat_extend100/seed2026/gnn/validation_epoch_100.json,project/results/qgat_extend100/seed2026/relation_D/validation_epoch_100.json
final,2026,V_select,82,5,100,100,7,7,0.7782610654830933,0.7737507820129395,-0.004510283470153809,1.4408321380615234,1.3312143087387085,-0.10961782932281494,1.498677134513855,1.4393579363822937,-0.05931919813156128,project/results/qgat_extend100/seed2026/gnn/validation_epoch_100.json,project/results/qgat_extend100/seed2026/relation_D/validation_epoch_100.json
final,2026,V_select,82,10,100,100,7,7,0.7756005525588989,0.7702909111976624,-0.005309641361236572,1.4378488063812256,1.3280328512191772,-0.10981595516204834,1.4945249557495117,1.434307336807251,-0.06021761894226074,project/results/qgat_extend100/seed2026/gnn/validation_epoch_100.json,project/results/qgat_extend100/seed2026/relation_D/validation_epoch_100.json
final,2026,V_select,82,15,100,100,7,7,0.7759491801261902,0.7705541849136353,-0.005394995212554932,1.4389351606369019,1.3283413648605347,-0.11059379577636719,1.4954167604446411,1.4347248673439026,-0.060691893100738525,project/results/qgat_extend100/seed2026/gnn/validation_epoch_100.json,project/results/qgat_extend100/seed2026/relation_D/validation_epoch_100.json
final,2026,V_select,82,20,100,100,7,7,0.7759491801261902,0.7705541849136353,-0.005394995212554932,1.4389351606369019,1.3283413648605347,-0.11059379577636719,1.4954167604446411,1.4347248673439026,-0.060691893100738525,project/results/qgat_extend100/seed2026/gnn/validation_epoch_100.json,project/results/qgat_extend100/seed2026/relation_D/validation_epoch_100.json
final,2026,V_select,83,5,100,100,7,7,0.7824144959449768,0.8868322372436523,0.10441774129867554,1.7642663717269897,1.766312837600708,0.0020464658737182617,1.6645476818084717,1.7699886560440063,0.10544097423553467,project/results/qgat_extend100/seed2026/gnn/validation_epoch_100.json,project/results/qgat_extend100/seed2026/relation_D/validation_epoch_100.json
final,2026,V_select,83,10,100,100,7,7,0.7819877862930298,0.8866044878959656,0.10461670160293579,1.763429880142212,1.7657697200775146,0.0023398399353027344,1.6637027263641357,1.769489347934723,0.10578662157058716,project/results/qgat_extend100/seed2026/gnn/validation_epoch_100.json,project/results/qgat_extend100/seed2026/relation_D/validation_epoch_100.json
final,2026,V_select,83,15,100,100,7,7,0.7812902331352234,0.8866261839866638,0.10533595085144043,1.762014627456665,1.7654699087142944,0.0034552812576293945,1.662297546863556,1.769361138343811,0.10706359148025513,project/results/qgat_extend100/seed2026/gnn/validation_epoch_100.json,project/results/qgat_extend100/seed2026/relation_D/validation_epoch_100.json
final,2026,V_select,83,20,100,100,7,7,0.7813470959663391,0.8866789937019348,0.1053318977355957,1.7621413469314575,1.76557457447052,0.0034332275390625,1.6624177694320679,1.7694662809371948,0.10704851150512695,project/results/qgat_extend100/seed2026/gnn/validation_epoch_100.json,project/results/qgat_extend100/seed2026/relation_D/validation_epoch_100.json
final,2026,V_select,84,5,100,100,7,7,0.828637957572937,0.7287957072257996,-0.09984225034713745,1.9805599451065063,1.5925902128219604,-0.3879697322845459,1.8189179301261902,1.5250908136367798,-0.2938271164894104,project/results/qgat_extend100/seed2026/gnn/validation_epoch_100.json,project/results/qgat_extend100/seed2026/relation_D/validation_epoch_100.json
final,2026,V_select,84,10,100,100,7,7,0.8312650918960571,0.7307811379432678,-0.1004839539527893,1.9841009378433228,1.5938915014266968,-0.390209436416626,1.8233155608177185,1.5277268886566162,-0.2955886721611023,project/results/qgat_extend100/seed2026/gnn/validation_epoch_100.json,project/results/qgat_extend100/seed2026/relation_D/validation_epoch_100.json
final,2026,V_select,84,15,100,100,7,7,0.8320192098617554,0.7304420471191406,-0.10157716274261475,1.9859181642532349,1.5934503078460693,-0.3924678564071655,1.8249782919883728,1.5271672010421753,-0.2978110909461975,project/results/qgat_extend100/seed2026/gnn/validation_epoch_100.json,project/results/qgat_extend100/seed2026/relation_D/validation_epoch_100.json
final,2026,V_select,84,20,100,100,7,7,0.8324608206748962,0.7304363250732422,-0.10202449560165405,1.9870054721832275,1.5931977033615112,-0.3938077688217163,1.82596355676651,1.5270351767539978,-0.2989283800125122,project/results/qgat_extend100/seed2026/gnn/validation_epoch_100.json,project/results/qgat_extend100/seed2026/relation_D/validation_epoch_100.json
final,2026,V_select,85,5,100,100,7,7,0.8243464231491089,0.6805386543273926,-0.1438077688217163,1.9455718994140625,1.411388635635376,-0.5341832637786865,1.7971323728561401,1.3862329721450806,-0.41089940071105957,project/results/qgat_extend100/seed2026/gnn/validation_epoch_100.json,project/results/qgat_extend100/seed2026/relation_D/validation_epoch_100.json
final,2026,V_select,85,10,100,100,7,7,0.8231517672538757,0.6789881587028503,-0.1441636085510254,1.9480000734329224,1.4117225408554077,-0.5362775325775146,1.797151803970337,1.3848494291305542,-0.4123023748397827,project/results/qgat_extend100/seed2026/gnn/validation_epoch_100.json,project/results/qgat_extend100/seed2026/relation_D/validation_epoch_100.json
final,2026,V_select,85,15,100,100,7,7,0.823370099067688,0.6797055006027222,-0.14366459846496582,1.948987364768982,1.4132722616195679,-0.5357151031494141,1.797863781452179,1.386341631412506,-0.41152215003967285,project/results/qgat_extend100/seed2026/gnn/validation_epoch_100.json,project/results/qgat_extend100/seed2026/relation_D/validation_epoch_100.json
final,2026,V_select,85,20,100,100,7,7,0.8232334852218628,0.67918860912323,-0.1440448760986328,1.9486585855484009,1.4118802547454834,-0.5367783308029175,1.7975627779960632,1.3851287364959717,-0.41243404150009155,project/results/qgat_extend100/seed2026/gnn/validation_epoch_100.json,project/results/qgat_extend100/seed2026/relation_D/validation_epoch_100.json
final,2026,V_select,86,5,100,100,7,7,1.0749319791793823,0.558184802532196,-0.5167471766471863,2.715177297592163,1.4276702404022217,-1.2875070571899414,2.432520627975464,1.2720199227333069,-1.160500705242157,project/results/qgat_extend100/seed2026/gnn/validation_epoch_100.json,project/results/qgat_extend100/seed2026/relation_D/validation_epoch_100.json
final,2026,V_select,86,10,100,100,7,7,1.0744503736495972,0.5579643845558167,-0.5164859890937805,2.714815378189087,1.4287441968917847,-1.2860711812973022,2.4318580627441406,1.272336483001709,-1.1595215797424316,project/results/qgat_extend100/seed2026/gnn/validation_epoch_100.json,project/results/qgat_extend100/seed2026/relation_D/validation_epoch_100.json
final,2026,V_select,86,15,100,100,7,7,1.0739471912384033,0.5576971769332886,-0.5162500143051147,2.717418909072876,1.4282933473587036,-1.2891255617141724,2.4326566457748413,1.2718438506126404,-1.160812795162201,project/results/qgat_extend100/seed2026/gnn/validation_epoch_100.json,project/results/qgat_extend100/seed2026/relation_D/validation_epoch_100.json
final,2026,V_select,86,20,100,100,7,7,1.0737346410751343,0.5578988194465637,-0.5158358216285706,2.7176520824432373,1.429041862487793,-1.2886102199554443,2.432560682296753,1.2724197506904602,-1.1601409316062927,project/results/qgat_extend100/seed2026/gnn/validation_epoch_100.json,project/results/qgat_extend100/seed2026/relation_D/validation_epoch_100.json
final,2026,V_select,87,5,100,100,7,7,0.9899042844772339,0.49293747544288635,-0.49696680903434753,2.24411678314209,1.1259366273880005,-1.1181801557540894,2.111962676048279,1.0559057891368866,-1.0560568869113922,project/results/qgat_extend100/seed2026/gnn/validation_epoch_100.json,project/results/qgat_extend100/seed2026/relation_D/validation_epoch_100.json
final,2026,V_select,87,10,100,100,7,7,0.9903318285942078,0.49323076009750366,-0.4971010684967041,2.2452290058135986,1.1266727447509766,-1.118556261062622,2.112946331501007,1.056567132472992,-1.0563791990280151,project/results/qgat_extend100/seed2026/gnn/validation_epoch_100.json,project/results/qgat_extend100/seed2026/relation_D/validation_epoch_100.json
final,2026,V_select,87,15,100,100,7,7,0.9886584877967834,0.4918980002403259,-0.4967604875564575,2.242089033126831,1.1241490840911865,-1.1179399490356445,2.109703004360199,1.0539725422859192,-1.0557304620742798,project/results/qgat_extend100/seed2026/gnn/validation_epoch_100.json,project/results/qgat_extend100/seed2026/relation_D/validation_epoch_100.json
final,2026,V_select,87,20,100,100,7,7,0.9894762635231018,0.4918537735939026,-0.4976224899291992,2.2440741062164307,1.1235343217849731,-1.1205397844314575,2.111513316631317,1.0536209344863892,-1.057892382144928,project/results/qgat_extend100/seed2026/gnn/validation_epoch_100.json,project/results/qgat_extend100/seed2026/relation_D/validation_epoch_100.json
final,2026,V_select,88,5,100,100,7,7,0.7529210448265076,0.7474927306175232,-0.005428314208984375,1.4348458051681519,1.4904111623764038,0.05556535720825195,1.4703439474105835,1.492698311805725,0.0223543643951416,project/results/qgat_extend100/seed2026/gnn/validation_epoch_100.json,project/results/qgat_extend100/seed2026/relation_D/validation_epoch_100.json
final,2026,V_select,88,10,100,100,7,7,0.7505380511283875,0.7455258965492249,-0.005012154579162598,1.4370099306106567,1.48790442943573,0.05089449882507324,1.4690430164337158,1.4894781112670898,0.020435094833374023,project/results/qgat_extend100/seed2026/gnn/validation_epoch_100.json,project/results/qgat_extend100/seed2026/relation_D/validation_epoch_100.json
final,2026,V_select,88,15,100,100,7,7,0.7488770484924316,0.7455153465270996,-0.0033617019653320312,1.439436912536621,1.4878597259521484,0.048422813415527344,1.4685955047607422,1.4894452095031738,0.02084970474243164,project/results/qgat_extend100/seed2026/gnn/validation_epoch_100.json,project/results/qgat_extend100/seed2026/relation_D/validation_epoch_100.json
final,2026,V_select,88,20,100,100,7,7,0.7481324076652527,0.745477557182312,-0.002654850482940674,1.4388083219528198,1.4876222610473633,0.04881393909454346,1.4675365686416626,1.4892886877059937,0.021752119064331055,project/results/qgat_extend100/seed2026/gnn/validation_epoch_100.json,project/results/qgat_extend100/seed2026/relation_D/validation_epoch_100.json
final,2026,V_select,89,5,100,100,7,7,0.9848572015762329,1.0814921855926514,0.09663498401641846,1.780316710472107,2.042872905731201,0.26255619525909424,1.8750155568122864,2.102928638458252,0.22791308164596558,project/results/qgat_extend100/seed2026/gnn/validation_epoch_100.json,project/results/qgat_extend100/seed2026/relation_D/validation_epoch_100.json
final,2026,V_select,89,10,100,100,7,7,0.9898017048835754,1.083736777305603,0.09393507242202759,1.792184829711914,2.0420355796813965,0.24985074996948242,1.8858941197395325,2.1047545671463013,0.2188604474067688,project/results/qgat_extend100/seed2026/gnn/validation_epoch_100.json,project/results/qgat_extend100/seed2026/relation_D/validation_epoch_100.json
final,2026,V_select,89,15,100,100,7,7,0.9965891242027283,1.084652066230774,0.08806294202804565,1.8011281490325928,2.044032335281372,0.2429041862487793,1.8971531987190247,2.10666823387146,0.2095150351524353,project/results/qgat_extend100/seed2026/gnn/validation_epoch_100.json,project/results/qgat_extend100/seed2026/relation_D/validation_epoch_100.json
final,2026,V_select,89,20,100,100,7,7,0.997089684009552,1.0846689939498901,0.08757930994033813,1.8012670278549194,2.043781280517578,0.2425142526626587,1.8977231979370117,2.106559634208679,0.20883643627166748,project/results/qgat_extend100/seed2026/gnn/validation_epoch_100.json,project/results/qgat_extend100/seed2026/relation_D/validation_epoch_100.json
final,2026,V_select,90,5,100,100,7,7,1.0295724868774414,1.5440250635147095,0.5144525766372681,1.7403011322021484,3.050076723098755,1.3097755908966064,1.8997230529785156,3.069063425064087,1.1693403720855713,project/results/qgat_extend100/seed2026/gnn/validation_epoch_100.json,project/results/qgat_extend100/seed2026/relation_D/validation_epoch_100.json
final,2026,V_select,90,10,100,100,7,7,1.0306788682937622,1.5452556610107422,0.51457679271698,1.746315836906433,3.052123785018921,1.3058079481124878,1.9038367867469788,3.0713175535202026,1.1674807667732239,project/results/qgat_extend100/seed2026/gnn/validation_epoch_100.json,project/results/qgat_extend100/seed2026/relation_D/validation_epoch_100.json
final,2026,V_select,90,15,100,100,7,7,1.0303078889846802,1.5454787015914917,0.5151708126068115,1.7456685304641724,3.0527708530426025,1.3071023225784302,1.9031421542167664,3.071864128112793,1.1687219738960266,project/results/qgat_extend100/seed2026/gnn/validation_epoch_100.json,project/results/qgat_extend100/seed2026/relation_D/validation_epoch_100.json
final,2026,V_select,90,20,100,100,7,7,1.0299285650253296,1.5446468591690063,0.5147182941436768,1.7449642419815063,3.05080246925354,1.3058382272720337,1.9024106860160828,3.0700480937957764,1.1676374077796936,project/results/qgat_extend100/seed2026/gnn/validation_epoch_100.json,project/results/qgat_extend100/seed2026/relation_D/validation_epoch_100.json
final,2026,V_select,91,5,100,100,7,7,0.8678716421127319,1.0471702814102173,0.17929863929748535,2.010667324066162,2.2610085010528564,0.25034117698669434,1.873205304145813,2.1776745319366455,0.3044692277908325,project/results/qgat_extend100/seed2026/gnn/validation_epoch_100.json,project/results/qgat_extend100/seed2026/relation_D/validation_epoch_100.json
final,2026,V_select,91,10,100,100,7,7,0.8688960075378418,1.0488386154174805,0.17994260787963867,2.013894557952881,2.2650084495544434,0.2511138916015625,1.8758432865142822,2.181342840194702,0.3054995536804199,project/results/qgat_extend100/seed2026/gnn/validation_epoch_100.json,project/results/qgat_extend100/seed2026/relation_D/validation_epoch_100.json
final,2026,V_select,91,15,100,100,7,7,0.8689144849777222,1.0489466190338135,0.1800321340560913,2.0139966011047363,2.2640864849090576,0.2500898838043213,1.8759127855300903,2.1809898614883423,0.30507707595825195,project/results/qgat_extend100/seed2026/gnn/validation_epoch_100.json,project/results/qgat_extend100/seed2026/relation_D/validation_epoch_100.json
final,2026,V_select,91,20,100,100,7,7,0.8693411946296692,1.0490483045578003,0.1797071099281311,2.015211820602417,2.26452374458313,0.2493119239807129,1.8769471049308777,2.1813101768493652,0.30436307191848755,project/results/qgat_extend100/seed2026/gnn/validation_epoch_100.json,project/results/qgat_extend100/seed2026/relation_D/validation_epoch_100.json
final,2026,V_select,92,5,100,100,7,7,0.8712781071662903,0.9975802302360535,0.12630212306976318,1.6328593492507935,1.8035074472427368,0.17064809799194336,1.687707781791687,1.8993339538574219,0.21162617206573486,project/results/qgat_extend100/seed2026/gnn/validation_epoch_100.json,project/results/qgat_extend100/seed2026/relation_D/validation_epoch_100.json
final,2026,V_select,92,10,100,100,7,7,0.874092698097229,0.9979897737503052,0.12389707565307617,1.636292815208435,1.8055527210235596,0.1692599058151245,1.6922391057014465,1.900766134262085,0.20852702856063843,project/results/qgat_extend100/seed2026/gnn/validation_epoch_100.json,project/results/qgat_extend100/seed2026/relation_D/validation_epoch_100.json
final,2026,V_select,92,15,100,100,7,7,0.8708547949790955,0.9987921118736267,0.12793731689453125,1.6321537494659424,1.8095396757125854,0.17738592624664307,1.6869316697120667,1.9035619497299194,0.21663028001785278,project/results/qgat_extend100/seed2026/gnn/validation_epoch_100.json,project/results/qgat_extend100/seed2026/relation_D/validation_epoch_100.json
final,2026,V_select,92,20,100,100,7,7,0.8707510828971863,0.9987377524375916,0.12798666954040527,1.631803274154663,1.8093539476394653,0.17755067348480225,1.6866527199745178,1.9034147262573242,0.2167620062828064,project/results/qgat_extend100/seed2026/gnn/validation_epoch_100.json,project/results/qgat_extend100/seed2026/relation_D/validation_epoch_100.json
final,2026,V_select,93,5,100,100,7,7,0.7763996124267578,0.8013477325439453,0.0249481201171875,1.76463782787323,1.6490017175674438,-0.11563611030578613,1.6587185263633728,1.6258485913276672,-0.032869935035705566,project/results/qgat_extend100/seed2026/gnn/validation_epoch_100.json,project/results/qgat_extend100/seed2026/relation_D/validation_epoch_100.json
final,2026,V_select,93,10,100,100,7,7,0.7833904027938843,0.7995100021362305,0.01611959934234619,1.7707157135009766,1.6469717025756836,-0.12374401092529297,1.6687482595443726,1.6229958534240723,-0.04575240612030029,project/results/qgat_extend100/seed2026/gnn/validation_epoch_100.json,project/results/qgat_extend100/seed2026/relation_D/validation_epoch_100.json
final,2026,V_select,93,15,100,100,7,7,0.7838020324707031,0.7994669675827026,0.01566493511199951,1.771988868713379,1.645723581314087,-0.126265287399292,1.6697964668273926,1.622328758239746,-0.047467708587646484,project/results/qgat_extend100/seed2026/gnn/validation_epoch_100.json,project/results/qgat_extend100/seed2026/relation_D/validation_epoch_100.json
final,2026,V_select,93,20,100,100,7,7,0.7836758494377136,0.7997463941574097,0.016070544719696045,1.7713463306427002,1.6464331150054932,-0.12491321563720703,1.6693490147590637,1.6229629516601562,-0.04638606309890747,project/results/qgat_extend100/seed2026/gnn/validation_epoch_100.json,project/results/qgat_extend100/seed2026/relation_D/validation_epoch_100.json
final,2026,V_select,94,5,100,100,7,7,0.911469578742981,0.9013085961341858,-0.010160982608795166,1.9205862283706665,1.8978415727615356,-0.02274465560913086,1.8717626929283142,1.8502293825149536,-0.021533310413360596,project/results/qgat_extend100/seed2026/gnn/validation_epoch_100.json,project/results/qgat_extend100/seed2026/relation_D/validation_epoch_100.json
final,2026,V_select,94,10,100,100,7,7,0.9116934537887573,0.9013317823410034,-0.010361671447753906,1.92082941532135,1.897816777229309,-0.023012638092041016,1.8721081614494324,1.850240170955658,-0.021867990493774414,project/results/qgat_extend100/seed2026/gnn/validation_epoch_100.json,project/results/qgat_extend100/seed2026/relation_D/validation_epoch_100.json
final,2026,V_select,94,15,100,100,7,7,0.9099574685096741,0.9011027216911316,-0.00885474681854248,1.9159440994262695,1.8968446254730225,-0.01909947395324707,1.8679295182228088,1.8495250344276428,-0.018404483795166016,project/results/qgat_extend100/seed2026/gnn/validation_epoch_100.json,project/results/qgat_extend100/seed2026/relation_D/validation_epoch_100.json
final,2026,V_select,94,20,100,100,7,7,0.9096498489379883,0.9013909101486206,-0.008258938789367676,1.9152053594589233,1.8965530395507812,-0.01865231990814209,1.86725252866745,1.8496674299240112,-0.01758509874343872,project/results/qgat_extend100/seed2026/gnn/validation_epoch_100.json,project/results/qgat_extend100/seed2026/relation_D/validation_epoch_100.json
final,2026,V_select,95,5,100,100,7,7,1.3998699188232422,1.7195122241973877,0.3196423053741455,3.4370956420898438,3.876682758331299,0.4395871162414551,3.118417739868164,3.657853603363037,0.539435863494873,project/results/qgat_extend100/seed2026/gnn/validation_epoch_100.json,project/results/qgat_extend100/seed2026/relation_D/validation_epoch_100.json
final,2026,V_select,95,10,100,100,7,7,1.3997137546539307,1.720258355140686,0.32054460048675537,3.4370105266571045,3.8787195682525635,0.441709041595459,3.118219017982483,3.6596181392669678,0.5413991212844849,project/results/qgat_extend100/seed2026/gnn/validation_epoch_100.json,project/results/qgat_extend100/seed2026/relation_D/validation_epoch_100.json
final,2026,V_select,95,15,100,100,7,7,1.3956377506256104,1.7165377140045166,0.32089996337890625,3.431994915008545,3.8755037784576416,0.4435088634490967,3.111635208129883,3.6542896032333374,0.5426543951034546,project/results/qgat_extend100/seed2026/gnn/validation_epoch_100.json,project/results/qgat_extend100/seed2026/relation_D/validation_epoch_100.json
final,2026,V_select,95,20,100,100,7,7,1.3957233428955078,1.7166794538497925,0.32095611095428467,3.4321649074554443,3.8756394386291504,0.44347453117370605,3.11180579662323,3.6544991731643677,0.5426933765411377,project/results/qgat_extend100/seed2026/gnn/validation_epoch_100.json,project/results/qgat_extend100/seed2026/relation_D/validation_epoch_100.json
final,2026,V_select,96,5,100,100,8,8,0.4298189878463745,0.2620069086551666,-0.16781207919120789,1.210747241973877,0.5522734522819519,-0.658473789691925,1.035192608833313,0.5381436347961426,-0.4970489740371704,project/results/qgat_extend100/seed2026/gnn/validation_epoch_100.json,project/results/qgat_extend100/seed2026/relation_D/validation_epoch_100.json
final,2026,V_select,96,10,100,100,8,8,0.4272012710571289,0.2598627209663391,-0.1673385500907898,1.2065954208374023,0.5488139390945435,-0.6577814817428589,1.03049898147583,0.5342696905136108,-0.49622929096221924,project/results/qgat_extend100/seed2026/gnn/validation_epoch_100.json,project/results/qgat_extend100/seed2026/relation_D/validation_epoch_100.json
final,2026,V_select,96,15,100,100,8,8,0.42664656043052673,0.25974535942077637,-0.16690120100975037,1.2049682140350342,0.5484312772750854,-0.6565369367599487,1.0291306674480438,0.5339609980583191,-0.49516966938972473,project/results/qgat_extend100/seed2026/gnn/validation_epoch_100.json,project/results/qgat_extend100/seed2026/relation_D/validation_epoch_100.json
final,2026,V_select,96,20,100,100,8,8,0.4264540374279022,0.2596587538719177,-0.1667952835559845,1.2045409679412842,0.5482432246208191,-0.6562977433204651,1.0287245213985443,0.5337803661823273,-0.49494415521621704,project/results/qgat_extend100/seed2026/gnn/validation_epoch_100.json,project/results/qgat_extend100/seed2026/relation_D/validation_epoch_100.json
final,2026,V_select,97,5,100,100,8,8,0.7701824903488159,0.442333459854126,-0.32784903049468994,1.678080677986145,0.8457393646240234,-0.8323413133621216,1.6092228293418884,0.8652031421661377,-0.7440196871757507,project/results/qgat_extend100/seed2026/gnn/validation_epoch_100.json,project/results/qgat_extend100/seed2026/relation_D/validation_epoch_100.json
final,2026,V_select,97,10,100,100,8,8,0.7690333127975464,0.44246619939804077,-0.3265671133995056,1.6759697198867798,0.8459944725036621,-0.8299752473831177,1.6070181727409363,0.8654634356498718,-0.7415547370910645,project/results/qgat_extend100/seed2026/gnn/validation_epoch_100.json,project/results/qgat_extend100/seed2026/relation_D/validation_epoch_100.json
final,2026,V_select,97,15,100,100,8,8,0.7651675939559937,0.4397231638431549,-0.32544443011283875,1.6713848114013672,0.8426146507263184,-0.8287701606750488,1.6008599996566772,0.8610304892063141,-0.7398295104503632,project/results/qgat_extend100/seed2026/gnn/validation_epoch_100.json,project/results/qgat_extend100/seed2026/relation_D/validation_epoch_100.json
final,2026,V_select,97,20,100,100,8,8,0.7649765610694885,0.4397406578063965,-0.32523590326309204,1.6710419654846191,0.8426983952522278,-0.8283435702323914,1.600497543811798,0.8610898554325104,-0.7394076883792877,project/results/qgat_extend100/seed2026/gnn/validation_epoch_100.json,project/results/qgat_extend100/seed2026/relation_D/validation_epoch_100.json
final,2026,V_select,98,5,100,100,8,8,0.5684230327606201,0.3887483477592468,-0.1796746850013733,1.2955265045166016,0.9459627866744995,-0.34956371784210205,1.216186285018921,0.8617297410964966,-0.3544565439224243,project/results/qgat_extend100/seed2026/gnn/validation_epoch_100.json,project/results/qgat_extend100/seed2026/relation_D/validation_epoch_100.json
final,2026,V_select,98,10,100,100,8,8,0.5706920027732849,0.38911813497543335,-0.18157386779785156,1.3001840114593506,0.9468597173690796,-0.353324294090271,1.2207840085029602,0.8625479936599731,-0.35823601484298706,project/results/qgat_extend100/seed2026/gnn/validation_epoch_100.json,project/results/qgat_extend100/seed2026/relation_D/validation_epoch_100.json
final,2026,V_select,98,15,100,100,8,8,0.5711512565612793,0.38921672105789185,-0.18193453550338745,1.301159381866455,0.9471806287765503,-0.3539787530899048,1.2217309474945068,0.862807035446167,-0.35892391204833984,project/results/qgat_extend100/seed2026/gnn/validation_epoch_100.json,project/results/qgat_extend100/seed2026/relation_D/validation_epoch_100.json
final,2026,V_select,98,20,100,100,8,8,0.5711112022399902,0.3891873061656952,-0.18192389607429504,1.3010125160217285,0.9470216035842896,-0.35399091243743896,1.2216174602508545,0.86269810795784,-0.3589193522930145,project/results/qgat_extend100/seed2026/gnn/validation_epoch_100.json,project/results/qgat_extend100/seed2026/relation_D/validation_epoch_100.json
final,2026,V_select,99,5,100,100,8,8,0.6369616985321045,0.7628292441368103,0.1258675456047058,1.309792399406433,1.5361244678497314,0.22633206844329834,1.291857898235321,1.530891478061676,0.23903357982635498,project/results/qgat_extend100/seed2026/gnn/validation_epoch_100.json,project/results/qgat_extend100/seed2026/relation_D/validation_epoch_100.json
final,2026,V_select,99,10,100,100,8,8,0.640235424041748,0.764451801776886,0.12421637773513794,1.3130687475204468,1.537113904953003,0.22404515743255615,1.2967697978019714,1.5330087542533875,0.23623895645141602,project/results/qgat_extend100/seed2026/gnn/validation_epoch_100.json,project/results/qgat_extend100/seed2026/relation_D/validation_epoch_100.json
final,2026,V_select,99,15,100,100,8,8,0.64057457447052,0.7637804746627808,0.12320590019226074,1.3147783279418945,1.5356189012527466,0.22084057331085205,1.2979637384414673,1.531589925289154,0.23362618684768677,project/results/qgat_extend100/seed2026/gnn/validation_epoch_100.json,project/results/qgat_extend100/seed2026/relation_D/validation_epoch_100.json
final,2026,V_select,99,20,100,100,8,8,0.6405719518661499,0.763778567314148,0.12320661544799805,1.314758539199829,1.5356159210205078,0.2208573818206787,1.2979512214660645,1.5315865278244019,0.2336353063583374,project/results/qgat_extend100/seed2026/gnn/validation_epoch_100.json,project/results/qgat_extend100/seed2026/relation_D/validation_epoch_100.json
final,2026,V_select,100,5,100,100,8,8,0.41430604457855225,0.5264208316802979,0.1121147871017456,1.0210152864456177,1.242814540863037,0.22179925441741943,0.9248136878013611,1.1478281021118164,0.22301441431045532,project/results/qgat_extend100/seed2026/gnn/validation_epoch_100.json,project/results/qgat_extend100/seed2026/relation_D/validation_epoch_100.json
final,2026,V_select,100,10,100,100,8,8,0.41658514738082886,0.5262588262557983,0.10967367887496948,1.026485562324524,1.2397096157073975,0.21322405338287354,0.9298279285430908,1.146113634109497,0.21628570556640625,project/results/qgat_extend100/seed2026/gnn/validation_epoch_100.json,project/results/qgat_extend100/seed2026/relation_D/validation_epoch_100.json
final,2026,V_select,100,15,100,100,8,8,0.4153856039047241,0.5250540971755981,0.10966849327087402,1.0245099067687988,1.2379860877990723,0.21347618103027344,0.9276405572891235,1.1440471410751343,0.21640658378601074,project/results/qgat_extend100/seed2026/gnn/validation_epoch_100.json,project/results/qgat_extend100/seed2026/relation_D/validation_epoch_100.json
final,2026,V_select,100,20,100,100,8,8,0.4153345823287964,0.5250041484832764,0.10966956615447998,1.0246561765670776,1.2378315925598145,0.21317541599273682,0.9276626706123352,1.1439199447631836,0.2162572741508484,project/results/qgat_extend100/seed2026/gnn/validation_epoch_100.json,project/results/qgat_extend100/seed2026/relation_D/validation_epoch_100.json
final,2026,V_select,101,5,100,100,8,8,0.48062053322792053,0.8044401407241821,0.3238196074962616,0.9561118483543396,1.7713779211044312,0.8152660727500916,0.9586764574050903,1.6901291012763977,0.7314526438713074,project/results/qgat_extend100/seed2026/gnn/validation_epoch_100.json,project/results/qgat_extend100/seed2026/relation_D/validation_epoch_100.json
final,2026,V_select,101,10,100,100,8,8,0.48029106855392456,0.8049074411392212,0.32461637258529663,0.9556335210800171,1.7728729248046875,0.8172394037246704,0.9581078290939331,1.691343903541565,0.7332360744476318,project/results/qgat_extend100/seed2026/gnn/validation_epoch_100.json,project/results/qgat_extend100/seed2026/relation_D/validation_epoch_100.json
final,2026,V_select,101,15,100,100,8,8,0.4803648293018341,0.8047267198562622,0.3243618905544281,0.9558563828468323,1.7721881866455078,0.8163318037986755,0.9582930207252502,1.6908208131790161,0.7325277924537659,project/results/qgat_extend100/seed2026/gnn/validation_epoch_100.json,project/results/qgat_extend100/seed2026/relation_D/validation_epoch_100.json
final,2026,V_select,101,20,100,100,8,8,0.4805413484573364,0.8035848736763,0.3230435252189636,0.9551312923431396,1.769513726234436,0.8143824338912964,0.9581069946289062,1.688341736793518,0.7302347421646118,project/results/qgat_extend100/seed2026/gnn/validation_epoch_100.json,project/results/qgat_extend100/seed2026/relation_D/validation_epoch_100.json
final,2026,V_select,102,5,100,100,8,8,0.2204558551311493,0.44860631227493286,0.22815045714378357,0.3234819769859314,0.8910205364227295,0.5675385594367981,0.382196843624115,0.8941165804862976,0.5119197368621826,project/results/qgat_extend100/seed2026/gnn/validation_epoch_100.json,project/results/qgat_extend100/seed2026/relation_D/validation_epoch_100.json
final,2026,V_select,102,10,100,100,8,8,0.21983346343040466,0.4485953748226166,0.22876191139221191,0.32198381423950195,0.8912216424942017,0.5692378282546997,0.38082537055015564,0.8942061960697174,0.5133808255195618,project/results/qgat_extend100/seed2026/gnn/validation_epoch_100.json,project/results/qgat_extend100/seed2026/relation_D/validation_epoch_100.json
final,2026,V_select,102,15,100,100,8,8,0.21914446353912354,0.44838088750839233,0.2292364239692688,0.3207719922065735,0.8907902240753174,0.5700182318687439,0.3795304596424103,0.893775999546051,0.5142455399036407,project/results/qgat_extend100/seed2026/gnn/validation_epoch_100.json,project/results/qgat_extend100/seed2026/relation_D/validation_epoch_100.json
final,2026,V_select,102,20,100,100,8,8,0.21877330541610718,0.44818782806396484,0.22941452264785767,0.3199473023414612,0.8902011513710022,0.570253849029541,0.37874695658683777,0.8932884037494659,0.5145414471626282,project/results/qgat_extend100/seed2026/gnn/validation_epoch_100.json,project/results/qgat_extend100/seed2026/relation_D/validation_epoch_100.json
final,2026,V_select,103,5,100,100,8,8,0.3824264705181122,0.32447588443756104,-0.05795058608055115,0.8775030970573425,0.5053516030311584,-0.3721514940261841,0.8211780190467834,0.5771516859531403,-0.2440263330936432,project/results/qgat_extend100/seed2026/gnn/validation_epoch_100.json,project/results/qgat_extend100/seed2026/relation_D/validation_epoch_100.json
final,2026,V_select,103,10,100,100,8,8,0.3825104236602783,0.32405418157577515,-0.058456242084503174,0.8775285482406616,0.5051480531692505,-0.37238049507141113,0.8212746977806091,0.5766282081604004,-0.24464648962020874,project/results/qgat_extend100/seed2026/gnn/validation_epoch_100.json,project/results/qgat_extend100/seed2026/relation_D/validation_epoch_100.json
final,2026,V_select,103,15,100,100,8,8,0.38252243399620056,0.32404929399490356,-0.058473140001297,0.8775699734687805,0.5051568746566772,-0.37241309881210327,0.8213074207305908,0.5766277313232422,-0.24467968940734863,project/results/qgat_extend100/seed2026/gnn/validation_epoch_100.json,project/results/qgat_extend100/seed2026/relation_D/validation_epoch_100.json
final,2026,V_select,103,20,100,100,8,8,0.3827087879180908,0.3239756226539612,-0.05873316526412964,0.8779474496841431,0.5053222179412842,-0.3726252317428589,0.8216825127601624,0.5766367316246033,-0.24504578113555908,project/results/qgat_extend100/seed2026/gnn/validation_epoch_100.json,project/results/qgat_extend100/seed2026/relation_D/validation_epoch_100.json
final,2026,V_select,104,5,100,100,8,8,0.45556920766830444,0.44753533601760864,-0.0080338716506958,1.1465651988983154,0.9338220953941345,-0.2127431035041809,1.0288518071174622,0.9144463837146759,-0.11440542340278625,project/results/qgat_extend100/seed2026/gnn/validation_epoch_100.json,project/results/qgat_extend100/seed2026/relation_D/validation_epoch_100.json
final,2026,V_select,104,10,100,100,8,8,0.4552037715911865,0.44748008251190186,-0.007723689079284668,1.145605206489563,0.9332943558692932,-0.21231085062026978,1.028006374835968,0.9141272604465485,-0.11387911438941956,project/results/qgat_extend100/seed2026/gnn/validation_epoch_100.json,project/results/qgat_extend100/seed2026/relation_D/validation_epoch_100.json
final,2026,V_select,104,15,100,100,8,8,0.45512643456459045,0.44743436574935913,-0.007692068815231323,1.1454459428787231,0.9332258701324463,-0.21222007274627686,1.027849406003952,0.9140473008155823,-0.11380210518836975,project/results/qgat_extend100/seed2026/gnn/validation_epoch_100.json,project/results/qgat_extend100/seed2026/relation_D/validation_epoch_100.json
final,2026,V_select,104,20,100,100,8,8,0.45532816648483276,0.44736114144325256,-0.0079670250415802,1.1461048126220703,0.933280885219574,-0.21282392740249634,1.028380572795868,0.9140015840530396,-0.11437898874282837,project/results/qgat_extend100/seed2026/gnn/validation_epoch_100.json,project/results/qgat_extend100/seed2026/relation_D/validation_epoch_100.json
final,2026,V_select,105,5,100,100,8,8,0.6984446048736572,0.6448599100112915,-0.05358469486236572,1.1361571550369263,1.0676941871643066,-0.06846296787261963,1.2665231823921204,1.1787070035934448,-0.08781617879867554,project/results/qgat_extend100/seed2026/gnn/validation_epoch_100.json,project/results/qgat_extend100/seed2026/relation_D/validation_epoch_100.json
final,2026,V_select,105,10,100,100,8,8,0.6982570886611938,0.6443071961402893,-0.05394989252090454,1.1357457637786865,1.0666022300720215,-0.06914353370666504,1.266129970550537,1.1776083111763,-0.08852165937423706,project/results/qgat_extend100/seed2026/gnn/validation_epoch_100.json,project/results/qgat_extend100/seed2026/relation_D/validation_epoch_100.json
final,2026,V_select,105,15,100,100,8,8,0.6983077526092529,0.6443266272544861,-0.053981125354766846,1.13582181930542,1.066608190536499,-0.0692136287689209,1.266218662261963,1.1776307225227356,-0.0885879397392273,project/results/qgat_extend100/seed2026/gnn/validation_epoch_100.json,project/results/qgat_extend100/seed2026/relation_D/validation_epoch_100.json
final,2026,V_select,105,20,100,100,8,8,0.6982893943786621,0.6443346738815308,-0.05395472049713135,1.1357901096343994,1.0666449069976807,-0.06914520263671875,1.2661844491958618,1.177657127380371,-0.08852732181549072,project/results/qgat_extend100/seed2026/gnn/validation_epoch_100.json,project/results/qgat_extend100/seed2026/relation_D/validation_epoch_100.json
final,2026,V_select,106,5,100,100,8,8,0.8678927421569824,0.6614121198654175,-0.20648062229156494,1.6780598163604736,1.3569189310073853,-0.3211408853530884,1.7069226503372192,1.33987158536911,-0.36705106496810913,project/results/qgat_extend100/seed2026/gnn/validation_epoch_100.json,project/results/qgat_extend100/seed2026/relation_D/validation_epoch_100.json
final,2026,V_select,106,10,100,100,8,8,0.8679265379905701,0.6611343026161194,-0.20679223537445068,1.6781034469604492,1.3562631607055664,-0.3218402862548828,1.7069782614707947,1.3392658829689026,-0.3677123785018921,project/results/qgat_extend100/seed2026/gnn/validation_epoch_100.json,project/results/qgat_extend100/seed2026/relation_D/validation_epoch_100.json
final,2026,V_select,106,15,100,100,8,8,0.8676872253417969,0.6609961986541748,-0.20669102668762207,1.6773481369018555,1.3561290502548218,-0.3212190866470337,1.7063612937927246,1.3390607237815857,-0.3673005700111389,project/results/qgat_extend100/seed2026/gnn/validation_epoch_100.json,project/results/qgat_extend100/seed2026/relation_D/validation_epoch_100.json
final,2026,V_select,106,20,100,100,8,8,0.8676661252975464,0.6610183715820312,-0.20664775371551514,1.6770848035812378,1.3560795783996582,-0.3210052251815796,1.7062085270881653,1.3390581607818604,-0.36715036630630493,project/results/qgat_extend100/seed2026/gnn/validation_epoch_100.json,project/results/qgat_extend100/seed2026/relation_D/validation_epoch_100.json
final,2026,V_select,107,5,100,100,8,8,0.5918710231781006,0.6304717063903809,0.03860068321228027,0.7981029748916626,0.902935266494751,0.10483229160308838,0.9909225106239319,1.0819393396377563,0.09101682901382446,project/results/qgat_extend100/seed2026/gnn/validation_epoch_100.json,project/results/qgat_extend100/seed2026/relation_D/validation_epoch_100.json
final,2026,V_select,107,10,100,100,8,8,0.5945368409156799,0.6314229965209961,0.03688615560531616,0.8008104562759399,0.9032223224639893,0.10241186618804932,0.9949420690536499,1.0830341577529907,0.08809208869934082,project/results/qgat_extend100/seed2026/gnn/validation_epoch_100.json,project/results/qgat_extend100/seed2026/relation_D/validation_epoch_100.json
final,2026,V_select,107,15,100,100,8,8,0.5948623418807983,0.6315634250640869,0.036701083183288574,0.8021019697189331,0.9030584692955017,0.1009564995765686,0.9959133267402649,1.0830926597118378,0.08717933297157288,project/results/qgat_extend100/seed2026/gnn/validation_epoch_100.json,project/results/qgat_extend100/seed2026/relation_D/validation_epoch_100.json
final,2026,V_select,107,20,100,100,8,8,0.5948750972747803,0.6315939426422119,0.03671884536743164,0.8024134039878845,0.903195858001709,0.10078245401382446,0.9960817992687225,1.0831918716430664,0.08711007237434387,project/results/qgat_extend100/seed2026/gnn/validation_epoch_100.json,project/results/qgat_extend100/seed2026/relation_D/validation_epoch_100.json
final,2026,V_select,108,5,100,100,8,8,0.37726372480392456,0.5318170785903931,0.1545533537864685,0.6637421250343323,0.8518991470336914,0.18815702199935913,0.7091347873210907,0.9577666521072388,0.24863186478614807,project/results/qgat_extend100/seed2026/gnn/validation_epoch_100.json,project/results/qgat_extend100/seed2026/relation_D/validation_epoch_100.json
final,2026,V_select,108,10,100,100,8,8,0.37673962116241455,0.5305262804031372,0.15378665924072266,0.6623429656028748,0.8504835367202759,0.18814057111740112,0.7079111039638519,0.9557680487632751,0.24785694479942322,project/results/qgat_extend100/seed2026/gnn/validation_epoch_100.json,project/results/qgat_extend100/seed2026/relation_D/validation_epoch_100.json
final,2026,V_select,108,15,100,100,8,8,0.37628573179244995,0.5296671390533447,0.15338140726089478,0.6612551808357239,0.8489893078804016,0.18773412704467773,0.7069133222103119,0.9541617929935455,0.24724847078323364,project/results/qgat_extend100/seed2026/gnn/validation_epoch_100.json,project/results/qgat_extend100/seed2026/relation_D/validation_epoch_100.json
final,2026,V_select,108,20,100,100,8,8,0.37628573179244995,0.5296671390533447,0.15338140726089478,0.6612551808357239,0.8489893078804016,0.18773412704467773,0.7069133222103119,0.9541617929935455,0.24724847078323364,project/results/qgat_extend100/seed2026/gnn/validation_epoch_100.json,project/results/qgat_extend100/seed2026/relation_D/validation_epoch_100.json
final,2026,V_select,109,5,100,100,8,8,0.6284193992614746,0.900901198387146,0.2724817991256714,1.1171005964279175,1.6885846853256226,0.5714840888977051,1.1869696974754333,1.7451935410499573,0.5582238435745239,project/results/qgat_extend100/seed2026/gnn/validation_epoch_100.json,project/results/qgat_extend100/seed2026/relation_D/validation_epoch_100.json
final,2026,V_select,109,10,100,100,8,8,0.6285704970359802,0.9010343551635742,0.272463858127594,1.11724853515625,1.688697099685669,0.571448564529419,1.1871947646141052,1.7453829050064087,0.5581881403923035,project/results/qgat_extend100/seed2026/gnn/validation_epoch_100.json,project/results/qgat_extend100/seed2026/relation_D/validation_epoch_100.json
final,2026,V_select,109,15,100,100,8,8,0.6282801628112793,0.9018364548683167,0.27355629205703735,1.1169166564941406,1.690216302871704,0.5732996463775635,1.1867384910583496,1.7469446063041687,0.5602061152458191,project/results/qgat_extend100/seed2026/gnn/validation_epoch_100.json,project/results/qgat_extend100/seed2026/relation_D/validation_epoch_100.json
final,2026,V_select,109,20,100,100,8,8,0.6282801628112793,0.9018364548683167,0.27355629205703735,1.1169166564941406,1.690216302871704,0.5732996463775635,1.1867384910583496,1.7469446063041687,0.5602061152458191,project/results/qgat_extend100/seed2026/gnn/validation_epoch_100.json,project/results/qgat_extend100/seed2026/relation_D/validation_epoch_100.json
final,2026,V_select,110,5,100,100,8,8,0.5192575454711914,0.594016432762146,0.07475888729095459,1.006622076034546,1.0447635650634766,0.038141489028930664,1.0225685834884644,1.1163982152938843,0.09382963180541992,project/results/qgat_extend100/seed2026/gnn/validation_epoch_100.json,project/results/qgat_extend100/seed2026/relation_D/validation_epoch_100.json
final,2026,V_select,110,10,100,100,8,8,0.5188894271850586,0.5942673087120056,0.07537788152694702,1.0045963525772095,1.0444302558898926,0.039833903312683105,1.0211876034736633,1.116482436656952,0.09529483318328857,project/results/qgat_extend100/seed2026/gnn/validation_epoch_100.json,project/results/qgat_extend100/seed2026/relation_D/validation_epoch_100.json
final,2026,V_select,110,15,100,100,8,8,0.5189088582992554,0.5942713618278503,0.07536250352859497,1.0046433210372925,1.0445326566696167,0.03988933563232422,1.0212305188179016,1.1165376901626587,0.09530717134475708,project/results/qgat_extend100/seed2026/gnn/validation_epoch_100.json,project/results/qgat_extend100/seed2026/relation_D/validation_epoch_100.json
final,2026,V_select,110,20,100,100,8,8,0.5188021659851074,0.5941849946975708,0.07538282871246338,1.0044114589691162,1.044391393661499,0.03997993469238281,1.0210078954696655,1.1163806915283203,0.09537279605865479,project/results/qgat_extend100/seed2026/gnn/validation_epoch_100.json,project/results/qgat_extend100/seed2026/relation_D/validation_epoch_100.json
final,2026,V_select,111,5,100,100,8,8,0.5222856402397156,0.7124609351158142,0.19017529487609863,1.2056865692138672,1.510462999343872,0.3047764301300049,1.1251289248466492,1.4676924347877502,0.3425635099411011,project/results/qgat_extend100/seed2026/gnn/validation_epoch_100.json,project/results/qgat_extend100/seed2026/relation_D/validation_epoch_100.json
final,2026,V_select,111,10,100,100,8,8,0.5197553634643555,0.7117010354995728,0.19194567203521729,1.2003936767578125,1.5091333389282227,0.30873966217041016,1.1199522018432617,1.466267704963684,0.34631550312042236,project/results/qgat_extend100/seed2026/gnn/validation_epoch_100.json,project/results/qgat_extend100/seed2026/relation_D/validation_epoch_100.json
final,2026,V_select,111,15,100,100,8,8,0.5196546316146851,0.7116685509681702,0.1920139193534851,1.2000038623809814,1.5090305805206299,0.30902671813964844,1.1196565628051758,1.466183841228485,0.3465272784233093,project/results/qgat_extend100/seed2026/gnn/validation_epoch_100.json,project/results/qgat_extend100/seed2026/relation_D/validation_epoch_100.json
final,2026,V_select,111,20,100,100,8,8,0.5196710228919983,0.7116550207138062,0.19198399782180786,1.2000688314437866,1.5090432167053223,0.30897438526153564,1.1197054386138916,1.4661766290664673,0.3464711904525757,project/results/qgat_extend100/seed2026/gnn/validation_epoch_100.json,project/results/qgat_extend100/seed2026/relation_D/validation_epoch_100.json
final,2026,V_select,112,5,100,100,6,6,0.6963436603546143,0.6031696200370789,-0.0931740403175354,1.6640726327896118,1.3189363479614258,-0.34513628482818604,1.5283799767494202,1.2626377940177917,-0.2657421827316284,project/results/qgat_extend100/seed2026/gnn/validation_epoch_100.json,project/results/qgat_extend100/seed2026/relation_D/validation_epoch_100.json
final,2026,V_select,112,10,100,100,6,6,0.6956775784492493,0.6029893755912781,-0.09268820285797119,1.6625066995620728,1.3184109926223755,-0.34409570693969727,1.5269309282302856,1.2621948719024658,-0.2647360563278198,project/results/qgat_extend100/seed2026/gnn/validation_epoch_100.json,project/results/qgat_extend100/seed2026/relation_D/validation_epoch_100.json
final,2026,V_select,112,15,100,100,6,6,0.69554203748703,0.6033399105072021,-0.09220212697982788,1.6621652841567993,1.319595217704773,-0.34257006645202637,1.5266246795654297,1.2631375193595886,-0.26348716020584106,project/results/qgat_extend100/seed2026/gnn/validation_epoch_100.json,project/results/qgat_extend100/seed2026/relation_D/validation_epoch_100.json
final,2026,V_select,112,20,100,100,6,6,0.6952874064445496,0.6037337183952332,-0.0915536880493164,1.661454200744629,1.3205149173736572,-0.3409392833709717,1.526014506816864,1.2639911770820618,-0.26202332973480225,project/results/qgat_extend100/seed2026/gnn/validation_epoch_100.json,project/results/qgat_extend100/seed2026/relation_D/validation_epoch_100.json
final,2026,V_select,113,5,100,100,6,6,0.45143404603004456,0.6440534591674805,0.1926194131374359,1.044881820678711,1.3796602487564087,0.33477842807769775,0.9738749563694,1.3338835835456848,0.3600086271762848,project/results/qgat_extend100/seed2026/gnn/validation_epoch_100.json,project/results/qgat_extend100/seed2026/relation_D/validation_epoch_100.json
final,2026,V_select,113,10,100,100,6,6,0.45142149925231934,0.6434529423713684,0.19203144311904907,1.044829249382019,1.377977728843689,0.3331484794616699,0.9738361239433289,1.332441806793213,0.35860568284988403,project/results/qgat_extend100/seed2026/gnn/validation_epoch_100.json,project/results/qgat_extend100/seed2026/relation_D/validation_epoch_100.json
final,2026,V_select,113,15,100,100,6,6,0.44538822770118713,0.6384420990943909,0.19305387139320374,1.0366092920303345,1.3732013702392578,0.33659207820892334,0.9636928737163544,1.3250427842140198,0.3613499104976654,project/results/qgat_extend100/seed2026/gnn/validation_epoch_100.json,project/results/qgat_extend100/seed2026/relation_D/validation_epoch_100.json
final,2026,V_select,113,20,100,100,6,6,0.44466885924339294,0.6390917897224426,0.19442293047904968,1.0346863269805908,1.3746901750564575,0.3400038480758667,0.9620120227336884,1.3264368772506714,0.36442485451698303,project/results/qgat_extend100/seed2026/gnn/validation_epoch_100.json,project/results/qgat_extend100/seed2026/relation_D/validation_epoch_100.json
final,2026,V_select,114,5,100,100,6,6,0.504461944103241,0.6196216940879822,0.11515974998474121,1.3830760717391968,1.5971261262893677,0.2140500545501709,1.1959999799728394,1.418184757232666,0.22218477725982666,project/results/qgat_extend100/seed2026/gnn/validation_epoch_100.json,project/results/qgat_extend100/seed2026/relation_D/validation_epoch_100.json
final,2026,V_select,114,10,100,100,6,6,0.49823522567749023,0.6120640635490417,0.11382883787155151,1.369640827178955,1.5821996927261353,0.21255886554718018,1.1830556392669678,1.4031639099121094,0.2201082706451416,project/results/qgat_extend100/seed2026/gnn/validation_epoch_100.json,project/results/qgat_extend100/seed2026/relation_D/validation_epoch_100.json
final,2026,V_select,114,15,100,100,6,6,0.49873051047325134,0.6129558682441711,0.1142253577709198,1.371087670326233,1.5845327377319336,0.21344506740570068,1.1842743456363678,1.405222237110138,0.22094789147377014,project/results/qgat_extend100/seed2026/gnn/validation_epoch_100.json,project/results/qgat_extend100/seed2026/relation_D/validation_epoch_100.json
final,2026,V_select,114,20,100,100,6,6,0.4988515079021454,0.6128798127174377,0.11402830481529236,1.371432900428772,1.584337830543518,0.2129049301147461,1.1845679581165314,1.4050487279891968,0.2204807698726654,project/results/qgat_extend100/seed2026/gnn/validation_epoch_100.json,project/results/qgat_extend100/seed2026/relation_D/validation_epoch_100.json
final,2026,V_select,115,5,100,100,6,6,0.8879347443580627,0.8480067849159241,-0.03992795944213867,2.023707151412964,1.9320226907730103,-0.09168446063995361,1.8997883200645447,1.8140181303024292,-0.08577018976211548,project/results/qgat_extend100/seed2026/gnn/validation_epoch_100.json,project/results/qgat_extend100/seed2026/relation_D/validation_epoch_100.json
final,2026,V_select,115,10,100,100,6,6,0.8879349827766418,0.8483579754829407,-0.03957700729370117,2.023573875427246,1.9326801300048828,-0.09089374542236328,1.899721920490265,1.814698040485382,-0.08502388000488281,project/results/qgat_extend100/seed2026/gnn/validation_epoch_100.json,project/results/qgat_extend100/seed2026/relation_D/validation_epoch_100.json
final,2026,V_select,115,15,100,100,6,6,0.8887901306152344,0.8485493659973145,-0.04024076461791992,2.0257785320281982,1.9329906702041626,-0.09278786182403564,1.9016793966293335,1.8150447010993958,-0.08663469552993774,project/results/qgat_extend100/seed2026/gnn/validation_epoch_100.json,project/results/qgat_extend100/seed2026/relation_D/validation_epoch_100.json
final,2026,V_select,115,20,100,100,6,6,0.8891034126281738,0.8485355973243713,-0.04056781530380249,2.026550531387329,1.9329417943954468,-0.09360873699188232,1.9023786783218384,1.8150064945220947,-0.08737218379974365,project/results/qgat_extend100/seed2026/gnn/validation_epoch_100.json,project/results/qgat_extend100/seed2026/relation_D/validation_epoch_100.json
final,2026,V_select,116,5,100,100,6,6,0.809845507144928,0.8241238594055176,0.0142783522605896,1.8998242616653442,1.970442771911621,0.07061851024627686,1.7597576379776,1.8093452453613281,0.04958760738372803,project/results/qgat_extend100/seed2026/gnn/validation_epoch_100.json,project/results/qgat_extend100/seed2026/relation_D/validation_epoch_100.json
final,2026,V_select,116,10,100,100,6,6,0.8094286918640137,0.823765754699707,0.01433706283569336,1.8994518518447876,1.9698749780654907,0.07042312622070312,1.7591546177864075,1.8087032437324524,0.04954862594604492,project/results/qgat_extend100/seed2026/gnn/validation_epoch_100.json,project/results/qgat_extend100/seed2026/relation_D/validation_epoch_100.json
final,2026,V_select,116,15,100,100,6,6,0.8099798560142517,0.8238329291343689,0.013853073120117188,1.900734543800354,1.9700311422348022,0.06929659843444824,1.7603471279144287,1.80884850025177,0.04850137233734131,project/results/qgat_extend100/seed2026/gnn/validation_epoch_100.json,project/results/qgat_extend100/seed2026/relation_D/validation_epoch_100.json
final,2026,V_select,116,20,100,100,6,6,0.8101889491081238,0.8238556385040283,0.013666689395904541,1.9012700319290161,1.9701048135757446,0.06883478164672852,1.7608239650726318,1.8089080452919006,0.0480840802192688,project/results/qgat_extend100/seed2026/gnn/validation_epoch_100.json,project/results/qgat_extend100/seed2026/relation_D/validation_epoch_100.json
final,2026,V_select,117,5,100,100,6,6,0.6672250628471375,1.0724207162857056,0.4051956534385681,1.4949697256088257,2.492642402648926,0.9976726770401001,1.4147099256515503,2.3187419176101685,0.9040319919586182,project/results/qgat_extend100/seed2026/gnn/validation_epoch_100.json,project/results/qgat_extend100/seed2026/relation_D/validation_epoch_100.json
final,2026,V_select,117,10,100,100,6,6,0.6670026183128357,1.0721720457077026,0.40516942739486694,1.494491696357727,2.4918410778045654,0.9973493814468384,1.4142484664916992,2.3180925846099854,0.9038441181182861,project/results/qgat_extend100/seed2026/gnn/validation_epoch_100.json,project/results/qgat_extend100/seed2026/relation_D/validation_epoch_100.json
final,2026,V_select,117,15,100,100,6,6,0.6670709252357483,1.0721677541732788,0.4050968289375305,1.4946422576904297,2.491886854171753,0.9972445964813232,1.4143920540809631,2.3181111812591553,0.9037191271781921,project/results/qgat_extend100/seed2026/gnn/validation_epoch_100.json,project/results/qgat_extend100/seed2026/relation_D/validation_epoch_100.json
final,2026,V_select,117,20,100,100,6,6,0.6670709252357483,1.0721677541732788,0.4050968289375305,1.4946422576904297,2.491886854171753,0.9972445964813232,1.4143920540809631,2.3181111812591553,0.9037191271781921,project/results/qgat_extend100/seed2026/gnn/validation_epoch_100.json,project/results/qgat_extend100/seed2026/relation_D/validation_epoch_100.json
final,2026,V_select,118,5,100,100,6,6,0.20956408977508545,0.21167023479938507,0.0021061450242996216,0.29739633202552795,0.46919068694114685,0.1717943549156189,0.3582622557878494,0.4462655782699585,0.08800332248210907,project/results/qgat_extend100/seed2026/gnn/validation_epoch_100.json,project/results/qgat_extend100/seed2026/relation_D/validation_epoch_100.json
final,2026,V_select,118,10,100,100,6,6,0.2095596045255661,0.21185337007045746,0.0022937655448913574,0.2977922856807709,0.4696388244628906,0.17184653878211975,0.35845574736595154,0.44667278230190277,0.08821703493595123,project/results/qgat_extend100/seed2026/gnn/validation_epoch_100.json,project/results/qgat_extend100/seed2026/relation_D/validation_epoch_100.json
final,2026,V_select,118,15,100,100,6,6,0.20978093147277832,0.21163101494312286,0.0018500834703445435,0.29807063937187195,0.4687863886356354,0.17071574926376343,0.3588162511587143,0.44602420926094055,0.08720795810222626,project/results/qgat_extend100/seed2026/gnn/validation_epoch_100.json,project/results/qgat_extend100/seed2026/relation_D/validation_epoch_100.json
final,2026,V_select,118,20,100,100,6,6,0.20978093147277832,0.21163101494312286,0.0018500834703445435,0.29807063937187195,0.4687863886356354,0.17071574926376343,0.3588162511587143,0.44602420926094055,0.08720795810222626,project/results/qgat_extend100/seed2026/gnn/validation_epoch_100.json,project/results/qgat_extend100/seed2026/relation_D/validation_epoch_100.json
final,2026,V_select,119,5,100,100,6,6,0.292432963848114,0.1940782070159912,-0.0983547568321228,0.6388763785362244,0.4083689749240875,-0.23050740361213684,0.6118711531162262,0.398262694478035,-0.21360845863819122,project/results/qgat_extend100/seed2026/gnn/validation_epoch_100.json,project/results/qgat_extend100/seed2026/relation_D/validation_epoch_100.json
final,2026,V_select,119,10,100,100,6,6,0.29243287444114685,0.1940784454345703,-0.09835442900657654,0.6388762593269348,0.4083689749240875,-0.2305072844028473,0.6118710041046143,0.3982629328966141,-0.21360807120800018,project/results/qgat_extend100/seed2026/gnn/validation_epoch_100.json,project/results/qgat_extend100/seed2026/relation_D/validation_epoch_100.json
final,2026,V_select,119,15,100,100,6,6,0.2920815944671631,0.19408833980560303,-0.09799325466156006,0.6378831267356873,0.40854430198669434,-0.22933882474899292,0.6110231578350067,0.3983604907989502,-0.21266266703605652,project/results/qgat_extend100/seed2026/gnn/validation_epoch_100.json,project/results/qgat_extend100/seed2026/relation_D/validation_epoch_100.json
final,2026,V_select,119,20,100,100,6,6,0.29208263754844666,0.19408781826496124,-0.09799481928348541,0.6378861665725708,0.4085414409637451,-0.22934472560882568,0.6110257208347321,0.3983585387468338,-0.21266718208789825,project/results/qgat_extend100/seed2026/gnn/validation_epoch_100.json,project/results/qgat_extend100/seed2026/relation_D/validation_epoch_100.json
final,2026,V_select,120,5,100,100,6,6,0.07656770199537277,0.14923697710037231,0.07266927510499954,0.15157973766326904,0.35353174805641174,0.2019520103931427,0.1523575708270073,0.3260028511285782,0.1736452803015709,project/results/qgat_extend100/seed2026/gnn/validation_epoch_100.json,project/results/qgat_extend100/seed2026/relation_D/validation_epoch_100.json
final,2026,V_select,120,10,100,100,6,6,0.07742457836866379,0.15027229487895966,0.07284771651029587,0.15348801016807556,0.35832324624061584,0.20483523607254028,0.15416858345270157,0.3294339179992676,0.175265334546566,project/results/qgat_extend100/seed2026/gnn/validation_epoch_100.json,project/results/qgat_extend100/seed2026/relation_D/validation_epoch_100.json
final,2026,V_select,120,15,100,100,6,6,0.07723241299390793,0.15021929144859314,0.07298687845468521,0.15305615961551666,0.3582470715045929,0.20519091188907623,0.15376049280166626,0.3293428272008896,0.17558233439922333,project/results/qgat_extend100/seed2026/gnn/validation_epoch_100.json,project/results/qgat_extend100/seed2026/relation_D/validation_epoch_100.json
final,2026,V_select,120,20,100,100,6,6,0.07724232226610184,0.15023864805698395,0.07299632579088211,0.15307630598545074,0.358282208442688,0.20520590245723724,0.1537804752588272,0.32937975227832794,0.17559927701950073,project/results/qgat_extend100/seed2026/gnn/validation_epoch_100.json,project/results/qgat_extend100/seed2026/relation_D/validation_epoch_100.json
final,2026,V_select,121,5,100,100,6,6,0.06959164887666702,0.16398084163665771,0.09438919275999069,0.18431459367275238,0.337799996137619,0.15348540246486664,0.1617489457130432,0.3328808397054672,0.171131893992424,project/results/qgat_extend100/seed2026/gnn/validation_epoch_100.json,project/results/qgat_extend100/seed2026/relation_D/validation_epoch_100.json
final,2026,V_select,121,10,100,100,6,6,0.06959015876054764,0.16370676457881927,0.09411660581827164,0.18430888652801514,0.33711346983909607,0.15280458331108093,0.1617446020245552,0.3322634994983673,0.1705188974738121,project/results/qgat_extend100/seed2026/gnn/validation_epoch_100.json,project/results/qgat_extend100/seed2026/relation_D/validation_epoch_100.json
final,2026,V_select,121,15,100,100,6,6,0.06983482092618942,0.16401240229606628,0.09417758136987686,0.184742733836174,0.337890625,0.153147891163826,0.16220618784427643,0.3329577147960663,0.17075152695178986,project/results/qgat_extend100/seed2026/gnn/validation_epoch_100.json,project/results/qgat_extend100/seed2026/relation_D/validation_epoch_100.json
final,2026,V_select,121,20,100,100,6,6,0.06987068057060242,0.16417770087718964,0.09430702030658722,0.184849813580513,0.3383277654647827,0.15347795188426971,0.16229558736085892,0.333341583609581,0.17104599624872208,project/results/qgat_extend100/seed2026/gnn/validation_epoch_100.json,project/results/qgat_extend100/seed2026/relation_D/validation_epoch_100.json
final,2026,V_select,122,5,100,100,6,6,0.11301130056381226,0.10531356185674667,-0.007697738707065582,0.2172722965478897,0.19782181084156036,-0.019450485706329346,0.2216474488377571,0.20422446727752686,-0.017422981560230255,project/results/qgat_extend100/seed2026/gnn/validation_epoch_100.json,project/results/qgat_extend100/seed2026/relation_D/validation_epoch_100.json
final,2026,V_select,122,10,100,100,6,6,0.11301472783088684,0.10531357675790787,-0.007701151072978973,0.21727760136127472,0.19781982898712158,-0.019457772374153137,0.2216535285115242,0.20422349125146866,-0.017430037260055542,project/results/qgat_extend100/seed2026/gnn/validation_epoch_100.json,project/results/qgat_extend100/seed2026/relation_D/validation_epoch_100.json
final,2026,V_select,122,15,100,100,6,6,0.11203044652938843,0.10406572371721268,-0.00796472281217575,0.21691878139972687,0.19616810977458954,-0.02075067162513733,0.22048983722925186,0.20214977860450745,-0.018340058624744415,project/results/qgat_extend100/seed2026/gnn/validation_epoch_100.json,project/results/qgat_extend100/seed2026/relation_D/validation_epoch_100.json
final,2026,V_select,122,20,100,100,6,6,0.11203038692474365,0.10406560450792313,-0.007964782416820526,0.21691864728927612,0.19616816937923431,-0.02075047791004181,0.2204897105693817,0.20214968919754028,-0.01834002137184143,project/results/qgat_extend100/seed2026/gnn/validation_epoch_100.json,project/results/qgat_extend100/seed2026/relation_D/validation_epoch_100.json
final,2026,V_select,123,5,100,100,6,6,0.010700021870434284,0.013713172636926174,0.00301315076649189,0.013807016424834728,0.019079769030213356,0.005272752605378628,0.01760353008285165,0.023253057152032852,0.005649527069181204,project/results/qgat_extend100/seed2026/gnn/validation_epoch_100.json,project/results/qgat_extend100/seed2026/relation_D/validation_epoch_100.json
final,2026,V_select,123,10,100,100,6,6,0.010194697417318821,0.013940888457000256,0.0037461910396814346,0.011977567337453365,0.020054226741194725,0.00807665940374136,0.016183481086045504,0.023968001827597618,0.0077845207415521145,project/results/qgat_extend100/seed2026/gnn/validation_epoch_100.json,project/results/qgat_extend100/seed2026/relation_D/validation_epoch_100.json
final,2026,V_select,123,15,100,100,6,6,0.010199204087257385,0.014001118950545788,0.0038019148632884026,0.011988240294158459,0.02016589604318142,0.00817765574902296,0.016193324234336615,0.024084066972136497,0.007890742737799883,project/results/qgat_extend100/seed2026/gnn/validation_epoch_100.json,project/results/qgat_extend100/seed2026/relation_D/validation_epoch_100.json
final,2026,V_select,123,20,100,100,6,6,0.01019930187612772,0.014001068659126759,0.0038017667829990387,0.011988167650997639,0.02016569674015045,0.008177529089152813,0.01619338570162654,0.024083917029201984,0.007890531327575445,project/results/qgat_extend100/seed2026/gnn/validation_epoch_100.json,project/results/qgat_extend100/seed2026/relation_D/validation_epoch_100.json
final,2026,V_select,124,5,100,100,6,6,0.009782452136278152,0.012610122561454773,0.0028276704251766205,0.012224666774272919,0.014213785529136658,0.001989118754863739,0.015894785523414612,0.019717015326023102,0.00382222980260849,project/results/qgat_extend100/seed2026/gnn/validation_epoch_100.json,project/results/qgat_extend100/seed2026/relation_D/validation_epoch_100.json
final,2026,V_select,124,10,100,100,6,6,0.009271448478102684,0.01283500250428915,0.0035635540261864662,0.010401145555078983,0.01519327238202095,0.004792126826941967,0.014472021255642176,0.020431638695299625,0.00595961743965745,project/results/qgat_extend100/seed2026/gnn/validation_epoch_100.json,project/results/qgat_extend100/seed2026/relation_D/validation_epoch_100.json
final,2026,V_select,124,15,100,100,6,6,0.0092709856107831,0.012834842316806316,0.0035638567060232162,0.010400776751339436,0.015193191356956959,0.004792414605617523,0.014471373986452818,0.020431437995284796,0.005960064008831978,project/results/qgat_extend100/seed2026/gnn/validation_epoch_100.json,project/results/qgat_extend100/seed2026/relation_D/validation_epoch_100.json
final,2026,V_select,124,20,100,100,6,6,0.010233611799776554,0.013499150983989239,0.0032655391842126846,0.01109184417873621,0.016203345730900764,0.005111501552164555,0.01577953388914466,0.02160082384943962,0.005821289960294962,project/results/qgat_extend100/seed2026/gnn/validation_epoch_100.json,project/results/qgat_extend100/seed2026/relation_D/validation_epoch_100.json
final,2026,V_select,125,5,100,100,6,6,0.01343266386538744,0.014678090810775757,0.001245426945388317,0.02594052255153656,0.026882657781243324,0.0009421352297067642,0.02640292514115572,0.02811941970139742,0.0017164945602416992,project/results/qgat_extend100/seed2026/gnn/validation_epoch_100.json,project/results/qgat_extend100/seed2026/relation_D/validation_epoch_100.json
final,2026,V_select,125,10,100,100,6,6,0.013437320478260517,0.014672585763037205,0.0012352652847766876,0.025948569178581238,0.026866083964705467,0.0009175147861242294,0.026411605067551136,0.02810562774538994,0.0016940226778388023,project/results/qgat_extend100/seed2026/gnn/validation_epoch_100.json,project/results/qgat_extend100/seed2026/relation_D/validation_epoch_100.json
final,2026,V_select,125,15,100,100,6,6,0.01407715305685997,0.015002998523414135,0.0009258454665541649,0.026456112042069435,0.026950955390930176,0.0004948433488607407,0.027305209077894688,0.028478476218879223,0.0011732671409845352,project/results/qgat_extend100/seed2026/gnn/validation_epoch_100.json,project/results/qgat_extend100/seed2026/relation_D/validation_epoch_100.json
final,2026,V_select,125,20,100,100,6,6,0.014077429659664631,0.015002720057964325,0.0009252903982996941,0.026457393541932106,0.026951372623443604,0.0004939790815114975,0.027306126430630684,0.028478406369686127,0.0011722799390554428,project/results/qgat_extend100/seed2026/gnn/validation_epoch_100.json,project/results/qgat_extend100/seed2026/relation_D/validation_epoch_100.json
final,2026,V_select,126,5,100,100,6,6,0.028406625613570213,0.029549552127718925,0.0011429265141487122,0.05104881525039673,0.05296707525849342,0.001918260008096695,0.05393103323876858,0.05603308975696564,0.0021020565181970596,project/results/qgat_extend100/seed2026/gnn/validation_epoch_100.json,project/results/qgat_extend100/seed2026/relation_D/validation_epoch_100.json
final,2026,V_select,126,10,100,100,6,6,0.02566901408135891,0.026500405743718147,0.0008313916623592377,0.0467219352722168,0.0477452389895916,0.0010233037173748016,0.04902998171746731,0.05037302523851395,0.0013430435210466385,project/results/qgat_extend100/seed2026/gnn/validation_epoch_100.json,project/results/qgat_extend100/seed2026/relation_D/validation_epoch_100.json
final,2026,V_select,126,15,100,100,6,6,0.025668950751423836,0.026500338688492775,0.0008313879370689392,0.04672178998589516,0.04774562641978264,0.0010238364338874817,0.049029845744371414,0.050373151898384094,0.00134330615401268,project/results/qgat_extend100/seed2026/gnn/validation_epoch_100.json,project/results/qgat_extend100/seed2026/relation_D/validation_epoch_100.json
final,2026,V_select,126,20,100,100,6,6,0.025670334696769714,0.026498889550566673,0.0008285548537969589,0.04672706499695778,0.04774397239089012,0.0010169073939323425,0.049033867195248604,0.050370875746011734,0.0013370085507631302,project/results/qgat_extend100/seed2026/gnn/validation_epoch_100.json,project/results/qgat_extend100/seed2026/relation_D/validation_epoch_100.json
final,2026,V_select,127,5,100,100,6,6,0.01110957283526659,0.012173247523605824,0.0010636746883392334,0.014103845693171024,0.015033061616122723,0.0009292159229516983,0.018161495681852102,0.019689778331667185,0.0015282826498150826,project/results/qgat_extend100/seed2026/gnn/validation_epoch_100.json,project/results/qgat_extend100/seed2026/relation_D/validation_epoch_100.json
final,2026,V_select,127,10,100,100,6,6,0.011111311614513397,0.01217170525342226,0.001060393638908863,0.014107920229434967,0.015029709786176682,0.0009217895567417145,0.01816527172923088,0.0196865601465106,0.0015212884172797203,project/results/qgat_extend100/seed2026/gnn/validation_epoch_100.json,project/results/qgat_extend100/seed2026/relation_D/validation_epoch_100.json
final,2026,V_select,127,15,100,100,6,6,0.011111577041447163,0.012171496637165546,0.0010599195957183838,0.01410993654280901,0.015027661807835102,0.0009177252650260925,0.018166545312851667,0.019685327541083097,0.00151878222823143,project/results/qgat_extend100/seed2026/gnn/validation_epoch_100.json,project/results/qgat_extend100/seed2026/relation_D/validation_epoch_100.json
final,2026,V_select,127,20,100,100,6,6,0.011112534441053867,0.01217145100235939,0.001058916561305523,0.01411441434174776,0.015027839690446854,0.0009134253486990929,0.018169741611927748,0.019685370847582817,0.0015156292356550694,project/results/qgat_extend100/seed2026/gnn/validation_epoch_100.json,project/results/qgat_extend100/seed2026/relation_D/validation_epoch_100.json
final,2026,V_select,128,5,100,100,8,7,1.0875179767608643,1.025403380393982,-0.062114596366882324,2.3374173641204834,1.9938632249832153,-0.34355413913726807,2.256226658821106,2.0223349928855896,-0.23389166593551636,project/results/qgat_extend100/seed2026/gnn/validation_epoch_100.json,project/results/qgat_extend100/seed2026/relation_D/validation_epoch_100.json
final,2026,V_select,128,10,100,100,8,7,1.0887678861618042,1.026019811630249,-0.06274807453155518,2.3406383991241455,1.9949140548706055,-0.34572434425354004,2.259087085723877,2.0234768390655518,-0.2356102466583252,project/results/qgat_extend100/seed2026/gnn/validation_epoch_100.json,project/results/qgat_extend100/seed2026/relation_D/validation_epoch_100.json
final,2026,V_select,128,15,100,100,8,7,1.0911064147949219,1.0267274379730225,-0.06437897682189941,2.3450961112976074,2.0007338523864746,-0.3443622589111328,2.2636544704437256,2.0270943641662598,-0.23656010627746582,project/results/qgat_extend100/seed2026/gnn/validation_epoch_100.json,project/results/qgat_extend100/seed2026/relation_D/validation_epoch_100.json
final,2026,V_select,128,20,100,100,8,7,1.0911799669265747,1.0268256664276123,-0.0643543004989624,2.3451366424560547,2.000561475753784,-0.3445751667022705,2.263748288154602,2.0271064043045044,-0.23664188385009766,project/results/qgat_extend100/seed2026/gnn/validation_epoch_100.json,project/results/qgat_extend100/seed2026/relation_D/validation_epoch_100.json
final,2026,V_select,129,5,100,100,8,7,0.9979469180107117,0.9644312262535095,-0.03351569175720215,2.116593837738037,2.0798888206481934,-0.03670501708984375,2.0562438368797302,2.004375636577606,-0.05186820030212402,project/results/qgat_extend100/seed2026/gnn/validation_epoch_100.json,project/results/qgat_extend100/seed2026/relation_D/validation_epoch_100.json
final,2026,V_select,129,10,100,100,8,7,0.9982718229293823,0.965057909488678,-0.033213913440704346,2.117175579071045,2.0813090801239014,-0.035866498947143555,2.056859612464905,2.0057124495506287,-0.05114716291427612,project/results/qgat_extend100/seed2026/gnn/validation_epoch_100.json,project/results/qgat_extend100/seed2026/relation_D/validation_epoch_100.json
final,2026,V_select,129,15,100,100,8,7,0.997360110282898,0.9678913950920105,-0.02946871519088745,2.112708568572998,2.0873970985412598,-0.02531147003173828,2.053714394569397,2.0115899443626404,-0.04212445020675659,project/results/qgat_extend100/seed2026/gnn/validation_epoch_100.json,project/results/qgat_extend100/seed2026/relation_D/validation_epoch_100.json
final,2026,V_select,129,20,100,100,8,7,0.9974459409713745,0.9678816795349121,-0.029564261436462402,2.1129603385925293,2.0874364376068115,-0.025523900985717773,2.053926110267639,2.011599898338318,-0.04232621192932129,project/results/qgat_extend100/seed2026/gnn/validation_epoch_100.json,project/results/qgat_extend100/seed2026/relation_D/validation_epoch_100.json
final,2026,V_select,130,5,100,100,7,7,1.5315065383911133,1.1613579988479614,-0.37014853954315186,3.593829393386841,2.8194305896759033,-0.7743988037109375,3.3284212350845337,2.571073293685913,-0.7573479413986206,project/results/qgat_extend100/seed2026/gnn/validation_epoch_100.json,project/results/qgat_extend100/seed2026/relation_D/validation_epoch_100.json
final,2026,V_select,130,10,100,100,7,7,1.530892014503479,1.1611406803131104,-0.36975133419036865,3.5926949977874756,2.8188326358795166,-0.773862361907959,3.327239513397217,2.5705569982528687,-0.7566825151443481,project/results/qgat_extend100/seed2026/gnn/validation_epoch_100.json,project/results/qgat_extend100/seed2026/relation_D/validation_epoch_100.json
final,2026,V_select,130,15,100,100,7,7,1.5305720567703247,1.1613091230392456,-0.3692629337310791,3.5916924476623535,2.819103240966797,-0.7725892066955566,3.3264182806015015,2.570860743522644,-0.7555575370788574,project/results/qgat_extend100/seed2026/gnn/validation_epoch_100.json,project/results/qgat_extend100/seed2026/relation_D/validation_epoch_100.json
final,2026,V_select,130,20,100,100,7,7,1.5301390886306763,1.162390947341919,-0.3677481412887573,3.590183734893799,2.821197748184204,-0.7689859867095947,3.3252309560775757,2.572989821434021,-0.7522411346435547,project/results/qgat_extend100/seed2026/gnn/validation_epoch_100.json,project/results/qgat_extend100/seed2026/relation_D/validation_epoch_100.json
final,2026,V_select,131,5,100,100,7,7,1.5797021389007568,1.3500003814697266,-0.22970175743103027,3.2731688022613525,2.3307244777679443,-0.9424443244934082,3.216286540031433,2.5153626203536987,-0.7009239196777344,project/results/qgat_extend100/seed2026/gnn/validation_epoch_100.json,project/results/qgat_extend100/seed2026/relation_D/validation_epoch_100.json
final,2026,V_select,131,10,100,100,7,7,1.5792524814605713,1.3486015796661377,-0.2306509017944336,3.2716305255889893,2.3281445503234863,-0.9434859752655029,3.215067744255066,2.512673854827881,-0.7023938894271851,project/results/qgat_extend100/seed2026/gnn/validation_epoch_100.json,project/results/qgat_extend100/seed2026/relation_D/validation_epoch_100.json
final,2026,V_select,131,15,100,100,7,7,1.5791025161743164,1.3484286069869995,-0.2306739091873169,3.2712790966033936,2.327449083328247,-0.9438300132751465,3.214742064476013,2.512153148651123,-0.7025889158248901,project/results/qgat_extend100/seed2026/gnn/validation_epoch_100.json,project/results/qgat_extend100/seed2026/relation_D/validation_epoch_100.json
final,2026,V_select,131,20,100,100,7,7,1.578461766242981,1.3496979475021362,-0.22876381874084473,3.2701525688171387,2.3300893306732178,-0.9400632381439209,3.2135380506515503,2.514742612838745,-0.6987954378128052,project/results/qgat_extend100/seed2026/gnn/validation_epoch_100.json,project/results/qgat_extend100/seed2026/relation_D/validation_epoch_100.json
final,2026,V_select,132,5,100,100,7,7,1.4014195203781128,1.4097987413406372,0.008379220962524414,2.9711310863494873,3.106816530227661,0.13568544387817383,2.8869850635528564,2.9632070064544678,0.07622194290161133,project/results/qgat_extend100/seed2026/gnn/validation_epoch_100.json,project/results/qgat_extend100/seed2026/relation_D/validation_epoch_100.json
final,2026,V_select,132,10,100,100,7,7,1.4014254808425903,1.4095591306686401,0.008133649826049805,2.972027063369751,3.106318235397339,0.1342911720275879,2.887439012527466,2.9627182483673096,0.07527923583984375,project/results/qgat_extend100/seed2026/gnn/validation_epoch_100.json,project/results/qgat_extend100/seed2026/relation_D/validation_epoch_100.json
final,2026,V_select,132,15,100,100,7,7,1.4004647731781006,1.4094222784042358,0.008957505226135254,2.969939947128296,3.105397939682007,0.13545799255371094,2.8854347467422485,2.9621212482452393,0.07668650150299072,project/results/qgat_extend100/seed2026/gnn/validation_epoch_100.json,project/results/qgat_extend100/seed2026/relation_D/validation_epoch_100.json
final,2026,V_select,132,20,100,100,7,7,1.4005461931228638,1.4094619750976562,0.00891578197479248,2.9700634479522705,3.105361223220825,0.1352977752685547,2.885577917098999,2.962142586708069,0.07656466960906982,project/results/qgat_extend100/seed2026/gnn/validation_epoch_100.json,project/results/qgat_extend100/seed2026/relation_D/validation_epoch_100.json
final,2026,V_select,133,5,100,100,7,7,1.6685634851455688,1.214490532875061,-0.4540729522705078,3.9007961750030518,2.5088717937469482,-1.3919243812561035,3.6189615726470947,2.468926429748535,-1.1500351428985596,project/results/qgat_extend100/seed2026/gnn/validation_epoch_100.json,project/results/qgat_extend100/seed2026/relation_D/validation_epoch_100.json
final,2026,V_select,133,10,100,100,7,7,1.6733547449111938,1.211241602897644,-0.4621131420135498,3.907796621322632,2.509066343307495,-1.3987302780151367,3.6272530555725098,2.4657747745513916,-1.1614782810211182,project/results/qgat_extend100/seed2026/gnn/validation_epoch_100.json,project/results/qgat_extend100/seed2026/relation_D/validation_epoch_100.json
final,2026,V_select,133,15,100,100,7,7,1.6732308864593506,1.2116539478302002,-0.4615769386291504,3.907804250717163,2.509983777999878,-1.3978204727172852,3.627133011817932,2.466645836830139,-1.160487174987793,project/results/qgat_extend100/seed2026/gnn/validation_epoch_100.json,project/results/qgat_extend100/seed2026/relation_D/validation_epoch_100.json
final,2026,V_select,133,20,100,100,7,7,1.6733919382095337,1.2117031812667847,-0.461688756942749,3.908017873764038,2.509939670562744,-1.398078203201294,3.6274008750915527,2.4666730165481567,-1.160727858543396,project/results/qgat_extend100/seed2026/gnn/validation_epoch_100.json,project/results/qgat_extend100/seed2026/relation_D/validation_epoch_100.json
final,2026,V_select,134,5,100,100,7,7,1.3315633535385132,0.937862753868103,-0.39370059967041016,2.7157537937164307,2.0167391300201416,-0.6990146636962891,2.6894402503967285,1.9462323188781738,-0.7432079315185547,project/results/qgat_extend100/seed2026/gnn/validation_epoch_100.json,project/results/qgat_extend100/seed2026/relation_D/validation_epoch_100.json
final,2026,V_select,134,10,100,100,7,7,1.3323551416397095,0.938765823841095,-0.3935893177986145,2.719212055206299,2.017673969268799,-0.7015380859375,2.691961169242859,1.9476028084754944,-0.7443583607673645,project/results/qgat_extend100/seed2026/gnn/validation_epoch_100.json,project/results/qgat_extend100/seed2026/relation_D/validation_epoch_100.json
final,2026,V_select,134,15,100,100,7,7,1.3315918445587158,0.9385261535644531,-0.3930656909942627,2.717376947402954,2.017225742340088,-0.7001512050628662,2.690280318260193,1.947139024734497,-0.7431412935256958,project/results/qgat_extend100/seed2026/gnn/validation_epoch_100.json,project/results/qgat_extend100/seed2026/relation_D/validation_epoch_100.json
final,2026,V_select,134,20,100,100,7,7,1.33259117603302,0.9402872323989868,-0.3923039436340332,2.7161147594451904,2.020829200744629,-0.6952855587005615,2.6906485557556152,1.9507018327713013,-0.739946722984314,project/results/qgat_extend100/seed2026/gnn/validation_epoch_100.json,project/results/qgat_extend100/seed2026/relation_D/validation_epoch_100.json
final,2026,V_select,135,5,100,100,7,7,1.0616158246994019,1.5581190586090088,0.49650323390960693,1.6784093379974365,3.0698750019073486,1.391465663909912,1.9008204936981201,3.093056559562683,1.192236065864563,project/results/qgat_extend100/seed2026/gnn/validation_epoch_100.json,project/results/qgat_extend100/seed2026/relation_D/validation_epoch_100.json
final,2026,V_select,135,10,100,100,7,7,1.0619524717330933,1.5579131841659546,0.49596071243286133,1.6796531677246094,3.069446086883545,1.3897929191589355,1.901779055595398,3.092636227607727,1.190857172012329,project/results/qgat_extend100/seed2026/gnn/validation_epoch_100.json,project/results/qgat_extend100/seed2026/relation_D/validation_epoch_100.json
final,2026,V_select,135,15,100,100,7,7,1.0596036911010742,1.554566502571106,0.49496281147003174,1.6756370067596436,3.062948226928711,1.3873112201690674,1.897422194480896,3.0860406160354614,1.1886184215545654,project/results/qgat_extend100/seed2026/gnn/validation_epoch_100.json,project/results/qgat_extend100/seed2026/relation_D/validation_epoch_100.json
final,2026,V_select,135,20,100,100,7,7,1.0622979402542114,1.5579932928085327,0.4956953525543213,1.6772838830947876,3.0662410259246826,1.388957142829895,1.9009398818016052,3.091113805770874,1.1901739239692688,project/results/qgat_extend100/seed2026/gnn/validation_epoch_100.json,project/results/qgat_extend100/seed2026/relation_D/validation_epoch_100.json
final,2026,V_select,136,5,100,100,7,7,1.071388602256775,0.9448671936988831,-0.12652140855789185,2.312962293624878,1.981467604637146,-0.33149468898773193,2.227869749069214,1.935600996017456,-0.2922687530517578,project/results/qgat_extend100/seed2026/gnn/validation_epoch_100.json,project/results/qgat_extend100/seed2026/relation_D/validation_epoch_100.json
final,2026,V_select,136,10,100,100,7,7,1.0678443908691406,0.9408054351806641,-0.12703895568847656,2.3056347370147705,1.9727613925933838,-0.3328733444213867,2.220661759376526,1.927186131477356,-0.2934756278991699,project/results/qgat_extend100/seed2026/gnn/validation_epoch_100.json,project/results/qgat_extend100/seed2026/relation_D/validation_epoch_100.json
final,2026,V_select,136,15,100,100,7,7,1.0678918361663818,0.9406929016113281,-0.1271989345550537,2.3054721355438232,1.9721630811691284,-0.3333090543746948,2.2206279039382935,1.9267744421958923,-0.2938534617424011,project/results/qgat_extend100/seed2026/gnn/validation_epoch_100.json,project/results/qgat_extend100/seed2026/relation_D/validation_epoch_100.json
final,2026,V_select,136,20,100,100,7,7,1.068322777748108,0.9404621720314026,-0.12786060571670532,2.306814432144165,1.971727728843689,-0.3350867033004761,2.2217299938201904,1.926326036453247,-0.29540395736694336,project/results/qgat_extend100/seed2026/gnn/validation_epoch_100.json,project/results/qgat_extend100/seed2026/relation_D/validation_epoch_100.json
final,2026,V_select,137,5,100,100,7,7,1.150726556777954,0.801446259021759,-0.34928029775619507,2.3102872371673584,1.493276596069336,-0.8170106410980225,2.3058701753616333,1.548084557056427,-0.7577856183052063,project/results/qgat_extend100/seed2026/gnn/validation_epoch_100.json,project/results/qgat_extend100/seed2026/relation_D/validation_epoch_100.json
final,2026,V_select,137,10,100,100,7,7,1.1513473987579346,0.8019015192985535,-0.3494458794593811,2.311811685562134,1.4942476749420166,-0.8175640106201172,2.3072532415390015,1.5490253567695618,-0.7582278847694397,project/results/qgat_extend100/seed2026/gnn/validation_epoch_100.json,project/results/qgat_extend100/seed2026/relation_D/validation_epoch_100.json
final,2026,V_select,137,15,100,100,7,7,1.1514804363250732,0.8020207285881042,-0.349459707736969,2.312052011489868,1.494552731513977,-0.8174992799758911,2.3075064420700073,1.5492970943450928,-0.7582093477249146,project/results/qgat_extend100/seed2026/gnn/validation_epoch_100.json,project/results/qgat_extend100/seed2026/relation_D/validation_epoch_100.json
final,2026,V_select,137,20,100,100,7,7,1.15147864818573,0.8020270466804504,-0.34945160150527954,2.3120481967926025,1.4945695400238037,-0.8174786567687988,2.3075027465820312,1.5493118166923523,-0.758190929889679,project/results/qgat_extend100/seed2026/gnn/validation_epoch_100.json,project/results/qgat_extend100/seed2026/relation_D/validation_epoch_100.json
final,2026,V_select,138,5,100,100,7,7,0.686667263507843,0.42587724328041077,-0.26079002022743225,1.513785719871521,0.8205927610397339,-0.6931929588317871,1.4435601234436035,0.8361736238002777,-0.6073864996433258,project/results/qgat_extend100/seed2026/gnn/validation_epoch_100.json,project/results/qgat_extend100/seed2026/relation_D/validation_epoch_100.json
final,2026,V_select,138,10,100,100,7,7,0.687261164188385,0.4266619086265564,-0.2605992555618286,1.5153590440750122,0.8224374055862427,-0.6929216384887695,1.4449406862258911,0.8378806114196777,-0.6070600748062134,project/results/qgat_extend100/seed2026/gnn/validation_epoch_100.json,project/results/qgat_extend100/seed2026/relation_D/validation_epoch_100.json
final,2026,V_select,138,15,100,100,7,7,0.6871978044509888,0.42663389444351196,-0.2605639100074768,1.5152273178100586,0.8224220871925354,-0.6928052306175232,1.444811463356018,0.8378449380397797,-0.6069665253162384,project/results/qgat_extend100/seed2026/gnn/validation_epoch_100.json,project/results/qgat_extend100/seed2026/relation_D/validation_epoch_100.json
final,2026,V_select,138,20,100,100,7,7,0.687218189239502,0.42664003372192383,-0.2605781555175781,1.515276312828064,0.8224416971206665,-0.6928346157073975,1.444856345653534,0.8378608822822571,-0.6069954633712769,project/results/qgat_extend100/seed2026/gnn/validation_epoch_100.json,project/results/qgat_extend100/seed2026/relation_D/validation_epoch_100.json
final,2026,V_select,139,5,100,100,7,7,0.6168332695960999,0.5186541080474854,-0.0981791615486145,1.2583407163619995,1.09499990940094,-0.16334080696105957,1.2460036277770996,1.0661540627479553,-0.1798495650291443,project/results/qgat_extend100/seed2026/gnn/validation_epoch_100.json,project/results/qgat_extend100/seed2026/relation_D/validation_epoch_100.json
final,2026,V_select,139,10,100,100,7,7,0.6168559193611145,0.515535831451416,-0.10132008790969849,1.2561289072036743,1.0899810791015625,-0.16614782810211182,1.2449203729629517,1.0605263710021973,-0.1843940019607544,project/results/qgat_extend100/seed2026/gnn/validation_epoch_100.json,project/results/qgat_extend100/seed2026/relation_D/validation_epoch_100.json
final,2026,V_select,139,15,100,100,7,7,0.6199447512626648,0.5146843791007996,-0.10526037216186523,1.265085220336914,1.0861619710922241,-0.17892324924468994,1.2524873614311218,1.0577653646469116,-0.1947219967842102,project/results/qgat_extend100/seed2026/gnn/validation_epoch_100.json,project/results/qgat_extend100/seed2026/relation_D/validation_epoch_100.json
final,2026,V_select,139,20,100,100,7,7,0.6199458241462708,0.5146865248680115,-0.10525929927825928,1.265087366104126,1.086167573928833,-0.17891979217529297,1.2524895071983337,1.057770311832428,-0.19471919536590576,project/results/qgat_extend100/seed2026/gnn/validation_epoch_100.json,project/results/qgat_extend100/seed2026/relation_D/validation_epoch_100.json
final,2026,V_select,140,5,100,100,7,7,0.21911808848381042,0.2811020314693451,0.06198394298553467,0.37681689858436584,0.6795186400413513,0.3027017414569855,0.40752653777599335,0.6208613514900208,0.2133348137140274,project/results/qgat_extend100/seed2026/gnn/validation_epoch_100.json,project/results/qgat_extend100/seed2026/relation_D/validation_epoch_100.json
final,2026,V_select,140,10,100,100,7,7,0.22067978978157043,0.2779175341129303,0.05723774433135986,0.3798350691795349,0.6764054298400879,0.296570360660553,0.4105973243713379,0.6161202490329742,0.20552292466163635,project/results/qgat_extend100/seed2026/gnn/validation_epoch_100.json,project/results/qgat_extend100/seed2026/relation_D/validation_epoch_100.json
final,2026,V_select,140,15,100,100,7,7,0.22021739184856415,0.27743181586265564,0.05721442401409149,0.378279447555542,0.6750926971435547,0.2968132495880127,0.40935711562633514,0.614978164434433,0.20562104880809784,project/results/qgat_extend100/seed2026/gnn/validation_epoch_100.json,project/results/qgat_extend100/seed2026/relation_D/validation_epoch_100.json
final,2026,V_select,140,20,100,100,7,7,0.2199840545654297,0.27737969160079956,0.05739563703536987,0.3781839907169342,0.6749610900878906,0.2967770993709564,0.4090760499238968,0.6148602366447449,0.20578418672084808,project/results/qgat_extend100/seed2026/gnn/validation_epoch_100.json,project/results/qgat_extend100/seed2026/relation_D/validation_epoch_100.json
final,2026,V_select,141,5,100,100,7,7,0.3859836757183075,0.2460910975933075,-0.139892578125,0.8510369062423706,0.6939598917961121,-0.15707701444625854,0.8115021288394928,0.5930710434913635,-0.21843108534812927,project/results/qgat_extend100/seed2026/gnn/validation_epoch_100.json,project/results/qgat_extend100/seed2026/relation_D/validation_epoch_100.json
final,2026,V_select,141,10,100,100,7,7,0.38589590787887573,0.24640505015850067,-0.13949085772037506,0.850763738155365,0.6949660181999207,-0.15579771995544434,0.8112777769565582,0.593888059258461,-0.21738971769809723,project/results/qgat_extend100/seed2026/gnn/validation_epoch_100.json,project/results/qgat_extend100/seed2026/relation_D/validation_epoch_100.json
final,2026,V_select,141,15,100,100,7,7,0.3868996202945709,0.24527426064014435,-0.14162535965442657,0.8530009388923645,0.691285252571106,-0.16171568632125854,0.8134000897407532,0.5909168869256973,-0.22248320281505585,project/results/qgat_extend100/seed2026/gnn/validation_epoch_100.json,project/results/qgat_extend100/seed2026/relation_D/validation_epoch_100.json
final,2026,V_select,141,20,100,100,7,7,0.3897798955440521,0.24560710787773132,-0.1441727876663208,0.8604604601860046,0.6922022104263306,-0.16825824975967407,0.8200101256370544,0.5917082130908966,-0.22830191254615784,project/results/qgat_extend100/seed2026/gnn/validation_epoch_100.json,project/results/qgat_extend100/seed2026/relation_D/validation_epoch_100.json
final,2026,V_select,142,5,100,100,7,7,0.16734112799167633,0.33563974499702454,0.1682986170053482,0.3737662732601166,0.8181883692741394,0.4444220960140228,0.3542242646217346,0.7447339296340942,0.3905096650123596,project/results/qgat_extend100/seed2026/gnn/validation_epoch_100.json,project/results/qgat_extend100/seed2026/relation_D/validation_epoch_100.json
final,2026,V_select,142,10,100,100,7,7,0.16868166625499725,0.3365419805049896,0.16786031424999237,0.37514570355415344,0.8184171915054321,0.4432714879512787,0.356254518032074,0.7457505762577057,0.3894960582256317,project/results/qgat_extend100/seed2026/gnn/validation_epoch_100.json,project/results/qgat_extend100/seed2026/relation_D/validation_epoch_100.json
final,2026,V_select,142,15,100,100,7,7,0.16168572008609772,0.3430129885673523,0.18132726848125458,0.36285823583602905,0.8301629424095154,0.46730470657348633,0.34311483800411224,0.75809445977211,0.41497962176799774,project/results/qgat_extend100/seed2026/gnn/validation_epoch_100.json,project/results/qgat_extend100/seed2026/relation_D/validation_epoch_100.json
final,2026,V_select,142,20,100,100,7,7,0.16152334213256836,0.3431195616722107,0.18159621953964233,0.36246511340141296,0.830453097820282,0.467987984418869,0.34275589883327484,0.7583461105823517,0.41559021174907684,project/results/qgat_extend100/seed2026/gnn/validation_epoch_100.json,project/results/qgat_extend100/seed2026/relation_D/validation_epoch_100.json
final,2026,V_select,143,5,100,100,7,7,0.07417003065347672,0.1450267881155014,0.07085675746202469,0.13176463544368744,0.3096020817756653,0.17783744633197784,0.14005234837532043,0.29982782900333405,0.1597754806280136,project/results/qgat_extend100/seed2026/gnn/validation_epoch_100.json,project/results/qgat_extend100/seed2026/relation_D/validation_epoch_100.json
final,2026,V_select,143,10,100,100,7,7,0.07388206571340561,0.14513270556926727,0.07125063985586166,0.13116367161273956,0.3098575174808502,0.17869384586811066,0.1394639015197754,0.3000614643096924,0.160597562789917,project/results/qgat_extend100/seed2026/gnn/validation_epoch_100.json,project/results/qgat_extend100/seed2026/relation_D/validation_epoch_100.json
final,2026,V_select,143,15,100,100,7,7,0.07385851442813873,0.14514413475990295,0.07128562033176422,0.13110680878162384,0.30988606810569763,0.1787792593240738,0.13941191881895065,0.30008716881275177,0.16067524999380112,project/results/qgat_extend100/seed2026/gnn/validation_epoch_100.json,project/results/qgat_extend100/seed2026/relation_D/validation_epoch_100.json
final,2026,V_select,143,20,100,100,7,7,0.07389809936285019,0.14514848589897156,0.07125038653612137,0.131197988986969,0.30991190671920776,0.17871391773223877,0.1394970938563347,0.30010443925857544,0.16060734540224075,project/results/qgat_extend100/seed2026/gnn/validation_epoch_100.json,project/results/qgat_extend100/seed2026/relation_D/validation_epoch_100.json
final,2026,V_select,144,5,100,100,8,8,0.7324099540710449,0.4859916865825653,-0.24641826748847961,1.6170721054077148,1.1107511520385742,-0.5063209533691406,1.5409460067749023,1.0413672626018524,-0.4995787441730499,project/results/qgat_extend100/seed2026/gnn/validation_epoch_100.json,project/results/qgat_extend100/seed2026/relation_D/validation_epoch_100.json
final,2026,V_select,144,10,100,100,8,8,0.7339863777160645,0.48666512966156006,-0.2473212480545044,1.6243189573287964,1.113464117050171,-0.5108548402786255,1.5461458563804626,1.0433971881866455,-0.5027486681938171,project/results/qgat_extend100/seed2026/gnn/validation_epoch_100.json,project/results/qgat_extend100/seed2026/relation_D/validation_epoch_100.json
final,2026,V_select,144,15,100,100,8,8,0.7339378595352173,0.48732396960258484,-0.24661388993263245,1.6246604919433594,1.115441083908081,-0.5092194080352783,1.546268105506897,1.0450445115566254,-0.5012235939502716,project/results/qgat_extend100/seed2026/gnn/validation_epoch_100.json,project/results/qgat_extend100/seed2026/relation_D/validation_epoch_100.json
final,2026,V_select,144,20,100,100,8,8,0.7334222197532654,0.4878547191619873,-0.24556750059127808,1.6214091777801514,1.1177403926849365,-0.5036687850952148,1.544126808643341,1.0467249155044556,-0.4974018931388855,project/results/qgat_extend100/seed2026/gnn/validation_epoch_100.json,project/results/qgat_extend100/seed2026/relation_D/validation_epoch_100.json
final,2026,V_select,145,5,100,100,8,8,0.5639210939407349,0.826330304145813,0.2624092102050781,0.9553036093711853,1.6244145631790161,0.6691109538078308,1.0415728986263275,1.638537585735321,0.5969646871089935,project/results/qgat_extend100/seed2026/gnn/validation_epoch_100.json,project/results/qgat_extend100/seed2026/relation_D/validation_epoch_100.json
final,2026,V_select,145,10,100,100,8,8,0.564208984375,0.8272576928138733,0.2630487084388733,0.9560151100158691,1.6263830661773682,0.670367956161499,1.0422165393829346,1.6404492259025574,0.5982326865196228,project/results/qgat_extend100/seed2026/gnn/validation_epoch_100.json,project/results/qgat_extend100/seed2026/relation_D/validation_epoch_100.json
final,2026,V_select,145,15,100,100,8,8,0.5631582736968994,0.8243143558502197,0.2611560821533203,0.9547135829925537,1.6233887672424316,0.6686751842498779,1.0405150651931763,1.6360087394714355,0.5954936742782593,project/results/qgat_extend100/seed2026/gnn/validation_epoch_100.json,project/results/qgat_extend100/seed2026/relation_D/validation_epoch_100.json
final,2026,V_select,145,20,100,100,8,8,0.5633078217506409,0.8243470788002014,0.26103925704956055,0.9550763964653015,1.62349271774292,0.6684163212776184,1.0408460199832916,1.6360934376716614,0.5952474176883698,project/results/qgat_extend100/seed2026/gnn/validation_epoch_100.json,project/results/qgat_extend100/seed2026/relation_D/validation_epoch_100.json
final,2026,V_select,146,5,100,100,8,8,0.48242154717445374,0.3880325257778168,-0.09438902139663696,1.2009780406951904,0.8236871361732483,-0.37729090452194214,1.082910567522049,0.7998760938644409,-0.28303447365760803,project/results/qgat_extend100/seed2026/gnn/validation_epoch_100.json,project/results/qgat_extend100/seed2026/relation_D/validation_epoch_100.json
final,2026,V_select,146,10,100,100,8,8,0.48297521471977234,0.38588982820510864,-0.0970853865146637,1.2015862464904785,0.8197144269943237,-0.3818718194961548,1.0837683379650116,0.7957470417022705,-0.2880212962627411,project/results/qgat_extend100/seed2026/gnn/validation_epoch_100.json,project/results/qgat_extend100/seed2026/relation_D/validation_epoch_100.json
final,2026,V_select,146,15,100,100,8,8,0.484402596950531,0.38654598593711853,-0.09785661101341248,1.208430290222168,0.8203489780426025,-0.38808131217956543,1.088617742061615,0.7967204749584198,-0.2918972671031952,project/results/qgat_extend100/seed2026/gnn/validation_epoch_100.json,project/results/qgat_extend100/seed2026/relation_D/validation_epoch_100.json
final,2026,V_select,146,20,100,100,8,8,0.484257310628891,0.3867037296295166,-0.09755358099937439,1.2077209949493408,0.8205351829528809,-0.38718581199645996,1.0881178081035614,0.796971321105957,-0.29114648699760437,project/results/qgat_extend100/seed2026/gnn/validation_epoch_100.json,project/results/qgat_extend100/seed2026/relation_D/validation_epoch_100.json
final,2026,V_select,147,5,100,100,8,8,0.5785355567932129,0.5139851570129395,-0.06455039978027344,1.3031418323516846,1.1847710609436035,-0.11837077140808105,1.2301064729690552,1.1063706874847412,-0.12373578548431396,project/results/qgat_extend100/seed2026/gnn/validation_epoch_100.json,project/results/qgat_extend100/seed2026/relation_D/validation_epoch_100.json
final,2026,V_select,147,10,100,100,8,8,0.5759153962135315,0.5108897686004639,-0.06502562761306763,1.3010332584381104,1.1819355487823486,-0.11909770965576172,1.2264320254325867,1.1018575429916382,-0.12457448244094849,project/results/qgat_extend100/seed2026/gnn/validation_epoch_100.json,project/results/qgat_extend100/seed2026/relation_D/validation_epoch_100.json
final,2026,V_select,147,15,100,100,8,8,0.5783190131187439,0.5136382579803467,-0.06468075513839722,1.3048291206359863,1.1858735084533691,-0.11895561218261719,1.230733573436737,1.1065750122070312,-0.12415856122970581,project/results/qgat_extend100/seed2026/gnn/validation_epoch_100.json,project/results/qgat_extend100/seed2026/relation_D/validation_epoch_100.json
final,2026,V_select,147,20,100,100,8,8,0.5781498551368713,0.513660728931427,-0.06448912620544434,1.3042489290237427,1.1858692169189453,-0.11837971210479736,1.2302743196487427,1.1065953373908997,-0.12367898225784302,project/results/qgat_extend100/seed2026/gnn/validation_epoch_100.json,project/results/qgat_extend100/seed2026/relation_D/validation_epoch_100.json
final,2026,V_select,148,5,100,100,8,8,0.6009798049926758,0.664281964302063,0.06330215930938721,1.5651140213012695,1.7299156188964844,0.16480159759521484,1.3835368156433105,1.5292397737503052,0.14570295810699463,project/results/qgat_extend100/seed2026/gnn/validation_epoch_100.json,project/results/qgat_extend100/seed2026/relation_D/validation_epoch_100.json
final,2026,V_select,148,10,100,100,8,8,0.6011018753051758,0.6644783020019531,0.06337642669677734,1.565926432609558,1.7303268909454346,0.16440045833587646,1.3840650916099548,1.5296417474746704,0.14557665586471558,project/results/qgat_extend100/seed2026/gnn/validation_epoch_100.json,project/results/qgat_extend100/seed2026/relation_D/validation_epoch_100.json
final,2026,V_select,148,15,100,100,8,8,0.6005562543869019,0.6614236235618591,0.060867369174957275,1.5655875205993652,1.7228199243545532,0.157232403755188,1.3833500146865845,1.5228335857391357,0.13948357105255127,project/results/qgat_extend100/seed2026/gnn/validation_epoch_100.json,project/results/qgat_extend100/seed2026/relation_D/validation_epoch_100.json
final,2026,V_select,148,20,100,100,8,8,0.6026730537414551,0.6624802947044373,0.05980724096298218,1.5676815509796143,1.7227575778961182,0.1550760269165039,1.3865138292312622,1.5238590836524963,0.13734525442123413,project/results/qgat_extend100/seed2026/gnn/validation_epoch_100.json,project/results/qgat_extend100/seed2026/relation_D/validation_epoch_100.json
final,2026,V_select,149,5,100,100,8,7,1.1068717241287231,1.112053394317627,0.005181670188903809,2.569061756134033,2.642348051071167,0.07328629493713379,2.3914026021957397,2.4332274198532104,0.0418248176574707,project/results/qgat_extend100/seed2026/gnn/validation_epoch_100.json,project/results/qgat_extend100/seed2026/relation_D/validation_epoch_100.json
final,2026,V_select,149,10,100,100,8,7,1.1069029569625854,1.1115341186523438,0.004631161689758301,2.569059133529663,2.640683889389038,0.071624755859375,2.391432523727417,2.431876063346863,0.0404435396194458,project/results/qgat_extend100/seed2026/gnn/validation_epoch_100.json,project/results/qgat_extend100/seed2026/relation_D/validation_epoch_100.json
final,2026,V_select,149,15,100,100,8,7,1.1071659326553345,1.1116001605987549,0.00443422794342041,2.5696980953216553,2.6405415534973145,0.07084345817565918,2.392014980316162,2.431870937347412,0.03985595703125,project/results/qgat_extend100/seed2026/gnn/validation_epoch_100.json,project/results/qgat_extend100/seed2026/relation_D/validation_epoch_100.json
final,2026,V_select,149,20,100,100,8,7,1.1071172952651978,1.111129879951477,0.004012584686279297,2.5696067810058594,2.639002561569214,0.06939578056335449,2.3919206857681274,2.430631160736084,0.03871047496795654,project/results/qgat_extend100/seed2026/gnn/validation_epoch_100.json,project/results/qgat_extend100/seed2026/relation_D/validation_epoch_100.json
final,2026,V_select,150,5,100,100,8,7,0.4114270508289337,0.5950213670730591,0.18359431624412537,0.8448405861854553,1.4452221393585205,0.6003815531730652,0.8338473439216614,1.3176324367523193,0.48378509283065796,project/results/qgat_extend100/seed2026/gnn/validation_epoch_100.json,project/results/qgat_extend100/seed2026/relation_D/validation_epoch_100.json
final,2026,V_select,150,10,100,100,8,7,0.4111906886100769,0.5950480103492737,0.18385732173919678,0.8445535898208618,1.44525146484375,0.6006978750228882,0.8334674835205078,1.3176737427711487,0.48420625925064087,project/results/qgat_extend100/seed2026/gnn/validation_epoch_100.json,project/results/qgat_extend100/seed2026/relation_D/validation_epoch_100.json
final,2026,V_select,150,15,100,100,8,7,0.4112565517425537,0.5956615209579468,0.18440496921539307,0.8447384834289551,1.447172999382019,0.602434515953064,0.8336257934570312,1.3192480206489563,0.48562222719192505,project/results/qgat_extend100/seed2026/gnn/validation_epoch_100.json,project/results/qgat_extend100/seed2026/relation_D/validation_epoch_100.json
final,2026,V_select,150,20,100,100,8,7,0.4111730456352234,0.5953264236450195,0.18415337800979614,0.8444001078605652,1.4461289644241333,0.6017288565635681,0.833373099565506,1.3183909058570862,0.4850178062915802,project/results/qgat_extend100/seed2026/gnn/validation_epoch_100.json,project/results/qgat_extend100/seed2026/relation_D/validation_epoch_100.json
final,2026,V_select,151,5,100,100,7,6,0.4617806077003479,0.33624014258384705,-0.12554046511650085,1.088770866394043,0.8838334679603577,-0.2049373984336853,1.0061660408973694,0.7781568765640259,-0.2280091643333435,project/results/qgat_extend100/seed2026/gnn/validation_epoch_100.json,project/results/qgat_extend100/seed2026/relation_D/validation_epoch_100.json
final,2026,V_select,151,10,100,100,7,6,0.46176663041114807,0.3362399935722351,-0.12552663683891296,1.0887449979782104,0.883833646774292,-0.20491135120391846,1.0061391294002533,0.7781568169593811,-0.2279823124408722,project/results/qgat_extend100/seed2026/gnn/validation_epoch_100.json,project/results/qgat_extend100/seed2026/relation_D/validation_epoch_100.json
final,2026,V_select,151,15,100,100,7,6,0.4616890251636505,0.3363504409790039,-0.1253385841846466,1.0889841318130493,0.883880615234375,-0.20510351657867432,1.0061810910701752,0.7782907485961914,-0.22789034247398376,project/results/qgat_extend100/seed2026/gnn/validation_epoch_100.json,project/results/qgat_extend100/seed2026/relation_D/validation_epoch_100.json
final,2026,V_select,151,20,100,100,7,6,0.46153756976127625,0.33534616231918335,-0.1261914074420929,1.086366057395935,0.881732165813446,-0.204633891582489,1.0047205984592438,0.7762122452259064,-0.2285083532333374,project/results/qgat_extend100/seed2026/gnn/validation_epoch_100.json,project/results/qgat_extend100/seed2026/relation_D/validation_epoch_100.json
final,2026,V_select,152,5,100,100,7,6,0.5221570134162903,0.4284575581550598,-0.09369945526123047,1.1390091180801392,0.9563655853271484,-0.18264353275299072,1.0916615724563599,0.906640350818634,-0.18502122163772583,project/results/qgat_extend100/seed2026/gnn/validation_epoch_100.json,project/results/qgat_extend100/seed2026/relation_D/validation_epoch_100.json
final,2026,V_select,152,10,100,100,7,6,0.5221568942070007,0.42845869064331055,-0.09369820356369019,1.1390093564987183,0.9563658833503723,-0.18264347314834595,1.0916615724563599,0.9066416323184967,-0.18501994013786316,project/results/qgat_extend100/seed2026/gnn/validation_epoch_100.json,project/results/qgat_extend100/seed2026/relation_D/validation_epoch_100.json
final,2026,V_select,152,15,100,100,7,6,0.5221757292747498,0.4284598231315613,-0.09371590614318848,1.1390594244003296,0.9563701152801514,-0.18268930912017822,1.0917054414749146,0.906644880771637,-0.1850605607032776,project/results/qgat_extend100/seed2026/gnn/validation_epoch_100.json,project/results/qgat_extend100/seed2026/relation_D/validation_epoch_100.json
final,2026,V_select,152,20,100,100,7,6,0.5228229761123657,0.42896178364753723,-0.09386119246482849,1.1379519701004028,0.9547700881958008,-0.18318188190460205,1.0917989611625671,0.9063468277454376,-0.18545213341712952,project/results/qgat_extend100/seed2026/gnn/validation_epoch_100.json,project/results/qgat_extend100/seed2026/relation_D/validation_epoch_100.json
final,2026,V_select,153,5,100,100,6,6,0.2642832398414612,0.5010300278663635,0.23674678802490234,0.5685468316078186,1.127707600593567,0.5591607689857483,0.5485566556453705,1.064883828163147,0.5163271725177765,project/results/qgat_extend100/seed2026/gnn/validation_epoch_100.json,project/results/qgat_extend100/seed2026/relation_D/validation_epoch_100.json
final,2026,V_select,153,10,100,100,6,6,0.264249712228775,0.5009953379631042,0.23674562573432922,0.5685075521469116,1.1276158094406128,0.5591082572937012,0.5485034883022308,1.0648032426834106,0.5162997543811798,project/results/qgat_extend100/seed2026/gnn/validation_epoch_100.json,project/results/qgat_extend100/seed2026/relation_D/validation_epoch_100.json
final,2026,V_select,153,15,100,100,6,6,0.2642492353916168,0.5009898543357849,0.2367406189441681,0.5685129165649414,1.1276050806045532,0.5590921640396118,0.5485056936740875,1.0647923946380615,0.516286700963974,project/results/qgat_extend100/seed2026/gnn/validation_epoch_100.json,project/results/qgat_extend100/seed2026/relation_D/validation_epoch_100.json
final,2026,V_select,153,20,100,100,6,6,0.26422250270843506,0.5009722113609314,0.23674970865249634,0.5684697031974792,1.1275688409805298,0.5590991377830505,0.5484573543071747,1.0647566318511963,0.5162992775440216,project/results/qgat_extend100/seed2026/gnn/validation_epoch_100.json,project/results/qgat_extend100/seed2026/relation_D/validation_epoch_100.json
final,2026,V_select,154,5,100,100,6,5,0.15816685557365417,0.14734502136707306,-0.010821834206581116,0.012668689712882042,0.013924911618232727,0.0012562219053506851,0.1645012004300952,0.15430747717618942,-0.010193723253905773,project/results/qgat_extend100/seed2026/gnn/validation_epoch_100.json,project/results/qgat_extend100/seed2026/relation_D/validation_epoch_100.json
final,2026,V_select,154,10,100,100,6,5,0.15815240144729614,0.14734557271003723,-0.010806828737258911,0.012662720866501331,0.013923263177275658,0.0012605423107743263,0.1644837618805468,0.15430720429867506,-0.010176557581871748,project/results/qgat_extend100/seed2026/gnn/validation_epoch_100.json,project/results/qgat_extend100/seed2026/relation_D/validation_epoch_100.json
final,2026,V_select,154,15,100,100,6,5,0.16126087307929993,0.1502925306558609,-0.010968342423439026,0.012658786959946156,0.013922547921538353,0.0012637609615921974,0.167590266559273,0.15725380461663008,-0.010336461942642927,project/results/qgat_extend100/seed2026/gnn/validation_epoch_100.json,project/results/qgat_extend100/seed2026/relation_D/validation_epoch_100.json
final,2026,V_select,154,20,100,100,6,5,0.1612575799226761,0.15029776096343994,-0.010959818959236145,0.012658682651817799,0.01391978282481432,0.001261100172996521,0.16758692124858499,0.1572576523758471,-0.010329268872737885,project/results/qgat_extend100/seed2026/gnn/validation_epoch_100.json,project/results/qgat_extend100/seed2026/relation_D/validation_epoch_100.json
final,2026,V_select,155,5,100,100,6,5,0.024251118302345276,0.02032836712896824,-0.003922751173377037,0.01159184705466032,0.014420107007026672,0.002828259952366352,0.030047041829675436,0.027538420632481575,-0.002508621197193861,project/results/qgat_extend100/seed2026/gnn/validation_epoch_100.json,project/results/qgat_extend100/seed2026/relation_D/validation_epoch_100.json
final,2026,V_select,155,10,100,100,6,5,0.02425250969827175,0.02033236064016819,-0.003920149058103561,0.011591805145144463,0.014420032501220703,0.0028282273560762405,0.030048412270843983,0.02754237689077854,-0.002506035380065441,project/results/qgat_extend100/seed2026/gnn/validation_epoch_100.json,project/results/qgat_extend100/seed2026/relation_D/validation_epoch_100.json
final,2026,V_select,155,15,100,100,6,5,0.02455754019320011,0.01960921101272106,-0.00494832918047905,0.012606468982994556,0.014323776587843895,0.0017173076048493385,0.03086077468469739,0.02677109930664301,-0.00408967537805438,project/results/qgat_extend100/seed2026/gnn/validation_epoch_100.json,project/results/qgat_extend100/seed2026/relation_D/validation_epoch_100.json
final,2026,V_select,155,20,100,100,6,5,0.024557331576943398,0.01960771717131138,-0.004949614405632019,0.012610338628292084,0.014323888346552849,0.001713549718260765,0.03086250089108944,0.026769661344587803,-0.0040928395465016365,project/results/qgat_extend100/seed2026/gnn/validation_epoch_100.json,project/results/qgat_extend100/seed2026/relation_D/validation_epoch_100.json
final,2026,V_select,156,5,100,100,5,5,0.009265394881367683,0.0103058572858572,0.0010404624044895172,0.010805318132042885,0.012084951624274254,0.001279633492231369,0.014668053947389126,0.016348333097994328,0.0016802791506052017,project/results/qgat_extend100/seed2026/gnn/validation_epoch_100.json,project/results/qgat_extend100/seed2026/relation_D/validation_epoch_100.json
final,2026,V_select,156,10,100,100,5,5,0.009265562519431114,0.010306325741112232,0.001040763221681118,0.010802429169416428,0.012085076421499252,0.0012826472520828247,0.014666777104139328,0.01634886395186186,0.0016820868477225304,project/results/qgat_extend100/seed2026/gnn/validation_epoch_100.json,project/results/qgat_extend100/seed2026/relation_D/validation_epoch_100.json
final,2026,V_select,156,15,100,100,5,5,0.009265320375561714,0.010306162759661674,0.0010408423840999603,0.010802033357322216,0.012084630317986012,0.0012825969606637955,0.014666337054222822,0.01634847791865468,0.001682140864431858,project/results/qgat_extend100/seed2026/gnn/validation_epoch_100.json,project/results/qgat_extend100/seed2026/relation_D/validation_epoch_100.json
final,2026,V_select,156,20,100,100,5,5,0.009265387430787086,0.01030636951327324,0.0010409820824861526,0.010803320445120335,0.012084299698472023,0.0012809792533516884,0.014667047653347254,0.01634851936250925,0.0016814717091619968,project/results/qgat_extend100/seed2026/gnn/validation_epoch_100.json,project/results/qgat_extend100/seed2026/relation_D/validation_epoch_100.json
final,2026,V_select,157,5,100,100,5,5,0.012770898640155792,0.013291162438690662,0.0005202637985348701,0.013384735211730003,0.01564050279557705,0.002255767583847046,0.019463266246020794,0.021111413836479187,0.001648147590458393,project/results/qgat_extend100/seed2026/gnn/validation_epoch_100.json,project/results/qgat_extend100/seed2026/relation_D/validation_epoch_100.json
final,2026,V_select,157,10,100,100,5,5,0.012772266753017902,0.013290810398757458,0.0005185436457395554,0.013388192281126976,0.015638824552297592,0.002250632271170616,0.01946636289358139,0.021110222674906254,0.0016438597813248634,project/results/qgat_extend100/seed2026/gnn/validation_epoch_100.json,project/results/qgat_extend100/seed2026/relation_D/validation_epoch_100.json
final,2026,V_select,157,15,100,100,5,5,0.012772567570209503,0.013291001319885254,0.0005184337496757507,0.013390569016337395,0.01563918963074684,0.0022486206144094467,0.0194678520783782,0.021110596135258675,0.001642744056880474,project/results/qgat_extend100/seed2026/gnn/validation_epoch_100.json,project/results/qgat_extend100/seed2026/relation_D/validation_epoch_100.json
final,2026,V_select,157,20,100,100,5,5,0.01277252472937107,0.013291177339851856,0.0005186526104807854,0.013390484265983105,0.01564083620905876,0.002250351943075657,0.019467766862362623,0.021111595444381237,0.0016438285820186138,project/results/qgat_extend100/seed2026/gnn/validation_epoch_100.json,project/results/qgat_extend100/seed2026/relation_D/validation_epoch_100.json
final,2026,V_select,158,5,100,100,5,5,0.012356649152934551,0.012710553593933582,0.00035390444099903107,0.021716082468628883,0.021697580814361572,-1.8501654267311096e-05,0.023214690387248993,0.02355934400111437,0.0003446536138653755,project/results/qgat_extend100/seed2026/gnn/validation_epoch_100.json,project/results/qgat_extend100/seed2026/relation_D/validation_epoch_100.json
final,2026,V_select,158,10,100,100,5,5,0.012356484308838844,0.01271054707467556,0.0003540627658367157,0.02171454392373562,0.021697714924812317,-1.6828998923301697e-05,0.023213756270706654,0.02355940453708172,0.00034564826637506485,project/results/qgat_extend100/seed2026/gnn/validation_epoch_100.json,project/results/qgat_extend100/seed2026/relation_D/validation_epoch_100.json
final,2026,V_select,158,15,100,100,5,5,0.012356184422969818,0.012711512856185436,0.00035532843321561813,0.021714258939027786,0.021700045093894005,-1.4213845133781433e-05,0.02321331389248371,0.02356153540313244,0.0003482215106487274,project/results/qgat_extend100/seed2026/gnn/validation_epoch_100.json,project/results/qgat_extend100/seed2026/relation_D/validation_epoch_100.json
final,2026,V_select,158,20,100,100,5,5,0.012356327846646309,0.012711497955024242,0.0003551701083779335,0.021714258939027786,0.021699901670217514,-1.4357268810272217e-05,0.023213457316160202,0.023561448790133,0.0003479914739727974,project/results/qgat_extend100/seed2026/gnn/validation_epoch_100.json,project/results/qgat_extend100/seed2026/relation_D/validation_epoch_100.json
final,2026,V_select,159,5,100,100,5,5,0.01642768457531929,0.016397971659898758,-2.9712915420532227e-05,0.023534145206212997,0.022905932739377022,-0.0006282124668359756,0.02819475717842579,0.02785093802958727,-0.00034381914883852005,project/results/qgat_extend100/seed2026/gnn/validation_epoch_100.json,project/results/qgat_extend100/seed2026/relation_D/validation_epoch_100.json
final,2026,V_select,159,10,100,100,5,5,0.016429614275693893,0.01639825850725174,-3.135576844215393e-05,0.023536507040262222,0.022909414023160934,-0.0006270930171012878,0.028197867795825005,0.027852965518832207,-0.00034490227699279785,project/results/qgat_extend100/seed2026/gnn/validation_epoch_100.json,project/results/qgat_extend100/seed2026/relation_D/validation_epoch_100.json
final,2026,V_select,159,15,100,100,5,5,0.016430407762527466,0.01639823243021965,-3.217533230781555e-05,0.023539990186691284,0.02290947549045086,-0.0006305146962404251,0.028200402855873108,0.02785297017544508,-0.0003474326804280281,project/results/qgat_extend100/seed2026/gnn/validation_epoch_100.json,project/results/qgat_extend100/seed2026/relation_D/validation_epoch_100.json
final,2026,V_select,159,20,100,100,5,5,0.018922114744782448,0.019941525533795357,0.001019410789012909,0.02552390657365322,0.027071839198470116,0.0015479326248168945,0.03168406803160906,0.033477445133030415,0.0017933771014213562,project/results/qgat_extend100/seed2026/gnn/validation_epoch_100.json,project/results/qgat_extend100/seed2026/relation_D/validation_epoch_100.json
final,2026,V_select,160,5,100,100,8,8,0.013040430843830109,0.015324885956943035,0.0022844551131129265,0.016190290451049805,0.020152147859334946,0.003961857408285141,0.02113557606935501,0.025400959886610508,0.004265383817255497,project/results/qgat_extend100/seed2026/gnn/validation_epoch_100.json,project/results/qgat_extend100/seed2026/relation_D/validation_epoch_100.json
final,2026,V_select,160,10,100,100,8,8,0.013032464310526848,0.01532597653567791,0.002293512225151062,0.016172632575035095,0.020152512937784195,0.0039798803627491,0.021118780598044395,0.025402233004570007,0.004283452406525612,project/results/qgat_extend100/seed2026/gnn/validation_epoch_100.json,project/results/qgat_extend100/seed2026/relation_D/validation_epoch_100.json
final,2026,V_select,160,15,100,100,8,8,0.013032726012170315,0.015326697379350662,0.0022939713671803474,0.01617349311709404,0.020154092460870743,0.003980599343776703,0.021119472570717335,0.025403743609786034,0.004284271039068699,project/results/qgat_extend100/seed2026/gnn/validation_epoch_100.json,project/results/qgat_extend100/seed2026/relation_D/validation_epoch_100.json
final,2026,V_select,160,20,100,100,8,8,0.013026753440499306,0.015323792584240437,0.002297039143741131,0.016156351193785667,0.02015029639005661,0.003993945196270943,0.02110492903739214,0.02539894077926874,0.004294011741876602,project/results/qgat_extend100/seed2026/gnn/validation_epoch_100.json,project/results/qgat_extend100/seed2026/relation_D/validation_epoch_100.json
final,2026,V_select,161,5,100,100,8,8,0.012016573920845985,0.014595110900700092,0.002578536979854107,0.015499177388846874,0.01860208995640278,0.0031029125675559044,0.019766162615269423,0.02389615587890148,0.004129993263632059,project/results/qgat_extend100/seed2026/gnn/validation_epoch_100.json,project/results/qgat_extend100/seed2026/relation_D/validation_epoch_100.json
final,2026,V_select,161,10,100,100,8,8,0.012014537118375301,0.014597448520362377,0.002582911401987076,0.015493098646402359,0.018604811280965805,0.003111712634563446,0.01976108644157648,0.02389985416084528,0.004138767719268799,project/results/qgat_extend100/seed2026/gnn/validation_epoch_100.json,project/results/qgat_extend100/seed2026/relation_D/validation_epoch_100.json
final,2026,V_select,161,15,100,100,8,8,0.012014422565698624,0.014597419649362564,0.0025829970836639404,0.015493053942918777,0.01860479824244976,0.003111744299530983,0.019760949537158012,0.023899818770587444,0.004138869233429432,project/results/qgat_extend100/seed2026/gnn/validation_epoch_100.json,project/results/qgat_extend100/seed2026/relation_D/validation_epoch_100.json
final,2026,V_select,161,20,100,100,8,8,0.01201022882014513,0.014606591314077377,0.002596362493932247,0.0154799185693264,0.018617302179336548,0.003137383610010147,0.01975018810480833,0.02391524240374565,0.004165054298937321,project/results/qgat_extend100/seed2026/gnn/validation_epoch_100.json,project/results/qgat_extend100/seed2026/relation_D/validation_epoch_100.json
final,2026,V_select,162,5,100,100,8,8,0.015749702230095863,0.017473619431257248,0.0017239172011613846,0.02940503880381584,0.030410658568143845,0.001005619764328003,0.030452221632003784,0.03267894871532917,0.002226727083325386,project/results/qgat_extend100/seed2026/gnn/validation_epoch_100.json,project/results/qgat_extend100/seed2026/relation_D/validation_epoch_100.json
final,2026,V_select,162,10,100,100,8,8,0.015749692916870117,0.017473898828029633,0.0017242059111595154,0.029405517503619194,0.03041144460439682,0.001005927100777626,0.030452451668679714,0.03267962113022804,0.0022271694615483284,project/results/qgat_extend100/seed2026/gnn/validation_epoch_100.json,project/results/qgat_extend100/seed2026/relation_D/validation_epoch_100.json
final,2026,V_select,162,15,100,100,8,8,0.015747953206300735,0.0174754299223423,0.001727476716041565,0.029400331899523735,0.030411232262849808,0.0010109003633260727,0.030448119156062603,0.032681046053767204,0.0022329268977046013,project/results/qgat_extend100/seed2026/gnn/validation_epoch_100.json,project/results/qgat_extend100/seed2026/relation_D/validation_epoch_100.json
final,2026,V_select,162,20,100,100,8,8,0.015736619010567665,0.017470065504312515,0.0017334464937448502,0.02937132678925991,0.03040303848683834,0.0010317116975784302,0.03042228240519762,0.032671584747731686,0.0022493023425340652,project/results/qgat_extend100/seed2026/gnn/validation_epoch_100.json,project/results/qgat_extend100/seed2026/relation_D/validation_epoch_100.json
final,2026,V_select,163,5,100,100,8,8,0.021671906113624573,0.022233404219150543,0.0005614981055259705,0.034221094101667404,0.036497827619314194,0.0022767335176467896,0.038782453164458275,0.04048231802880764,0.0016998648643493652,project/results/qgat_extend100/seed2026/gnn/validation_epoch_100.json,project/results/qgat_extend100/seed2026/relation_D/validation_epoch_100.json
final,2026,V_select,163,10,100,100,8,8,0.021672222763299942,0.022232618182897568,0.0005603954195976257,0.034221578389406204,0.03649497777223587,0.002273399382829666,0.038783011958003044,0.0404801070690155,0.0016970951110124588,project/results/qgat_extend100/seed2026/gnn/validation_epoch_100.json,project/results/qgat_extend100/seed2026/relation_D/validation_epoch_100.json
final,2026,V_select,163,15,100,100,8,8,0.021676579490303993,0.022235170006752014,0.0005585905164480209,0.03421855345368385,0.036498770117759705,0.0022802166640758514,0.03878585621714592,0.040484555065631866,0.0016986988484859467,project/results/qgat_extend100/seed2026/gnn/validation_epoch_100.json,project/results/qgat_extend100/seed2026/relation_D/validation_epoch_100.json
final,2026,V_select,163,20,100,100,8,8,0.02167910896241665,0.022236671298742294,0.0005575623363256454,0.03422189876437187,0.0365002267062664,0.0022783279418945312,0.038790058344602585,0.040486784651875496,0.001696726307272911,project/results/qgat_extend100/seed2026/gnn/validation_epoch_100.json,project/results/qgat_extend100/seed2026/relation_D/validation_epoch_100.json
final,2026,V_select,164,5,100,100,8,8,0.01195133849978447,0.013937307521700859,0.0019859690219163895,0.014654720202088356,0.01997549831867218,0.005320778116583824,0.019278698600828648,0.02392505668103695,0.0046463580802083015,project/results/qgat_extend100/seed2026/gnn/validation_epoch_100.json,project/results/qgat_extend100/seed2026/relation_D/validation_epoch_100.json
final,2026,V_select,164,10,100,100,8,8,0.01195172406733036,0.013937466777861118,0.001985742710530758,0.014655597507953644,0.019975464791059494,0.00531986728310585,0.019279522821307182,0.023925199173390865,0.004645676352083683,project/results/qgat_extend100/seed2026/gnn/validation_epoch_100.json,project/results/qgat_extend100/seed2026/relation_D/validation_epoch_100.json
final,2026,V_select,164,15,100,100,8,8,0.011953497305512428,0.01393907330930233,0.0019855760037899017,0.014655038714408875,0.019978061318397522,0.0053230226039886475,0.019281016662716866,0.02392810396850109,0.0046470873057842255,project/results/qgat_extend100/seed2026/gnn/validation_epoch_100.json,project/results/qgat_extend100/seed2026/relation_D/validation_epoch_100.json
final,2026,V_select,164,20,100,100,8,8,0.010580429807305336,0.012383472174406052,0.0018030423671007156,0.013856526464223862,0.01771749183535576,0.003860965371131897,0.017508693039417267,0.02124221809208393,0.003733525052666664,project/results/qgat_extend100/seed2026/gnn/validation_epoch_100.json,project/results/qgat_extend100/seed2026/relation_D/validation_epoch_100.json
final,2026,V_select,165,5,100,100,8,8,0.01524115726351738,0.0171548742800951,0.0019137170165777206,0.02053121104836464,0.023732878267765045,0.003201667219400406,0.0255067627876997,0.029021313413977623,0.0035145506262779236,project/results/qgat_extend100/seed2026/gnn/validation_epoch_100.json,project/results/qgat_extend100/seed2026/relation_D/validation_epoch_100.json
final,2026,V_select,165,10,100,100,8,8,0.015241452492773533,0.01715545915067196,0.001914006657898426,0.02053212933242321,0.023734187707304955,0.0032020583748817444,0.025507517158985138,0.029022553004324436,0.0035150358453392982,project/results/qgat_extend100/seed2026/gnn/validation_epoch_100.json,project/results/qgat_extend100/seed2026/relation_D/validation_epoch_100.json
final,2026,V_select,165,15,100,100,8,8,0.013975078240036964,0.01636829413473606,0.0023932158946990967,0.018388448283076286,0.023147236555814743,0.004758788272738457,0.023169302381575108,0.027941912412643433,0.004772610031068325,project/results/qgat_extend100/seed2026/gnn/validation_epoch_100.json,project/results/qgat_extend100/seed2026/relation_D/validation_epoch_100.json
final,2026,V_select,165,20,100,100,8,8,0.013974766246974468,0.016370270401239395,0.002395504154264927,0.018387485295534134,0.023151732981204987,0.004764247685670853,0.023168508894741535,0.02794613689184189,0.004777627997100353,project/results/qgat_extend100/seed2026/gnn/validation_epoch_100.json,project/results/qgat_extend100/seed2026/relation_D/validation_epoch_100.json
final,2026,V_select,166,5,100,100,8,8,0.012574639171361923,0.014614181593060493,0.0020395424216985703,0.018473375588655472,0.022087231278419495,0.003613855689764023,0.02181132696568966,0.02565779723227024,0.0038464702665805817,project/results/qgat_extend100/seed2026/gnn/validation_epoch_100.json,project/results/qgat_extend100/seed2026/relation_D/validation_epoch_100.json
final,2026,V_select,166,10,100,100,8,8,0.012573659420013428,0.014614980667829514,0.002041321247816086,0.018472719937562943,0.02208719216287136,0.0036144722253084183,0.0218100193887949,0.025658576749265194,0.003848557360470295,project/results/qgat_extend100/seed2026/gnn/validation_epoch_100.json,project/results/qgat_extend100/seed2026/relation_D/validation_epoch_100.json
final,2026,V_select,166,15,100,100,8,8,0.012860721908509731,0.016555016860365868,0.0036942949518561363,0.018858619034290314,0.024905916303396225,0.006047297269105911,0.022290031425654888,0.02900797501206398,0.006717943586409092,project/results/qgat_extend100/seed2026/gnn/validation_epoch_100.json,project/results/qgat_extend100/seed2026/relation_D/validation_epoch_100.json
final,2026,V_select,166,20,100,100,8,8,0.012857502326369286,0.01655859686434269,0.003701094537973404,0.01885378174483776,0.024911431595683098,0.006057649850845337,0.022284393198788166,0.02901431266218424,0.006729919463396072,project/results/qgat_extend100/seed2026/gnn/validation_epoch_100.json,project/results/qgat_extend100/seed2026/relation_D/validation_epoch_100.json
final,2026,V_select,167,5,100,100,8,8,0.011756498366594315,0.013634562492370605,0.001878064125776291,0.017555024474859238,0.02166556566953659,0.004110541194677353,0.020534010604023933,0.0244673453271389,0.003933334723114967,project/results/qgat_extend100/seed2026/gnn/validation_epoch_100.json,project/results/qgat_extend100/seed2026/relation_D/validation_epoch_100.json
final,2026,V_select,167,10,100,100,8,8,0.011756686493754387,0.013634530827403069,0.0018778443336486816,0.017556170001626015,0.02166520245373249,0.004109032452106476,0.020534771494567394,0.024467132054269314,0.0039323605597019196,project/results/qgat_extend100/seed2026/gnn/validation_epoch_100.json,project/results/qgat_extend100/seed2026/relation_D/validation_epoch_100.json
final,2026,V_select,167,15,100,100,8,8,0.01176125556230545,0.013639319688081741,0.001878064125776291,0.017563123255968094,0.021674446761608124,0.00411132350564003,0.020542817190289497,0.024476543068885803,0.003933725878596306,project/results/qgat_extend100/seed2026/gnn/validation_epoch_100.json,project/results/qgat_extend100/seed2026/relation_D/validation_epoch_100.json
final,2026,V_select,167,20,100,100,8,8,0.01297497097402811,0.014358415268361568,0.001383444294333458,0.019680367782711983,0.022185638546943665,0.002505270764231682,0.022815154865384102,0.0254512345418334,0.002636079676449299,project/results/qgat_extend100/seed2026/gnn/validation_epoch_100.json,project/results/qgat_extend100/seed2026/relation_D/validation_epoch_100.json
final,2026,V_select,168,5,100,100,8,8,0.01360809151083231,0.014841360971331596,0.0012332694604992867,0.019142596051096916,0.02150113508105278,0.002358539029955864,0.023179389536380768,0.025591928511857986,0.0024125389754772186,project/results/qgat_extend100/seed2026/gnn/validation_epoch_100.json,project/results/qgat_extend100/seed2026/relation_D/validation_epoch_100.json
final,2026,V_select,168,10,100,100,8,8,0.01271067839115858,0.014102857559919357,0.0013921791687607765,0.018314413726329803,0.020712172612547874,0.002397758886218071,0.021867885254323483,0.024458943866193295,0.002591058611869812,project/results/qgat_extend100/seed2026/gnn/validation_epoch_100.json,project/results/qgat_extend100/seed2026/relation_D/validation_epoch_100.json
final,2026,V_select,168,15,100,100,8,8,0.01233983039855957,0.01430925540626049,0.00196942500770092,0.0171772800385952,0.02018163353204727,0.003004353493452072,0.02092847041785717,0.024400072172284126,0.003471601754426956,project/results/qgat_extend100/seed2026/gnn/validation_epoch_100.json,project/results/qgat_extend100/seed2026/relation_D/validation_epoch_100.json
final,2026,V_select,168,20,100,100,8,8,0.012336933985352516,0.014310069382190704,0.001973135396838188,0.017172429710626602,0.02018207311630249,0.003009643405675888,0.020923148840665817,0.02440110594034195,0.003477957099676132,project/results/qgat_extend100/seed2026/gnn/validation_epoch_100.json,project/results/qgat_extend100/seed2026/relation_D/validation_epoch_100.json
final,2026,V_select,169,5,100,100,8,8,0.013886194676160812,0.014761067926883698,0.0008748732507228851,0.017365388572216034,0.020789213478565216,0.003423824906349182,0.02256888896226883,0.025155674666166306,0.002586785703897476,project/results/qgat_extend100/seed2026/gnn/validation_epoch_100.json,project/results/qgat_extend100/seed2026/relation_D/validation_epoch_100.json
final,2026,V_select,169,10,100,100,8,8,0.013888015411794186,0.014760964550077915,0.0008729491382837296,0.017367055639624596,0.02078908309340477,0.0034220274537801743,0.022571543231606483,0.0251555060967803,0.0025839628651738167,project/results/qgat_extend100/seed2026/gnn/validation_epoch_100.json,project/results/qgat_extend100/seed2026/relation_D/validation_epoch_100.json
final,2026,V_select,169,15,100,100,8,8,0.010943705216050148,0.012041015550494194,0.001097310334444046,0.013781130313873291,0.01611950621008873,0.002338375896215439,0.017834270372986794,0.02010076865553856,0.0022664982825517654,project/results/qgat_extend100/seed2026/gnn/validation_epoch_100.json,project/results/qgat_extend100/seed2026/relation_D/validation_epoch_100.json
final,2026,V_select,169,20,100,100,8,8,0.010943856090307236,0.012040996924042702,0.001097140833735466,0.013782193884253502,0.016119513660669327,0.002337319776415825,0.017834953032433987,0.020100753754377365,0.0022658007219433784,project/results/qgat_extend100/seed2026/gnn/validation_epoch_100.json,project/results/qgat_extend100/seed2026/relation_D/validation_epoch_100.json
final,2026,V_select,170,5,100,100,8,8,0.014977100305259228,0.014730725437402725,-0.00024637486785650253,0.020142119377851486,0.021073341369628906,0.00093122199177742,0.02504815999418497,0.02526739612221718,0.0002192361280322075,project/results/qgat_extend100/seed2026/gnn/validation_epoch_100.json,project/results/qgat_extend100/seed2026/relation_D/validation_epoch_100.json
final,2026,V_select,170,10,100,100,8,8,0.015125841833651066,0.016726788133382797,0.0016009462997317314,0.02021501213312149,0.0241532102227211,0.003938198089599609,0.02523334790021181,0.028803393244743347,0.003570045344531536,project/results/qgat_extend100/seed2026/gnn/validation_epoch_100.json,project/results/qgat_extend100/seed2026/relation_D/validation_epoch_100.json
final,2026,V_select,170,15,100,100,8,8,0.015126966871321201,0.016725312918424606,0.001598346047103405,0.02021166682243347,0.024151649326086044,0.003939982503652573,0.025232800282537937,0.02880113758146763,0.0035683372989296913,project/results/qgat_extend100/seed2026/gnn/validation_epoch_100.json,project/results/qgat_extend100/seed2026/relation_D/validation_epoch_100.json
final,2026,V_select,170,20,100,100,8,8,0.01512701902538538,0.0167253240942955,0.001598305068910122,0.020213359966874123,0.02415158599615097,0.003938226029276848,0.02523369900882244,0.028801117092370987,0.003567418083548546,project/results/qgat_extend100/seed2026/gnn/validation_epoch_100.json,project/results/qgat_extend100/seed2026/relation_D/validation_epoch_100.json
final,2026,V_select,171,5,100,100,8,8,0.017359137535095215,0.017266269773244858,-9.286776185035706e-05,0.028508229181170464,0.029025543481111526,0.0005173142999410629,0.03161325212568045,0.03177904151380062,0.0001657893881201744,project/results/qgat_extend100/seed2026/gnn/validation_epoch_100.json,project/results/qgat_extend100/seed2026/relation_D/validation_epoch_100.json
final,2026,V_select,171,10,100,100,8,8,0.017362311482429504,0.01726667955517769,-9.56319272518158e-05,0.02850693091750145,0.02902713418006897,0.0005202032625675201,0.03161577694118023,0.03178024664521217,0.00016446970403194427,project/results/qgat_extend100/seed2026/gnn/validation_epoch_100.json,project/results/qgat_extend100/seed2026/relation_D/validation_epoch_100.json
final,2026,V_select,171,15,100,100,8,8,0.017360372468829155,0.01726657710969448,-9.379535913467407e-05,0.028505347669124603,0.029027529060840607,0.0005221813917160034,0.03161304630339146,0.031780341640114784,0.00016729533672332764,project/results/qgat_extend100/seed2026/gnn/validation_epoch_100.json,project/results/qgat_extend100/seed2026/relation_D/validation_epoch_100.json
final,2026,V_select,171,20,100,100,8,8,0.01736040972173214,0.01726660132408142,-9.380839765071869e-05,0.028505366295576096,0.029027404263615608,0.0005220379680395126,0.03161309286952019,0.031780303455889225,0.00016721058636903763,project/results/qgat_extend100/seed2026/gnn/validation_epoch_100.json,project/results/qgat_extend100/seed2026/relation_D/validation_epoch_100.json
final,2026,V_select,172,5,100,100,8,8,0.01258306484669447,0.012187390588223934,-0.0003956742584705353,0.016468709334731102,0.016597088426351547,0.00012837909162044525,0.02081741951406002,0.020485934801399708,-0.00033148471266031265,project/results/qgat_extend100/seed2026/gnn/validation_epoch_100.json,project/results/qgat_extend100/seed2026/relation_D/validation_epoch_100.json
final,2026,V_select,172,10,100,100,8,8,0.012586181983351707,0.012175016105175018,-0.00041116587817668915,0.01645800843834877,0.01657220907509327,0.0001142006367444992,0.020815186202526093,0.020461120642721653,-0.00035406555980443954,project/results/qgat_extend100/seed2026/gnn/validation_epoch_100.json,project/results/qgat_extend100/seed2026/relation_D/validation_epoch_100.json
final,2026,V_select,172,15,100,100,8,8,0.012586236000061035,0.01217501051723957,-0.00041122548282146454,0.016458068042993546,0.01657216250896454,0.00011409446597099304,0.020815270021557808,0.02046109177172184,-0.000354178249835968,project/results/qgat_extend100/seed2026/gnn/validation_epoch_100.json,project/results/qgat_extend100/seed2026/relation_D/validation_epoch_100.json
final,2026,V_select,172,20,100,100,8,8,0.012586605735123158,0.012174945324659348,-0.00041166041046380997,0.016458136960864067,0.016571730375289917,0.00011359341442584991,0.02081567421555519,0.020460810512304306,-0.000354863703250885,project/results/qgat_extend100/seed2026/gnn/validation_epoch_100.json,project/results/qgat_extend100/seed2026/relation_D/validation_epoch_100.json
final,2026,V_select,173,5,100,100,8,8,0.010833519510924816,0.01350545883178711,0.0026719393208622932,0.014920629560947418,0.017981361597776413,0.0030607320368289948,0.018293834291398525,0.022496139630675316,0.004202305339276791,project/results/qgat_extend100/seed2026/gnn/validation_epoch_100.json,project/results/qgat_extend100/seed2026/relation_D/validation_epoch_100.json
final,2026,V_select,173,10,100,100,8,8,0.012553324922919273,0.015082238242030144,0.0025289133191108704,0.017057837918400764,0.01974552311003208,0.002687685191631317,0.021082243882119656,0.024954999797046185,0.003872755914926529,project/results/qgat_extend100/seed2026/gnn/validation_epoch_100.json,project/results/qgat_extend100/seed2026/relation_D/validation_epoch_100.json
final,2026,V_select,173,15,100,100,8,8,0.012553486973047256,0.015082193538546562,0.0025287065654993057,0.017057910561561584,0.01974552497267723,0.0026876144111156464,0.02108244225382805,0.024954956024885178,0.003872513771057129,project/results/qgat_extend100/seed2026/gnn/validation_epoch_100.json,project/results/qgat_extend100/seed2026/relation_D/validation_epoch_100.json
final,2026,V_select,173,20,100,100,8,8,0.012553611770272255,0.01508225966244936,0.002528647892177105,0.0170579981058836,0.019745489582419395,0.002687491476535797,0.021082610823214054,0.024955004453659058,0.0038723936304450035,project/results/qgat_extend100/seed2026/gnn/validation_epoch_100.json,project/results/qgat_extend100/seed2026/relation_D/validation_epoch_100.json
final,2026,V_select,174,5,100,100,8,8,0.013143008574843407,0.015437874011695385,0.0022948654368519783,0.016919156536459923,0.019129417836666107,0.0022102613002061844,0.021602586843073368,0.02500258293002844,0.0033999960869550705,project/results/qgat_extend100/seed2026/gnn/validation_epoch_100.json,project/results/qgat_extend100/seed2026/relation_D/validation_epoch_100.json
final,2026,V_select,174,10,100,100,8,8,0.013514627702534199,0.017323896288871765,0.0038092685863375664,0.01802610605955124,0.02255910634994507,0.004533000290393829,0.02252768073230982,0.0286034494638443,0.006075768731534481,project/results/qgat_extend100/seed2026/gnn/validation_epoch_100.json,project/results/qgat_extend100/seed2026/relation_D/validation_epoch_100.json
final,2026,V_select,174,15,100,100,8,8,0.013514259830117226,0.017324097454547882,0.0038098376244306564,0.01802559569478035,0.02255854383111,0.004532948136329651,0.0225270576775074,0.028603369370102882,0.006076311692595482,project/results/qgat_extend100/seed2026/gnn/validation_epoch_100.json,project/results/qgat_extend100/seed2026/relation_D/validation_epoch_100.json
final,2026,V_select,174,20,100,100,8,8,0.013513881713151932,0.017324019223451614,0.0038101375102996826,0.018024785444140434,0.02255852147936821,0.004533736035227776,0.02252627443522215,0.02860327996313572,0.00607700552791357,project/results/qgat_extend100/seed2026/gnn/validation_epoch_100.json,project/results/qgat_extend100/seed2026/relation_D/validation_epoch_100.json
final,2026,V_select,175,5,100,100,8,8,0.014568098820745945,0.016050610691308975,0.0014825118705630302,0.017809482291340828,0.019684044644236565,0.0018745623528957367,0.02347283996641636,0.025892633013427258,0.0024197930470108986,project/results/qgat_extend100/seed2026/gnn/validation_epoch_100.json,project/results/qgat_extend100/seed2026/relation_D/validation_epoch_100.json
final,2026,V_select,175,10,100,100,8,8,0.012362882494926453,0.010952006094157696,-0.0014108764007687569,0.013622493483126163,0.012717777863144875,-0.0009047156199812889,0.019174129236489534,0.017310895025730133,-0.0018632342107594013,project/results/qgat_extend100/seed2026/gnn/validation_epoch_100.json,project/results/qgat_extend100/seed2026/relation_D/validation_epoch_100.json
final,2026,V_select,175,15,100,100,8,8,0.01236371323466301,0.010951866395771503,-0.0014118468388915062,0.013624148443341255,0.012717768549919128,-0.0009063798934221268,0.019175787456333637,0.017310750670731068,-0.0018650367856025696,project/results/qgat_extend100/seed2026/gnn/validation_epoch_100.json,project/results/qgat_extend100/seed2026/relation_D/validation_epoch_100.json
final,2026,V_select,175,20,100,100,8,8,0.01236371323466301,0.010951866395771503,-0.0014118468388915062,0.013624148443341255,0.012717768549919128,-0.0009063798934221268,0.019175787456333637,0.017310750670731068,-0.0018650367856025696,project/results/qgat_extend100/seed2026/gnn/validation_epoch_100.json,project/results/qgat_extend100/seed2026/relation_D/validation_epoch_100.json
final,2026,V_select,176,5,100,100,8,8,0.9657080173492432,0.3812229633331299,-0.5844850540161133,2.4519147872924805,0.7402145862579346,-1.711700201034546,2.1916654109954834,0.7513302564620972,-1.4403351545333862,project/results/qgat_extend100/seed2026/gnn/validation_epoch_100.json,project/results/qgat_extend100/seed2026/relation_D/validation_epoch_100.json
final,2026,V_select,176,10,100,100,8,8,0.9635285139083862,0.38132691383361816,-0.5822016000747681,2.445960521697998,0.740504801273346,-1.705455720424652,2.1865087747573853,0.7515793144702911,-1.4349294602870941,project/results/qgat_extend100/seed2026/gnn/validation_epoch_100.json,project/results/qgat_extend100/seed2026/relation_D/validation_epoch_100.json
final,2026,V_select,176,15,100,100,8,8,0.961126446723938,0.3810836374759674,-0.5800428092479706,2.4405274391174316,0.7404398918151855,-1.700087547302246,2.181390166282654,0.7513035833835602,-1.4300865828990936,project/results/qgat_extend100/seed2026/gnn/validation_epoch_100.json,project/results/qgat_extend100/seed2026/relation_D/validation_epoch_100.json
final,2026,V_select,176,20,100,100,8,8,0.9613412618637085,0.38105282187461853,-0.58028843998909,2.441199779510498,0.7403711080551147,-1.7008286714553833,2.1819411516189575,0.7512383759021759,-1.4307027757167816,project/results/qgat_extend100/seed2026/gnn/validation_epoch_100.json,project/results/qgat_extend100/seed2026/relation_D/validation_epoch_100.json
final,2026,V_select,177,5,100,100,8,8,0.0605657659471035,0.05800717696547508,-0.002558588981628418,0.048104867339134216,0.05558905005455017,0.007484182715415955,0.08461819961667061,0.08580170199275017,0.0011835023760795593,project/results/qgat_extend100/seed2026/gnn/validation_epoch_100.json,project/results/qgat_extend100/seed2026/relation_D/validation_epoch_100.json
final,2026,V_select,177,10,100,100,8,8,0.060561664402484894,0.05802911892533302,-0.0025325454771518707,0.04810647293925285,0.055566102266311646,0.007459629327058792,0.08461490087211132,0.08581217005848885,0.0011972691863775253,project/results/qgat_extend100/seed2026/gnn/validation_epoch_100.json,project/results/qgat_extend100/seed2026/relation_D/validation_epoch_100.json
final,2026,V_select,177,15,100,100,8,8,0.06215090677142143,0.06007619947195053,-0.0020747072994709015,0.04866904020309448,0.05792028084397316,0.009251240640878677,0.08648542687296867,0.08903633989393711,0.002550913020968437,project/results/qgat_extend100/seed2026/gnn/validation_epoch_100.json,project/results/qgat_extend100/seed2026/relation_D/validation_epoch_100.json
final,2026,V_select,177,20,100,100,8,8,0.06215236335992813,0.060117095708847046,-0.002035267651081085,0.04866494983434677,0.05777868628501892,0.00911373645067215,0.08648483827710152,0.0890064388513565,0.0025216005742549896,project/results/qgat_extend100/seed2026/gnn/validation_epoch_100.json,project/results/qgat_extend100/seed2026/relation_D/validation_epoch_100.json
final,2026,V_select,178,5,100,100,8,8,0.19953574240207672,0.2002415657043457,0.0007058233022689819,0.5391970276832581,0.5404230356216431,0.0012260079383850098,0.46913425624370575,0.47045308351516724,0.0013188272714614868,project/results/qgat_extend100/seed2026/gnn/validation_epoch_100.json,project/results/qgat_extend100/seed2026/relation_D/validation_epoch_100.json
final,2026,V_select,178,10,100,100,8,8,0.19708950817584991,0.19816777110099792,0.0010782629251480103,0.5360777974128723,0.5374645590782166,0.0013867616653442383,0.46512840688228607,0.4669000506401062,0.0017716437578201294,project/results/qgat_extend100/seed2026/gnn/validation_epoch_100.json,project/results/qgat_extend100/seed2026/relation_D/validation_epoch_100.json
final,2026,V_select,178,15,100,100,8,8,0.19709211587905884,0.19816292822360992,0.0010708123445510864,0.5360663533210754,0.5374495983123779,0.0013832449913024902,0.46512529253959656,0.4668877273797989,0.0017624348402023315,project/results/qgat_extend100/seed2026/gnn/validation_epoch_100.json,project/results/qgat_extend100/seed2026/relation_D/validation_epoch_100.json
final,2026,V_select,178,20,100,100,8,8,0.1970910280942917,0.19816288352012634,0.0010718554258346558,0.5360639691352844,0.5374466776847839,0.0013827085494995117,0.4651230126619339,0.4668862223625183,0.0017632097005844116,project/results/qgat_extend100/seed2026/gnn/validation_epoch_100.json,project/results/qgat_extend100/seed2026/relation_D/validation_epoch_100.json
final,2026,V_select,179,5,100,100,8,8,0.19610393047332764,0.1888788789510727,-0.007225051522254944,0.4552491009235382,0.4378642737865448,-0.017384827136993408,0.42372848093509674,0.4078110158443451,-0.015917465090751648,project/results/qgat_extend100/seed2026/gnn/validation_epoch_100.json,project/results/qgat_extend100/seed2026/relation_D/validation_epoch_100.json
final,2026,V_select,179,10,100,100,8,8,0.197221577167511,0.18667122721672058,-0.010550349950790405,0.45736294984817505,0.4341718852519989,-0.023191064596176147,0.4259030520915985,0.40375716984272003,-0.02214588224887848,project/results/qgat_extend100/seed2026/gnn/validation_epoch_100.json,project/results/qgat_extend100/seed2026/relation_D/validation_epoch_100.json
final,2026,V_select,179,15,100,100,8,8,0.19722849130630493,0.18667350709438324,-0.010554984211921692,0.457364022731781,0.4341752529144287,-0.023188769817352295,0.42591050267219543,0.4037611335515976,-0.02214936912059784,project/results/qgat_extend100/seed2026/gnn/validation_epoch_100.json,project/results/qgat_extend100/seed2026/relation_D/validation_epoch_100.json
final,2026,V_select,179,20,100,100,8,8,0.1991094946861267,0.18926653265953064,-0.00984296202659607,0.45639291405677795,0.43749308586120605,-0.0188998281955719,0.4273059517145157,0.40801307559013367,-0.01929287612438202,project/results/qgat_extend100/seed2026/gnn/validation_epoch_100.json,project/results/qgat_extend100/seed2026/relation_D/validation_epoch_100.json
final,2026,V_select,180,5,100,100,8,7,0.19451235234737396,0.17882899940013885,-0.015683352947235107,0.01838451251387596,0.01802050694823265,-0.00036400556564331055,0.20370460860431194,0.18783925287425518,-0.015865355730056763,project/results/qgat_extend100/seed2026/gnn/validation_epoch_100.json,project/results/qgat_extend100/seed2026/relation_D/validation_epoch_100.json
final,2026,V_select,180,10,100,100,8,7,0.19342905282974243,0.1765945553779602,-0.016834497451782227,0.015931876376271248,0.01478109322488308,-0.0011507831513881683,0.20139499101787806,0.18398510199040174,-0.01740988902747631,project/results/qgat_extend100/seed2026/gnn/validation_epoch_100.json,project/results/qgat_extend100/seed2026/relation_D/validation_epoch_100.json
final,2026,V_select,180,15,100,100,8,7,0.19536270201206207,0.17883369326591492,-0.016529008746147156,0.01848222315311432,0.018421245738863945,-6.097741425037384e-05,0.20460381358861923,0.1880443161353469,-0.016559497453272343,project/results/qgat_extend100/seed2026/gnn/validation_epoch_100.json,project/results/qgat_extend100/seed2026/relation_D/validation_epoch_100.json
final,2026,V_select,180,20,100,100,8,7,0.19535955786705017,0.17884080111980438,-0.01651875674724579,0.01847006566822529,0.01842576637864113,-4.429928958415985e-05,0.20459459070116282,0.18805368430912495,-0.01654090639203787,project/results/qgat_extend100/seed2026/gnn/validation_epoch_100.json,project/results/qgat_extend100/seed2026/relation_D/validation_epoch_100.json
final,2026,V_select,181,5,100,100,8,7,0.11348043382167816,0.12195970863103867,0.008479274809360504,0.018822601065039635,0.013613509014248848,-0.005209092050790787,0.12289173435419798,0.1287664631381631,0.005874728783965111,project/results/qgat_extend100/seed2026/gnn/validation_epoch_100.json,project/results/qgat_extend100/seed2026/relation_D/validation_epoch_100.json
final,2026,V_select,181,10,100,100,8,7,0.11350379884243011,0.12187018245458603,0.008366383612155914,0.01881776563823223,0.013612078502774239,-0.0052056871354579926,0.12291268166154623,0.12867622170597315,0.005763540044426918,project/results/qgat_extend100/seed2026/gnn/validation_epoch_100.json,project/results/qgat_extend100/seed2026/relation_D/validation_epoch_100.json
final,2026,V_select,181,15,100,100,8,7,0.1128399670124054,0.12167249619960785,0.008832529187202454,0.01687738113105297,0.013432766310870647,-0.0034446148201823235,0.12127865757793188,0.12838887935504317,0.007110221777111292,project/results/qgat_extend100/seed2026/gnn/validation_epoch_100.json,project/results/qgat_extend100/seed2026/relation_D/validation_epoch_100.json
final,2026,V_select,181,20,100,100,8,7,0.11284089833498001,0.1216704323887825,0.00882953405380249,0.016878139227628708,0.013428847305476665,-0.0034492919221520424,0.12127996794879436,0.12838485604152083,0.007104888092726469,project/results/qgat_extend100/seed2026/gnn/validation_epoch_100.json,project/results/qgat_extend100/seed2026/relation_D/validation_epoch_100.json
final,2026,V_select,182,5,100,100,7,7,0.009834574535489082,0.008234254084527493,-0.0016003204509615898,0.01453244686126709,0.009366923943161964,-0.005165522918105125,0.017100797966122627,0.012917716056108475,-0.0041830819100141525,project/results/qgat_extend100/seed2026/gnn/validation_epoch_100.json,project/results/qgat_extend100/seed2026/relation_D/validation_epoch_100.json
final,2026,V_select,182,10,100,100,7,7,0.009417642839252949,0.007459463085979223,-0.0019581797532737255,0.014758363366127014,0.008341784588992596,-0.0064165787771344185,0.016796824522316456,0.011630355380475521,-0.005166469141840935,project/results/qgat_extend100/seed2026/gnn/validation_epoch_100.json,project/results/qgat_extend100/seed2026/relation_D/validation_epoch_100.json
final,2026,V_select,182,15,100,100,7,7,0.009416354820132256,0.007459922693669796,-0.0019564321264624596,0.014759228564798832,0.00834640022367239,-0.006412828341126442,0.01679596910253167,0.011633122805505991,-0.0051628462970256805,project/results/qgat_extend100/seed2026/gnn/validation_epoch_100.json,project/results/qgat_extend100/seed2026/relation_D/validation_epoch_100.json
final,2026,V_select,182,20,100,100,7,7,0.011106936261057854,0.009789102710783482,-0.001317833550274372,0.01623677834868431,0.011483841575682163,-0.004752936773002148,0.01922532543540001,0.015531023498624563,-0.003694301936775446,project/results/qgat_extend100/seed2026/gnn/validation_epoch_100.json,project/results/qgat_extend100/seed2026/relation_D/validation_epoch_100.json
final,2026,V_select,183,5,100,100,7,7,0.0145131079480052,0.012114928103983402,-0.002398179844021797,0.01982339657843113,0.016340577974915504,-0.003482818603515625,0.024424806237220764,0.020285217091441154,-0.00413958914577961,project/results/qgat_extend100/seed2026/gnn/validation_epoch_100.json,project/results/qgat_extend100/seed2026/relation_D/validation_epoch_100.json
final,2026,V_select,183,10,100,100,7,7,0.014522137120366096,0.012113009579479694,-0.002409127540886402,0.019849102944135666,0.016343960538506508,-0.003505142405629158,0.02444668859243393,0.02028498984873295,-0.004161698743700981,project/results/qgat_extend100/seed2026/gnn/validation_epoch_100.json,project/results/qgat_extend100/seed2026/relation_D/validation_epoch_100.json
final,2026,V_select,183,15,100,100,7,7,0.014521514996886253,0.012112543918192387,-0.0024089710786938667,0.0198488999158144,0.016341807320713997,-0.003507092595100403,0.024445964954793453,0.020283447578549385,-0.004162517376244068,project/results/qgat_extend100/seed2026/gnn/validation_epoch_100.json,project/results/qgat_extend100/seed2026/relation_D/validation_epoch_100.json
final,2026,V_select,183,20,100,100,7,7,0.01360143069177866,0.011336336843669415,-0.0022650938481092453,0.018049802631139755,0.01577521301805973,-0.0022745896130800247,0.022626332007348537,0.01922394335269928,-0.0034023886546492577,project/results/qgat_extend100/seed2026/gnn/validation_epoch_100.json,project/results/qgat_extend100/seed2026/relation_D/validation_epoch_100.json
final,2026,V_select,184,5,100,100,7,7,0.017493275925517082,0.014575283043086529,-0.0029179928824305534,0.02333272434771061,0.018439199775457382,-0.004893524572253227,0.029159638099372387,0.02379488293081522,-0.005364755168557167,project/results/qgat_extend100/seed2026/gnn/validation_epoch_100.json,project/results/qgat_extend100/seed2026/relation_D/validation_epoch_100.json
final,2026,V_select,184,10,100,100,7,7,0.014474953524768353,0.012761851772665977,-0.001713101752102375,0.019769538193941116,0.01487643364816904,-0.004893104545772076,0.02435972262173891,0.020200068596750498,-0.004159654024988413,project/results/qgat_extend100/seed2026/gnn/validation_epoch_100.json,project/results/qgat_extend100/seed2026/relation_D/validation_epoch_100.json
final,2026,V_select,184,15,100,100,7,7,0.014398165978491306,0.014519451186060905,0.00012128520756959915,0.01905018277466297,0.017800845205783844,-0.0012493375688791275,0.023923257365822792,0.023419873788952827,-0.0005033835768699646,project/results/qgat_extend100/seed2026/gnn/validation_epoch_100.json,project/results/qgat_extend100/seed2026/relation_D/validation_epoch_100.json
final,2026,V_select,184,20,100,100,7,7,0.014397469349205494,0.0145194660872221,0.00012199673801660538,0.019059568643569946,0.017801379784941673,-0.001258188858628273,0.023927253670990467,0.023420155979692936,-0.0005070976912975311,project/results/qgat_extend100/seed2026/gnn/validation_epoch_100.json,project/results/qgat_extend100/seed2026/relation_D/validation_epoch_100.json
final,2026,V_select,185,5,100,100,7,7,0.012651641853153706,0.012486238963901997,-0.00016540288925170898,0.01908746361732483,0.016714509576559067,-0.0023729540407657623,0.02219537366181612,0.02084349375218153,-0.0013518799096345901,project/results/qgat_extend100/seed2026/gnn/validation_epoch_100.json,project/results/qgat_extend100/seed2026/relation_D/validation_epoch_100.json
final,2026,V_select,185,10,100,100,7,7,0.012613439932465553,0.012484484352171421,-0.00012895558029413223,0.018964173272252083,0.016712384298443794,-0.0022517889738082886,0.022095526568591595,0.020840676501393318,-0.0012548500671982765,project/results/qgat_extend100/seed2026/gnn/validation_epoch_100.json,project/results/qgat_extend100/seed2026/relation_D/validation_epoch_100.json
final,2026,V_select,185,15,100,100,7,7,0.012603769078850746,0.012477685697376728,-0.0001260833814740181,0.0189241673797369,0.016689199954271317,-0.002234967425465584,0.022065852768719196,0.020822285674512386,-0.00124356709420681,project/results/qgat_extend100/seed2026/gnn/validation_epoch_100.json,project/results/qgat_extend100/seed2026/relation_D/validation_epoch_100.json
final,2026,V_select,185,20,100,100,7,7,0.012599153444170952,0.012475610710680485,-0.00012354273349046707,0.018908638507127762,0.016685696318745613,-0.0022229421883821487,0.022053472697734833,0.02081845887005329,-0.0012350138276815414,project/results/qgat_extend100/seed2026/gnn/validation_epoch_100.json,project/results/qgat_extend100/seed2026/relation_D/validation_epoch_100.json
final,2026,V_select,186,5,100,100,7,7,0.012459791265428066,0.01115204207599163,-0.0013077491894364357,0.017158109694719315,0.012834684923291206,-0.004323424771428108,0.021038846112787724,0.017569384537637234,-0.00346946157515049,project/results/qgat_extend100/seed2026/gnn/validation_epoch_100.json,project/results/qgat_extend100/seed2026/relation_D/validation_epoch_100.json
final,2026,V_select,186,10,100,100,7,7,0.012455673888325691,0.011150998994708061,-0.00130467489361763,0.017141662538051605,0.012830263003706932,-0.004311399534344673,0.021026505157351494,0.017566130496561527,-0.0034603746607899666,project/results/qgat_extend100/seed2026/gnn/validation_epoch_100.json,project/results/qgat_extend100/seed2026/relation_D/validation_epoch_100.json
final,2026,V_select,186,15,100,100,7,7,0.012375314719974995,0.01113425474613905,-0.0012410599738359451,0.016925599426031113,0.012784023769199848,-0.0041415756568312645,0.02083811443299055,0.017526266630738974,-0.0033118478022515774,project/results/qgat_extend100/seed2026/gnn/validation_epoch_100.json,project/results/qgat_extend100/seed2026/relation_D/validation_epoch_100.json
final,2026,V_select,186,20,100,100,7,7,0.012344694696366787,0.01112829614430666,-0.0012163985520601273,0.016848232597112656,0.012761970050632954,-0.004086262546479702,0.020768810994923115,0.017509281169623137,-0.0032595298252999783,project/results/qgat_extend100/seed2026/gnn/validation_epoch_100.json,project/results/qgat_extend100/seed2026/relation_D/validation_epoch_100.json
final,2026,V_select,187,5,100,100,7,7,0.009501940570771694,0.008640852756798267,-0.0008610878139734268,0.014206756837666035,0.009826413355767727,-0.004380343481898308,0.01660531898960471,0.01355405943468213,-0.0030512595549225807,project/results/qgat_extend100/seed2026/gnn/validation_epoch_100.json,project/results/qgat_extend100/seed2026/relation_D/validation_epoch_100.json
final,2026,V_select,187,10,100,100,7,7,0.00949840061366558,0.00864317175000906,-0.0008552288636565208,0.014190337620675564,0.009821888990700245,-0.004368448629975319,0.016593569424003363,0.013554116245359182,-0.0030394531786441803,project/results/qgat_extend100/seed2026/gnn/validation_epoch_100.json,project/results/qgat_extend100/seed2026/relation_D/validation_epoch_100.json
final,2026,V_select,187,15,100,100,7,7,0.009426412172615528,0.008673569187521935,-0.0007528429850935936,0.01398099772632122,0.009864166378974915,-0.004116831347346306,0.01641691103577614,0.013605652377009392,-0.0028112586587667465,project/results/qgat_extend100/seed2026/gnn/validation_epoch_100.json,project/results/qgat_extend100/seed2026/relation_D/validation_epoch_100.json
final,2026,V_select,187,20,100,100,7,7,0.009413664229214191,0.008670424111187458,-0.0007432401180267334,0.013941854238510132,0.009852015413343906,-0.004089838825166225,0.016384591348469257,0.013596431817859411,-0.002788159530609846,project/results/qgat_extend100/seed2026/gnn/validation_epoch_100.json,project/results/qgat_extend100/seed2026/relation_D/validation_epoch_100.json
final,2026,V_select,188,5,100,100,7,7,0.011745582334697247,0.01130061037838459,-0.0004449719563126564,0.015861038118600845,0.01669929176568985,0.0008382536470890045,0.01967610139399767,0.019650256261229515,-2.5845132768154144e-05,project/results/qgat_extend100/seed2026/gnn/validation_epoch_100.json,project/results/qgat_extend100/seed2026/relation_D/validation_epoch_100.json
final,2026,V_select,188,10,100,100,7,7,0.013701161369681358,0.013758571818470955,5.741044878959656e-05,0.017190760001540184,0.019488492980599403,0.0022977329790592194,0.02229654137045145,0.023502818308770657,0.0012062769383192062,project/results/qgat_extend100/seed2026/gnn/validation_epoch_100.json,project/results/qgat_extend100/seed2026/relation_D/validation_epoch_100.json
final,2026,V_select,188,15,100,100,7,7,0.013701685704290867,0.013757811859250069,5.612615495920181e-05,0.01719428040087223,0.019488541409373283,0.002294261008501053,0.022298825904726982,0.02350208256393671,0.0012032566592097282,project/results/qgat_extend100/seed2026/gnn/validation_epoch_100.json,project/results/qgat_extend100/seed2026/relation_D/validation_epoch_100.json
final,2026,V_select,188,20,100,100,7,7,0.013695950619876385,0.01377597451210022,8.002389222383499e-05,0.01715945266187191,0.01956872269511223,0.0024092700332403183,0.02227567695081234,0.023560335859656334,0.0012846589088439941,project/results/qgat_extend100/seed2026/gnn/validation_epoch_100.json,project/results/qgat_extend100/seed2026/relation_D/validation_epoch_100.json
final,2026,V_select,189,5,100,100,7,7,0.014573213644325733,0.01396651566028595,-0.0006066979840397835,0.02115633152425289,0.020053645595908165,-0.0011026859283447266,0.02515137940645218,0.023993338458240032,-0.0011580409482121468,project/results/qgat_extend100/seed2026/gnn/validation_epoch_100.json,project/results/qgat_extend100/seed2026/relation_D/validation_epoch_100.json
final,2026,V_select,189,10,100,100,7,7,0.014571809209883213,0.013966800644993782,-0.000605008564889431,0.021154334768652916,0.02005411870777607,-0.0011002160608768463,0.02514897659420967,0.023993859998881817,-0.0011551165953278542,project/results/qgat_extend100/seed2026/gnn/validation_epoch_100.json,project/results/qgat_extend100/seed2026/relation_D/validation_epoch_100.json
final,2026,V_select,189,15,100,100,7,7,0.01449586357921362,0.015701543539762497,0.0012056799605488777,0.020415540784597397,0.022916246205568314,0.0025007054209709167,0.024703633971512318,0.027159666642546654,0.002456032671034336,project/results/qgat_extend100/seed2026/gnn/validation_epoch_100.json,project/results/qgat_extend100/seed2026/relation_D/validation_epoch_100.json
final,2026,V_select,189,20,100,100,7,7,0.014495985582470894,0.015701469033956528,0.0012054834514856339,0.020415473729372025,0.02291630394756794,0.0025008302181959152,0.024703722447156906,0.027159621007740498,0.0024558985605835915,project/results/qgat_extend100/seed2026/gnn/validation_epoch_100.json,project/results/qgat_extend100/seed2026/relation_D/validation_epoch_100.json
final,2026,V_select,190,5,100,100,7,7,0.011006370186805725,0.012379972264170647,0.0013736020773649216,0.014070985838770866,0.015246146358549595,0.0011751605197787285,0.01804186310619116,0.020003045443445444,0.001961182337254286,project/results/qgat_extend100/seed2026/gnn/validation_epoch_100.json,project/results/qgat_extend100/seed2026/relation_D/validation_epoch_100.json
final,2026,V_select,190,10,100,100,7,7,0.011003001593053341,0.012380285188555717,0.0013772835955023766,0.014058391563594341,0.01524453703314066,0.001186145469546318,0.01803219737485051,0.020002553705126047,0.0019703563302755356,project/results/qgat_extend100/seed2026/gnn/validation_epoch_100.json,project/results/qgat_extend100/seed2026/relation_D/validation_epoch_100.json
final,2026,V_select,190,15,100,100,7,7,0.011002846993505955,0.01237901858985424,0.0013761715963482857,0.014056081883609295,0.015238231979310513,0.0011821500957012177,0.018030887935310602,0.019998134579509497,0.0019672466441988945,project/results/qgat_extend100/seed2026/gnn/validation_epoch_100.json,project/results/qgat_extend100/seed2026/relation_D/validation_epoch_100.json
final,2026,V_select,190,20,100,100,7,7,0.012954702600836754,0.01481439359486103,0.0018596909940242767,0.015359647572040558,0.017951251938939095,0.0025916043668985367,0.020634526386857033,0.023790019564330578,0.003155493177473545,project/results/qgat_extend100/seed2026/gnn/validation_epoch_100.json,project/results/qgat_extend100/seed2026/relation_D/validation_epoch_100.json
final,2026,V_select,191,5,100,100,7,7,0.014177033677697182,0.016973933205008507,0.002796899527311325,0.01753576099872589,0.02181128039956093,0.004275519400835037,0.022944914177060127,0.02787957340478897,0.004934659227728844,project/results/qgat_extend100/seed2026/gnn/validation_epoch_100.json,project/results/qgat_extend100/seed2026/relation_D/validation_epoch_100.json
final,2026,V_select,191,10,100,100,7,7,0.014178196899592876,0.016975080594420433,0.0027968836948275566,0.017542092129588127,0.02181202359497547,0.004269931465387344,0.02294924296438694,0.02788109239190817,0.004931849427521229,project/results/qgat_extend100/seed2026/gnn/validation_epoch_100.json,project/results/qgat_extend100/seed2026/relation_D/validation_epoch_100.json
final,2026,V_select,191,15,100,100,7,7,0.013129694387316704,0.01455080509185791,0.0014211107045412064,0.01580156199634075,0.018285417929291725,0.0024838559329509735,0.02103047538548708,0.023693514056503773,0.002663038671016693,project/results/qgat_extend100/seed2026/gnn/validation_epoch_100.json,project/results/qgat_extend100/seed2026/relation_D/validation_epoch_100.json
final,2026,V_select,191,20,100,100,7,7,0.01313289999961853,0.01454693078994751,0.0014140307903289795,0.015807850286364555,0.01827261783182621,0.0024647675454616547,0.021036825142800808,0.023683239705860615,0.002646414563059807,project/results/qgat_extend100/seed2026/gnn/validation_epoch_100.json,project/results/qgat_extend100/seed2026/relation_D/validation_epoch_100.json
final,2026,V_select,192,5,100,100,8,8,0.014634430408477783,0.014917299151420593,0.00028286874294281006,0.01753714308142662,0.020228274166584015,0.0026911310851573944,0.023403001949191093,0.0250314362347126,0.0016284342855215073,project/results/qgat_extend100/seed2026/gnn/validation_epoch_100.json,project/results/qgat_extend100/seed2026/relation_D/validation_epoch_100.json
final,2026,V_select,192,10,100,100,8,8,0.014802524819970131,0.016119420528411865,0.0013168957084417343,0.01836133748292923,0.02136089652776718,0.0029995590448379517,0.023983193561434746,0.026799868792295456,0.00281667523086071,project/results/qgat_extend100/seed2026/gnn/validation_epoch_100.json,project/results/qgat_extend100/seed2026/relation_D/validation_epoch_100.json
final,2026,V_select,192,15,100,100,8,8,0.014797385782003403,0.01611332967877388,0.0013159438967704773,0.01835072599351406,0.02135099470615387,0.0030002687126398087,0.023972748778760433,0.026788827031850815,0.0028160782530903816,project/results/qgat_extend100/seed2026/gnn/validation_epoch_100.json,project/results/qgat_extend100/seed2026/relation_D/validation_epoch_100.json
final,2026,V_select,192,20,100,100,8,8,0.01479384209960699,0.0161138866096735,0.0013200445100665092,0.018341507762670517,0.021350640803575516,0.0030091330409049988,0.02396459598094225,0.026789207011461258,0.0028246110305190086,project/results/qgat_extend100/seed2026/gnn/validation_epoch_100.json,project/results/qgat_extend100/seed2026/relation_D/validation_epoch_100.json
final,2026,V_select,193,5,100,100,8,8,0.015786875039339066,0.01614385098218918,0.0003569759428501129,0.01984093151986599,0.02218880131840706,0.002347869798541069,0.02570734079927206,0.027238251641392708,0.0015309108421206474,project/results/qgat_extend100/seed2026/gnn/validation_epoch_100.json,project/results/qgat_extend100/seed2026/relation_D/validation_epoch_100.json
final,2026,V_select,193,10,100,100,8,8,0.015783824026584625,0.0161447674036026,0.00036094337701797485,0.019837092608213425,0.022193267941474915,0.00235617533326149,0.025702370330691338,0.027241401374340057,0.0015390310436487198,project/results/qgat_extend100/seed2026/gnn/validation_epoch_100.json,project/results/qgat_extend100/seed2026/relation_D/validation_epoch_100.json
final,2026,V_select,193,15,100,100,8,8,0.015005704946815968,0.016836535185575485,0.0018308302387595177,0.019237525761127472,0.022055145353078842,0.0028176195919513702,0.024624467827379704,0.027864107862114906,0.003239640034735203,project/results/qgat_extend100/seed2026/gnn/validation_epoch_100.json,project/results/qgat_extend100/seed2026/relation_D/validation_epoch_100.json
final,2026,V_select,193,20,100,100,8,8,0.015005211345851421,0.01683877781033516,0.001833566464483738,0.019236870110034943,0.022059038281440735,0.0028221681714057922,0.024623646400868893,0.027868296951055527,0.003244650550186634,project/results/qgat_extend100/seed2026/gnn/validation_epoch_100.json,project/results/qgat_extend100/seed2026/relation_D/validation_epoch_100.json
final,2026,V_select,194,5,100,100,8,8,0.014321643859148026,0.01681407168507576,0.0024924278259277344,0.019728660583496094,0.022710498422384262,0.0029818378388881683,0.024185974150896072,0.02816932089626789,0.0039833467453718185,project/results/qgat_extend100/seed2026/gnn/validation_epoch_100.json,project/results/qgat_extend100/seed2026/relation_D/validation_epoch_100.json
final,2026,V_select,194,10,100,100,8,8,0.01531254593282938,0.018254563212394714,0.0029420172795653343,0.021554799750447273,0.0243922621011734,0.0028374623507261276,0.026089945808053017,0.030450694262981415,0.004360748454928398,project/results/qgat_extend100/seed2026/gnn/validation_epoch_100.json,project/results/qgat_extend100/seed2026/relation_D/validation_epoch_100.json
final,2026,V_select,194,15,100,100,8,8,0.014148589223623276,0.01567849889397621,0.0015299096703529358,0.018930986523628235,0.020652800798416138,0.0017218142747879028,0.023614082485437393,0.02600489929318428,0.002390816807746887,project/results/qgat_extend100/seed2026/gnn/validation_epoch_100.json,project/results/qgat_extend100/seed2026/relation_D/validation_epoch_100.json
final,2026,V_select,194,20,100,100,8,8,0.01414667721837759,0.015678999945521355,0.0015323227271437645,0.01891917549073696,0.020654307678341866,0.0017351321876049042,0.02360626496374607,0.026006153784692287,0.0023998888209462166,project/results/qgat_extend100/seed2026/gnn/validation_epoch_100.json,project/results/qgat_extend100/seed2026/relation_D/validation_epoch_100.json
final,2026,V_select,195,5,100,100,8,8,0.013920229859650135,0.01536518894135952,0.001444959081709385,0.019277170300483704,0.020813975483179092,0.0015368051826953888,0.023558815009891987,0.025772176682949066,0.0022133616730570793,project/results/qgat_extend100/seed2026/gnn/validation_epoch_100.json,project/results/qgat_extend100/seed2026/relation_D/validation_epoch_100.json
final,2026,V_select,195,10,100,100,8,8,0.01453755795955658,0.015738489106297493,0.0012009311467409134,0.01990612968802452,0.021983720362186432,0.002077590674161911,0.02449062280356884,0.02673034928739071,0.002239726483821869,project/results/qgat_extend100/seed2026/gnn/validation_epoch_100.json,project/results/qgat_extend100/seed2026/relation_D/validation_epoch_100.json
final,2026,V_select,195,15,100,100,8,8,0.01442485861480236,0.015644937753677368,0.0012200791388750076,0.01878351718187332,0.021516090258955956,0.002732573077082634,0.02381661720573902,0.026402982883155346,0.0025863656774163246,project/results/qgat_extend100/seed2026/gnn/validation_epoch_100.json,project/results/qgat_extend100/seed2026/relation_D/validation_epoch_100.json
final,2026,V_select,195,20,100,100,8,8,0.014424106106162071,0.015645857900381088,0.001221751794219017,0.018773838877677917,0.02151801809668541,0.002744179219007492,0.02381102554500103,0.026404866948723793,0.002593841403722763,project/results/qgat_extend100/seed2026/gnn/validation_epoch_100.json,project/results/qgat_extend100/seed2026/relation_D/validation_epoch_100.json
final,2026,V_select,196,5,100,100,8,8,0.014744488522410393,0.015465067699551582,0.0007205791771411896,0.0183308906853199,0.02102169767022133,0.0026908069849014282,0.023909933865070343,0.025975916534662247,0.0020659826695919037,project/results/qgat_extend100/seed2026/gnn/validation_epoch_100.json,project/results/qgat_extend100/seed2026/relation_D/validation_epoch_100.json
final,2026,V_select,196,10,100,100,8,8,0.015742864459753036,0.016892151907086372,0.0011492874473333359,0.020213965326547623,0.022660650312900543,0.0024466849863529205,0.025849847123026848,0.028222477063536644,0.002372629940509796,project/results/qgat_extend100/seed2026/gnn/validation_epoch_100.json,project/results/qgat_extend100/seed2026/relation_D/validation_epoch_100.json
final,2026,V_select,196,15,100,100,8,8,0.015743087977170944,0.016892628744244576,0.0011495407670736313,0.020226364955306053,0.02266189642250538,0.0024355314671993256,0.02585627045482397,0.028223576955497265,0.002367306500673294,project/results/qgat_extend100/seed2026/gnn/validation_epoch_100.json,project/results/qgat_extend100/seed2026/relation_D/validation_epoch_100.json
final,2026,V_select,196,20,100,100,8,8,0.015746328979730606,0.016892895102500916,0.0011465661227703094,0.02023165673017502,0.022662799805402756,0.0024311430752277374,0.025862157344818115,0.028224295005202293,0.002362137660384178,project/results/qgat_extend100/seed2026/gnn/validation_epoch_100.json,project/results/qgat_extend100/seed2026/relation_D/validation_epoch_100.json
final,2026,V_select,197,5,100,100,8,8,0.017220057547092438,0.01749536767601967,0.00027531012892723083,0.021907757967710495,0.02443253993988037,0.002524781972169876,0.028173936530947685,0.029711637645959854,0.0015377011150121689,project/results/qgat_extend100/seed2026/gnn/validation_epoch_100.json,project/results/qgat_extend100/seed2026/relation_D/validation_epoch_100.json
final,2026,V_select,197,10,100,100,8,8,0.016865108162164688,0.01734555885195732,0.00048045068979263306,0.021840188652276993,0.023752029985189438,0.001911841332912445,0.027785202488303185,0.02922157384455204,0.0014363713562488556,project/results/qgat_extend100/seed2026/gnn/validation_epoch_100.json,project/results/qgat_extend100/seed2026/relation_D/validation_epoch_100.json
final,2026,V_select,197,15,100,100,8,8,0.016863567754626274,0.017350278794765472,0.0004867110401391983,0.02186555042862892,0.023760009557008743,0.0018944591283798218,0.027796342968940735,0.029230283573269844,0.0014339406043291092,project/results/qgat_extend100/seed2026/gnn/validation_epoch_100.json,project/results/qgat_extend100/seed2026/relation_D/validation_epoch_100.json
final,2026,V_select,197,20,100,100,8,8,0.01686103455722332,0.01734856516122818,0.0004875306040048599,0.021867193281650543,0.023757025599479675,0.001889832317829132,0.02779463119804859,0.029227077960968018,0.001432446762919426,project/results/qgat_extend100/seed2026/gnn/validation_epoch_100.json,project/results/qgat_extend100/seed2026/relation_D/validation_epoch_100.json
final,2026,V_select,198,5,100,100,8,8,0.01877306029200554,0.01948479749262333,0.0007117372006177902,0.04029079154133797,0.04154215008020401,0.001251358538866043,0.03891845606267452,0.040255872532725334,0.0013374164700508118,project/results/qgat_extend100/seed2026/gnn/validation_epoch_100.json,project/results/qgat_extend100/seed2026/relation_D/validation_epoch_100.json
final,2026,V_select,198,10,100,100,8,8,0.018774814903736115,0.019486475735902786,0.0007116608321666718,0.040293410420417786,0.04154236614704132,0.0012489557266235352,0.03892152011394501,0.04025765880942345,0.0013361386954784393,project/results/qgat_extend100/seed2026/gnn/validation_epoch_100.json,project/results/qgat_extend100/seed2026/relation_D/validation_epoch_100.json
final,2026,V_select,198,15,100,100,8,8,0.018773619085550308,0.019489433616399765,0.0007158145308494568,0.040294498205184937,0.04154615104198456,0.0012516528367996216,0.038920868188142776,0.040262509137392044,0.0013416409492492676,project/results/qgat_extend100/seed2026/gnn/validation_epoch_100.json,project/results/qgat_extend100/seed2026/relation_D/validation_epoch_100.json
final,2026,V_select,198,20,100,100,8,8,0.016548510640859604,0.017896616831421852,0.0013481061905622482,0.037455879151821136,0.03930675983428955,0.0018508806824684143,0.03527645021677017,0.03754999674856663,0.0022735465317964554,project/results/qgat_extend100/seed2026/gnn/validation_epoch_100.json,project/results/qgat_extend100/seed2026/relation_D/validation_epoch_100.json
final,2026,V_select,199,5,100,100,8,8,0.035938531160354614,0.03698755428195,0.0010490231215953827,0.06365471333265305,0.06524459272623062,0.0015898793935775757,0.06776588782668114,0.06960985064506531,0.0018439628183841705,project/results/qgat_extend100/seed2026/gnn/validation_epoch_100.json,project/results/qgat_extend100/seed2026/relation_D/validation_epoch_100.json
final,2026,V_select,199,10,100,100,8,8,0.03593852370977402,0.03698642551898956,0.0010479018092155457,0.06364313513040543,0.06524050235748291,0.0015973672270774841,0.06776009127497673,0.06960667669773102,0.0018465854227542877,project/results/qgat_extend100/seed2026/gnn/validation_epoch_100.json,project/results/qgat_extend100/seed2026/relation_D/validation_epoch_100.json
final,2026,V_select,199,15,100,100,8,8,0.03593462333083153,0.036985959857702255,0.0010513365268707275,0.06363498419523239,0.0652393251657486,0.0016043409705162048,0.06775211542844772,0.06960562244057655,0.00185350701212883,project/results/qgat_extend100/seed2026/gnn/validation_epoch_100.json,project/results/qgat_extend100/seed2026/relation_D/validation_epoch_100.json
final,2026,V_select,199,20,100,100,8,8,0.03593211621046066,0.036985453218221664,0.0010533370077610016,0.06363171339035034,0.06523952633142471,0.0016078129410743713,0.06774797290563583,0.06960521638393402,0.0018572434782981873,project/results/qgat_extend100/seed2026/gnn/validation_epoch_100.json,project/results/qgat_extend100/seed2026/relation_D/validation_epoch_100.json
final,2026,V_select,200,5,100,100,8,8,0.016973372548818588,0.018962739035487175,0.0019893664866685867,0.02573181316256523,0.0279191005975008,0.0021872874349355698,0.029839279130101204,0.032922289334237576,0.0030830102041363716,project/results/qgat_extend100/seed2026/gnn/validation_epoch_100.json,project/results/qgat_extend100/seed2026/relation_D/validation_epoch_100.json
final,2026,V_select,200,10,100,100,8,8,0.016973216086626053,0.018965739756822586,0.001992523670196533,0.025725221261382103,0.027925021946430206,0.0021998006850481033,0.029835826717317104,0.03292825073003769,0.003092424012720585,project/results/qgat_extend100/seed2026/gnn/validation_epoch_100.json,project/results/qgat_extend100/seed2026/relation_D/validation_epoch_100.json
final,2026,V_select,200,15,100,100,8,8,0.016972798854112625,0.018966596573591232,0.001993797719478607,0.025719791650772095,0.027926431968808174,0.0022066403180360794,0.029832694679498672,0.03292981255799532,0.003097117878496647,project/results/qgat_extend100/seed2026/gnn/validation_epoch_100.json,project/results/qgat_extend100/seed2026/relation_D/validation_epoch_100.json
final,2026,V_select,200,20,100,100,8,8,0.016972988843917847,0.01896623708307743,0.001993248239159584,0.025714784860610962,0.027926752343773842,0.00221196748316288,0.029830381274223328,0.03292961325496435,0.003099231980741024,project/results/qgat_extend100/seed2026/gnn/validation_epoch_100.json,project/results/qgat_extend100/seed2026/relation_D/validation_epoch_100.json
final,2026,V_select,201,5,100,100,8,8,0.01573842018842697,0.017487067729234695,0.001748647540807724,0.024770589545369148,0.027378413826227188,0.00260782428085804,0.028123714961111546,0.03117627464234829,0.003052559681236744,project/results/qgat_extend100/seed2026/gnn/validation_epoch_100.json,project/results/qgat_extend100/seed2026/relation_D/validation_epoch_100.json
final,2026,V_select,201,10,100,100,8,8,0.015739405527710915,0.017488406971096992,0.0017490014433860779,0.02476927638053894,0.027385011315345764,0.0026157349348068237,0.028124043717980385,0.031180912628769875,0.0030568689107894897,project/results/qgat_extend100/seed2026/gnn/validation_epoch_100.json,project/results/qgat_extend100/seed2026/relation_D/validation_epoch_100.json
final,2026,V_select,201,15,100,100,8,8,0.013793368823826313,0.015843257308006287,0.0020498884841799736,0.02220151014626026,0.02456711418926716,0.002365604043006897,0.024894123896956444,0.028126814402639866,0.003232690505683422,project/results/qgat_extend100/seed2026/gnn/validation_epoch_100.json,project/results/qgat_extend100/seed2026/relation_D/validation_epoch_100.json
final,2026,V_select,201,20,100,100,8,8,0.014010917395353317,0.016463588923215866,0.002452671527862549,0.02207297831773758,0.024640489369630814,0.0025675110518932343,0.025047406554222107,0.028783833608031273,0.003736427053809166,project/results/qgat_extend100/seed2026/gnn/validation_epoch_100.json,project/results/qgat_extend100/seed2026/relation_D/validation_epoch_100.json
final,2026,V_select,202,5,100,100,8,8,0.01227577030658722,0.01265060342848301,0.0003748331218957901,0.016816388815641403,0.01686353050172329,4.714168608188629e-05,0.02068396471440792,0.021082368679344654,0.00039840396493673325,project/results/qgat_extend100/seed2026/gnn/validation_epoch_100.json,project/results/qgat_extend100/seed2026/relation_D/validation_epoch_100.json
final,2026,V_select,202,10,100,100,8,8,0.012278426438570023,0.012651116587221622,0.0003726901486515999,0.016819270327687263,0.016864046454429626,4.4776126742362976e-05,0.020688061602413654,0.021083139814436436,0.00039507821202278137,project/results/qgat_extend100/seed2026/gnn/validation_epoch_100.json,project/results/qgat_extend100/seed2026/relation_D/validation_epoch_100.json
final,2026,V_select,202,15,100,100,8,8,0.015239479020237923,0.015150795690715313,-8.868332952260971e-05,0.020972030237317085,0.021275654435157776,0.0003036241978406906,0.025725494138896465,0.0257886229082942,6.31287693977356e-05,project/results/qgat_extend100/seed2026/gnn/validation_epoch_100.json,project/results/qgat_extend100/seed2026/relation_D/validation_epoch_100.json
final,2026,V_select,202,20,100,100,8,8,0.016275985166430473,0.01656830497086048,0.00029231980443000793,0.022930365055799484,0.022944211959838867,1.3846904039382935e-05,0.027741167694330215,0.028040410950779915,0.0002992432564496994,project/results/qgat_extend100/seed2026/gnn/validation_epoch_100.json,project/results/qgat_extend100/seed2026/relation_D/validation_epoch_100.json
final,2026,V_select,203,5,100,100,8,8,0.015829510986804962,0.01767629012465477,0.0018467791378498077,0.020927758887410164,0.024125441908836365,0.003197683021426201,0.026293390430510044,0.029739011079072952,0.003445620648562908,project/results/qgat_extend100/seed2026/gnn/validation_epoch_100.json,project/results/qgat_extend100/seed2026/relation_D/validation_epoch_100.json
final,2026,V_select,203,10,100,100,8,8,0.016872841864824295,0.018649492412805557,0.0017766505479812622,0.023465977981686592,0.02507975697517395,0.001613778993487358,0.02860583085566759,0.031189370900392532,0.0025835400447249413,project/results/qgat_extend100/seed2026/gnn/validation_epoch_100.json,project/results/qgat_extend100/seed2026/relation_D/validation_epoch_100.json
final,2026,V_select,203,15,100,100,8,8,0.016873730346560478,0.018648719415068626,0.0017749890685081482,0.023467686027288437,0.025080669671297073,0.0016129836440086365,0.028607573360204697,0.031189054250717163,0.0025814808905124664,project/results/qgat_extend100/seed2026/gnn/validation_epoch_100.json,project/results/qgat_extend100/seed2026/relation_D/validation_epoch_100.json
final,2026,V_select,203,20,100,100,8,8,0.01687360554933548,0.018649272620677948,0.0017756670713424683,0.023469306528568268,0.025081075727939606,0.0016117691993713379,0.028608258813619614,0.03118981048464775,0.002581551671028137,project/results/qgat_extend100/seed2026/gnn/validation_epoch_100.json,project/results/qgat_extend100/seed2026/relation_D/validation_epoch_100.json
final,2026,V_select,204,5,100,100,8,8,0.012274803593754768,0.01381022296845913,0.001535419374704361,0.018598249182105064,0.020129069685935974,0.0015308205038309097,0.0215739281848073,0.023874757811427116,0.002300829626619816,project/results/qgat_extend100/seed2026/gnn/validation_epoch_100.json,project/results/qgat_extend100/seed2026/relation_D/validation_epoch_100.json
final,2026,V_select,204,10,100,100,8,8,0.01333803404122591,0.015245333313941956,0.0019072992727160454,0.020633157342672348,0.02182665839791298,0.001193501055240631,0.023654612712562084,0.026158662512898445,0.002504049800336361,project/results/qgat_extend100/seed2026/gnn/validation_epoch_100.json,project/results/qgat_extend100/seed2026/relation_D/validation_epoch_100.json
final,2026,V_select,204,15,100,100,8,8,0.013337687589228153,0.015245329588651657,0.0019076419994235039,0.020632242783904076,0.021826570853590965,0.0011943280696868896,0.02365380898118019,0.02615861501544714,0.0025048060342669487,project/results/qgat_extend100/seed2026/gnn/validation_epoch_100.json,project/results/qgat_extend100/seed2026/relation_D/validation_epoch_100.json
final,2026,V_select,204,20,100,100,8,8,0.012357085011899471,0.013214441016316414,0.0008573560044169426,0.019335467368364334,0.019229602068662643,-0.00010586529970169067,0.02202481869608164,0.022829242050647736,0.0008044233545660973,project/results/qgat_extend100/seed2026/gnn/validation_epoch_100.json,project/results/qgat_extend100/seed2026/relation_D/validation_epoch_100.json
final,2026,V_select,205,5,100,100,8,8,0.02458084374666214,0.02560226432979107,0.0010214205831289291,0.05379314720630646,0.05480609089136124,0.001012943685054779,0.05147741734981537,0.05300530977547169,0.0015278924256563187,project/results/qgat_extend100/seed2026/gnn/validation_epoch_100.json,project/results/qgat_extend100/seed2026/relation_D/validation_epoch_100.json
final,2026,V_select,205,10,100,100,8,8,0.024581555277109146,0.025602126494050026,0.0010205712169408798,0.05379517376422882,0.05480598285794258,0.0010108090937137604,0.051479142159223557,0.053005117923021317,0.00152597576379776,project/results/qgat_extend100/seed2026/gnn/validation_epoch_100.json,project/results/qgat_extend100/seed2026/relation_D/validation_epoch_100.json
final,2026,V_select,205,15,100,100,8,8,0.024582024663686752,0.025601882487535477,0.0010198578238487244,0.053796183317899704,0.05480562150478363,0.0010094381868839264,0.051480116322636604,0.05300469323992729,0.0015245769172906876,project/results/qgat_extend100/seed2026/gnn/validation_epoch_100.json,project/results/qgat_extend100/seed2026/relation_D/validation_epoch_100.json
final,2026,V_select,205,20,100,100,8,8,0.024582047015428543,0.02560187689960003,0.001019829884171486,0.05379625782370567,0.054805606603622437,0.0010093487799167633,0.05148017592728138,0.05300468020141125,0.0015245042741298676,project/results/qgat_extend100/seed2026/gnn/validation_epoch_100.json,project/results/qgat_extend100/seed2026/relation_D/validation_epoch_100.json
final,2026,V_select,206,5,100,100,8,8,0.029457490891218185,0.030383676290512085,0.0009261853992938995,0.05001397430896759,0.05136451870203018,0.0013505443930625916,0.05446447804570198,0.056065935641527176,0.0016014575958251953,project/results/qgat_extend100/seed2026/gnn/validation_epoch_100.json,project/results/qgat_extend100/seed2026/relation_D/validation_epoch_100.json
final,2026,V_select,206,10,100,100,8,8,0.029456347227096558,0.030383259057998657,0.0009269118309020996,0.05001627653837204,0.051364537328481674,0.0013482607901096344,0.05446448549628258,0.056065527722239494,0.0016010422259569168,project/results/qgat_extend100/seed2026/gnn/validation_epoch_100.json,project/results/qgat_extend100/seed2026/relation_D/validation_epoch_100.json
final,2026,V_select,206,15,100,100,8,8,0.03023676387965679,0.03214191645383835,0.0019051525741815567,0.052331600338220596,0.05370737239718437,0.0013757720589637756,0.05640256404876709,0.058995602652430534,0.0025930386036634445,project/results/qgat_extend100/seed2026/gnn/validation_epoch_100.json,project/results/qgat_extend100/seed2026/relation_D/validation_epoch_100.json
final,2026,V_select,206,20,100,100,8,8,0.03023674339056015,0.03214196488261223,0.0019052214920520782,0.05233084037899971,0.05370737239718437,0.0013765320181846619,0.056402163580060005,0.058995651081204414,0.002593487501144409,project/results/qgat_extend100/seed2026/gnn/validation_epoch_100.json,project/results/qgat_extend100/seed2026/relation_D/validation_epoch_100.json
final,2026,V_select,207,5,100,100,8,8,0.11371825635433197,0.11216804385185242,-0.0015502125024795532,0.4859856367111206,0.48238250613212585,-0.003603130578994751,0.3567110747098923,0.35335929691791534,-0.0033517777919769287,project/results/qgat_extend100/seed2026/gnn/validation_epoch_100.json,project/results/qgat_extend100/seed2026/relation_D/validation_epoch_100.json
final,2026,V_select,207,10,100,100,8,8,0.11371802538633347,0.11216821521520615,-0.0015498101711273193,0.48598164319992065,0.4823821783065796,-0.0035994648933410645,0.3567088469862938,0.35335930436849594,-0.0033495426177978516,project/results/qgat_extend100/seed2026/gnn/validation_epoch_100.json,project/results/qgat_extend100/seed2026/relation_D/validation_epoch_100.json
final,2026,V_select,207,15,100,100,8,8,0.11371773481369019,0.11216546595096588,-0.0015522688627243042,0.4859806001186371,0.4823766350746155,-0.0036039650440216064,0.35670803487300873,0.3533537834882736,-0.0033542513847351074,project/results/qgat_extend100/seed2026/gnn/validation_epoch_100.json,project/results/qgat_extend100/seed2026/relation_D/validation_epoch_100.json
final,2026,V_select,207,20,100,100,8,8,0.11371789127588272,0.1121654286980629,-0.0015524625778198242,0.4859801232814789,0.4823761582374573,-0.0036039650440216064,0.35670795291662216,0.35335350781679153,-0.0033544450998306274,project/results/qgat_extend100/seed2026/gnn/validation_epoch_100.json,project/results/qgat_extend100/seed2026/relation_D/validation_epoch_100.json
final,2026,V_select,208,5,100,100,8,8,0.17164477705955505,0.2601292133331299,0.08848443627357483,0.44323721528053284,0.71686851978302,0.2736313045024872,0.39326338469982147,0.6185634732246399,0.22530008852481842,project/results/qgat_extend100/seed2026/gnn/validation_epoch_100.json,project/results/qgat_extend100/seed2026/relation_D/validation_epoch_100.json
final,2026,V_select,208,10,100,100,8,8,0.17129163444042206,0.2601523697376251,0.08886073529720306,0.4419558346271515,0.7169668674468994,0.2750110328197479,0.3922695517539978,0.6186358034610748,0.22636625170707703,project/results/qgat_extend100/seed2026/gnn/validation_epoch_100.json,project/results/qgat_extend100/seed2026/relation_D/validation_epoch_100.json
final,2026,V_select,208,15,100,100,8,8,0.1713956892490387,0.26076483726501465,0.08936914801597595,0.44222354888916016,0.7180598378181458,0.2758362889289856,0.3925074636936188,0.6197947561740875,0.22728729248046875,project/results/qgat_extend100/seed2026/gnn/validation_epoch_100.json,project/results/qgat_extend100/seed2026/relation_D/validation_epoch_100.json
final,2026,V_select,208,20,100,100,8,8,0.17080508172512054,0.2568609118461609,0.08605583012104034,0.4358718991279602,0.7061004042625427,0.2702285051345825,0.38874103128910065,0.6099111139774323,0.2211700826883316,project/results/qgat_extend100/seed2026/gnn/validation_epoch_100.json,project/results/qgat_extend100/seed2026/relation_D/validation_epoch_100.json
final,2026,V_select,209,5,100,100,8,8,0.4316585659980774,0.44263046979904175,0.010971903800964355,1.0790880918502808,1.058001160621643,-0.021086931228637695,0.9712026119232178,0.9716310501098633,0.0004284381866455078,project/results/qgat_extend100/seed2026/gnn/validation_epoch_100.json,project/results/qgat_extend100/seed2026/relation_D/validation_epoch_100.json
final,2026,V_select,209,10,100,100,8,8,0.4315350651741028,0.4426327049732208,0.011097639799118042,1.078786849975586,1.058006763458252,-0.020780086517333984,0.9709284901618958,0.9716360867023468,0.0007075965404510498,project/results/qgat_extend100/seed2026/gnn/validation_epoch_100.json,project/results/qgat_extend100/seed2026/relation_D/validation_epoch_100.json
final,2026,V_select,209,15,100,100,8,8,0.4310293197631836,0.442579448223114,0.01155012845993042,1.0782861709594727,1.0578601360321045,-0.020426034927368164,0.9701724052429199,0.9715095162391663,0.0013371109962463379,project/results/qgat_extend100/seed2026/gnn/validation_epoch_100.json,project/results/qgat_extend100/seed2026/relation_D/validation_epoch_100.json
final,2026,V_select,209,20,100,100,8,8,0.4315488636493683,0.44268926978111267,0.011140406131744385,1.079332947731018,1.0581297874450684,-0.021203160285949707,0.9712153375148773,0.9717541635036469,0.0005388259887695312,project/results/qgat_extend100/seed2026/gnn/validation_epoch_100.json,project/results/qgat_extend100/seed2026/relation_D/validation_epoch_100.json
final,2026,V_select,210,5,100,100,8,7,0.25532668828964233,0.26741617918014526,0.01208949089050293,0.013406048528850079,0.014095170423388481,0.0006891218945384026,0.2620297125540674,0.2744637643918395,0.012434051837772131,project/results/qgat_extend100/seed2026/gnn/validation_epoch_100.json,project/results/qgat_extend100/seed2026/relation_D/validation_epoch_100.json
final,2026,V_select,210,10,100,100,8,7,0.25531819462776184,0.2674107551574707,0.012092560529708862,0.013412164524197578,0.01410061214119196,0.000688447616994381,0.26202427688986063,0.2744610612280667,0.012436784338206053,project/results/qgat_extend100/seed2026/gnn/validation_epoch_100.json,project/results/qgat_extend100/seed2026/relation_D/validation_epoch_100.json
final,2026,V_select,210,15,100,100,8,7,0.2553291618824005,0.26741304993629456,0.012083888053894043,0.01341239269822836,0.014100582338869572,0.0006881896406412125,0.2620353582315147,0.27446334110572934,0.01242798287421465,project/results/qgat_extend100/seed2026/gnn/validation_epoch_100.json,project/results/qgat_extend100/seed2026/relation_D/validation_epoch_100.json
final,2026,V_select,210,20,100,100,8,7,0.25770485401153564,0.2694941461086273,0.011789292097091675,0.016401590779423714,0.016794221475720406,0.0003926306962966919,0.2659056494012475,0.2778912568464875,0.01198560744524002,project/results/qgat_extend100/seed2026/gnn/validation_epoch_100.json,project/results/qgat_extend100/seed2026/relation_D/validation_epoch_100.json
final,2026,V_select,211,5,100,100,8,7,0.10537312924861908,0.11019544303417206,0.0048223137855529785,0.016555240377783775,0.014056436717510223,-0.002498803660273552,0.11365074943751097,0.11722366139292717,0.0035729119554162025,project/results/qgat_extend100/seed2026/gnn/validation_epoch_100.json,project/results/qgat_extend100/seed2026/relation_D/validation_epoch_100.json
final,2026,V_select,211,10,100,100,8,7,0.10537350922822952,0.11019732803106308,0.004823818802833557,0.01655009388923645,0.014057119376957417,-0.0024929745122790337,0.11364855617284775,0.11722588771954179,0.0035773315466940403,project/results/qgat_extend100/seed2026/gnn/validation_epoch_100.json,project/results/qgat_extend100/seed2026/relation_D/validation_epoch_100.json
final,2026,V_select,211,15,100,100,8,7,0.10537344217300415,0.11019735038280487,0.00482390820980072,0.01654975302517414,0.014057342894375324,-0.0024924101307988167,0.11364831868559122,0.11722602182999253,0.003577703144401312,project/results/qgat_extend100/seed2026/gnn/validation_epoch_100.json,project/results/qgat_extend100/seed2026/relation_D/validation_epoch_100.json
final,2026,V_select,211,20,100,100,8,7,0.10536787658929825,0.11019842326641083,0.004830546677112579,0.0165493693202734,0.014057578518986702,-0.0024917908012866974,0.11364256124943495,0.11722721252590418,0.0035846512764692307,project/results/qgat_extend100/seed2026/gnn/validation_epoch_100.json,project/results/qgat_extend100/seed2026/relation_D/validation_epoch_100.json
final,2026,V_select,212,5,100,100,7,7,0.012344171293079853,0.012926621362566948,0.0005824500694870949,0.01499155256897211,0.013937979936599731,-0.0010535726323723793,0.01983994757756591,0.019895611330866814,5.566375330090523e-05,project/results/qgat_extend100/seed2026/gnn/validation_epoch_100.json,project/results/qgat_extend100/seed2026/relation_D/validation_epoch_100.json
final,2026,V_select,212,10,100,100,7,7,0.012341631576418877,0.01292822603136301,0.0005865944549441338,0.014978749677538872,0.01394215039908886,-0.0010365992784500122,0.019831006415188313,0.01989930123090744,6.829481571912766e-05,project/results/qgat_extend100/seed2026/gnn/validation_epoch_100.json,project/results/qgat_extend100/seed2026/relation_D/validation_epoch_100.json
final,2026,V_select,212,15,100,100,7,7,0.012339981272816658,0.01292868610471487,0.0005887048318982124,0.01497491542249918,0.013941215351223946,-0.0010337000712752342,0.019827438984066248,0.019899293780326843,7.185479626059532e-05,project/results/qgat_extend100/seed2026/gnn/validation_epoch_100.json,project/results/qgat_extend100/seed2026/relation_D/validation_epoch_100.json
final,2026,V_select,212,20,100,100,7,7,0.012340052984654903,0.01292888168245554,0.0005888286978006363,0.014975027181208134,0.013941511511802673,-0.0010335156694054604,0.01982756657525897,0.019899637438356876,7.207086309790611e-05,project/results/qgat_extend100/seed2026/gnn/validation_epoch_100.json,project/results/qgat_extend100/seed2026/relation_D/validation_epoch_100.json
final,2026,V_select,213,5,100,100,7,7,0.011506048031151295,0.012799352407455444,0.0012933043763041496,0.016542958095669746,0.014208693988621235,-0.0023342641070485115,0.019777527078986168,0.019903699401766062,0.00012617232277989388,project/results/qgat_extend100/seed2026/gnn/validation_epoch_100.json,project/results/qgat_extend100/seed2026/relation_D/validation_epoch_100.json
final,2026,V_select,213,10,100,100,7,7,0.011498997919261456,0.012801156379282475,0.001302158460021019,0.016519756987690926,0.014215759001672268,-0.0023039979860186577,0.01975887641310692,0.01990903588011861,0.00015015946701169014,project/results/qgat_extend100/seed2026/gnn/validation_epoch_100.json,project/results/qgat_extend100/seed2026/relation_D/validation_epoch_100.json
final,2026,V_select,213,15,100,100,7,7,0.01149203535169363,0.012803164310753345,0.0013111289590597153,0.01650313287973404,0.014219546690583229,-0.0022835861891508102,0.01974360179156065,0.01991293765604496,0.00016933586448431015,project/results/qgat_extend100/seed2026/gnn/validation_epoch_100.json,project/results/qgat_extend100/seed2026/relation_D/validation_epoch_100.json
final,2026,V_select,213,20,100,100,7,7,0.012822553515434265,0.015226565301418304,0.0024040117859840393,0.015354611910879612,0.01719219610095024,0.0018375841900706291,0.02049985947087407,0.023822663351893425,0.003322803881019354,project/results/qgat_extend100/seed2026/gnn/validation_epoch_100.json,project/results/qgat_extend100/seed2026/relation_D/validation_epoch_100.json
final,2026,V_select,214,5,100,100,7,7,0.010814385488629341,0.011854791082441807,0.0010404055938124657,0.01353349257260561,0.01209294144064188,-0.0014405511319637299,0.017581131774932146,0.017901261802762747,0.00032013002783060074,project/results/qgat_extend100/seed2026/gnn/validation_epoch_100.json,project/results/qgat_extend100/seed2026/relation_D/validation_epoch_100.json
final,2026,V_select,214,10,100,100,7,7,0.010748280212283134,0.013256828300654888,0.0025085480883717537,0.01244906522333622,0.014318490400910378,0.0018694251775741577,0.016972812823951244,0.020416073501110077,0.0034432606771588326,project/results/qgat_extend100/seed2026/gnn/validation_epoch_100.json,project/results/qgat_extend100/seed2026/relation_D/validation_epoch_100.json
final,2026,V_select,214,15,100,100,7,7,0.010749315842986107,0.013265480287373066,0.002516164444386959,0.012444066815078259,0.014347681775689125,0.0019036149606108665,0.016971349250525236,0.02043932117521763,0.0034679719246923923,project/results/qgat_extend100/seed2026/gnn/validation_epoch_100.json,project/results/qgat_extend100/seed2026/relation_D/validation_epoch_100.json
final,2026,V_select,214,20,100,100,7,7,0.01074978243559599,0.01326550729572773,0.0025157248601317406,0.012444114312529564,0.014346122741699219,0.0019020084291696548,0.01697183959186077,0.02043856866657734,0.003466729074716568,project/results/qgat_extend100/seed2026/gnn/validation_epoch_100.json,project/results/qgat_extend100/seed2026/relation_D/validation_epoch_100.json
final,2026,V_select,215,5,100,100,7,7,0.009721623733639717,0.013383932411670685,0.0036623086780309677,0.009960895404219627,0.015349967405200005,0.005389072000980377,0.01470207143574953,0.021058916114270687,0.006356844678521156,project/results/qgat_extend100/seed2026/gnn/validation_epoch_100.json,project/results/qgat_extend100/seed2026/relation_D/validation_epoch_100.json
final,2026,V_select,215,10,100,100,7,7,0.010945563204586506,0.01452366542071104,0.0035781022161245346,0.012558460235595703,0.017353994771838188,0.004795534536242485,0.017224793322384357,0.023200662806630135,0.005975869484245777,project/results/qgat_extend100/seed2026/gnn/validation_epoch_100.json,project/results/qgat_extend100/seed2026/relation_D/validation_epoch_100.json
final,2026,V_select,215,15,100,100,7,7,0.010939890518784523,0.014527441933751106,0.0035875514149665833,0.012543601915240288,0.017367469146847725,0.004823867231607437,0.017211691476404667,0.02321117650717497,0.005999485030770302,project/results/qgat_extend100/seed2026/gnn/validation_epoch_100.json,project/results/qgat_extend100/seed2026/relation_D/validation_epoch_100.json
final,2026,V_select,215,20,100,100,7,7,0.010939346626400948,0.01452958770096302,0.0035902410745620728,0.012543807737529278,0.017371278256177902,0.004827470518648624,0.017211250495165586,0.02321522682905197,0.006003976333886385,project/results/qgat_extend100/seed2026/gnn/validation_epoch_100.json,project/results/qgat_extend100/seed2026/relation_D/validation_epoch_100.json
final,2026,V_select,216,5,100,100,7,7,0.008466703817248344,0.011895219795405865,0.0034285159781575203,0.010657230392098427,0.014255212619900703,0.0035979822278022766,0.013795319013297558,0.019022826105356216,0.005227507092058659,project/results/qgat_extend100/seed2026/gnn/validation_epoch_100.json,project/results/qgat_extend100/seed2026/relation_D/validation_epoch_100.json
final,2026,V_select,216,10,100,100,7,7,0.008465969003736973,0.011898420751094818,0.0034324517473578453,0.010657532140612602,0.014263168908655643,0.0036056367680430412,0.013794735074043274,0.01903000520542264,0.005235270131379366,project/results/qgat_extend100/seed2026/gnn/validation_epoch_100.json,project/results/qgat_extend100/seed2026/relation_D/validation_epoch_100.json
final,2026,V_select,216,15,100,100,7,7,0.008463865146040916,0.01190182100981474,0.003437955863773823,0.010652017779648304,0.01427785586565733,0.0036258380860090256,0.013789874035865068,0.019040748942643404,0.005250874906778336,project/results/qgat_extend100/seed2026/gnn/validation_epoch_100.json,project/results/qgat_extend100/seed2026/relation_D/validation_epoch_100.json
final,2026,V_select,216,20,100,100,7,7,0.010446606203913689,0.014295929111540318,0.003849322907626629,0.011653497815132141,0.017046011984348297,0.005392514169216156,0.01627335511147976,0.022818935103714466,0.006545579992234707,project/results/qgat_extend100/seed2026/gnn/validation_epoch_100.json,project/results/qgat_extend100/seed2026/relation_D/validation_epoch_100.json
final,2026,V_select,217,5,100,100,7,7,0.01867397129535675,0.019570056349039078,0.0008960850536823273,0.03719094395637512,0.036312367767095566,-0.0008785761892795563,0.03726944327354431,0.03772624023258686,0.00045679695904254913,project/results/qgat_extend100/seed2026/gnn/validation_epoch_100.json,project/results/qgat_extend100/seed2026/relation_D/validation_epoch_100.json
final,2026,V_select,217,10,100,100,7,7,0.018665963783860207,0.01957300677895546,0.000907042995095253,0.03717421367764473,0.036318205296993256,-0.000856008380651474,0.03725307062268257,0.03773210942745209,0.000479038804769516,project/results/qgat_extend100/seed2026/gnn/validation_epoch_100.json,project/results/qgat_extend100/seed2026/relation_D/validation_epoch_100.json
final,2026,V_select,217,15,100,100,7,7,0.018663784489035606,0.01957273855805397,0.000908954069018364,0.03716939687728882,0.036315541714429855,-0.000853855162858963,0.037248482927680016,0.0377305094152689,0.00048202648758888245,project/results/qgat_extend100/seed2026/gnn/validation_epoch_100.json,project/results/qgat_extend100/seed2026/relation_D/validation_epoch_100.json
final,2026,V_select,217,20,100,100,7,7,0.020647600293159485,0.02196549065411091,0.0013178903609514236,0.038176823407411575,0.039082784205675125,0.0009059607982635498,0.03973601199686527,0.04150688275694847,0.0017708707600831985,project/results/qgat_extend100/seed2026/gnn/validation_epoch_100.json,project/results/qgat_extend100/seed2026/relation_D/validation_epoch_100.json
final,2026,V_select,218,5,100,100,7,7,0.03546319529414177,0.035611797124147415,0.00014860183000564575,0.04486146196722984,0.04292893037199974,-0.0019325315952301025,0.05789392627775669,0.057076262310147285,-0.0008176639676094055,project/results/qgat_extend100/seed2026/gnn/validation_epoch_100.json,project/results/qgat_extend100/seed2026/relation_D/validation_epoch_100.json
final,2026,V_select,218,10,100,100,7,7,0.035451460629701614,0.035611871629953384,0.00016041100025177002,0.04483336955308914,0.04292825981974602,-0.0019051097333431244,0.057868145406246185,0.05707600153982639,-0.0007921438664197922,project/results/qgat_extend100/seed2026/gnn/validation_epoch_100.json,project/results/qgat_extend100/seed2026/relation_D/validation_epoch_100.json
final,2026,V_select,218,15,100,100,7,7,0.03538454324007034,0.03701665997505188,0.0016321167349815369,0.04375993460416794,0.04515542834997177,0.001395493745803833,0.05726451054215431,0.059594374150037766,0.0023298636078834534,project/results/qgat_extend100/seed2026/gnn/validation_epoch_100.json,project/results/qgat_extend100/seed2026/relation_D/validation_epoch_100.json
final,2026,V_select,218,20,100,100,7,7,0.035383448004722595,0.03701600804924965,0.0016325600445270538,0.04375573620200157,0.04515400156378746,0.0013982653617858887,0.05726131610572338,0.05959300883114338,0.002331692725419998,project/results/qgat_extend100/seed2026/gnn/validation_epoch_100.json,project/results/qgat_extend100/seed2026/relation_D/validation_epoch_100.json
final,2026,V_select,219,5,100,100,7,7,0.010597093030810356,0.011586100794374943,0.0009890077635645866,0.011004390195012093,0.012020395137369633,0.0010160049423575401,0.016099288128316402,0.01759629836305976,0.0014970102347433567,project/results/qgat_extend100/seed2026/gnn/validation_epoch_100.json,project/results/qgat_extend100/seed2026/relation_D/validation_epoch_100.json
final,2026,V_select,219,10,100,100,7,7,0.011928899213671684,0.012748999521136284,0.0008201003074645996,0.013067558407783508,0.014701093547046185,0.0016335351392626762,0.01846267841756344,0.020099546294659376,0.0016368678770959377,project/results/qgat_extend100/seed2026/gnn/validation_epoch_100.json,project/results/qgat_extend100/seed2026/relation_D/validation_epoch_100.json
final,2026,V_select,219,15,100,100,7,7,0.011926516890525818,0.012753804214298725,0.0008272873237729073,0.013073259964585304,0.014713815413415432,0.0016405554488301277,0.01846314687281847,0.02011071192100644,0.0016475650481879711,project/results/qgat_extend100/seed2026/gnn/validation_epoch_100.json,project/results/qgat_extend100/seed2026/relation_D/validation_epoch_100.json
final,2026,V_select,219,20,100,100,7,7,0.011927178129553795,0.01275256834924221,0.0008253902196884155,0.013076627627015114,0.014712290838360786,0.0016356632113456726,0.018465491943061352,0.020108713768422604,0.0016432218253612518,project/results/qgat_extend100/seed2026/gnn/validation_epoch_100.json,project/results/qgat_extend100/seed2026/relation_D/validation_epoch_100.json
final,2026,V_select,220,5,100,100,7,7,0.00814397819340229,0.008646337315440178,0.0005023591220378876,0.00936269573867321,0.00905798189342022,-0.0003047138452529907,0.012825326062738895,0.013175328262150288,0.0003500021994113922,project/results/qgat_extend100/seed2026/gnn/validation_epoch_100.json,project/results/qgat_extend100/seed2026/relation_D/validation_epoch_100.json
final,2026,V_select,220,10,100,100,7,7,0.008150427602231503,0.008646880276501179,0.0004964526742696762,0.009380470030009747,0.00905811320990324,-0.00032235682010650635,0.012840662617236376,0.013175936881452799,0.00033527426421642303,project/results/qgat_extend100/seed2026/gnn/validation_epoch_100.json,project/results/qgat_extend100/seed2026/relation_D/validation_epoch_100.json
final,2026,V_select,220,15,100,100,7,7,0.008150545880198479,0.008647846058011055,0.0004973001778125763,0.00937875546514988,0.009062412194907665,-0.0003163432702422142,0.012839923612773418,0.013179052155464888,0.0003391285426914692,project/results/qgat_extend100/seed2026/gnn/validation_epoch_100.json,project/results/qgat_extend100/seed2026/relation_D/validation_epoch_100.json
final,2026,V_select,220,20,100,100,7,7,0.008150545880198479,0.008647846058011055,0.0004973001778125763,0.00937875546514988,0.009062412194907665,-0.0003163432702422142,0.012839923612773418,0.013179052155464888,0.0003391285426914692,project/results/qgat_extend100/seed2026/gnn/validation_epoch_100.json,project/results/qgat_extend100/seed2026/relation_D/validation_epoch_100.json
final,2026,V_select,221,5,100,100,7,7,0.010102351196110249,0.01136287022382021,0.001260519027709961,0.011231877841055393,0.013041374273598194,0.001809496432542801,0.015718290116637945,0.017883557360619307,0.0021652672439813614,project/results/qgat_extend100/seed2026/gnn/validation_epoch_100.json,project/results/qgat_extend100/seed2026/relation_D/validation_epoch_100.json
final,2026,V_select,221,10,100,100,7,7,0.01010360848158598,0.011363436467945576,0.0012598279863595963,0.011234017089009285,0.013042709790170193,0.0018086927011609077,0.015720617026090622,0.017884791363030672,0.00216417433694005,project/results/qgat_extend100/seed2026/gnn/validation_epoch_100.json,project/results/qgat_extend100/seed2026/relation_D/validation_epoch_100.json
final,2026,V_select,221,15,100,100,7,7,0.010103680193424225,0.011363484896719456,0.0012598047032952309,0.011234091594815254,0.013042661361396313,0.0018085697665810585,0.015720725990831852,0.017884815577417612,0.00216408958658576,project/results/qgat_extend100/seed2026/gnn/validation_epoch_100.json,project/results/qgat_extend100/seed2026/relation_D/validation_epoch_100.json
final,2026,V_select,221,20,100,100,7,7,0.010103680193424225,0.011363484896719456,0.0012598047032952309,0.011234091594815254,0.013042661361396313,0.0018085697665810585,0.015720725990831852,0.017884815577417612,0.00216408958658576,project/results/qgat_extend100/seed2026/gnn/validation_epoch_100.json,project/results/qgat_extend100/seed2026/relation_D/validation_epoch_100.json
final,2026,V_select,222,5,100,100,7,7,0.01062089018523693,0.01214893814176321,0.0015280479565262794,0.011853978037834167,0.014309979043900967,0.002456001006066799,0.016547879204154015,0.019303927663713694,0.002756048459559679,project/results/qgat_extend100/seed2026/gnn/validation_epoch_100.json,project/results/qgat_extend100/seed2026/relation_D/validation_epoch_100.json
final,2026,V_select,222,10,100,100,7,7,0.01062084548175335,0.012149078771471977,0.001528233289718628,0.011853856965899467,0.01431006658822298,0.002456209622323513,0.016547773964703083,0.019304112065583467,0.0027563381008803844,project/results/qgat_extend100/seed2026/gnn/validation_epoch_100.json,project/results/qgat_extend100/seed2026/relation_D/validation_epoch_100.json
final,2026,V_select,222,15,100,100,7,7,0.010621300898492336,0.01214939821511507,0.001528097316622734,0.011854791082441807,0.014308029785752296,0.0024532387033104897,0.01654869643971324,0.01930341310799122,0.002754716668277979,project/results/qgat_extend100/seed2026/gnn/validation_epoch_100.json,project/results/qgat_extend100/seed2026/relation_D/validation_epoch_100.json
final,2026,V_select,222,20,100,100,7,7,0.010621212422847748,0.012149387039244175,0.0015281746163964272,0.011854791082441807,0.014308012090623379,0.002453221008181572,0.01654860796406865,0.019303393084555864,0.002754785120487213,project/results/qgat_extend100/seed2026/gnn/validation_epoch_100.json,project/results/qgat_extend100/seed2026/relation_D/validation_epoch_100.json
final,2026,V_select,223,5,100,100,7,7,0.009482835419476032,0.010809295810759068,0.0013264603912830353,0.011726518161594868,0.014579893089830875,0.0028533749282360077,0.015346094500273466,0.018099242355674505,0.002753147855401039,project/results/qgat_extend100/seed2026/gnn/validation_epoch_100.json,project/results/qgat_extend100/seed2026/relation_D/validation_epoch_100.json
final,2026,V_select,223,10,100,100,7,7,0.009482959285378456,0.01080884225666523,0.0013258829712867737,0.011726095341145992,0.014577984809875488,0.002851889468729496,0.015346006955951452,0.018097834661602974,0.0027518277056515217,project/results/qgat_extend100/seed2026/gnn/validation_epoch_100.json,project/results/qgat_extend100/seed2026/relation_D/validation_epoch_100.json
final,2026,V_select,223,15,100,100,7,7,0.009482800960540771,0.010808941908180714,0.0013261409476399422,0.011726414784789085,0.01457799132913351,0.002851576544344425,0.015346008352935314,0.01809793757274747,0.0027519292198121548,project/results/qgat_extend100/seed2026/gnn/validation_epoch_100.json,project/results/qgat_extend100/seed2026/relation_D/validation_epoch_100.json
final,2026,V_select,223,20,100,100,7,7,0.011511811055243015,0.013209031894803047,0.0016972208395600319,0.012890679761767387,0.017343295738101006,0.004452615976333618,0.01795715093612671,0.02188067976385355,0.003923528827726841,project/results/qgat_extend100/seed2026/gnn/validation_epoch_100.json,project/results/qgat_extend100/seed2026/relation_D/validation_epoch_100.json
final,2026,V_select,224,5,100,100,8,8,0.01318744570016861,0.011904273182153702,-0.0012831725180149078,0.014110386371612549,0.012698251754045486,-0.0014121346175670624,0.020242638885974884,0.018253399059176445,-0.001989239826798439,project/results/qgat_extend100/seed2026/gnn/validation_epoch_100.json,project/results/qgat_extend100/seed2026/relation_D/validation_epoch_100.json
final,2026,V_select,224,10,100,100,8,8,0.0130316112190485,0.01296855416148901,-6.30570575594902e-05,0.013821864500641823,0.01353505253791809,-0.000286811962723732,0.01994254346936941,0.019736080430448055,-0.0002064630389213562,project/results/qgat_extend100/seed2026/gnn/validation_epoch_100.json,project/results/qgat_extend100/seed2026/relation_D/validation_epoch_100.json
final,2026,V_select,224,15,100,100,8,8,0.012653335928916931,0.012346656993031502,-0.0003066789358854294,0.01344715803861618,0.013227134943008423,-0.00022002309560775757,0.01937691494822502,0.018960224464535713,-0.00041669048368930817,project/results/qgat_extend100/seed2026/gnn/validation_epoch_100.json,project/results/qgat_extend100/seed2026/relation_D/validation_epoch_100.json
final,2026,V_select,224,20,100,100,8,8,0.013352477923035622,0.012670088559389114,-0.0006823893636465073,0.013907203450798988,0.0139455646276474,3.836117684841156e-05,0.020306079648435116,0.019642870873212814,-0.0006632087752223015,project/results/qgat_extend100/seed2026/gnn/validation_epoch_100.json,project/results/qgat_extend100/seed2026/relation_D/validation_epoch_100.json
final,2026,V_select,225,5,100,100,8,8,0.012682248838245869,0.013337921351194382,0.000655672512948513,0.013735862448811531,0.01403859257698059,0.00030273012816905975,0.019550180062651634,0.020357217639684677,0.0008070375770330429,project/results/qgat_extend100/seed2026/gnn/validation_epoch_100.json,project/results/qgat_extend100/seed2026/relation_D/validation_epoch_100.json
final,2026,V_select,225,10,100,100,8,8,0.012304801493883133,0.01271773874759674,0.0004129372537136078,0.013360945507884026,0.013738859444856644,0.0003779139369726181,0.018985274247825146,0.019587168470025063,0.0006018942221999168,project/results/qgat_extend100/seed2026/gnn/validation_epoch_100.json,project/results/qgat_extend100/seed2026/relation_D/validation_epoch_100.json
final,2026,V_select,225,15,100,100,8,8,0.013077705167233944,0.012985107488930225,-9.259767830371857e-05,0.01358877681195736,0.014358269982039928,0.0007694931700825691,0.019872093573212624,0.02016424247995019,0.000292148906737566,project/results/qgat_extend100/seed2026/gnn/validation_epoch_100.json,project/results/qgat_extend100/seed2026/relation_D/validation_epoch_100.json
final,2026,V_select,225,20,100,100,8,8,0.01307736150920391,0.012985018081963062,-9.234342724084854e-05,0.01358809508383274,0.014358230866491795,0.0007701357826590538,0.01987140905112028,0.02016413351520896,0.00029272446408867836,project/results/qgat_extend100/seed2026/gnn/validation_epoch_100.json,project/results/qgat_extend100/seed2026/relation_D/validation_epoch_100.json
final,2026,V_select,226,5,100,100,8,8,0.014065015129745007,0.013724396005272865,-0.00034061912447214127,0.015522010624408722,0.015696724876761436,0.00017471425235271454,0.021826020441949368,0.021572758443653584,-0.000253261998295784,project/results/qgat_extend100/seed2026/gnn/validation_epoch_100.json,project/results/qgat_extend100/seed2026/relation_D/validation_epoch_100.json
final,2026,V_select,226,10,100,100,8,8,0.013687122613191605,0.013102615252137184,-0.0005845073610544205,0.015148763544857502,0.015393830835819244,0.0002450672909617424,0.021261504385620356,0.020799530670046806,-0.00046197371557354927,project/results/qgat_extend100/seed2026/gnn/validation_epoch_100.json,project/results/qgat_extend100/seed2026/relation_D/validation_epoch_100.json
final,2026,V_select,226,15,100,100,8,8,0.013685943558812141,0.013099702075123787,-0.0005862414836883545,0.015147533267736435,0.01538112759590149,0.00023359432816505432,0.02125971019268036,0.02079026587307453,-0.00046944431960582733,project/results/qgat_extend100/seed2026/gnn/validation_epoch_100.json,project/results/qgat_extend100/seed2026/relation_D/validation_epoch_100.json
final,2026,V_select,226,20,100,100,8,8,0.013686763122677803,0.013098624534904957,-0.0005881385877728462,0.015149036422371864,0.015379215590655804,0.00023017916828393936,0.021261281333863735,0.02078823233023286,-0.00047304900363087654,project/results/qgat_extend100/seed2026/gnn/validation_epoch_100.json,project/results/qgat_extend100/seed2026/relation_D/validation_epoch_100.json
final,2026,V_select,227,5,100,100,8,8,0.015310507267713547,0.0140308178961277,-0.001279689371585846,0.01717943139374256,0.015602314844727516,-0.0015771165490150452,0.023900222964584827,0.02183197531849146,-0.0020682476460933685,project/results/qgat_extend100/seed2026/gnn/validation_epoch_100.json,project/results/qgat_extend100/seed2026/relation_D/validation_epoch_100.json
final,2026,V_select,227,10,100,100,8,8,0.01475616917014122,0.014863621443510056,0.00010745227336883545,0.016903789713978767,0.016689442098140717,-0.00021434761583805084,0.023208064027130604,0.023208342492580414,2.784654498100281e-07,project/results/qgat_extend100/seed2026/gnn/validation_epoch_100.json,project/results/qgat_extend100/seed2026/relation_D/validation_epoch_100.json
final,2026,V_select,227,15,100,100,8,8,0.014755663461983204,0.014864436350762844,0.0001087728887796402,0.01690049283206463,0.016692668199539185,-0.00020782463252544403,0.023205909878015518,0.023210770450532436,4.860572516918182e-06,project/results/qgat_extend100/seed2026/gnn/validation_epoch_100.json,project/results/qgat_extend100/seed2026/relation_D/validation_epoch_100.json
final,2026,V_select,227,20,100,100,8,8,0.01545526459813118,0.015188828110694885,-0.00026643648743629456,0.017359871417284012,0.017412763088941574,5.2891671657562256e-05,0.024135200306773186,0.023895209655165672,-0.00023999065160751343,project/results/qgat_extend100/seed2026/gnn/validation_epoch_100.json,project/results/qgat_extend100/seed2026/relation_D/validation_epoch_100.json
final,2026,V_select,228,5,100,100,8,8,0.012392811477184296,0.011682627722620964,-0.0007101837545633316,0.014165179803967476,0.01309451088309288,-0.0010706689208745956,0.019475401379168034,0.018229883164167404,-0.0012455182150006294,project/results/qgat_extend100/seed2026/gnn/validation_epoch_100.json,project/results/qgat_extend100/seed2026/relation_D/validation_epoch_100.json
final,2026,V_select,228,10,100,100,8,8,0.012393273413181305,0.011681792326271534,-0.000711481086909771,0.014166231267154217,0.013089763931930065,-0.0010764673352241516,0.019476389046758413,0.018226674292236567,-0.0012497147545218468,project/results/qgat_extend100/seed2026/gnn/validation_epoch_100.json,project/results/qgat_extend100/seed2026/relation_D/validation_epoch_100.json
final,2026,V_select,228,15,100,100,8,8,0.012392722070217133,0.011683516204357147,-0.0007092058658599854,0.014163621701300144,0.013093838468194008,-0.0010697832331061363,0.019474532920867205,0.01823043543845415,-0.0012440974824130535,project/results/qgat_extend100/seed2026/gnn/validation_epoch_100.json,project/results/qgat_extend100/seed2026/relation_D/validation_epoch_100.json
final,2026,V_select,228,20,100,100,8,8,0.012013953179121017,0.011060094460844994,-0.0009538587182760239,0.013787351548671722,0.012783259153366089,-0.0010040923953056335,0.01890762895345688,0.017451724037528038,-0.0014559049159288406,project/results/qgat_extend100/seed2026/gnn/validation_epoch_100.json,project/results/qgat_extend100/seed2026/relation_D/validation_epoch_100.json
final,2026,V_select,229,5,100,100,8,8,0.013472129590809345,0.013066481798887253,-0.00040564779192209244,0.01565633900463581,0.015698468312621117,4.2129307985305786e-05,0.02130029909312725,0.02091571595519781,-0.00038458313792943954,project/results/qgat_extend100/seed2026/gnn/validation_epoch_100.json,project/results/qgat_extend100/seed2026/relation_D/validation_epoch_100.json
final,2026,V_select,229,10,100,100,8,8,0.013471721671521664,0.013065140694379807,-0.00040658097714185715,0.01565576158463955,0.015695713460445404,3.99518758058548e-05,0.02129960246384144,0.02091299742460251,-0.00038660503923892975,project/results/qgat_extend100/seed2026/gnn/validation_epoch_100.json,project/results/qgat_extend100/seed2026/relation_D/validation_epoch_100.json
final,2026,V_select,229,15,100,100,8,8,0.013472087681293488,0.013065438717603683,-0.0004066489636898041,0.01565622352063656,0.015698464587330818,4.2241066694259644e-05,0.021300199441611767,0.020914671011269093,-0.00038552843034267426,project/results/qgat_extend100/seed2026/gnn/validation_epoch_100.json,project/results/qgat_extend100/seed2026/relation_D/validation_epoch_100.json
final,2026,V_select,229,20,100,100,8,8,0.013472151942551136,0.013065843842923641,-0.0004063080996274948,0.015658561140298843,0.015698790550231934,4.022940993309021e-05,0.021301432512700558,0.020915239118039608,-0.0003861933946609497,project/results/qgat_extend100/seed2026/gnn/validation_epoch_100.json,project/results/qgat_extend100/seed2026/relation_D/validation_epoch_100.json
final,2026,V_select,230,5,100,100,8,8,0.012474071234464645,0.012615783140063286,0.00014171190559864044,0.014493163675069809,0.014032340608537197,-0.00046082306653261185,0.01972065307199955,0.019631953444331884,-8.869962766766548e-05,project/results/qgat_extend100/seed2026/gnn/validation_epoch_100.json,project/results/qgat_extend100/seed2026/relation_D/validation_epoch_100.json
final,2026,V_select,230,10,100,100,8,8,0.012318091467022896,0.013679826632142067,0.0013617351651191711,0.014203263446688652,0.014870229177176952,0.0006669657304883003,0.019419723190367222,0.021114941220730543,0.0016952180303633213,project/results/qgat_extend100/seed2026/gnn/validation_epoch_100.json,project/results/qgat_extend100/seed2026/relation_D/validation_epoch_100.json
final,2026,V_select,230,15,100,100,8,8,0.012318037450313568,0.013678589835762978,0.0013605523854494095,0.014201683923602104,0.014865917153656483,0.0006642332300543785,0.01941887941211462,0.02111154841259122,0.0016926690004765987,project/results/qgat_extend100/seed2026/gnn/validation_epoch_100.json,project/results/qgat_extend100/seed2026/relation_D/validation_epoch_100.json
final,2026,V_select,230,20,100,100,8,8,0.012318231165409088,0.01367916539311409,0.0013609342277050018,0.014202423393726349,0.014869479462504387,0.000667056068778038,0.019419442862272263,0.021113905124366283,0.0016944622620940208,project/results/qgat_extend100/seed2026/gnn/validation_epoch_100.json,project/results/qgat_extend100/seed2026/relation_D/validation_epoch_100.json
final,2026,V_select,231,5,100,100,8,8,0.012200706638395786,0.011880587786436081,-0.00032011885195970535,0.01469411700963974,0.01449565403163433,-0.00019846297800540924,0.019547765143215656,0.019128414802253246,-0.00041935034096241,project/results/qgat_extend100/seed2026/gnn/validation_epoch_100.json,project/results/qgat_extend100/seed2026/relation_D/validation_epoch_100.json
final,2026,V_select,231,10,100,100,8,8,0.012201182544231415,0.011881284415721893,-0.0003198981285095215,0.014696948230266571,0.014499899931252003,-0.00019704829901456833,0.0195496566593647,0.019131234381347895,-0.00041842227801680565,project/results/qgat_extend100/seed2026/gnn/validation_epoch_100.json,project/results/qgat_extend100/seed2026/relation_D/validation_epoch_100.json
final,2026,V_select,231,15,100,100,8,8,0.01220171432942152,0.011880544945597649,-0.0003211693838238716,0.014699588529765606,0.014497233554720879,-0.00020235497504472733,0.019551508594304323,0.019129161722958088,-0.0004223468713462353,project/results/qgat_extend100/seed2026/gnn/validation_epoch_100.json,project/results/qgat_extend100/seed2026/relation_D/validation_epoch_100.json
final,2026,V_select,231,20,100,100,8,8,0.01290268823504448,0.012202519923448563,-0.0007001683115959167,0.015163123607635498,0.015211816877126694,4.869326949119568e-05,0.02048425003886223,0.01980842836201191,-0.0006758216768503189,project/results/qgat_extend100/seed2026/gnn/validation_epoch_100.json,project/results/qgat_extend100/seed2026/relation_D/validation_epoch_100.json
final,2026,V_select,232,5,100,100,8,8,0.022716403007507324,0.021454062312841415,-0.0012623406946659088,0.034341298043727875,0.031025057658553123,-0.0033162403851747513,0.03988705202937126,0.03696659114211798,-0.0029204608872532845,project/results/qgat_extend100/seed2026/gnn/validation_epoch_100.json,project/results/qgat_extend100/seed2026/relation_D/validation_epoch_100.json
final,2026,V_select,232,10,100,100,8,8,0.022717468440532684,0.021453890949487686,-0.0012635774910449982,0.034343767911195755,0.031027236953377724,-0.0033165309578180313,0.03988935239613056,0.03696750942617655,-0.002921842969954014,project/results/qgat_extend100/seed2026/gnn/validation_epoch_100.json,project/results/qgat_extend100/seed2026/relation_D/validation_epoch_100.json
final,2026,V_select,232,15,100,100,8,8,0.022720027714967728,0.021452702581882477,-0.0012673251330852509,0.03435184061527252,0.031022826209664345,-0.003329014405608177,0.03989594802260399,0.03696411568671465,-0.0029318323358893394,project/results/qgat_extend100/seed2026/gnn/validation_epoch_100.json,project/results/qgat_extend100/seed2026/relation_D/validation_epoch_100.json
final,2026,V_select,232,20,100,100,8,8,0.02271958813071251,0.021453391760587692,-0.001266196370124817,0.034352630376815796,0.031025225296616554,-0.0033274050801992416,0.03989590331912041,0.03696600440889597,-0.0029298989102244377,project/results/qgat_extend100/seed2026/gnn/validation_epoch_100.json,project/results/qgat_extend100/seed2026/relation_D/validation_epoch_100.json
final,2026,V_select,233,5,100,100,8,8,0.02809862419962883,0.026428475975990295,-0.0016701482236385345,0.01949416659772396,0.018372245132923126,-0.0011219214648008347,0.03784570749849081,0.03561459854245186,-0.002231108956038952,project/results/qgat_extend100/seed2026/gnn/validation_epoch_100.json,project/results/qgat_extend100/seed2026/relation_D/validation_epoch_100.json
final,2026,V_select,233,10,100,100,8,8,0.02809825912117958,0.02642608992755413,-0.0016721691936254501,0.019494539126753807,0.018370941281318665,-0.0011235978454351425,0.037845528684556484,0.03561156056821346,-0.0022339681163430214,project/results/qgat_extend100/seed2026/gnn/validation_epoch_100.json,project/results/qgat_extend100/seed2026/relation_D/validation_epoch_100.json
final,2026,V_select,233,15,100,100,8,8,0.02809811569750309,0.026425756514072418,-0.0016723591834306717,0.019493412226438522,0.018370848149061203,-0.0011225640773773193,0.03784482181072235,0.03561118058860302,-0.0022336412221193314,project/results/qgat_extend100/seed2026/gnn/validation_epoch_100.json,project/results/qgat_extend100/seed2026/relation_D/validation_epoch_100.json
final,2026,V_select,233,20,100,100,8,8,0.028098076581954956,0.026425397023558617,-0.0016726795583963394,0.01949397847056389,0.018369384109973907,-0.001124594360589981,0.0378450658172369,0.03561008907854557,-0.00223497673869133,project/results/qgat_extend100/seed2026/gnn/validation_epoch_100.json,project/results/qgat_extend100/seed2026/relation_D/validation_epoch_100.json
final,2026,V_select,234,5,100,100,8,8,0.03462820127606392,0.030999602749943733,-0.003628598526120186,0.0777016431093216,0.07037834823131561,-0.0073232948780059814,0.07347902283072472,0.06618877686560154,-0.007290245965123177,project/results/qgat_extend100/seed2026/gnn/validation_epoch_100.json,project/results/qgat_extend100/seed2026/relation_D/validation_epoch_100.json
final,2026,V_select,234,10,100,100,8,8,0.034628916531801224,0.03099927306175232,-0.0036296434700489044,0.07770291715860367,0.07037975639104843,-0.007323160767555237,0.07348037511110306,0.06618915125727654,-0.007291223853826523,project/results/qgat_extend100/seed2026/gnn/validation_epoch_100.json,project/results/qgat_extend100/seed2026/relation_D/validation_epoch_100.json
final,2026,V_select,234,15,100,100,8,8,0.03529928997159004,0.03132253140211105,-0.003976758569478989,0.07803785800933838,0.07114554941654205,-0.006892308592796326,0.07431821897625923,0.06689530611038208,-0.0074229128658771515,project/results/qgat_extend100/seed2026/gnn/validation_epoch_100.json,project/results/qgat_extend100/seed2026/relation_D/validation_epoch_100.json
final,2026,V_select,234,20,100,100,8,8,0.035300008952617645,0.03132111206650734,-0.003978896886110306,0.07804283499717712,0.07113906741142273,-0.0069037675857543945,0.07432142645120621,0.0668906457722187,-0.007430780678987503,project/results/qgat_extend100/seed2026/gnn/validation_epoch_100.json,project/results/qgat_extend100/seed2026/relation_D/validation_epoch_100.json
final,2026,V_select,235,5,100,100,8,8,0.06467719376087189,0.061214081943035126,-0.0034631118178367615,0.09876225143671036,0.09273247420787811,-0.006029777228832245,0.11405831947922707,0.10758031904697418,-0.006478000432252884,project/results/qgat_extend100/seed2026/gnn/validation_epoch_100.json,project/results/qgat_extend100/seed2026/relation_D/validation_epoch_100.json
final,2026,V_select,235,10,100,100,8,8,0.0646766871213913,0.06121305376291275,-0.003463633358478546,0.09876150637865067,0.09273089468479156,-0.0060306116938591,0.11405744031071663,0.10757850110530853,-0.006478939205408096,project/results/qgat_extend100/seed2026/gnn/validation_epoch_100.json,project/results/qgat_extend100/seed2026/relation_D/validation_epoch_100.json
final,2026,V_select,235,15,100,100,8,8,0.06467607617378235,0.06121201440691948,-0.0034640617668628693,0.09875982254743576,0.0927283838391304,-0.006031438708305359,0.11405598744750023,0.10757620632648468,-0.006479781121015549,project/results/qgat_extend100/seed2026/gnn/validation_epoch_100.json,project/results/qgat_extend100/seed2026/relation_D/validation_epoch_100.json
final,2026,V_select,235,20,100,100,8,8,0.06466443836688995,0.06121587008237839,-0.003448568284511566,0.09872313588857651,0.09274297952651978,-0.005980156362056732,0.11402600631117821,0.10758735984563828,-0.006438646465539932,project/results/qgat_extend100/seed2026/gnn/validation_epoch_100.json,project/results/qgat_extend100/seed2026/relation_D/validation_epoch_100.json
final,2026,V_select,236,5,100,100,8,8,0.014165285974740982,0.01379283145070076,-0.00037245452404022217,0.017626048997044563,0.01679750718176365,-0.0008285418152809143,0.022978310473263264,0.022191585041582584,-0.0007867254316806793,project/results/qgat_extend100/seed2026/gnn/validation_epoch_100.json,project/results/qgat_extend100/seed2026/relation_D/validation_epoch_100.json
final,2026,V_select,236,10,100,100,8,8,0.014163152314722538,0.01379336602985859,-0.0003697862848639488,0.017619751393795013,0.01680053398013115,-0.0008192174136638641,0.022973028011620045,0.022193633019924164,-0.0007793949916958809,project/results/qgat_extend100/seed2026/gnn/validation_epoch_100.json,project/results/qgat_extend100/seed2026/relation_D/validation_epoch_100.json
final,2026,V_select,236,15,100,100,8,8,0.014164471998810768,0.013789587654173374,-0.00037488434463739395,0.017623886466026306,0.016796277835965157,-0.0008276086300611496,0.02297641523182392,0.022187726572155952,-0.0007886886596679688,project/results/qgat_extend100/seed2026/gnn/validation_epoch_100.json,project/results/qgat_extend100/seed2026/relation_D/validation_epoch_100.json
final,2026,V_select,236,20,100,100,8,8,0.01416759192943573,0.013789094984531403,-0.0003784969449043274,0.017637155950069427,0.01679537445306778,-0.000841781497001648,0.022986169904470444,0.022186782211065292,-0.0007993876934051514,project/results/qgat_extend100/seed2026/gnn/validation_epoch_100.json,project/results/qgat_extend100/seed2026/relation_D/validation_epoch_100.json
final,2026,V_select,237,5,100,100,8,8,0.011637778952717781,0.013782297261059284,0.002144518308341503,0.012721909210085869,0.012907136231660843,0.00018522702157497406,0.017998733557760715,0.020235865376889706,0.00223713181912899,project/results/qgat_extend100/seed2026/gnn/validation_epoch_100.json,project/results/qgat_extend100/seed2026/relation_D/validation_epoch_100.json
final,2026,V_select,237,10,100,100,8,8,0.012734823860228062,0.013071753084659576,0.00033692922443151474,0.014408898539841175,0.013396394439041615,-0.0010125041007995605,0.01993927313014865,0.019769950304180384,-0.00016932282596826553,project/results/qgat_extend100/seed2026/gnn/validation_epoch_100.json,project/results/qgat_extend100/seed2026/relation_D/validation_epoch_100.json
final,2026,V_select,237,15,100,100,8,8,0.012398913502693176,0.012525242753326893,0.00012632925063371658,0.014052552171051502,0.01333187147974968,-0.0007206806913018227,0.019425189588218927,0.019191178493201733,-0.00023401109501719475,project/results/qgat_extend100/seed2026/gnn/validation_epoch_100.json,project/results/qgat_extend100/seed2026/relation_D/validation_epoch_100.json
final,2026,V_select,237,20,100,100,8,8,0.013095414265990257,0.012843245640397072,-0.0002521686255931854,0.014512524008750916,0.014039997011423111,-0.00047252699732780457,0.020351676270365715,0.019863244146108627,-0.0004884321242570877,project/results/qgat_extend100/seed2026/gnn/validation_epoch_100.json,project/results/qgat_extend100/seed2026/relation_D/validation_epoch_100.json
final,2026,V_select,238,5,100,100,8,8,0.013298556208610535,0.01366967149078846,0.0003711152821779251,0.015445017255842686,0.014499097131192684,-0.0009459201246500015,0.021021064836531878,0.020919220056384802,-0.00010184478014707565,project/results/qgat_extend100/seed2026/gnn/validation_epoch_100.json,project/results/qgat_extend100/seed2026/relation_D/validation_epoch_100.json
final,2026,V_select,238,10,100,100,8,8,0.012925395742058754,0.013047188520431519,0.00012179277837276459,0.01508260890841484,0.014192093163728714,-0.0008905157446861267,0.020466700196266174,0.020143235102295876,-0.00032346509397029877,project/results/qgat_extend100/seed2026/gnn/validation_epoch_100.json,project/results/qgat_extend100/seed2026/relation_D/validation_epoch_100.json
final,2026,V_select,238,15,100,100,8,8,0.012926984578371048,0.01304654497653246,0.00011956039816141129,0.015088358893990517,0.01419094018638134,-0.0008974187076091766,0.020471164025366306,0.02014201506972313,-0.00032914895564317703,project/results/qgat_extend100/seed2026/gnn/validation_epoch_100.json,project/results/qgat_extend100/seed2026/relation_D/validation_epoch_100.json
final,2026,V_select,238,20,100,100,8,8,0.012927019968628883,0.01304606907069683,0.00011904910206794739,0.015087720938026905,0.014189360663294792,-0.0008983602747321129,0.020470880437642336,0.020140749402344227,-0.00033013103529810905,project/results/qgat_extend100/seed2026/gnn/validation_epoch_100.json,project/results/qgat_extend100/seed2026/relation_D/validation_epoch_100.json
final,2026,V_select,239,5,100,100,8,8,0.014300722628831863,0.014353035017848015,5.231238901615143e-05,0.017209401354193687,0.015682771801948547,-0.00152662955224514,0.022905423305928707,0.02219442091882229,-0.0007110023871064186,project/results/qgat_extend100/seed2026/gnn/validation_epoch_100.json,project/results/qgat_extend100/seed2026/relation_D/validation_epoch_100.json
final,2026,V_select,239,10,100,100,8,8,0.014299271628260612,0.014352872036397457,5.3600408136844635e-05,0.01720568537712097,0.015684600919485092,-0.0015210844576358795,0.0229021143168211,0.022195172496140003,-0.0007069418206810951,project/results/qgat_extend100/seed2026/gnn/validation_epoch_100.json,project/results/qgat_extend100/seed2026/relation_D/validation_epoch_100.json
final,2026,V_select,239,15,100,100,8,8,0.01429884135723114,0.01435291301459074,5.407165735960007e-05,0.01720130443572998,0.01568462699651718,-0.001516677439212799,0.02289949357509613,0.02219522651284933,-0.0007042670622467995,project/results/qgat_extend100/seed2026/gnn/validation_epoch_100.json,project/results/qgat_extend100/seed2026/relation_D/validation_epoch_100.json
final,2026,V_select,239,20,100,100,8,8,0.014297211542725563,0.014354501850903034,5.729030817747116e-05,0.01720011979341507,0.015689294785261154,-0.0015108250081539154,0.022897271439433098,0.02219914924353361,-0.0006981221958994865,project/results/qgat_extend100/seed2026/gnn/validation_epoch_100.json,project/results/qgat_extend100/seed2026/relation_D/validation_epoch_100.json
final,2026,V_select,240,5,100,100,8,8,0.2764641046524048,0.2644134759902954,-0.012050628662109375,1.157538652420044,1.1402695178985596,-0.017269134521484375,0.8552334308624268,0.8345482349395752,-0.020685195922851562,project/results/qgat_extend100/seed2026/gnn/validation_epoch_100.json,project/results/qgat_extend100/seed2026/relation_D/validation_epoch_100.json
final,2026,V_select,240,10,100,100,8,8,0.2762765884399414,0.2647569179534912,-0.011519670486450195,1.1570043563842773,1.140960454940796,-0.016043901443481445,0.8547787666320801,0.8352371454238892,-0.019541621208190918,project/results/qgat_extend100/seed2026/gnn/validation_epoch_100.json,project/results/qgat_extend100/seed2026/relation_D/validation_epoch_100.json
final,2026,V_select,240,15,100,100,8,8,0.2759254574775696,0.26419755816459656,-0.011727899312973022,1.1548926830291748,1.138965368270874,-0.01592731475830078,0.853371798992157,0.8336802423000336,-0.019691556692123413,project/results/qgat_extend100/seed2026/gnn/validation_epoch_100.json,project/results/qgat_extend100/seed2026/relation_D/validation_epoch_100.json
final,2026,V_select,240,20,100,100,8,8,0.2759261727333069,0.2641974687576294,-0.01172870397567749,1.1548943519592285,1.138965129852295,-0.015929222106933594,0.8533733487129211,0.8336800336837769,-0.019693315029144287,project/results/qgat_extend100/seed2026/gnn/validation_epoch_100.json,project/results/qgat_extend100/seed2026/relation_D/validation_epoch_100.json
final,2026,V_select,241,5,100,100,8,8,1.3832604885101318,1.4203386306762695,0.037078142166137695,3.484755754470825,3.6031887531280518,0.11843299865722656,3.1256383657455444,3.2219330072402954,0.09629464149475098,project/results/qgat_extend100/seed2026/gnn/validation_epoch_100.json,project/results/qgat_extend100/seed2026/relation_D/validation_epoch_100.json
final,2026,V_select,241,10,100,100,8,8,1.3814797401428223,1.4192674160003662,0.037787675857543945,3.4806346893310547,3.6014156341552734,0.12078094482421875,3.1217970848083496,3.219975233078003,0.09817814826965332,project/results/qgat_extend100/seed2026/gnn/validation_epoch_100.json,project/results/qgat_extend100/seed2026/relation_D/validation_epoch_100.json
final,2026,V_select,241,15,100,100,8,8,1.3806637525558472,1.419352650642395,0.03868889808654785,3.4795875549316406,3.6009347438812256,0.12134718894958496,3.1204575300216675,3.219820022583008,0.09936249256134033,project/results/qgat_extend100/seed2026/gnn/validation_epoch_100.json,project/results/qgat_extend100/seed2026/relation_D/validation_epoch_100.json
final,2026,V_select,241,20,100,100,8,8,1.3802947998046875,1.4190750122070312,0.03878021240234375,3.4792866706848145,3.601025104522705,0.12173843383789062,3.1199381351470947,3.219587564468384,0.09964942932128906,project/results/qgat_extend100/seed2026/gnn/validation_epoch_100.json,project/results/qgat_extend100/seed2026/relation_D/validation_epoch_100.json
final,2026,V_select,242,5,100,100,8,8,1.139451265335083,1.434516429901123,0.29506516456604004,2.552021026611328,3.2503738403320312,0.6983528137207031,2.415461778640747,3.0597033500671387,0.6442415714263916,project/results/qgat_extend100/seed2026/gnn/validation_epoch_100.json,project/results/qgat_extend100/seed2026/relation_D/validation_epoch_100.json
final,2026,V_select,242,10,100,100,8,8,1.1412179470062256,1.4350132942199707,0.2937953472137451,2.557396411895752,3.2518062591552734,0.6944098472595215,2.4199161529541016,3.0609164237976074,0.6410002708435059,project/results/qgat_extend100/seed2026/gnn/validation_epoch_100.json,project/results/qgat_extend100/seed2026/relation_D/validation_epoch_100.json
final,2026,V_select,242,15,100,100,8,8,1.1445512771606445,1.4289532899856567,0.2844020128250122,2.5662283897399902,3.2361578941345215,0.6699295043945312,2.4276654720306396,3.0470322370529175,0.6193667650222778,project/results/qgat_extend100/seed2026/gnn/validation_epoch_100.json,project/results/qgat_extend100/seed2026/relation_D/validation_epoch_100.json
final,2026,V_select,242,20,100,100,8,8,1.1446402072906494,1.4290472269058228,0.28440701961517334,2.5664730072021484,3.2363948822021484,0.669921875,2.4278767108917236,3.047244668006897,0.6193679571151733,project/results/qgat_extend100/seed2026/gnn/validation_epoch_100.json,project/results/qgat_extend100/seed2026/relation_D/validation_epoch_100.json
final,2026,V_select,243,5,100,100,8,8,0.7542959451675415,0.8315013647079468,0.07720541954040527,1.661167025566101,1.606335163116455,-0.054831862449645996,1.584879457950592,1.6346689462661743,0.049789488315582275,project/results/qgat_extend100/seed2026/gnn/validation_epoch_100.json,project/results/qgat_extend100/seed2026/relation_D/validation_epoch_100.json
final,2026,V_select,243,10,100,100,8,8,0.7510014772415161,0.8258270621299744,0.07482558488845825,1.6577832698822021,1.6000823974609375,-0.05770087242126465,1.5798931121826172,1.6258682608604431,0.04597514867782593,project/results/qgat_extend100/seed2026/gnn/validation_epoch_100.json,project/results/qgat_extend100/seed2026/relation_D/validation_epoch_100.json
final,2026,V_select,243,15,100,100,8,8,0.750888466835022,0.8225017786026001,0.07161331176757812,1.6575807332992554,1.5917935371398926,-0.06578719615936279,1.5796788334846497,1.6183985471725464,0.03871971368789673,project/results/qgat_extend100/seed2026/gnn/validation_epoch_100.json,project/results/qgat_extend100/seed2026/relation_D/validation_epoch_100.json
final,2026,V_select,243,20,100,100,8,8,0.7510608434677124,0.8223854303359985,0.07132458686828613,1.6580501794815063,1.5913933515548706,-0.06665682792663574,1.5800859332084656,1.6180821061134338,0.03799617290496826,project/results/qgat_extend100/seed2026/gnn/validation_epoch_100.json,project/results/qgat_extend100/seed2026/relation_D/validation_epoch_100.json
final,2026,V_select,244,5,100,100,8,8,0.907807469367981,0.7247288227081299,-0.18307864665985107,1.728411316871643,1.5968331098556519,-0.1315782070159912,1.7720131278038025,1.5231453776359558,-0.24886775016784668,project/results/qgat_extend100/seed2026/gnn/validation_epoch_100.json,project/results/qgat_extend100/seed2026/relation_D/validation_epoch_100.json
final,2026,V_select,244,10,100,100,8,8,0.9063812494277954,0.7222686409950256,-0.18411260843276978,1.7270634174346924,1.5886783599853516,-0.13838505744934082,1.7699129581451416,1.5166078209877014,-0.2533051371574402,project/results/qgat_extend100/seed2026/gnn/validation_epoch_100.json,project/results/qgat_extend100/seed2026/relation_D/validation_epoch_100.json
final,2026,V_select,244,15,100,100,8,8,0.9039247035980225,0.7207851409912109,-0.18313956260681152,1.722005009651184,1.5862256288528442,-0.13577938079833984,1.7649272084236145,1.513897955417633,-0.25102925300598145,project/results/qgat_extend100/seed2026/gnn/validation_epoch_100.json,project/results/qgat_extend100/seed2026/relation_D/validation_epoch_100.json
final,2026,V_select,244,20,100,100,8,8,0.9039615392684937,0.7207554578781128,-0.18320608139038086,1.7219593524932861,1.5860975980758667,-0.13586175441741943,1.7649412155151367,1.5138042569160461,-0.2511369585990906,project/results/qgat_extend100/seed2026/gnn/validation_epoch_100.json,project/results/qgat_extend100/seed2026/relation_D/validation_epoch_100.json
final,2026,V_select,245,5,100,100,8,8,0.9172215461730957,0.8307129144668579,-0.08650863170623779,1.4937409162521362,1.4605724811553955,-0.03316843509674072,1.6640920042991638,1.5609991550445557,-0.10309284925460815,project/results/qgat_extend100/seed2026/gnn/validation_epoch_100.json,project/results/qgat_extend100/seed2026/relation_D/validation_epoch_100.json
final,2026,V_select,245,10,100,100,8,8,0.9148095846176147,0.8303749561309814,-0.0844346284866333,1.4854435920715332,1.4597867727279663,-0.025656819343566895,1.6575313806533813,1.5602683424949646,-0.09726303815841675,project/results/qgat_extend100/seed2026/gnn/validation_epoch_100.json,project/results/qgat_extend100/seed2026/relation_D/validation_epoch_100.json
final,2026,V_select,245,15,100,100,8,8,0.9147484302520752,0.8305091857910156,-0.08423924446105957,1.4854130744934082,1.4601140022277832,-0.025299072265625,1.6574549674987793,1.5605661869049072,-0.09688878059387207,project/results/qgat_extend100/seed2026/gnn/validation_epoch_100.json,project/results/qgat_extend100/seed2026/relation_D/validation_epoch_100.json
final,2026,V_select,245,20,100,100,8,8,0.915003776550293,0.8307098746299744,-0.0842939019203186,1.4860025644302368,1.4606961011886597,-0.02530646324157715,1.6580050587654114,1.5610579252243042,-0.09694713354110718,project/results/qgat_extend100/seed2026/gnn/validation_epoch_100.json,project/results/qgat_extend100/seed2026/relation_D/validation_epoch_100.json
final,2026,V_select,246,5,100,100,8,8,0.7821950912475586,0.9809333682060242,0.19873827695846558,1.3085987567901611,1.4179776906967163,0.10937893390655518,1.4364944696426392,1.6899222135543823,0.25342774391174316,project/results/qgat_extend100/seed2026/gnn/validation_epoch_100.json,project/results/qgat_extend100/seed2026/relation_D/validation_epoch_100.json
final,2026,V_select,246,10,100,100,8,8,0.7837018370628357,0.9812353253364563,0.1975334882736206,1.3104910850524902,1.418565273284912,0.10807418823242188,1.4389473795890808,1.6905179619789124,0.25157058238983154,project/results/qgat_extend100/seed2026/gnn/validation_epoch_100.json,project/results/qgat_extend100/seed2026/relation_D/validation_epoch_100.json
final,2026,V_select,246,15,100,100,8,8,0.7837386727333069,0.9815592169761658,0.1978205442428589,1.310672402381897,1.4202070236206055,0.1095346212387085,1.4390748739242554,1.6916627287864685,0.25258785486221313,project/results/qgat_extend100/seed2026/gnn/validation_epoch_100.json,project/results/qgat_extend100/seed2026/relation_D/validation_epoch_100.json
final,2026,V_select,246,20,100,100,8,8,0.7840120196342468,0.9818564057350159,0.19784438610076904,1.3114120960235596,1.4208457469940186,0.10943365097045898,1.4397180676460266,1.6922792792320251,0.25256121158599854,project/results/qgat_extend100/seed2026/gnn/validation_epoch_100.json,project/results/qgat_extend100/seed2026/relation_D/validation_epoch_100.json
final,2026,V_select,247,5,100,100,8,8,0.9782824516296387,1.592299461364746,0.6140170097351074,1.5365087985992432,2.8968772888183594,1.3603684902191162,1.7465368509292603,3.040738105773926,1.2942012548446655,project/results/qgat_extend100/seed2026/gnn/validation_epoch_100.json,project/results/qgat_extend100/seed2026/relation_D/validation_epoch_100.json
final,2026,V_select,247,10,100,100,8,8,0.9784905910491943,1.5930782556533813,0.614587664604187,1.5356945991516113,2.897503614425659,1.3618090152740479,1.746337890625,3.041830062866211,1.295492172241211,project/results/qgat_extend100/seed2026/gnn/validation_epoch_100.json,project/results/qgat_extend100/seed2026/relation_D/validation_epoch_100.json
final,2026,V_select,247,15,100,100,8,8,0.9765428304672241,1.590991497039795,0.6144486665725708,1.5332200527191162,2.894495964050293,1.3612759113311768,1.7431528568267822,3.0382394790649414,1.2950866222381592,project/results/qgat_extend100/seed2026/gnn/validation_epoch_100.json,project/results/qgat_extend100/seed2026/relation_D/validation_epoch_100.json
final,2026,V_select,247,20,100,100,8,8,0.9775974750518799,1.5926322937011719,0.615034818649292,1.5357725620269775,2.897913932800293,1.3621413707733154,1.7454837560653687,3.0415892601013184,1.2961055040359497,project/results/qgat_extend100/seed2026/gnn/validation_epoch_100.json,project/results/qgat_extend100/seed2026/relation_D/validation_epoch_100.json
final,2026,V_select,248,5,100,100,8,8,0.8044192790985107,1.0502116680145264,0.24579238891601562,1.4604878425598145,2.0750441551208496,0.6145563125610352,1.534663200378418,2.087733745574951,0.5530705451965332,project/results/qgat_extend100/seed2026/gnn/validation_epoch_100.json,project/results/qgat_extend100/seed2026/relation_D/validation_epoch_100.json
final,2026,V_select,248,10,100,100,8,8,0.8063607811927795,1.0508450269699097,0.24448424577713013,1.4630860090255737,2.0765886306762695,0.6135026216506958,1.5379037857055664,2.0891393423080444,0.551235556602478,project/results/qgat_extend100/seed2026/gnn/validation_epoch_100.json,project/results/qgat_extend100/seed2026/relation_D/validation_epoch_100.json
final,2026,V_select,248,15,100,100,8,8,0.8065489530563354,1.0508779287338257,0.24432897567749023,1.4637272357940674,2.0765163898468018,0.6127891540527344,1.5384125709533691,2.0891361236572266,0.5507235527038574,project/results/qgat_extend100/seed2026/gnn/validation_epoch_100.json,project/results/qgat_extend100/seed2026/relation_D/validation_epoch_100.json
final,2026,V_select,248,20,100,100,8,8,0.8060022592544556,1.0512142181396484,0.24521195888519287,1.4627994298934937,2.077256202697754,0.6144567728042603,1.5374019742012024,2.0898423194885254,0.552440345287323,project/results/qgat_extend100/seed2026/gnn/validation_epoch_100.json,project/results/qgat_extend100/seed2026/relation_D/validation_epoch_100.json
final,2026,V_select,249,5,100,100,8,8,1.4244911670684814,1.455448865890503,0.030957698822021484,2.3899827003479004,2.565643310546875,0.1756606101989746,2.6194825172424316,2.7382705211639404,0.11878800392150879,project/results/qgat_extend100/seed2026/gnn/validation_epoch_100.json,project/results/qgat_extend100/seed2026/relation_D/validation_epoch_100.json
final,2026,V_select,249,10,100,100,8,8,1.424555778503418,1.4550191164016724,0.030463337898254395,2.3900930881500244,2.5648193359375,0.17472624778747559,2.61960232257843,2.7374287843704224,0.11782646179199219,project/results/qgat_extend100/seed2026/gnn/validation_epoch_100.json,project/results/qgat_extend100/seed2026/relation_D/validation_epoch_100.json
final,2026,V_select,249,15,100,100,8,8,1.423149824142456,1.4550132751464844,0.03186345100402832,2.388822317123413,2.565441608428955,0.176619291305542,2.6175609827041626,2.737734079360962,0.12017309665679932,project/results/qgat_extend100/seed2026/gnn/validation_epoch_100.json,project/results/qgat_extend100/seed2026/relation_D/validation_epoch_100.json
final,2026,V_select,249,20,100,100,8,8,1.4232450723648071,1.4550749063491821,0.031829833984375,2.3890981674194336,2.565584659576416,0.17648649215698242,2.617794156074524,2.73786723613739,0.12007308006286621,project/results/qgat_extend100/seed2026/gnn/validation_epoch_100.json,project/results/qgat_extend100/seed2026/relation_D/validation_epoch_100.json
final,2026,V_select,250,5,100,100,8,8,0.7401092648506165,1.0767335891723633,0.3366243243217468,1.3758680820465088,2.015753746032715,0.639885663986206,1.4280433058738708,2.0846104621887207,0.6565671563148499,project/results/qgat_extend100/seed2026/gnn/validation_epoch_100.json,project/results/qgat_extend100/seed2026/relation_D/validation_epoch_100.json
final,2026,V_select,250,10,100,100,8,8,0.7399677634239197,1.0760022401809692,0.33603447675704956,1.3753582239151,2.0134506225585938,0.6380923986434937,1.4276468753814697,2.082727551460266,0.6550806760787964,project/results/qgat_extend100/seed2026/gnn/validation_epoch_100.json,project/results/qgat_extend100/seed2026/relation_D/validation_epoch_100.json
final,2026,V_select,250,15,100,100,8,8,0.7399102449417114,1.0758843421936035,0.3359740972518921,1.3750269412994385,2.013129949569702,0.6381030082702637,1.4274237155914307,2.0824493169784546,0.6550256013870239,project/results/qgat_extend100/seed2026/gnn/validation_epoch_100.json,project/results/qgat_extend100/seed2026/relation_D/validation_epoch_100.json
final,2026,V_select,250,20,100,100,8,8,0.7376070618629456,1.0729179382324219,0.3353108763694763,1.370783805847168,2.0106613636016846,0.6398775577545166,1.4229989647865295,2.078248620033264,0.6552496552467346,project/results/qgat_extend100/seed2026/gnn/validation_epoch_100.json,project/results/qgat_extend100/seed2026/relation_D/validation_epoch_100.json
final,2026,V_select,251,5,100,100,8,8,1.4691731929779053,1.3741570711135864,-0.09501612186431885,2.6902451515197754,2.438244342803955,-0.2520008087158203,2.814295768737793,2.593279242515564,-0.221016526222229,project/results/qgat_extend100/seed2026/gnn/validation_epoch_100.json,project/results/qgat_extend100/seed2026/relation_D/validation_epoch_100.json
final,2026,V_select,251,10,100,100,8,8,1.4707846641540527,1.3756664991378784,-0.09511816501617432,2.6922054290771484,2.440915107727051,-0.25129032135009766,2.816887378692627,2.596124053001404,-0.22076332569122314,project/results/qgat_extend100/seed2026/gnn/validation_epoch_100.json,project/results/qgat_extend100/seed2026/relation_D/validation_epoch_100.json
final,2026,V_select,251,15,100,100,8,8,1.4704161882400513,1.3749219179153442,-0.09549427032470703,2.691488027572632,2.4394054412841797,-0.25208258628845215,2.816160202026367,2.594624638557434,-0.2215355634689331,project/results/qgat_extend100/seed2026/gnn/validation_epoch_100.json,project/results/qgat_extend100/seed2026/relation_D/validation_epoch_100.json
final,2026,V_select,251,20,100,100,8,8,1.470499038696289,1.374942421913147,-0.09555661678314209,2.691587209701538,2.4394001960754395,-0.25218701362609863,2.816292643547058,2.5946425199508667,-0.2216501235961914,project/results/qgat_extend100/seed2026/gnn/validation_epoch_100.json,project/results/qgat_extend100/seed2026/relation_D/validation_epoch_100.json
final,2026,V_select,252,5,100,100,8,8,1.515295386314392,1.2728610038757324,-0.24243438243865967,3.1075148582458496,2.6504359245300293,-0.4570789337158203,3.069052815437317,2.598078966140747,-0.4709738492965698,project/results/qgat_extend100/seed2026/gnn/validation_epoch_100.json,project/results/qgat_extend100/seed2026/relation_D/validation_epoch_100.json
final,2026,V_select,252,10,100,100,8,8,1.514127254486084,1.2749817371368408,-0.23914551734924316,3.103442907333374,2.650399684906006,-0.45304322242736816,3.065848708152771,2.6001815795898438,-0.46566712856292725,project/results/qgat_extend100/seed2026/gnn/validation_epoch_100.json,project/results/qgat_extend100/seed2026/relation_D/validation_epoch_100.json
final,2026,V_select,252,15,100,100,8,8,1.5141258239746094,1.2750710248947144,-0.23905479907989502,3.103238582611084,2.6503777503967285,-0.45286083221435547,3.0657451152801514,2.6002599000930786,-0.46548521518707275,project/results/qgat_extend100/seed2026/gnn/validation_epoch_100.json,project/results/qgat_extend100/seed2026/relation_D/validation_epoch_100.json
final,2026,V_select,252,20,100,100,8,8,1.5142457485198975,1.275071144104004,-0.23917460441589355,3.1036362648010254,2.650590419769287,-0.4530458450317383,3.06606388092041,2.6003663539886475,-0.4656975269317627,project/results/qgat_extend100/seed2026/gnn/validation_epoch_100.json,project/results/qgat_extend100/seed2026/relation_D/validation_epoch_100.json
final,2026,V_select,253,5,100,100,8,8,1.1087086200714111,1.3543628454208374,0.24565422534942627,1.6635023355484009,2.113417625427246,0.4499152898788452,1.9404597878456116,2.4110716581344604,0.4706118702888489,project/results/qgat_extend100/seed2026/gnn/validation_epoch_100.json,project/results/qgat_extend100/seed2026/relation_D/validation_epoch_100.json
final,2026,V_select,253,10,100,100,8,8,1.1111998558044434,1.3568247556686401,0.24562489986419678,1.666881799697876,2.1162142753601074,0.44933247566223145,1.9446407556533813,2.414931893348694,0.4702911376953125,project/results/qgat_extend100/seed2026/gnn/validation_epoch_100.json,project/results/qgat_extend100/seed2026/relation_D/validation_epoch_100.json
final,2026,V_select,253,15,100,100,8,8,1.109424352645874,1.3554646968841553,0.24604034423828125,1.6632665395736694,2.1125831604003906,0.4493166208267212,1.9410576224327087,2.4117562770843506,0.47069865465164185,project/results/qgat_extend100/seed2026/gnn/validation_epoch_100.json,project/results/qgat_extend100/seed2026/relation_D/validation_epoch_100.json
final,2026,V_select,253,20,100,100,8,8,1.1094012260437012,1.3555415868759155,0.24614036083221436,1.6633994579315186,2.1129908561706543,0.44959139823913574,1.9411009550094604,2.4120370149612427,0.4709360599517822,project/results/qgat_extend100/seed2026/gnn/validation_epoch_100.json,project/results/qgat_extend100/seed2026/relation_D/validation_epoch_100.json
final,2026,V_select,254,5,100,100,8,8,0.9635376334190369,1.068784236907959,0.10524660348892212,1.5026836395263672,1.8998390436172485,0.39715540409088135,1.7148794531822205,2.0187037587165833,0.3038243055343628,project/results/qgat_extend100/seed2026/gnn/validation_epoch_100.json,project/results/qgat_extend100/seed2026/relation_D/validation_epoch_100.json
final,2026,V_select,254,10,100,100,8,8,0.9624984264373779,1.070505142211914,0.10800671577453613,1.5036377906799316,1.9043691158294678,0.40073132514953613,1.7143173217773438,2.022689700126648,0.3083723783493042,project/results/qgat_extend100/seed2026/gnn/validation_epoch_100.json,project/results/qgat_extend100/seed2026/relation_D/validation_epoch_100.json
final,2026,V_select,254,15,100,100,8,8,0.9656757712364197,1.0766127109527588,0.11093693971633911,1.5079126358032227,1.9151884317398071,0.4072757959365845,1.719632089138031,2.0342069268226624,0.31457483768463135,project/results/qgat_extend100/seed2026/gnn/validation_epoch_100.json,project/results/qgat_extend100/seed2026/relation_D/validation_epoch_100.json
final,2026,V_select,254,20,100,100,8,8,0.9656312465667725,1.076607346534729,0.11097609996795654,1.5077826976776123,1.9151759147644043,0.407393217086792,1.7195225954055786,2.034195303916931,0.31467270851135254,project/results/qgat_extend100/seed2026/gnn/validation_epoch_100.json,project/results/qgat_extend100/seed2026/relation_D/validation_epoch_100.json
final,2026,V_select,255,5,100,100,8,8,0.7084425091743469,0.8630867004394531,0.1546441912651062,1.4245316982269287,1.7181767225265503,0.2936450242996216,1.4207083582878113,1.7221750617027283,0.301466703414917,project/results/qgat_extend100/seed2026/gnn/validation_epoch_100.json,project/results/qgat_extend100/seed2026/relation_D/validation_epoch_100.json
final,2026,V_select,255,10,100,100,8,8,0.7081801891326904,0.8632611632347107,0.15508097410202026,1.4239249229431152,1.7181843519210815,0.2942594289779663,1.420142650604248,1.7223533391952515,0.3022106885910034,project/results/qgat_extend100/seed2026/gnn/validation_epoch_100.json,project/results/qgat_extend100/seed2026/relation_D/validation_epoch_100.json
final,2026,V_select,255,15,100,100,8,8,0.7082868218421936,0.8627951145172119,0.1545082926750183,1.4249147176742554,1.7175607681274414,0.29264605045318604,1.4207441806793213,1.7215754985809326,0.30083131790161133,project/results/qgat_extend100/seed2026/gnn/validation_epoch_100.json,project/results/qgat_extend100/seed2026/relation_D/validation_epoch_100.json
final,2026,V_select,255,20,100,100,8,8,0.7076679468154907,0.8621870279312134,0.15451908111572266,1.4267966747283936,1.7190721035003662,0.29227542877197266,1.4210662841796875,1.7217230796813965,0.300656795501709,project/results/qgat_extend100/seed2026/gnn/validation_epoch_100.json,project/results/qgat_extend100/seed2026/relation_D/validation_epoch_100.json
final,2026,V_select,256,5,100,100,8,8,1.4725534915924072,1.6280741691589355,0.15552067756652832,3.172820568084717,3.4453530311584473,0.27253246307373047,3.0589637756347656,3.350750684738159,0.29178690910339355,project/results/qgat_extend100/seed2026/gnn/validation_epoch_100.json,project/results/qgat_extend100/seed2026/relation_D/validation_epoch_100.json
final,2026,V_select,256,10,100,100,8,8,1.4712690114974976,1.626376748085022,0.15510773658752441,3.1711013317108154,3.4431095123291016,0.27200818061828613,3.0568196773529053,3.3479315042495728,0.2911118268966675,project/results/qgat_extend100/seed2026/gnn/validation_epoch_100.json,project/results/qgat_extend100/seed2026/relation_D/validation_epoch_100.json
final,2026,V_select,256,15,100,100,8,8,1.4710115194320679,1.6267306804656982,0.15571916103363037,3.1701765060424805,3.4434409141540527,0.27326440811157227,3.056099772453308,3.3484511375427246,0.2923513650894165,project/results/qgat_extend100/seed2026/gnn/validation_epoch_100.json,project/results/qgat_extend100/seed2026/relation_D/validation_epoch_100.json
final,2026,V_select,256,20,100,100,8,8,1.4715354442596436,1.6267999410629272,0.1552644968032837,3.1712398529052734,3.4433999061584473,0.27216005325317383,3.0571553707122803,3.348499894142151,0.2913445234298706,project/results/qgat_extend100/seed2026/gnn/validation_epoch_100.json,project/results/qgat_extend100/seed2026/relation_D/validation_epoch_100.json
final,2026,V_select,257,5,100,100,8,8,0.971407413482666,1.173027515411377,0.20162010192871094,2.0386433601379395,2.059844493865967,0.021201133728027344,1.9907290935516357,2.2029497623443604,0.2122206687927246,project/results/qgat_extend100/seed2026/gnn/validation_epoch_100.json,project/results/qgat_extend100/seed2026/relation_D/validation_epoch_100.json
final,2026,V_select,257,10,100,100,8,8,0.9706370830535889,1.1727328300476074,0.20209574699401855,2.03859281539917,2.0603795051574707,0.02178668975830078,1.9899334907531738,2.2029225826263428,0.21298909187316895,project/results/qgat_extend100/seed2026/gnn/validation_epoch_100.json,project/results/qgat_extend100/seed2026/relation_D/validation_epoch_100.json
final,2026,V_select,257,15,100,100,8,8,0.9709974527359009,1.1684231758117676,0.1974257230758667,2.0390496253967285,2.0509204864501953,0.011870861053466797,1.9905222654342651,2.1938834190368652,0.2033611536026001,project/results/qgat_extend100/seed2026/gnn/validation_epoch_100.json,project/results/qgat_extend100/seed2026/relation_D/validation_epoch_100.json
final,2026,V_select,257,20,100,100,8,8,0.9707874059677124,1.1683521270751953,0.1975647211074829,2.038400888442993,2.0506863594055176,0.012285470962524414,1.989987850189209,2.193695306777954,0.20370745658874512,project/results/qgat_extend100/seed2026/gnn/validation_epoch_100.json,project/results/qgat_extend100/seed2026/relation_D/validation_epoch_100.json
final,2026,V_select,258,5,100,100,8,8,0.6840029954910278,0.5260497331619263,-0.15795326232910156,1.4984098672866821,0.939780592918396,-0.5586292743682861,1.433207929134369,0.9959400296211243,-0.43726789951324463,project/results/qgat_extend100/seed2026/gnn/validation_epoch_100.json,project/results/qgat_extend100/seed2026/relation_D/validation_epoch_100.json
final,2026,V_select,258,10,100,100,8,8,0.6835556626319885,0.526110827922821,-0.15744483470916748,1.4978649616241455,0.9401544332504272,-0.5577105283737183,1.4324881434440613,0.9961880445480347,-0.4363000988960266,project/results/qgat_extend100/seed2026/gnn/validation_epoch_100.json,project/results/qgat_extend100/seed2026/relation_D/validation_epoch_100.json
final,2026,V_select,258,15,100,100,8,8,0.6849057674407959,0.5249717831611633,-0.15993398427963257,1.502328872680664,0.9437114000320435,-0.5586174726486206,1.436070203781128,0.9968274831771851,-0.43924272060394287,project/results/qgat_extend100/seed2026/gnn/validation_epoch_100.json,project/results/qgat_extend100/seed2026/relation_D/validation_epoch_100.json
final,2026,V_select,258,20,100,100,8,8,0.684842050075531,0.5249961614608765,-0.15984588861465454,1.50230073928833,0.9438379406929016,-0.5584627985954285,1.435992419719696,0.9969151318073273,-0.4390772879123688,project/results/qgat_extend100/seed2026/gnn/validation_epoch_100.json,project/results/qgat_extend100/seed2026/relation_D/validation_epoch_100.json
final,2026,V_select,259,5,100,100,8,8,1.6614669561386108,1.4962501525878906,-0.16521680355072021,3.105238199234009,3.0182130336761475,-0.08702516555786133,3.2140860557556152,3.0053566694259644,-0.20872938632965088,project/results/qgat_extend100/seed2026/gnn/validation_epoch_100.json,project/results/qgat_extend100/seed2026/relation_D/validation_epoch_100.json
final,2026,V_select,259,10,100,100,8,8,1.660902738571167,1.4901232719421387,-0.17077946662902832,3.1033220291137695,3.0042781829833984,-0.0990438461303711,3.2125637531280518,2.992262363433838,-0.22030138969421387,project/results/qgat_extend100/seed2026/gnn/validation_epoch_100.json,project/results/qgat_extend100/seed2026/relation_D/validation_epoch_100.json
final,2026,V_select,259,15,100,100,8,8,1.6612378358840942,1.4900703430175781,-0.1711674928665161,3.104001045227051,3.004119634628296,-0.09988141059875488,3.2132383584976196,2.992130160331726,-0.22110819816589355,project/results/qgat_extend100/seed2026/gnn/validation_epoch_100.json,project/results/qgat_extend100/seed2026/relation_D/validation_epoch_100.json
final,2026,V_select,259,20,100,100,8,8,1.661815881729126,1.490038514137268,-0.1717773675918579,3.105109691619873,3.0041399002075195,-0.10096979141235352,3.2143707275390625,2.992108464241028,-0.22226226329803467,project/results/qgat_extend100/seed2026/gnn/validation_epoch_100.json,project/results/qgat_extend100/seed2026/relation_D/validation_epoch_100.json
final,2026,V_select,260,5,100,100,8,8,1.231740951538086,1.5727007389068604,0.3409597873687744,2.416855812072754,3.3428092002868652,0.9259533882141113,2.440168857574463,3.244105339050293,0.8039364814758301,project/results/qgat_extend100/seed2026/gnn/validation_epoch_100.json,project/results/qgat_extend100/seed2026/relation_D/validation_epoch_100.json
final,2026,V_select,260,10,100,100,8,8,1.2317230701446533,1.572371244430542,0.34064817428588867,2.416661500930786,3.341559886932373,0.9248983860015869,2.4400538206100464,3.2431511878967285,0.8030973672866821,project/results/qgat_extend100/seed2026/gnn/validation_epoch_100.json,project/results/qgat_extend100/seed2026/relation_D/validation_epoch_100.json
final,2026,V_select,260,15,100,100,8,8,1.2314969301223755,1.5723332166671753,0.3408362865447998,2.4161441326141357,3.341449022293091,0.9253048896789551,2.4395689964294434,3.2430577278137207,0.8034887313842773,project/results/qgat_extend100/seed2026/gnn/validation_epoch_100.json,project/results/qgat_extend100/seed2026/relation_D/validation_epoch_100.json
final,2026,V_select,260,20,100,100,8,8,1.2318142652511597,1.572657585144043,0.3408433198928833,2.416719675064087,3.342327117919922,0.925607442855835,2.440174102783203,3.243821144104004,0.8036470413208008,project/results/qgat_extend100/seed2026/gnn/validation_epoch_100.json,project/results/qgat_extend100/seed2026/relation_D/validation_epoch_100.json
final,2026,V_select,261,5,100,100,8,8,1.271058440208435,1.1743441820144653,-0.09671425819396973,2.819730758666992,2.6014702320098877,-0.2182605266571045,2.680923819541931,2.475079298019409,-0.20584452152252197,project/results/qgat_extend100/seed2026/gnn/validation_epoch_100.json,project/results/qgat_extend100/seed2026/relation_D/validation_epoch_100.json
final,2026,V_select,261,10,100,100,8,8,1.2723560333251953,1.171985149383545,-0.10037088394165039,2.8214316368103027,2.5958027839660645,-0.22562885284423828,2.6830718517303467,2.469886541366577,-0.21318531036376953,project/results/qgat_extend100/seed2026/gnn/validation_epoch_100.json,project/results/qgat_extend100/seed2026/relation_D/validation_epoch_100.json
final,2026,V_select,261,15,100,100,8,8,1.2724592685699463,1.1724483966827393,-0.10001087188720703,2.82171630859375,2.5969200134277344,-0.22479629516601562,2.6833174228668213,2.4709084033966064,-0.21240901947021484,project/results/qgat_extend100/seed2026/gnn/validation_epoch_100.json,project/results/qgat_extend100/seed2026/relation_D/validation_epoch_100.json
final,2026,V_select,261,20,100,100,8,8,1.272446870803833,1.1724413633346558,-0.10000550746917725,2.821657180786133,2.5968990325927734,-0.22475814819335938,2.6832754611968994,2.4708908796310425,-0.21238458156585693,project/results/qgat_extend100/seed2026/gnn/validation_epoch_100.json,project/results/qgat_extend100/seed2026/relation_D/validation_epoch_100.json
final,2026,V_select,262,5,100,100,8,8,1.8977774381637573,1.3895652294158936,-0.5082122087478638,4.3150224685668945,3.065485954284668,-1.2495365142822266,4.055288672447205,2.9223082065582275,-1.132980465888977,project/results/qgat_extend100/seed2026/gnn/validation_epoch_100.json,project/results/qgat_extend100/seed2026/relation_D/validation_epoch_100.json
final,2026,V_select,262,10,100,100,8,8,1.8976413011550903,1.3895502090454102,-0.5080910921096802,4.314455032348633,3.0654220581054688,-1.249032974243164,4.054868817329407,2.9222612380981445,-1.1326075792312622,project/results/qgat_extend100/seed2026/gnn/validation_epoch_100.json,project/results/qgat_extend100/seed2026/relation_D/validation_epoch_100.json
final,2026,V_select,262,15,100,100,8,8,1.897586703300476,1.3900935649871826,-0.5074931383132935,4.31459903717041,3.0667686462402344,-1.2478303909301758,4.054886221885681,2.9234778881073,-1.1314083337783813,project/results/qgat_extend100/seed2026/gnn/validation_epoch_100.json,project/results/qgat_extend100/seed2026/relation_D/validation_epoch_100.json
final,2026,V_select,262,20,100,100,8,8,1.8964557647705078,1.3903472423553467,-0.5061085224151611,4.310717582702637,3.0667262077331543,-1.2439913749694824,4.051814556121826,2.923710346221924,-1.1281042098999023,project/results/qgat_extend100/seed2026/gnn/validation_epoch_100.json,project/results/qgat_extend100/seed2026/relation_D/validation_epoch_100.json
final,2026,V_select,263,5,100,100,8,7,1.404052734375,0.8186399936676025,-0.5854127407073975,3.3118436336517334,1.9045766592025757,-1.4072669744491577,3.0599745512008667,1.7709283232688904,-1.2890462279319763,project/results/qgat_extend100/seed2026/gnn/validation_epoch_100.json,project/results/qgat_extend100/seed2026/relation_D/validation_epoch_100.json
final,2026,V_select,263,10,100,100,8,7,1.403857707977295,0.818613588809967,-0.5852441191673279,3.31150484085083,1.9044510126113892,-1.407053828239441,3.05961012840271,1.7708390951156616,-1.2887710332870483,project/results/qgat_extend100/seed2026/gnn/validation_epoch_100.json,project/results/qgat_extend100/seed2026/relation_D/validation_epoch_100.json
final,2026,V_select,263,15,100,100,8,7,1.4040179252624512,0.8184515833854675,-0.5855663418769836,3.312612295150757,1.9018399715423584,-1.4107723236083984,3.0603240728378296,1.7693715691566467,-1.2909525036811829,project/results/qgat_extend100/seed2026/gnn/validation_epoch_100.json,project/results/qgat_extend100/seed2026/relation_D/validation_epoch_100.json
final,2026,V_select,263,20,100,100,8,7,1.4044647216796875,0.8183044791221619,-0.5861602425575256,3.313411235809326,1.901382565498352,-1.4120286703109741,3.0611703395843506,1.768995761871338,-1.2921745777130127,project/results/qgat_extend100/seed2026/gnn/validation_epoch_100.json,project/results/qgat_extend100/seed2026/relation_D/validation_epoch_100.json
final,2026,V_select,264,5,100,100,8,7,1.3443119525909424,0.8048079013824463,-0.5395040512084961,3.550933599472046,1.753692626953125,-1.797240972518921,3.1197787523269653,1.6816542148590088,-1.4381245374679565,project/results/qgat_extend100/seed2026/gnn/validation_epoch_100.json,project/results/qgat_extend100/seed2026/relation_D/validation_epoch_100.json
final,2026,V_select,264,10,100,100,8,7,1.3436475992202759,0.8045312762260437,-0.5391163229942322,3.549168109893799,1.7534313201904297,-1.7957367897033691,3.1182316541671753,1.6812469363212585,-1.4369847178459167,project/results/qgat_extend100/seed2026/gnn/validation_epoch_100.json,project/results/qgat_extend100/seed2026/relation_D/validation_epoch_100.json
final,2026,V_select,264,15,100,100,8,7,1.345643162727356,0.8052436709403992,-0.5403994917869568,3.554861307144165,1.7554141283035278,-1.7994471788406372,3.1230738162994385,1.682950735092163,-1.4401230812072754,project/results/qgat_extend100/seed2026/gnn/validation_epoch_100.json,project/results/qgat_extend100/seed2026/relation_D/validation_epoch_100.json
final,2026,V_select,264,20,100,100,8,7,1.3463480472564697,0.8049440383911133,-0.5414040088653564,3.556791067123413,1.7545443773269653,-1.8022466897964478,3.1247435808181763,1.682216227054596,-1.4425273537635803,project/results/qgat_extend100/seed2026/gnn/validation_epoch_100.json,project/results/qgat_extend100/seed2026/relation_D/validation_epoch_100.json
final,2026,V_select,265,5,100,100,7,7,1.1349674463272095,0.816594123840332,-0.31837332248687744,2.2341525554656982,1.5376436710357666,-0.6965088844299316,2.2520437240600586,1.5854159593582153,-0.6666277647018433,project/results/qgat_extend100/seed2026/gnn/validation_epoch_100.json,project/results/qgat_extend100/seed2026/relation_D/validation_epoch_100.json
final,2026,V_select,265,10,100,100,7,7,1.1385301351547241,0.8196173906326294,-0.3189127445220947,2.238677978515625,1.5403128862380981,-0.6983650922775269,2.2578691244125366,1.5897738337516785,-0.6680952906608582,project/results/qgat_extend100/seed2026/gnn/validation_epoch_100.json,project/results/qgat_extend100/seed2026/relation_D/validation_epoch_100.json
final,2026,V_select,265,15,100,100,7,7,1.1380444765090942,0.8198323845863342,-0.31821209192276,2.236921787261963,1.540015459060669,-0.696906328201294,2.2565053701400757,1.5898401141166687,-0.666665256023407,project/results/qgat_extend100/seed2026/gnn/validation_epoch_100.json,project/results/qgat_extend100/seed2026/relation_D/validation_epoch_100.json
final,2026,V_select,265,20,100,100,7,7,1.1374380588531494,0.8189991116523743,-0.31843894720077515,2.2356486320495605,1.5385123491287231,-0.6971362829208374,2.2552623748779297,1.5882552862167358,-0.6670070886611938,project/results/qgat_extend100/seed2026/gnn/validation_epoch_100.json,project/results/qgat_extend100/seed2026/relation_D/validation_epoch_100.json
final,2026,V_select,266,5,100,100,7,7,0.8520632386207581,0.8624945878982544,0.010431349277496338,1.911030650138855,2.313042163848877,0.402011513710022,1.8075785636901855,2.019015669822693,0.21143710613250732,project/results/qgat_extend100/seed2026/gnn/validation_epoch_100.json,project/results/qgat_extend100/seed2026/relation_D/validation_epoch_100.json
final,2026,V_select,266,10,100,100,7,7,0.8529413938522339,0.8628263473510742,0.009884953498840332,1.9125810861587524,2.3132777214050293,0.40069663524627686,1.80923193693161,2.019465208053589,0.21023327112197876,project/results/qgat_extend100/seed2026/gnn/validation_epoch_100.json,project/results/qgat_extend100/seed2026/relation_D/validation_epoch_100.json
final,2026,V_select,266,15,100,100,7,7,0.8529334664344788,0.863016664981842,0.010083198547363281,1.912748098373413,2.3137147426605225,0.4009666442871094,1.8093075156211853,2.0198740363121033,0.21056652069091797,project/results/qgat_extend100/seed2026/gnn/validation_epoch_100.json,project/results/qgat_extend100/seed2026/relation_D/validation_epoch_100.json
final,2026,V_select,266,20,100,100,7,7,0.8529438376426697,0.861235499382019,0.008291661739349365,1.915283203125,2.3111820220947266,0.39589881896972656,1.8105854392051697,2.0168265104293823,0.20624107122421265,project/results/qgat_extend100/seed2026/gnn/validation_epoch_100.json,project/results/qgat_extend100/seed2026/relation_D/validation_epoch_100.json
final,2026,V_select,267,5,100,100,7,6,1.1720209121704102,1.3464845418930054,0.17446362972259521,2.001373291015625,3.163867712020874,1.162494421005249,2.1727075576782227,2.9284183979034424,0.7557108402252197,project/results/qgat_extend100/seed2026/gnn/validation_epoch_100.json,project/results/qgat_extend100/seed2026/relation_D/validation_epoch_100.json
final,2026,V_select,267,10,100,100,7,6,1.1709672212600708,1.3421175479888916,0.1711503267288208,1.9998408555984497,3.154956102371216,1.1551152467727661,2.1708876490592957,2.9195955991744995,0.7487079501152039,project/results/qgat_extend100/seed2026/gnn/validation_epoch_100.json,project/results/qgat_extend100/seed2026/relation_D/validation_epoch_100.json
final,2026,V_select,267,15,100,100,7,6,1.1707894802093506,1.3423092365264893,0.17151975631713867,1.999837875366211,3.1554858684539795,1.1556479930877686,2.170708417892456,2.920052170753479,0.749343752861023,project/results/qgat_extend100/seed2026/gnn/validation_epoch_100.json,project/results/qgat_extend100/seed2026/relation_D/validation_epoch_100.json
final,2026,V_select,267,20,100,100,7,6,1.1707823276519775,1.3423134088516235,0.171531081199646,1.999770164489746,3.1554622650146484,1.1556921005249023,2.1706674098968506,2.9200445413589478,0.7493771314620972,project/results/qgat_extend100/seed2026/gnn/validation_epoch_100.json,project/results/qgat_extend100/seed2026/relation_D/validation_epoch_100.json
final,2026,V_select,268,5,100,100,7,6,0.8881902694702148,0.9198832511901855,0.0316929817199707,2.0182793140411377,2.0633904933929443,0.04511117935180664,1.8973299264907837,1.9515784978866577,0.05424857139587402,project/results/qgat_extend100/seed2026/gnn/validation_epoch_100.json,project/results/qgat_extend100/seed2026/relation_D/validation_epoch_100.json
final,2026,V_select,268,10,100,100,7,6,0.8884510397911072,0.9210763573646545,0.03262531757354736,2.0181562900543213,2.0635321140289307,0.045375823974609375,1.8975291848182678,1.9528424143791199,0.05531322956085205,project/results/qgat_extend100/seed2026/gnn/validation_epoch_100.json,project/results/qgat_extend100/seed2026/relation_D/validation_epoch_100.json
final,2026,V_select,268,15,100,100,7,6,0.8862268328666687,0.9214587211608887,0.03523188829421997,2.013770580291748,2.064887523651123,0.051116943359375,1.8931121230125427,1.9539024829864502,0.06079035997390747,project/results/qgat_extend100/seed2026/gnn/validation_epoch_100.json,project/results/qgat_extend100/seed2026/relation_D/validation_epoch_100.json
final,2026,V_select,268,20,100,100,7,6,0.8861290812492371,0.921524167060852,0.03539508581161499,2.0134365558624268,2.0649631023406982,0.051526546478271484,1.8928473591804504,1.9540057182312012,0.06115835905075073,project/results/qgat_extend100/seed2026/gnn/validation_epoch_100.json,project/results/qgat_extend100/seed2026/relation_D/validation_epoch_100.json
final,2026,V_select,269,5,100,100,6,6,1.0919899940490723,0.5808972120285034,-0.5110927820205688,2.8844387531280518,1.706709861755371,-1.1777288913726807,2.534209370613098,1.434252142906189,-1.0999572277069092,project/results/qgat_extend100/seed2026/gnn/validation_epoch_100.json,project/results/qgat_extend100/seed2026/relation_D/validation_epoch_100.json
final,2026,V_select,269,10,100,100,6,6,1.0924451351165771,0.5804345011711121,-0.5120106339454651,2.884323835372925,1.7055253982543945,-1.1787984371185303,2.5346070528030396,1.4331972002983093,-1.1014098525047302,project/results/qgat_extend100/seed2026/gnn/validation_epoch_100.json,project/results/qgat_extend100/seed2026/relation_D/validation_epoch_100.json
final,2026,V_select,269,15,100,100,6,6,1.092185616493225,0.57966548204422,-0.5125201344490051,2.8837101459503174,1.7034335136413574,-1.18027663230896,2.534040689468384,1.4313822388648987,-1.102658450603485,project/results/qgat_extend100/seed2026/gnn/validation_epoch_100.json,project/results/qgat_extend100/seed2026/relation_D/validation_epoch_100.json
final,2026,V_select,269,20,100,100,6,6,1.0891145467758179,0.5788490176200867,-0.5102655291557312,2.87619686126709,1.700559139251709,-1.1756377220153809,2.527212977409363,1.4291285872459412,-1.0980843901634216,project/results/qgat_extend100/seed2026/gnn/validation_epoch_100.json,project/results/qgat_extend100/seed2026/relation_D/validation_epoch_100.json
final,2026,V_select,270,5,100,100,6,6,1.2178549766540527,0.7333025336265564,-0.48455244302749634,2.537748098373413,1.1528044939041138,-1.3849436044692993,2.4867290258407593,1.3097047805786133,-1.177024245262146,project/results/qgat_extend100/seed2026/gnn/validation_epoch_100.json,project/results/qgat_extend100/seed2026/relation_D/validation_epoch_100.json
final,2026,V_select,270,10,100,100,6,6,1.2202831506729126,0.7373579144477844,-0.4829252362251282,2.5428221225738525,1.1550472974777222,-1.3877748250961304,2.491694211959839,1.3148815631866455,-1.1768126487731934,project/results/qgat_extend100/seed2026/gnn/validation_epoch_100.json,project/results/qgat_extend100/seed2026/relation_D/validation_epoch_100.json
final,2026,V_select,270,15,100,100,6,6,1.2247265577316284,0.7397748827934265,-0.4849516749382019,2.5509207248687744,1.1563441753387451,-1.3945765495300293,2.5001869201660156,1.317946970462799,-1.1822399497032166,project/results/qgat_extend100/seed2026/gnn/validation_epoch_100.json,project/results/qgat_extend100/seed2026/relation_D/validation_epoch_100.json
final,2026,V_select,270,20,100,100,6,6,1.2248245477676392,0.7397632002830505,-0.4850613474845886,2.5514440536499023,1.1564769744873047,-1.3949670791625977,2.5005465745925903,1.3180016875267029,-1.1825448870658875,project/results/qgat_extend100/seed2026/gnn/validation_epoch_100.json,project/results/qgat_extend100/seed2026/relation_D/validation_epoch_100.json
final,2026,V_select,271,5,100,100,6,6,0.6130149960517883,0.4363710582256317,-0.17664393782615662,1.4772008657455444,0.9686675071716309,-0.5085333585739136,1.3516154289245605,0.9207048118114471,-0.4309106171131134,project/results/qgat_extend100/seed2026/gnn/validation_epoch_100.json,project/results/qgat_extend100/seed2026/relation_D/validation_epoch_100.json
final,2026,V_select,271,10,100,100,6,6,0.6144972443580627,0.4352166950702667,-0.17928054928779602,1.480090618133545,0.9665773510932922,-0.5135132670402527,1.3545425534248352,0.9185053706169128,-0.43603718280792236,project/results/qgat_extend100/seed2026/gnn/validation_epoch_100.json,project/results/qgat_extend100/seed2026/relation_D/validation_epoch_100.json
final,2026,V_select,271,15,100,100,6,6,0.6163493990898132,0.4353508949279785,-0.18099850416183472,1.485236644744873,0.9672732353210449,-0.5179634094238281,1.3589677214622498,0.918987512588501,-0.4399802088737488,project/results/qgat_extend100/seed2026/gnn/validation_epoch_100.json,project/results/qgat_extend100/seed2026/relation_D/validation_epoch_100.json
final,2026,V_select,271,20,100,100,6,6,0.6161816120147705,0.43534645438194275,-0.18083515763282776,1.484800934791565,0.9672697186470032,-0.5175312161445618,1.358582079410553,0.9189813137054443,-0.43960076570510864,project/results/qgat_extend100/seed2026/gnn/validation_epoch_100.json,project/results/qgat_extend100/seed2026/relation_D/validation_epoch_100.json
final,2026,V_select,272,5,100,100,8,7,1.2101744413375854,1.3284075260162354,0.1182330846786499,2.6902127265930176,2.620065450668335,-0.07014727592468262,2.5552808046340942,2.638440251350403,0.0831594467163086,project/results/qgat_extend100/seed2026/gnn/validation_epoch_100.json,project/results/qgat_extend100/seed2026/relation_D/validation_epoch_100.json
final,2026,V_select,272,10,100,100,8,7,1.2109994888305664,1.327448844909668,0.11644935607910156,2.6906917095184326,2.618997812271118,-0.07169389724731445,2.5563453435897827,2.636947751045227,0.08060240745544434,project/results/qgat_extend100/seed2026/gnn/validation_epoch_100.json,project/results/qgat_extend100/seed2026/relation_D/validation_epoch_100.json
final,2026,V_select,272,15,100,100,8,7,1.2107903957366943,1.3269561529159546,0.11616575717926025,2.6903862953186035,2.6183667182922363,-0.07201957702636719,2.555983543395996,2.6361395120620728,0.08015596866607666,project/results/qgat_extend100/seed2026/gnn/validation_epoch_100.json,project/results/qgat_extend100/seed2026/relation_D/validation_epoch_100.json
final,2026,V_select,272,20,100,100,8,7,1.211456298828125,1.328936219215393,0.11747992038726807,2.686908721923828,2.620816946029663,-0.06609177589416504,2.554910659790039,2.6393446922302246,0.08443403244018555,project/results/qgat_extend100/seed2026/gnn/validation_epoch_100.json,project/results/qgat_extend100/seed2026/relation_D/validation_epoch_100.json
final,2026,V_select,273,5,100,100,7,5,1.073491096496582,1.4353492259979248,0.3618581295013428,1.8650823831558228,3.156193494796753,1.2911111116409302,2.0060322880744934,3.0134459733963013,1.0074136853218079,project/results/qgat_extend100/seed2026/gnn/validation_epoch_100.json,project/results/qgat_extend100/seed2026/relation_D/validation_epoch_100.json
final,2026,V_select,273,10,100,100,7,5,1.0742295980453491,1.4356855154037476,0.36145591735839844,1.8659290075302124,3.155801773071289,1.2898727655410767,2.0071941018104553,3.013586401939392,1.0063923001289368,project/results/qgat_extend100/seed2026/gnn/validation_epoch_100.json,project/results/qgat_extend100/seed2026/relation_D/validation_epoch_100.json
final,2026,V_select,273,15,100,100,7,5,1.0764745473861694,1.4376367330551147,0.3611621856689453,1.8655493259429932,3.15548038482666,1.289931058883667,2.009249210357666,3.015376925468445,1.0061277151107788,project/results/qgat_extend100/seed2026/gnn/validation_epoch_100.json,project/results/qgat_extend100/seed2026/relation_D/validation_epoch_100.json
final,2026,V_select,273,20,100,100,7,5,1.0791881084442139,1.4376649856567383,0.3584768772125244,1.8736250400543213,3.1576032638549805,1.2839782238006592,2.0160006284713745,3.0164666175842285,1.000465989112854,project/results/qgat_extend100/seed2026/gnn/validation_epoch_100.json,project/results/qgat_extend100/seed2026/relation_D/validation_epoch_100.json
final,2026,V_select,274,5,100,100,6,3,0.9820697903633118,1.2878154516220093,0.3057456612586975,1.7875248193740845,2.4257709980010986,0.6382461786270142,1.875832200050354,2.5007009506225586,0.6248687505722046,project/results/qgat_extend100/seed2026/gnn/validation_epoch_100.json,project/results/qgat_extend100/seed2026/relation_D/validation_epoch_100.json
final,2026,V_select,274,10,100,100,6,3,0.9829287528991699,1.2876182794570923,0.30468952655792236,1.7871536016464233,2.4253995418548584,0.6382459402084351,1.8765055537223816,2.5003180503845215,0.6238124966621399,project/results/qgat_extend100/seed2026/gnn/validation_epoch_100.json,project/results/qgat_extend100/seed2026/relation_D/validation_epoch_100.json
final,2026,V_select,274,15,100,100,6,3,0.9830372333526611,1.2873698472976685,0.3043326139450073,1.7880005836486816,2.4231371879577637,0.635136604309082,1.877037525177002,2.4989384412765503,0.6219009160995483,project/results/qgat_extend100/seed2026/gnn/validation_epoch_100.json,project/results/qgat_extend100/seed2026/relation_D/validation_epoch_100.json
final,2026,V_select,274,20,100,100,6,3,0.9831094741821289,1.2872451543807983,0.30413568019866943,1.7880936861038208,2.423041820526123,0.6349481344223022,1.8771563172340393,2.49876606464386,0.6216097474098206,project/results/qgat_extend100/seed2026/gnn/validation_epoch_100.json,project/results/qgat_extend100/seed2026/relation_D/validation_epoch_100.json
final,2026,V_select,275,5,100,100,5,3,0.7474653124809265,0.6597857475280762,-0.08767956495285034,2.5173139572143555,1.9628890752792358,-0.5544248819351196,2.0061222910881042,1.641230285167694,-0.36489200592041016,project/results/qgat_extend100/seed2026/gnn/validation_epoch_100.json,project/results/qgat_extend100/seed2026/relation_D/validation_epoch_100.json
final,2026,V_select,275,10,100,100,5,3,0.747574508190155,0.6601160168647766,-0.08745849132537842,2.5179920196533203,1.9641262292861938,-0.5538657903671265,2.006570518016815,1.6421791315078735,-0.36439138650894165,project/results/qgat_extend100/seed2026/gnn/validation_epoch_100.json,project/results/qgat_extend100/seed2026/relation_D/validation_epoch_100.json
final,2026,V_select,275,15,100,100,5,3,0.7475433349609375,0.6602277159690857,-0.0873156189918518,2.5181024074554443,1.9649057388305664,-0.5531966686248779,2.0065945386886597,1.642680585384369,-0.36391395330429077,project/results/qgat_extend100/seed2026/gnn/validation_epoch_100.json,project/results/qgat_extend100/seed2026/relation_D/validation_epoch_100.json
final,2026,V_select,275,20,100,100,5,3,0.7475541234016418,0.6601572632789612,-0.08739686012268066,2.5181944370269775,1.964780330657959,-0.5534141063690186,2.0066513419151306,1.6425474286079407,-0.36410391330718994,project/results/qgat_extend100/seed2026/gnn/validation_epoch_100.json,project/results/qgat_extend100/seed2026/relation_D/validation_epoch_100.json
final,2026,V_select,276,5,100,100,3,3,0.8013833165168762,1.010828971862793,0.20944565534591675,1.5265140533447266,1.9855579137802124,0.45904386043548584,1.5646403431892395,2.003607928752899,0.43896758556365967,project/results/qgat_extend100/seed2026/gnn/validation_epoch_100.json,project/results/qgat_extend100/seed2026/relation_D/validation_epoch_100.json
final,2026,V_select,276,10,100,100,3,3,0.8016865849494934,1.011499285697937,0.2098127007484436,1.5270214080810547,1.9869709014892578,0.4599494934082031,1.5651972889900208,2.004984736442566,0.43978744745254517,project/results/qgat_extend100/seed2026/gnn/validation_epoch_100.json,project/results/qgat_extend100/seed2026/relation_D/validation_epoch_100.json
final,2026,V_select,276,15,100,100,3,3,0.802056074142456,1.0117216110229492,0.20966553688049316,1.5275803804397583,1.9880510568618774,0.46047067642211914,1.5658462643623352,2.005747139453888,0.43990087509155273,project/results/qgat_extend100/seed2026/gnn/validation_epoch_100.json,project/results/qgat_extend100/seed2026/relation_D/validation_epoch_100.json
final,2026,V_select,276,20,100,100,3,3,0.8019246459007263,1.0117106437683105,0.20978599786758423,1.5275120735168457,1.9879039525985718,0.4603918790817261,1.5656806826591492,2.0056626200675964,0.43998193740844727,project/results/qgat_extend100/seed2026/gnn/validation_epoch_100.json,project/results/qgat_extend100/seed2026/relation_D/validation_epoch_100.json
final,2026,V_select,277,5,100,100,3,3,0.7007379531860352,0.6888508796691895,-0.011887073516845703,1.685917854309082,1.6814671754837036,-0.004450678825378418,1.5436968803405762,1.5295844674110413,-0.014112412929534912,project/results/qgat_extend100/seed2026/gnn/validation_epoch_100.json,project/results/qgat_extend100/seed2026/relation_D/validation_epoch_100.json
final,2026,V_select,277,10,100,100,3,3,0.7006627917289734,0.6887369155883789,-0.011925876140594482,1.68570077419281,1.6810256242752075,-0.004675149917602539,1.5435131788253784,1.5292497277259827,-0.014263451099395752,project/results/qgat_extend100/seed2026/gnn/validation_epoch_100.json,project/results/qgat_extend100/seed2026/relation_D/validation_epoch_100.json
final,2026,V_select,277,15,100,100,3,3,0.7004013657569885,0.6889476776123047,-0.011453688144683838,1.685325026512146,1.681658148765564,-0.0036668777465820312,1.5430638790130615,1.5297767519950867,-0.013287127017974854,project/results/qgat_extend100/seed2026/gnn/validation_epoch_100.json,project/results/qgat_extend100/seed2026/relation_D/validation_epoch_100.json
final,2026,V_select,277,20,100,100,3,3,0.7002829909324646,0.6883542537689209,-0.011928737163543701,1.6849886178970337,1.681276798248291,-0.0037118196487426758,1.5427772998809814,1.5289926528930664,-0.013784646987915039,project/results/qgat_extend100/seed2026/gnn/validation_epoch_100.json,project/results/qgat_extend100/seed2026/relation_D/validation_epoch_100.json
final,2026,V_select,278,5,100,100,3,3,0.6150560975074768,0.5209653973579407,-0.09409070014953613,1.2634514570236206,0.8937718868255615,-0.3696795701980591,1.246781826019287,0.9678513407707214,-0.2789304852485657,project/results/qgat_extend100/seed2026/gnn/validation_epoch_100.json,project/results/qgat_extend100/seed2026/relation_D/validation_epoch_100.json
final,2026,V_select,278,10,100,100,3,3,0.6127265095710754,0.5214386582374573,-0.09128785133361816,1.2571848630905151,0.8789306282997131,-0.378254234790802,1.241318941116333,0.9609039723873138,-0.28041496872901917,project/results/qgat_extend100/seed2026/gnn/validation_epoch_100.json,project/results/qgat_extend100/seed2026/relation_D/validation_epoch_100.json
final,2026,V_select,278,15,100,100,3,3,0.6094979643821716,0.5218039155006409,-0.08769404888153076,1.2505732774734497,0.8780902028083801,-0.3724830746650696,1.2347846031188965,0.9608490169048309,-0.27393558621406555,project/results/qgat_extend100/seed2026/gnn/validation_epoch_100.json,project/results/qgat_extend100/seed2026/relation_D/validation_epoch_100.json
final,2026,V_select,278,20,100,100,3,3,0.6094979643821716,0.5218039155006409,-0.08769404888153076,1.2505732774734497,0.8780902028083801,-0.3724830746650696,1.2347846031188965,0.9608490169048309,-0.27393558621406555,project/results/qgat_extend100/seed2026/gnn/validation_epoch_100.json,project/results/qgat_extend100/seed2026/relation_D/validation_epoch_100.json
final,2026,V_select,279,5,100,100,3,3,0.8755900263786316,0.9939405918121338,0.1183505654335022,1.6304668188095093,2.069657564163208,0.43919074535369873,1.6908234357833862,2.028769373893738,0.33794593811035156,project/results/qgat_extend100/seed2026/gnn/validation_epoch_100.json,project/results/qgat_extend100/seed2026/relation_D/validation_epoch_100.json
final,2026,V_select,279,10,100,100,3,3,0.8751183152198792,0.9941079020500183,0.11898958683013916,1.6293483972549438,2.070091962814331,0.4407435655593872,1.689792513847351,2.029153883457184,0.33936136960983276,project/results/qgat_extend100/seed2026/gnn/validation_epoch_100.json,project/results/qgat_extend100/seed2026/relation_D/validation_epoch_100.json
final,2026,V_select,279,15,100,100,3,3,0.8754660487174988,0.9918600916862488,0.11639404296875,1.63018798828125,2.0650405883789062,0.43485260009765625,1.6905600428581238,2.024380385875702,0.3338203430175781,project/results/qgat_extend100/seed2026/gnn/validation_epoch_100.json,project/results/qgat_extend100/seed2026/relation_D/validation_epoch_100.json
final,2026,V_select,279,20,100,100,3,3,0.883593738079071,0.9991810321807861,0.11558729410171509,1.6384683847427368,2.0708653926849365,0.4323970079421997,1.7028279304504395,2.0346137285232544,0.33178579807281494,project/results/qgat_extend100/seed2026/gnn/validation_epoch_100.json,project/results/qgat_extend100/seed2026/relation_D/validation_epoch_100.json
final,2026,V_select,280,5,100,100,3,3,0.4897553622722626,0.3933278024196625,-0.0964275598526001,1.024025797843933,0.6643559336662292,-0.35966986417770386,1.0017682611942291,0.7255057692527771,-0.276262491941452,project/results/qgat_extend100/seed2026/gnn/validation_epoch_100.json,project/results/qgat_extend100/seed2026/relation_D/validation_epoch_100.json
final,2026,V_select,280,10,100,100,3,3,0.4900749623775482,0.3936541974544525,-0.0964207649230957,1.0250577926635742,0.6655784249305725,-0.3594793677330017,1.0026038587093353,0.7264434099197388,-0.27616044878959656,project/results/qgat_extend100/seed2026/gnn/validation_epoch_100.json,project/results/qgat_extend100/seed2026/relation_D/validation_epoch_100.json
final,2026,V_select,280,15,100,100,3,3,0.4882955551147461,0.39401182532310486,-0.09428372979164124,1.0202542543411255,0.6680009961128235,-0.352253258228302,0.9984226822853088,0.7280123233795166,-0.27041035890579224,project/results/qgat_extend100/seed2026/gnn/validation_epoch_100.json,project/results/qgat_extend100/seed2026/relation_D/validation_epoch_100.json
final,2026,V_select,280,20,100,100,3,3,0.48816218972206116,0.39380165934562683,-0.09436053037643433,1.0198986530303955,0.6672242283821106,-0.3526744246482849,0.9981115162372589,0.7274137735366821,-0.2706977427005768,project/results/qgat_extend100/seed2026/gnn/validation_epoch_100.json,project/results/qgat_extend100/seed2026/relation_D/validation_epoch_100.json
final,2026,V_select,281,5,100,100,3,3,0.6430451273918152,0.5741897225379944,-0.0688554048538208,0.9807955622673035,0.743067741394043,-0.2377278208732605,1.133442908525467,0.9457235932350159,-0.18771931529045105,project/results/qgat_extend100/seed2026/gnn/validation_epoch_100.json,project/results/qgat_extend100/seed2026/relation_D/validation_epoch_100.json
final,2026,V_select,281,10,100,100,3,3,0.6433243155479431,0.574115514755249,-0.06920880079269409,0.9817803502082825,0.7428362965583801,-0.23894405364990234,1.1342144906520844,0.9455336630344391,-0.18868082761764526,project/results/qgat_extend100/seed2026/gnn/validation_epoch_100.json,project/results/qgat_extend100/seed2026/relation_D/validation_epoch_100.json
final,2026,V_select,281,15,100,100,3,3,0.6435399651527405,0.574085533618927,-0.06945443153381348,0.9823519587516785,0.7428860664367676,-0.2394658923149109,1.1347159445285797,0.9455285668373108,-0.18918737769126892,project/results/qgat_extend100/seed2026/gnn/validation_epoch_100.json,project/results/qgat_extend100/seed2026/relation_D/validation_epoch_100.json
final,2026,V_select,281,20,100,100,3,3,0.6427860856056213,0.5734317898750305,-0.06935429573059082,0.9799368977546692,0.7413093447685242,-0.23862755298614502,1.132754534482956,0.9440864622592926,-0.18866807222366333,project/results/qgat_extend100/seed2026/gnn/validation_epoch_100.json,project/results/qgat_extend100/seed2026/relation_D/validation_epoch_100.json
final,2026,V_select,282,5,100,100,3,3,0.5277456641197205,0.6657938361167908,0.1380481719970703,1.1040998697280884,1.215382695198059,0.1112828254699707,1.0797955989837646,1.2734851837158203,0.19368958473205566,project/results/qgat_extend100/seed2026/gnn/validation_epoch_100.json,project/results/qgat_extend100/seed2026/relation_D/validation_epoch_100.json
final,2026,V_select,282,10,100,100,3,3,0.5281981229782104,0.6660559177398682,0.13785779476165771,1.1056345701217651,1.2169572114944458,0.11132264137268066,1.081015408039093,1.274534523487091,0.19351911544799805,project/results/qgat_extend100/seed2026/gnn/validation_epoch_100.json,project/results/qgat_extend100/seed2026/relation_D/validation_epoch_100.json
final,2026,V_select,282,15,100,100,3,3,0.5281769037246704,0.6660677790641785,0.13789087533950806,1.1055535078048706,1.2169437408447266,0.11139023303985596,1.0809536576271057,1.2745396494865417,0.19358599185943604,project/results/qgat_extend100/seed2026/gnn/validation_epoch_100.json,project/results/qgat_extend100/seed2026/relation_D/validation_epoch_100.json
final,2026,V_select,282,20,100,100,3,3,0.5279856324195862,0.6662977337837219,0.13831210136413574,1.104438066482544,1.2172318696975708,0.11279380321502686,1.0802046656608582,1.2749136686325073,0.19470900297164917,project/results/qgat_extend100/seed2026/gnn/validation_epoch_100.json,project/results/qgat_extend100/seed2026/relation_D/validation_epoch_100.json
final,2026,V_select,283,5,100,100,3,3,0.6487728357315063,0.5034363269805908,-0.14533650875091553,1.3896135091781616,1.2758575677871704,-0.11375594139099121,1.3435795903205872,1.141365110874176,-0.20221447944641113,project/results/qgat_extend100/seed2026/gnn/validation_epoch_100.json,project/results/qgat_extend100/seed2026/relation_D/validation_epoch_100.json
final,2026,V_select,283,10,100,100,3,3,0.648706316947937,0.5036980509757996,-0.14500826597213745,1.3894476890563965,1.2763944864273071,-0.11305320262908936,1.3434301614761353,1.1418952941894531,-0.20153486728668213,project/results/qgat_extend100/seed2026/gnn/validation_epoch_100.json,project/results/qgat_extend100/seed2026/relation_D/validation_epoch_100.json
final,2026,V_select,283,15,100,100,3,3,0.6439855694770813,0.5016703605651855,-0.14231520891189575,1.3857084512710571,1.27149498462677,-0.11421346664428711,1.3368397951126099,1.1374178528785706,-0.1994219422340393,project/results/qgat_extend100/seed2026/gnn/validation_epoch_100.json,project/results/qgat_extend100/seed2026/relation_D/validation_epoch_100.json
final,2026,V_select,283,20,100,100,3,3,0.6523587703704834,0.5077080726623535,-0.14465069770812988,1.4017542600631714,1.2834140062332153,-0.11834025382995605,1.353235900402069,1.1494150757789612,-0.2038208246231079,project/results/qgat_extend100/seed2026/gnn/validation_epoch_100.json,project/results/qgat_extend100/seed2026/relation_D/validation_epoch_100.json
final,2026,V_select,284,5,100,100,3,3,0.7897632718086243,0.831437349319458,0.04167407751083374,1.871607780456543,1.822973608970642,-0.04863417148590088,1.7255671620368958,1.742924153804779,0.0173569917678833,project/results/qgat_extend100/seed2026/gnn/validation_epoch_100.json,project/results/qgat_extend100/seed2026/relation_D/validation_epoch_100.json
final,2026,V_select,284,10,100,100,3,3,0.7882030606269836,0.826585590839386,0.038382530212402344,1.875960350036621,1.817296028137207,-0.05866432189941406,1.7261832356452942,1.7352336049079895,0.009050369262695312,project/results/qgat_extend100/seed2026/gnn/validation_epoch_100.json,project/results/qgat_extend100/seed2026/relation_D/validation_epoch_100.json
final,2026,V_select,284,15,100,100,3,3,0.7879059910774231,0.8261688351631165,0.03826284408569336,1.876773476600647,1.8168140649795532,-0.05995941162109375,1.7262927293777466,1.734575867652893,0.008283138275146484,project/results/qgat_extend100/seed2026/gnn/validation_epoch_100.json,project/results/qgat_extend100/seed2026/relation_D/validation_epoch_100.json
final,2026,V_select,284,20,100,100,3,3,0.7877137660980225,0.825934886932373,0.038221120834350586,1.8771964311599731,1.8164016008377075,-0.060794830322265625,1.726311981678009,1.7341356873512268,0.007823705673217773,project/results/qgat_extend100/seed2026/gnn/validation_epoch_100.json,project/results/qgat_extend100/seed2026/relation_D/validation_epoch_100.json
final,2026,V_select,285,5,100,100,3,3,0.5614295601844788,0.5512134432792664,-0.010216116905212402,1.2471047639846802,0.7402122616767883,-0.5068925023078918,1.1849819421768188,0.9213195741176605,-0.2636623680591583,project/results/qgat_extend100/seed2026/gnn/validation_epoch_100.json,project/results/qgat_extend100/seed2026/relation_D/validation_epoch_100.json
final,2026,V_select,285,10,100,100,3,3,0.5552307963371277,0.5445846915245056,-0.01064610481262207,1.2427375316619873,0.7359113693237305,-0.5068261623382568,1.1765995621681213,0.9125403761863708,-0.2640591859817505,project/results/qgat_extend100/seed2026/gnn/validation_epoch_100.json,project/results/qgat_extend100/seed2026/relation_D/validation_epoch_100.json
final,2026,V_select,285,15,100,100,3,3,0.5560285449028015,0.5445197224617004,-0.011508822441101074,1.2447493076324463,0.7368437647819519,-0.5079055428504944,1.1784031987190247,0.9129416048526764,-0.26546159386634827,project/results/qgat_extend100/seed2026/gnn/validation_epoch_100.json,project/results/qgat_extend100/seed2026/relation_D/validation_epoch_100.json
final,2026,V_select,285,20,100,100,3,3,0.5560917854309082,0.5445206761360168,-0.011571109294891357,1.2449501752853394,0.7369011044502258,-0.5080490708351135,1.1785668730735779,0.9129712283611298,-0.2655956447124481,project/results/qgat_extend100/seed2026/gnn/validation_epoch_100.json,project/results/qgat_extend100/seed2026/relation_D/validation_epoch_100.json
final,2026,V_select,286,5,100,100,3,3,0.7396523952484131,0.6953402161598206,-0.04431217908859253,1.5744414329528809,1.049971342086792,-0.5244700908660889,1.5268731117248535,1.2203258872032166,-0.30654722452163696,project/results/qgat_extend100/seed2026/gnn/validation_epoch_100.json,project/results/qgat_extend100/seed2026/relation_D/validation_epoch_100.json
final,2026,V_select,286,10,100,100,3,3,0.7388772964477539,0.6948322653770447,-0.04404503107070923,1.5731115341186523,1.0491100549697876,-0.5240014791488647,1.52543306350708,1.2193872928619385,-0.3060457706451416,project/results/qgat_extend100/seed2026/gnn/validation_epoch_100.json,project/results/qgat_extend100/seed2026/relation_D/validation_epoch_100.json
final,2026,V_select,286,15,100,100,3,3,0.7388052344322205,0.6947264671325684,-0.0440787672996521,1.572950005531311,1.048922061920166,-0.524027943611145,1.525280237197876,1.2191874980926514,-0.3060927391052246,project/results/qgat_extend100/seed2026/gnn/validation_epoch_100.json,project/results/qgat_extend100/seed2026/relation_D/validation_epoch_100.json
final,2026,V_select,286,20,100,100,3,3,0.738864004611969,0.6963300704956055,-0.042533934116363525,1.5730468034744263,1.0514882802963257,-0.5215585231781006,1.5253874063491821,1.2220742106437683,-0.3033131957054138,project/results/qgat_extend100/seed2026/gnn/validation_epoch_100.json,project/results/qgat_extend100/seed2026/relation_D/validation_epoch_100.json
final,2026,V_select,287,5,100,100,3,3,1.0652475357055664,1.2639808654785156,0.19873332977294922,1.897713303565979,2.7359583377838135,0.8382450342178345,2.014104187488556,2.6319600343704224,0.6178558468818665,project/results/qgat_extend100/seed2026/gnn/validation_epoch_100.json,project/results/qgat_extend100/seed2026/relation_D/validation_epoch_100.json
final,2026,V_select,287,10,100,100,3,3,1.065625786781311,1.2646125555038452,0.19898676872253418,1.8979285955429077,2.7372286319732666,0.8393000364303589,2.014590084552765,2.6332268714904785,0.6186367869377136,project/results/qgat_extend100/seed2026/gnn/validation_epoch_100.json,project/results/qgat_extend100/seed2026/relation_D/validation_epoch_100.json
final,2026,V_select,287,15,100,100,3,3,1.065824270248413,1.2638827562332153,0.19805848598480225,1.897791862487793,2.7355213165283203,0.8377294540405273,2.0147202014923096,2.6316434144973755,0.6169232130050659,project/results/qgat_extend100/seed2026/gnn/validation_epoch_100.json,project/results/qgat_extend100/seed2026/relation_D/validation_epoch_100.json
final,2026,V_select,287,20,100,100,3,3,1.065306544303894,1.263997197151184,0.19869065284729004,1.89533269405365,2.7356860637664795,0.8403533697128296,2.012972891330719,2.631840229034424,0.6188673377037048,project/results/qgat_extend100/seed2026/gnn/validation_epoch_100.json,project/results/qgat_extend100/seed2026/relation_D/validation_epoch_100.json
final,2026,V_select,288,5,100,100,8,8,1.391646146774292,1.3681471347808838,-0.023499011993408203,2.5872459411621094,2.449413299560547,-0.1378326416015625,2.6852691173553467,2.5928537845611572,-0.09241533279418945,project/results/qgat_extend100/seed2026/gnn/validation_epoch_100.json,project/results/qgat_extend100/seed2026/relation_D/validation_epoch_100.json
final,2026,V_select,288,10,100,100,8,8,1.3904989957809448,1.37190580368042,-0.018593192100524902,2.583615779876709,2.4573075771331787,-0.12630820274353027,2.6823068857192993,2.6005595922470093,-0.08174729347229004,project/results/qgat_extend100/seed2026/gnn/validation_epoch_100.json,project/results/qgat_extend100/seed2026/relation_D/validation_epoch_100.json
final,2026,V_select,288,15,100,100,8,8,1.3903367519378662,1.3719401359558105,-0.018396615982055664,2.5831797122955322,2.4574499130249023,-0.12572979927062988,2.6819266080856323,2.6006650924682617,-0.0812615156173706,project/results/qgat_extend100/seed2026/gnn/validation_epoch_100.json,project/results/qgat_extend100/seed2026/relation_D/validation_epoch_100.json
final,2026,V_select,288,20,100,100,8,8,1.3908944129943848,1.3720710277557373,-0.01882338523864746,2.583810806274414,2.457378387451172,-0.1264324188232422,2.682799816131592,2.6007602214813232,-0.08203959465026855,project/results/qgat_extend100/seed2026/gnn/validation_epoch_100.json,project/results/qgat_extend100/seed2026/relation_D/validation_epoch_100.json
final,2026,V_select,289,5,100,100,8,7,1.0948811769485474,1.4625922441482544,0.36771106719970703,2.5473971366882324,3.024815082550049,0.4774179458618164,2.3685797452926636,2.974999785423279,0.6064200401306152,project/results/qgat_extend100/seed2026/gnn/validation_epoch_100.json,project/results/qgat_extend100/seed2026/relation_D/validation_epoch_100.json
final,2026,V_select,289,10,100,100,8,7,1.0943219661712646,1.459989070892334,0.36566710472106934,2.546931028366089,3.0195600986480713,0.4726290702819824,2.367787480354309,2.9697691202163696,0.6019816398620605,project/results/qgat_extend100/seed2026/gnn/validation_epoch_100.json,project/results/qgat_extend100/seed2026/relation_D/validation_epoch_100.json
final,2026,V_select,289,15,100,100,8,7,1.094175100326538,1.46019446849823,0.3660193681716919,2.546024799346924,3.01947021484375,0.47344541549682617,2.3671875,2.969929575920105,0.602742075920105,project/results/qgat_extend100/seed2026/gnn/validation_epoch_100.json,project/results/qgat_extend100/seed2026/relation_D/validation_epoch_100.json
final,2026,V_select,289,20,100,100,8,7,1.0946239233016968,1.4604023694992065,0.36577844619750977,2.5472216606140137,3.02005934715271,0.4728376865386963,2.3682347536087036,2.9704320430755615,0.6021972894668579,project/results/qgat_extend100/seed2026/gnn/validation_epoch_100.json,project/results/qgat_extend100/seed2026/relation_D/validation_epoch_100.json
final,2026,V_select,290,5,100,100,7,5,1.1440837383270264,1.5672283172607422,0.4231445789337158,1.8862800598144531,2.914501667022705,1.028221607208252,2.087223768234253,3.0244791507720947,0.9372553825378418,project/results/qgat_extend100/seed2026/gnn/validation_epoch_100.json,project/results/qgat_extend100/seed2026/relation_D/validation_epoch_100.json
final,2026,V_select,290,10,100,100,7,5,1.1446958780288696,1.5695654153823853,0.4248695373535156,1.8928053379058838,2.9237585067749023,1.0309531688690186,2.0910985469818115,3.0314446687698364,0.9403461217880249,project/results/qgat_extend100/seed2026/gnn/validation_epoch_100.json,project/results/qgat_extend100/seed2026/relation_D/validation_epoch_100.json
final,2026,V_select,290,15,100,100,7,5,1.147033452987671,1.5714083909988403,0.42437493801116943,1.8998390436172485,2.9322173595428467,1.0323783159255981,2.096952974796295,3.0375170707702637,0.9405640959739685,project/results/qgat_extend100/seed2026/gnn/validation_epoch_100.json,project/results/qgat_extend100/seed2026/relation_D/validation_epoch_100.json
final,2026,V_select,290,20,100,100,7,5,1.1471816301345825,1.5712860822677612,0.4241044521331787,1.8996202945709229,2.931804656982422,1.032184362411499,2.096991777420044,3.037188410758972,0.9401966333389282,project/results/qgat_extend100/seed2026/gnn/validation_epoch_100.json,project/results/qgat_extend100/seed2026/relation_D/validation_epoch_100.json
final,2026,V_select,291,5,100,100,7,5,0.787373960018158,0.8775826692581177,0.09020870923995972,2.645585298538208,2.5120625495910645,-0.13352274894714355,2.110166609287262,2.13361394405365,0.02344733476638794,project/results/qgat_extend100/seed2026/gnn/validation_epoch_100.json,project/results/qgat_extend100/seed2026/relation_D/validation_epoch_100.json
final,2026,V_select,291,10,100,100,7,5,0.7890204191207886,0.8772962689399719,0.08827584981918335,2.6502106189727783,2.512622594833374,-0.1375880241394043,2.1141257286071777,2.133607566356659,0.0194818377494812,project/results/qgat_extend100/seed2026/gnn/validation_epoch_100.json,project/results/qgat_extend100/seed2026/relation_D/validation_epoch_100.json
final,2026,V_select,291,15,100,100,7,5,0.7887162566184998,0.8747410774230957,0.08602482080459595,2.652310848236084,2.5058627128601074,-0.14644813537597656,2.1148716807365417,2.1276724338531494,0.012800753116607666,project/results/qgat_extend100/seed2026/gnn/validation_epoch_100.json,project/results/qgat_extend100/seed2026/relation_D/validation_epoch_100.json
final,2026,V_select,291,20,100,100,7,5,0.7886964082717896,0.8746179938316345,0.08592158555984497,2.652310848236084,2.5054869651794434,-0.14682388305664062,2.1148518323898315,2.127361476421356,0.012509644031524658,project/results/qgat_extend100/seed2026/gnn/validation_epoch_100.json,project/results/qgat_extend100/seed2026/relation_D/validation_epoch_100.json
final,2026,V_select,292,5,100,100,5,5,1.0764305591583252,1.5031986236572266,0.42676806449890137,2.2000393867492676,3.1310434341430664,0.9310040473937988,2.176450252532959,3.0687203407287598,0.8922700881958008,project/results/qgat_extend100/seed2026/gnn/validation_epoch_100.json,project/results/qgat_extend100/seed2026/relation_D/validation_epoch_100.json
final,2026,V_select,292,10,100,100,5,5,1.0766397714614868,1.5026824474334717,0.42604267597198486,2.2005386352539062,3.1298375129699707,0.9292988777160645,2.17690908908844,3.067601203918457,0.8906921148300171,project/results/qgat_extend100/seed2026/gnn/validation_epoch_100.json,project/results/qgat_extend100/seed2026/relation_D/validation_epoch_100.json
final,2026,V_select,292,15,100,100,5,5,1.0768797397613525,1.5044028759002686,0.427523136138916,2.2010035514831543,3.1334645748138428,0.9324610233306885,2.1773815155029297,3.07113516330719,0.8937536478042603,project/results/qgat_extend100/seed2026/gnn/validation_epoch_100.json,project/results/qgat_extend100/seed2026/relation_D/validation_epoch_100.json
final,2026,V_select,292,20,100,100,5,5,1.0826900005340576,1.5057096481323242,0.4230196475982666,2.2089009284973145,3.135359287261963,0.9264583587646484,2.187140464782715,3.0733892917633057,0.8862488269805908,project/results/qgat_extend100/seed2026/gnn/validation_epoch_100.json,project/results/qgat_extend100/seed2026/relation_D/validation_epoch_100.json
final,2026,V_select,293,5,100,100,5,4,1.0427712202072144,1.4095704555511475,0.3667992353439331,1.616843342781067,1.9240033626556396,0.30716001987457275,1.8511928915977478,2.3715721368789673,0.5203792452812195,project/results/qgat_extend100/seed2026/gnn/validation_epoch_100.json,project/results/qgat_extend100/seed2026/relation_D/validation_epoch_100.json
final,2026,V_select,293,10,100,100,5,4,1.042654275894165,1.4103139638900757,0.36765968799591064,1.6168749332427979,1.9242748022079468,0.3073998689651489,1.851091742515564,2.372451364994049,0.5213596224784851,project/results/qgat_extend100/seed2026/gnn/validation_epoch_100.json,project/results/qgat_extend100/seed2026/relation_D/validation_epoch_100.json
final,2026,V_select,293,15,100,100,5,4,1.0424226522445679,1.410757303237915,0.36833465099334717,1.6175708770751953,1.9250054359436035,0.3074345588684082,1.8512080907821655,2.373260021209717,0.5220519304275513,project/results/qgat_extend100/seed2026/gnn/validation_epoch_100.json,project/results/qgat_extend100/seed2026/relation_D/validation_epoch_100.json
final,2026,V_select,293,20,100,100,5,4,1.042396903038025,1.4110438823699951,0.3686469793319702,1.6179143190383911,1.9256222248077393,0.30770790576934814,1.8513540625572205,2.3738549947738647,0.5225009322166443,project/results/qgat_extend100/seed2026/gnn/validation_epoch_100.json,project/results/qgat_extend100/seed2026/relation_D/validation_epoch_100.json
final,2026,V_select,294,5,100,100,5,4,0.6897723078727722,0.6285055875778198,-0.06126672029495239,1.5867185592651367,1.3270866870880127,-0.259631872177124,1.4831315875053406,1.2920489311218262,-0.1910826563835144,project/results/qgat_extend100/seed2026/gnn/validation_epoch_100.json,project/results/qgat_extend100/seed2026/relation_D/validation_epoch_100.json
final,2026,V_select,294,10,100,100,5,4,0.6920764446258545,0.6271864175796509,-0.06489002704620361,1.5896005630493164,1.3334121704101562,-0.25618839263916016,1.4868767261505127,1.293892502784729,-0.1929842233657837,project/results/qgat_extend100/seed2026/gnn/validation_epoch_100.json,project/results/qgat_extend100/seed2026/relation_D/validation_epoch_100.json
final,2026,V_select,294,15,100,100,5,4,0.6905058026313782,0.6233225464820862,-0.06718325614929199,1.5840916633605957,1.322528600692749,-0.2615630626678467,1.482551634311676,1.2845868468284607,-0.19796478748321533,project/results/qgat_extend100/seed2026/gnn/validation_epoch_100.json,project/results/qgat_extend100/seed2026/relation_D/validation_epoch_100.json
final,2026,V_select,294,20,100,100,5,4,0.6905038356781006,0.6232361793518066,-0.06726765632629395,1.58393394947052,1.3220082521438599,-0.26192569732666016,1.4824708104133606,1.2842403054237366,-0.19823050498962402,project/results/qgat_extend100/seed2026/gnn/validation_epoch_100.json,project/results/qgat_extend100/seed2026/relation_D/validation_epoch_100.json
final,2026,V_select,295,5,100,100,4,4,0.7837553024291992,0.8031960725784302,0.019440770149230957,1.3135457038879395,1.3927310705184937,0.0791853666305542,1.440528154373169,1.499561607837677,0.05903345346450806,project/results/qgat_extend100/seed2026/gnn/validation_epoch_100.json,project/results/qgat_extend100/seed2026/relation_D/validation_epoch_100.json
final,2026,V_select,295,10,100,100,4,4,0.7832732200622559,0.8054550886154175,0.02218186855316162,1.3154466152191162,1.397278070449829,0.08183145523071289,1.440996527671814,1.504094123840332,0.06309759616851807,project/results/qgat_extend100/seed2026/gnn/validation_epoch_100.json,project/results/qgat_extend100/seed2026/relation_D/validation_epoch_100.json
final,2026,V_select,295,15,100,100,4,4,0.7834577560424805,0.8054572343826294,0.021999478340148926,1.3157217502593994,1.3972976207733154,0.08157587051391602,1.4413186311721802,1.504106044769287,0.06278741359710693,project/results/qgat_extend100/seed2026/gnn/validation_epoch_100.json,project/results/qgat_extend100/seed2026/relation_D/validation_epoch_100.json
final,2026,V_select,295,20,100,100,4,4,0.7835080623626709,0.8054438829421997,0.02193582057952881,1.315854549407959,1.3972768783569336,0.08142232894897461,1.4414353370666504,1.5040823221206665,0.06264698505401611,project/results/qgat_extend100/seed2026/gnn/validation_epoch_100.json,project/results/qgat_extend100/seed2026/relation_D/validation_epoch_100.json
final,2026,V_select,296,5,100,100,4,4,0.6936315894126892,0.5854672193527222,-0.10816437005996704,1.4218066930770874,0.9400366544723511,-0.48177003860473633,1.404534935951233,1.0554855465888977,-0.3490493893623352,project/results/qgat_extend100/seed2026/gnn/validation_epoch_100.json,project/results/qgat_extend100/seed2026/relation_D/validation_epoch_100.json
final,2026,V_select,296,10,100,100,4,4,0.6936508417129517,0.5822225213050842,-0.11142832040786743,1.4241600036621094,0.9334499835968018,-0.4907100200653076,1.4057308435440063,1.048947513103485,-0.35678333044052124,project/results/qgat_extend100/seed2026/gnn/validation_epoch_100.json,project/results/qgat_extend100/seed2026/relation_D/validation_epoch_100.json
final,2026,V_select,296,15,100,100,4,4,0.6930926442146301,0.5821329951286316,-0.11095964908599854,1.4224441051483154,0.9318788051605225,-0.49056529998779297,1.4043146967887878,1.0480723977088928,-0.356242299079895,project/results/qgat_extend100/seed2026/gnn/validation_epoch_100.json,project/results/qgat_extend100/seed2026/relation_D/validation_epoch_100.json
final,2026,V_select,296,20,100,100,4,4,0.6930808424949646,0.5821234583854675,-0.11095738410949707,1.4224289655685425,0.931909441947937,-0.49051952362060547,1.4042953252792358,1.048078179359436,-0.3562171459197998,project/results/qgat_extend100/seed2026/gnn/validation_epoch_100.json,project/results/qgat_extend100/seed2026/relation_D/validation_epoch_100.json
final,2026,V_select,297,5,100,100,4,4,0.6009430885314941,0.4555549621582031,-0.14538812637329102,0.9464763402938843,0.5009406805038452,-0.44553565979003906,1.0741812586784363,0.7060253024101257,-0.36815595626831055,project/results/qgat_extend100/seed2026/gnn/validation_epoch_100.json,project/results/qgat_extend100/seed2026/relation_D/validation_epoch_100.json
final,2026,V_select,297,10,100,100,4,4,0.6006380915641785,0.4546961188316345,-0.14594197273254395,0.9431397914886475,0.49452072381973267,-0.4486190676689148,1.0722079873085022,0.7019564807415009,-0.37025150656700134,project/results/qgat_extend100/seed2026/gnn/validation_epoch_100.json,project/results/qgat_extend100/seed2026/relation_D/validation_epoch_100.json
final,2026,V_select,297,15,100,100,4,4,0.6004825234413147,0.45455819368362427,-0.14592432975769043,0.9429001808166504,0.49462229013442993,-0.44827789068222046,1.07193261384964,0.7018693387508392,-0.37006327509880066,project/results/qgat_extend100/seed2026/gnn/validation_epoch_100.json,project/results/qgat_extend100/seed2026/relation_D/validation_epoch_100.json
final,2026,V_select,297,20,100,100,4,4,0.6012805700302124,0.4540519118309021,-0.1472286581993103,0.9443491101264954,0.4975854754447937,-0.44676363468170166,1.07345512509346,0.702844649553299,-0.37061047554016113,project/results/qgat_extend100/seed2026/gnn/validation_epoch_100.json,project/results/qgat_extend100/seed2026/relation_D/validation_epoch_100.json
final,2026,V_select,298,5,100,100,4,4,0.7673027515411377,0.7475996017456055,-0.019703149795532227,1.5287212133407593,1.2997647523880005,-0.2289564609527588,1.5316633582115173,1.3974819779396057,-0.13418138027191162,project/results/qgat_extend100/seed2026/gnn/validation_epoch_100.json,project/results/qgat_extend100/seed2026/relation_D/validation_epoch_100.json
final,2026,V_select,298,10,100,100,4,4,0.7666499614715576,0.7472593188285828,-0.019390642642974854,1.527207612991333,1.299432396888733,-0.2277752161026001,1.5302537679672241,1.3969755172729492,-0.1332782506942749,project/results/qgat_extend100/seed2026/gnn/validation_epoch_100.json,project/results/qgat_extend100/seed2026/relation_D/validation_epoch_100.json
final,2026,V_select,298,15,100,100,4,4,0.7667480707168579,0.7471103072166443,-0.019637763500213623,1.5274803638458252,1.2990118265151978,-0.22846853733062744,1.5304882526397705,1.3966162204742432,-0.13387203216552734,project/results/qgat_extend100/seed2026/gnn/validation_epoch_100.json,project/results/qgat_extend100/seed2026/relation_D/validation_epoch_100.json
final,2026,V_select,298,20,100,100,4,4,0.7667146921157837,0.7466608285903931,-0.020053863525390625,1.5279524326324463,1.2982536554336548,-0.2296987771987915,1.5306909084320068,1.3957876563072205,-0.13490325212478638,project/results/qgat_extend100/seed2026/gnn/validation_epoch_100.json,project/results/qgat_extend100/seed2026/relation_D/validation_epoch_100.json
final,2026,V_select,299,5,100,100,4,4,0.5837609767913818,0.7370482683181763,0.15328729152679443,1.4171751737594604,1.6609609127044678,0.24378573894500732,1.292348563671112,1.5675287246704102,0.2751801609992981,project/results/qgat_extend100/seed2026/gnn/validation_epoch_100.json,project/results/qgat_extend100/seed2026/relation_D/validation_epoch_100.json
final,2026,V_select,299,10,100,100,4,4,0.5892201066017151,0.7390121221542358,0.14979201555252075,1.4270249605178833,1.664116621017456,0.23709166049957275,1.3027325868606567,1.5710704326629639,0.26833784580230713,project/results/qgat_extend100/seed2026/gnn/validation_epoch_100.json,project/results/qgat_extend100/seed2026/relation_D/validation_epoch_100.json
final,2026,V_select,299,15,100,100,4,4,0.5886557102203369,0.7380779981613159,0.149422287940979,1.425013780593872,1.662774920463562,0.23776113986968994,1.301162600517273,1.569465458393097,0.268302857875824,project/results/qgat_extend100/seed2026/gnn/validation_epoch_100.json,project/results/qgat_extend100/seed2026/relation_D/validation_epoch_100.json
final,2026,V_select,299,20,100,100,4,4,0.5896233320236206,0.7389163374900818,0.14929300546646118,1.427481770515442,1.666006088256836,0.23852431774139404,1.3033642172813416,1.5719193816184998,0.2685551643371582,project/results/qgat_extend100/seed2026/gnn/validation_epoch_100.json,project/results/qgat_extend100/seed2026/relation_D/validation_epoch_100.json
final,2026,V_select,300,5,100,100,4,4,0.847444474697113,0.5450993180274963,-0.3023451566696167,1.4599570035934448,1.1665074825286865,-0.2934495210647583,1.5774229764938354,1.1283530592918396,-0.44906991720199585,project/results/qgat_extend100/seed2026/gnn/validation_epoch_100.json,project/results/qgat_extend100/seed2026/relation_D/validation_epoch_100.json
final,2026,V_select,300,10,100,100,4,4,0.8484166264533997,0.5453455448150635,-0.3030710816383362,1.4625693559646606,1.1675312519073486,-0.295038104057312,1.57970130443573,1.1291111707687378,-0.4505901336669922,project/results/qgat_extend100/seed2026/gnn/validation_epoch_100.json,project/results/qgat_extend100/seed2026/relation_D/validation_epoch_100.json
final,2026,V_select,300,15,100,100,4,4,0.8483423590660095,0.5452736616134644,-0.30306869745254517,1.4624547958374023,1.1682109832763672,-0.29424381256103516,1.5795697569847107,1.129379153251648,-0.45019060373306274,project/results/qgat_extend100/seed2026/gnn/validation_epoch_100.json,project/results/qgat_extend100/seed2026/relation_D/validation_epoch_100.json
final,2026,V_select,300,20,100,100,4,4,0.8483423590660095,0.5452736616134644,-0.30306869745254517,1.4624547958374023,1.1682109832763672,-0.29424381256103516,1.5795697569847107,1.129379153251648,-0.45019060373306274,project/results/qgat_extend100/seed2026/gnn/validation_epoch_100.json,project/results/qgat_extend100/seed2026/relation_D/validation_epoch_100.json
final,2026,V_select,301,5,100,100,4,4,1.1635584831237793,0.7871286869049072,-0.37642979621887207,1.9931848049163818,1.4081478118896484,-0.5850369930267334,2.16015088558197,1.4912025928497314,-0.6689482927322388,project/results/qgat_extend100/seed2026/gnn/validation_epoch_100.json,project/results/qgat_extend100/seed2026/relation_D/validation_epoch_100.json
final,2026,V_select,301,10,100,100,4,4,1.1632263660430908,0.7864649891853333,-0.37676137685775757,1.9920538663864136,1.4080283641815186,-0.584025502204895,2.1592532992362976,1.4904791712760925,-0.6687741279602051,project/results/qgat_extend100/seed2026/gnn/validation_epoch_100.json,project/results/qgat_extend100/seed2026/relation_D/validation_epoch_100.json
final,2026,V_select,301,15,100,100,4,4,1.1628875732421875,0.7855663299560547,-0.3773212432861328,1.9921363592147827,1.4067175388336182,-0.5854188203811646,2.158955752849579,1.4889250993728638,-0.6700306534767151,project/results/qgat_extend100/seed2026/gnn/validation_epoch_100.json,project/results/qgat_extend100/seed2026/relation_D/validation_epoch_100.json
final,2026,V_select,301,20,100,100,4,4,1.1628875732421875,0.7855663299560547,-0.3773212432861328,1.9921363592147827,1.4067175388336182,-0.5854188203811646,2.158955752849579,1.4889250993728638,-0.6700306534767151,project/results/qgat_extend100/seed2026/gnn/validation_epoch_100.json,project/results/qgat_extend100/seed2026/relation_D/validation_epoch_100.json
final,2026,V_select,302,5,100,100,4,4,0.9551928043365479,0.8855261206626892,-0.06966668367385864,2.0890047550201416,1.7421741485595703,-0.3468306064605713,1.9996951818466187,1.7566131949424744,-0.2430819869041443,project/results/qgat_extend100/seed2026/gnn/validation_epoch_100.json,project/results/qgat_extend100/seed2026/relation_D/validation_epoch_100.json
final,2026,V_select,302,10,100,100,4,4,0.9540154337882996,0.884121835231781,-0.06989359855651855,2.0862314701080322,1.7402691841125488,-0.3459622859954834,1.9971311688423157,1.7542564272880554,-0.24287474155426025,project/results/qgat_extend100/seed2026/gnn/validation_epoch_100.json,project/results/qgat_extend100/seed2026/relation_D/validation_epoch_100.json
final,2026,V_select,302,15,100,100,4,4,0.9540306329727173,0.8839499354362488,-0.0700806975364685,2.0862298011779785,1.7399158477783203,-0.3463139533996582,1.9971455335617065,1.753907859325409,-0.2432376742362976,project/results/qgat_extend100/seed2026/gnn/validation_epoch_100.json,project/results/qgat_extend100/seed2026/relation_D/validation_epoch_100.json
final,2026,V_select,302,20,100,100,4,4,0.954266369342804,0.8837639689445496,-0.0705024003982544,2.0867602825164795,1.7395373582839966,-0.3472229242324829,1.9976465106010437,1.7535326480865479,-0.24411386251449585,project/results/qgat_extend100/seed2026/gnn/validation_epoch_100.json,project/results/qgat_extend100/seed2026/relation_D/validation_epoch_100.json
final,2026,V_select,303,5,100,100,4,4,0.8181197643280029,1.361607551574707,0.5434877872467041,1.6111782789230347,2.909203052520752,1.2980247735977173,1.6237089037895203,2.816209077835083,1.1925001740455627,project/results/qgat_extend100/seed2026/gnn/validation_epoch_100.json,project/results/qgat_extend100/seed2026/relation_D/validation_epoch_100.json
final,2026,V_select,303,10,100,100,4,4,0.820956289768219,1.356494665145874,0.535538375377655,1.626659631729126,2.9091110229492188,1.2824513912200928,1.634286105632782,2.8110501766204834,1.1767640709877014,project/results/qgat_extend100/seed2026/gnn/validation_epoch_100.json,project/results/qgat_extend100/seed2026/relation_D/validation_epoch_100.json
final,2026,V_select,303,15,100,100,4,4,0.820415198802948,1.3568382263183594,0.5364230275154114,1.6238559484481812,2.9098546504974365,1.2859987020492554,1.6323431730270386,2.8117655515670776,1.179422378540039,project/results/qgat_extend100/seed2026/gnn/validation_epoch_100.json,project/results/qgat_extend100/seed2026/relation_D/validation_epoch_100.json
final,2026,V_select,303,20,100,100,4,4,0.8204115033149719,1.3567429780960083,0.5363314747810364,1.623766541481018,2.9096550941467285,1.2858885526657104,1.632294774055481,2.8115705251693726,1.1792757511138916,project/results/qgat_extend100/seed2026/gnn/validation_epoch_100.json,project/results/qgat_extend100/seed2026/relation_D/validation_epoch_100.json
final,2026,V_select,304,5,100,100,8,8,0.7674354910850525,0.761982798576355,-0.00545269250869751,1.5709704160690308,1.5087840557098389,-0.062186360359191895,1.5529206991195679,1.5163748264312744,-0.03654587268829346,project/results/qgat_extend100/seed2026/gnn/validation_epoch_100.json,project/results/qgat_extend100/seed2026/relation_D/validation_epoch_100.json
final,2026,V_select,304,10,100,100,8,8,0.772765040397644,0.7656868696212769,-0.0070781707763671875,1.5794298648834229,1.513397455215454,-0.06603240966796875,1.5624799728393555,1.522385597229004,-0.04009437561035156,project/results/qgat_extend100/seed2026/gnn/validation_epoch_100.json,project/results/qgat_extend100/seed2026/relation_D/validation_epoch_100.json
final,2026,V_select,304,15,100,100,8,8,0.772773027420044,0.7656523585319519,-0.007120668888092041,1.5793018341064453,1.5131597518920898,-0.06614208221435547,1.5624239444732666,1.5222322344779968,-0.040191709995269775,project/results/qgat_extend100/seed2026/gnn/validation_epoch_100.json,project/results/qgat_extend100/seed2026/relation_D/validation_epoch_100.json
final,2026,V_select,304,20,100,100,8,8,0.7731645107269287,0.7657476663589478,-0.007416844367980957,1.5802135467529297,1.5133798122406006,-0.0668337345123291,1.5632712841033936,1.522437572479248,-0.04083371162414551,project/results/qgat_extend100/seed2026/gnn/validation_epoch_100.json,project/results/qgat_extend100/seed2026/relation_D/validation_epoch_100.json
final,2026,V_select,305,5,100,100,8,8,0.7579272985458374,0.5433939695358276,-0.21453332901000977,1.4523251056671143,0.8729236125946045,-0.5794014930725098,1.4840898513793945,0.9798557758331299,-0.5042340755462646,project/results/qgat_extend100/seed2026/gnn/validation_epoch_100.json,project/results/qgat_extend100/seed2026/relation_D/validation_epoch_100.json
final,2026,V_select,305,10,100,100,8,8,0.7579498887062073,0.5447322130203247,-0.21321767568588257,1.4487388134002686,0.872373640537262,-0.5763651728630066,1.4823192954063416,0.9809190332889557,-0.5014002621173859,project/results/qgat_extend100/seed2026/gnn/validation_epoch_100.json,project/results/qgat_extend100/seed2026/relation_D/validation_epoch_100.json
final,2026,V_select,305,15,100,100,8,8,0.7577073574066162,0.5446932315826416,-0.2130141258239746,1.4481174945831299,0.8724459409713745,-0.5756715536117554,1.4817661046981812,0.9809162020683289,-0.5008499026298523,project/results/qgat_extend100/seed2026/gnn/validation_epoch_100.json,project/results/qgat_extend100/seed2026/relation_D/validation_epoch_100.json
final,2026,V_select,305,20,100,100,8,8,0.757728636264801,0.544701099395752,-0.21302753686904907,1.4481743574142456,0.87247633934021,-0.5756980180740356,1.4818158149719238,0.9809392690658569,-0.5008765459060669,project/results/qgat_extend100/seed2026/gnn/validation_epoch_100.json,project/results/qgat_extend100/seed2026/relation_D/validation_epoch_100.json
final,2026,V_select,306,5,100,100,8,8,0.37510567903518677,0.2863582968711853,-0.08874738216400146,0.704058051109314,0.6302263140678406,-0.07383173704147339,0.7271347045898438,0.6014714539051056,-0.12566325068473816,project/results/qgat_extend100/seed2026/gnn/validation_epoch_100.json,project/results/qgat_extend100/seed2026/relation_D/validation_epoch_100.json
final,2026,V_select,306,10,100,100,8,8,0.3738863468170166,0.2829837203025818,-0.09090262651443481,0.705102801322937,0.6227569580078125,-0.08234584331512451,0.7264377474784851,0.594362199306488,-0.13207554817199707,project/results/qgat_extend100/seed2026/gnn/validation_epoch_100.json,project/results/qgat_extend100/seed2026/relation_D/validation_epoch_100.json
final,2026,V_select,306,15,100,100,8,8,0.3737329840660095,0.2830164432525635,-0.09071654081344604,0.7047351598739624,0.6229644417762756,-0.08177071809768677,0.7261005640029907,0.5944986641407013,-0.13160189986228943,project/results/qgat_extend100/seed2026/gnn/validation_epoch_100.json,project/results/qgat_extend100/seed2026/relation_D/validation_epoch_100.json
final,2026,V_select,306,20,100,100,8,8,0.3737410306930542,0.2830377221107483,-0.09070330858230591,0.7047569751739502,0.6230615973472595,-0.08169537782669067,0.7261195182800293,0.594568520784378,-0.13155099749565125,project/results/qgat_extend100/seed2026/gnn/validation_epoch_100.json,project/results/qgat_extend100/seed2026/relation_D/validation_epoch_100.json
final,2026,V_select,307,5,100,100,8,8,0.5342310667037964,0.426025927066803,-0.10820513963699341,0.9412398338317871,0.8016568422317505,-0.13958299160003662,1.00485098361969,0.8268543481826782,-0.17799663543701172,project/results/qgat_extend100/seed2026/gnn/validation_epoch_100.json,project/results/qgat_extend100/seed2026/relation_D/validation_epoch_100.json
final,2026,V_select,307,10,100,100,8,8,0.5349586009979248,0.42627766728401184,-0.10868093371391296,0.943818211555481,0.8021605014801025,-0.14165771007537842,1.0068677067756653,0.8273579180240631,-0.17950978875160217,project/results/qgat_extend100/seed2026/gnn/validation_epoch_100.json,project/results/qgat_extend100/seed2026/relation_D/validation_epoch_100.json
final,2026,V_select,307,15,100,100,8,8,0.534995973110199,0.42634740471839905,-0.10864856839179993,0.9440047144889832,0.8022469878196716,-0.14175772666931152,1.0069983303546906,0.8274708986282349,-0.1795274317264557,project/results/qgat_extend100/seed2026/gnn/validation_epoch_100.json,project/results/qgat_extend100/seed2026/relation_D/validation_epoch_100.json
final,2026,V_select,307,20,100,100,8,8,0.5349633693695068,0.4263828992843628,-0.10858047008514404,0.9439305067062378,0.8023196458816528,-0.14161086082458496,1.0069286227226257,0.8275427222251892,-0.17938590049743652,project/results/qgat_extend100/seed2026/gnn/validation_epoch_100.json,project/results/qgat_extend100/seed2026/relation_D/validation_epoch_100.json
final,2026,V_select,308,5,100,100,8,8,0.42857903242111206,0.37712931632995605,-0.051449716091156006,0.8690216541290283,0.7468199729919434,-0.12220168113708496,0.8630898594856262,0.7505393028259277,-0.11255055665969849,project/results/qgat_extend100/seed2026/gnn/validation_epoch_100.json,project/results/qgat_extend100/seed2026/relation_D/validation_epoch_100.json
final,2026,V_select,308,10,100,100,8,8,0.4282875657081604,0.3767549991607666,-0.0515325665473938,0.8691216111183167,0.747082531452179,-0.1220390796661377,0.8628483712673187,0.7502962648868561,-0.11255210638046265,project/results/qgat_extend100/seed2026/gnn/validation_epoch_100.json,project/results/qgat_extend100/seed2026/relation_D/validation_epoch_100.json
final,2026,V_select,308,15,100,100,8,8,0.42847687005996704,0.3768025040626526,-0.05167436599731445,0.869685709476471,0.7472034692764282,-0.12248224020004272,0.8633197247982025,0.7504042387008667,-0.11291548609733582,project/results/qgat_extend100/seed2026/gnn/validation_epoch_100.json,project/results/qgat_extend100/seed2026/relation_D/validation_epoch_100.json
final,2026,V_select,308,20,100,100,8,8,0.42854830622673035,0.3769199550151825,-0.05162835121154785,0.869890570640564,0.7471892237663269,-0.12270134687423706,0.8634935915470123,0.750514566898346,-0.11297902464866638,project/results/qgat_extend100/seed2026/gnn/validation_epoch_100.json,project/results/qgat_extend100/seed2026/relation_D/validation_epoch_100.json
final,2026,V_select,309,5,100,100,8,8,0.6146154999732971,0.5165426731109619,-0.0980728268623352,1.0939130783081055,0.9954191446304321,-0.09849393367767334,1.1615720391273499,1.014252245426178,-0.14731979370117188,project/results/qgat_extend100/seed2026/gnn/validation_epoch_100.json,project/results/qgat_extend100/seed2026/relation_D/validation_epoch_100.json
final,2026,V_select,309,10,100,100,8,8,0.6145282983779907,0.5165363550186157,-0.097991943359375,1.0936193466186523,0.9953943490982056,-0.09822499752044678,1.161337971687317,1.0142335295677185,-0.1471044421195984,project/results/qgat_extend100/seed2026/gnn/validation_epoch_100.json,project/results/qgat_extend100/seed2026/relation_D/validation_epoch_100.json
final,2026,V_select,309,15,100,100,8,8,0.6141653060913086,0.5165314078330994,-0.09763389825820923,1.0925836563110352,0.9954182505607605,-0.09716540575027466,1.1604571342468262,1.0142405331134796,-0.14621660113334656,project/results/qgat_extend100/seed2026/gnn/validation_epoch_100.json,project/results/qgat_extend100/seed2026/relation_D/validation_epoch_100.json
final,2026,V_select,309,20,100,100,8,8,0.6143655776977539,0.5166589021682739,-0.09770667552947998,1.0932186841964722,0.9954952001571655,-0.09772348403930664,1.16097491979599,1.0144065022468567,-0.1465684175491333,project/results/qgat_extend100/seed2026/gnn/validation_epoch_100.json,project/results/qgat_extend100/seed2026/relation_D/validation_epoch_100.json
final,2026,V_select,310,5,100,100,8,8,0.7506263256072998,0.9345165491104126,0.1838902235031128,1.2072803974151611,1.6790679693222046,0.47178757190704346,1.3542665243148804,1.774050533771515,0.4197840094566345,project/results/qgat_extend100/seed2026/gnn/validation_epoch_100.json,project/results/qgat_extend100/seed2026/relation_D/validation_epoch_100.json
final,2026,V_select,310,10,100,100,8,8,0.7511280179023743,0.9345064163208008,0.1833783984184265,1.2089110612869263,1.6790580749511719,0.4701470136642456,1.3555835485458374,1.7740354537963867,0.4184519052505493,project/results/qgat_extend100/seed2026/gnn/validation_epoch_100.json,project/results/qgat_extend100/seed2026/relation_D/validation_epoch_100.json
final,2026,V_select,310,15,100,100,8,8,0.7513834238052368,0.9342658519744873,0.1828824281692505,1.209517240524292,1.6786456108093262,0.4691283702850342,1.3561420440673828,1.7735886573791504,0.4174466133117676,project/results/qgat_extend100/seed2026/gnn/validation_epoch_100.json,project/results/qgat_extend100/seed2026/relation_D/validation_epoch_100.json
final,2026,V_select,310,20,100,100,8,8,0.7512333989143372,0.934739351272583,0.18350595235824585,1.2090623378753662,1.6794648170471191,0.47040247917175293,1.3557645678520203,1.7744717597961426,0.4187071919441223,project/results/qgat_extend100/seed2026/gnn/validation_epoch_100.json,project/results/qgat_extend100/seed2026/relation_D/validation_epoch_100.json
final,2026,V_select,311,5,100,100,8,8,0.5880433320999146,0.2122601866722107,-0.37578314542770386,1.2933776378631592,0.30841395258903503,-0.9849636852741241,1.2347321510314941,0.3664671629667282,-0.8682649880647659,project/results/qgat_extend100/seed2026/gnn/validation_epoch_100.json,project/results/qgat_extend100/seed2026/relation_D/validation_epoch_100.json
final,2026,V_select,311,10,100,100,8,8,0.5892280340194702,0.21281373500823975,-0.37641429901123047,1.2961353063583374,0.309193879365921,-0.9869414269924164,1.237295687198639,0.36741067469120026,-0.8698850125074387,project/results/qgat_extend100/seed2026/gnn/validation_epoch_100.json,project/results/qgat_extend100/seed2026/relation_D/validation_epoch_100.json
final,2026,V_select,311,15,100,100,8,8,0.5883365869522095,0.2128584384918213,-0.3754781484603882,1.2938954830169678,0.30925118923187256,-0.9846442937850952,1.2352843284606934,0.36748403310775757,-0.8678002953529358,project/results/qgat_extend100/seed2026/gnn/validation_epoch_100.json,project/results/qgat_extend100/seed2026/relation_D/validation_epoch_100.json
final,2026,V_select,311,20,100,100,8,8,0.5891520977020264,0.21263384819030762,-0.37651824951171875,1.2958858013153076,0.3088582158088684,-0.9870275855064392,1.2370949983596802,0.3670629560947418,-0.8700320422649384,project/results/qgat_extend100/seed2026/gnn/validation_epoch_100.json,project/results/qgat_extend100/seed2026/relation_D/validation_epoch_100.json
final,2026,V_select,312,5,100,100,8,8,0.3218522071838379,0.31111568212509155,-0.010736525058746338,0.7196349501609802,0.5715977549552917,-0.14803719520568848,0.681669682264328,0.5969145596027374,-0.08475512266159058,project/results/qgat_extend100/seed2026/gnn/validation_epoch_100.json,project/results/qgat_extend100/seed2026/relation_D/validation_epoch_100.json
final,2026,V_select,312,10,100,100,8,8,0.3218807280063629,0.3106246888637543,-0.011256039142608643,0.7184758186340332,0.570417046546936,-0.14805877208709717,0.6811186373233795,0.5958332121372223,-0.08528542518615723,project/results/qgat_extend100/seed2026/gnn/validation_epoch_100.json,project/results/qgat_extend100/seed2026/relation_D/validation_epoch_100.json
final,2026,V_select,312,15,100,100,8,8,0.32247862219810486,0.3104543089866638,-0.01202431321144104,0.7204751372337341,0.569975733757019,-0.1504994034767151,0.6827161908149719,0.5954421758651733,-0.08727401494979858,project/results/qgat_extend100/seed2026/gnn/validation_epoch_100.json,project/results/qgat_extend100/seed2026/relation_D/validation_epoch_100.json
final,2026,V_select,312,20,100,100,8,8,0.3243013620376587,0.30945324897766113,-0.014848113059997559,0.7269850373268127,0.5675009489059448,-0.15948408842086792,0.6877938807010651,0.5932037234306335,-0.09459015727043152,project/results/qgat_extend100/seed2026/gnn/validation_epoch_100.json,project/results/qgat_extend100/seed2026/relation_D/validation_epoch_100.json
final,2026,V_select,313,5,100,100,8,6,0.21289880573749542,0.2048751711845398,-0.008023634552955627,0.6342563629150391,0.5651975274085999,-0.06905883550643921,0.530026987195015,0.4874739348888397,-0.04255305230617523,project/results/qgat_extend100/seed2026/gnn/validation_epoch_100.json,project/results/qgat_extend100/seed2026/relation_D/validation_epoch_100.json
final,2026,V_select,313,10,100,100,8,6,0.21228790283203125,0.2057538628578186,-0.0065340399742126465,0.6315414905548096,0.5648706555366516,-0.06667083501815796,0.528058648109436,0.4881891906261444,-0.039869457483291626,project/results/qgat_extend100/seed2026/gnn/validation_epoch_100.json,project/results/qgat_extend100/seed2026/relation_D/validation_epoch_100.json
final,2026,V_select,313,15,100,100,8,6,0.212441086769104,0.20572781562805176,-0.006713271141052246,0.6323187351226807,0.5649051070213318,-0.06741362810134888,0.5286004543304443,0.48818036913871765,-0.040420085191726685,project/results/qgat_extend100/seed2026/gnn/validation_epoch_100.json,project/results/qgat_extend100/seed2026/relation_D/validation_epoch_100.json
final,2026,V_select,313,20,100,100,8,6,0.21298572421073914,0.20565491914749146,-0.007330805063247681,0.6339067816734314,0.5646450519561768,-0.06926172971725464,0.5299391150474548,0.48797744512557983,-0.041961669921875,project/results/qgat_extend100/seed2026/gnn/validation_epoch_100.json,project/results/qgat_extend100/seed2026/relation_D/validation_epoch_100.json
final,2026,V_select,314,5,100,100,7,6,0.34161821007728577,0.27171090245246887,-0.0699073076248169,0.8689186573028564,0.7301223278045654,-0.13879632949829102,0.776077538728714,0.6367720663547516,-0.1393054723739624,project/results/qgat_extend100/seed2026/gnn/validation_epoch_100.json,project/results/qgat_extend100/seed2026/relation_D/validation_epoch_100.json
final,2026,V_select,314,10,100,100,7,6,0.34188464283943176,0.27120548486709595,-0.07067915797233582,0.869584858417511,0.7267342209815979,-0.14285063743591309,0.7766770720481873,0.6345725953578949,-0.14210447669029236,project/results/qgat_extend100/seed2026/gnn/validation_epoch_100.json,project/results/qgat_extend100/seed2026/relation_D/validation_epoch_100.json
final,2026,V_select,314,15,100,100,7,6,0.3420897126197815,0.27122384309768677,-0.07086586952209473,0.8702483177185059,0.7268087267875671,-0.14343959093093872,0.7772138714790344,0.6346282064914703,-0.1425856649875641,project/results/qgat_extend100/seed2026/gnn/validation_epoch_100.json,project/results/qgat_extend100/seed2026/relation_D/validation_epoch_100.json
final,2026,V_select,314,20,100,100,7,6,0.34246644377708435,0.27133482694625854,-0.0711316168308258,0.8707903027534485,0.7273740172386169,-0.14341628551483154,0.7778615951538086,0.635021835565567,-0.14283975958824158,project/results/qgat_extend100/seed2026/gnn/validation_epoch_100.json,project/results/qgat_extend100/seed2026/relation_D/validation_epoch_100.json
final,2026,V_select,315,5,100,100,6,4,0.5002160668373108,0.3280157744884491,-0.1722002923488617,1.3612432479858398,0.9456652998924255,-0.4155779480934143,1.1808376908302307,0.8008484244346619,-0.37998926639556885,project/results/qgat_extend100/seed2026/gnn/validation_epoch_100.json,project/results/qgat_extend100/seed2026/relation_D/validation_epoch_100.json
final,2026,V_select,315,10,100,100,6,4,0.4959198534488678,0.3229510188102722,-0.17296883463859558,1.351410984992981,0.938096284866333,-0.41331470012664795,1.1716253459453583,0.7919991612434387,-0.37962618470191956,project/results/qgat_extend100/seed2026/gnn/validation_epoch_100.json,project/results/qgat_extend100/seed2026/relation_D/validation_epoch_100.json
final,2026,V_select,315,15,100,100,6,4,0.4959448277950287,0.32292672991752625,-0.17301809787750244,1.3514087200164795,0.9380964040756226,-0.41331231594085693,1.1716491878032684,0.7919749319553375,-0.3796742558479309,project/results/qgat_extend100/seed2026/gnn/validation_epoch_100.json,project/results/qgat_extend100/seed2026/relation_D/validation_epoch_100.json
final,2026,V_select,315,20,100,100,6,4,0.49588558077812195,0.322933167219162,-0.17295241355895996,1.351183533668518,0.9381393194198608,-0.4130442142486572,1.171477347612381,0.7920028269290924,-0.3794745206832886,project/results/qgat_extend100/seed2026/gnn/validation_epoch_100.json,project/results/qgat_extend100/seed2026/relation_D/validation_epoch_100.json
final,2026,V_select,316,5,100,100,6,4,0.5254184603691101,0.35447773337364197,-0.17094072699546814,1.4817548990249634,0.5043394565582275,-0.9774154424667358,1.2662959098815918,0.6066474616527557,-0.6596484482288361,project/results/qgat_extend100/seed2026/gnn/validation_epoch_100.json,project/results/qgat_extend100/seed2026/relation_D/validation_epoch_100.json
final,2026,V_select,316,10,100,100,6,4,0.5243268013000488,0.35284602642059326,-0.17148077487945557,1.4788182973861694,0.4986281096935272,-0.9801901876926422,1.2637359499931335,0.6021600812673569,-0.6615758687257767,project/results/qgat_extend100/seed2026/gnn/validation_epoch_100.json,project/results/qgat_extend100/seed2026/relation_D/validation_epoch_100.json
final,2026,V_select,316,15,100,100,6,4,0.5243467688560486,0.3528550863265991,-0.17149168252944946,1.4788182973861694,0.4986281096935272,-0.9801901876926422,1.2637559175491333,0.6021691411733627,-0.6615867763757706,project/results/qgat_extend100/seed2026/gnn/validation_epoch_100.json,project/results/qgat_extend100/seed2026/relation_D/validation_epoch_100.json
final,2026,V_select,316,20,100,100,6,4,0.5243467688560486,0.3528550863265991,-0.17149168252944946,1.4788182973861694,0.4986281096935272,-0.9801901876926422,1.2637559175491333,0.6021691411733627,-0.6615867763757706,project/results/qgat_extend100/seed2026/gnn/validation_epoch_100.json,project/results/qgat_extend100/seed2026/relation_D/validation_epoch_100.json
final,2026,V_select,317,5,100,100,4,4,0.5147117376327515,0.519591212272644,0.004879474639892578,0.9404987692832947,0.8874943256378174,-0.053004443645477295,0.9849611222743988,0.9633383750915527,-0.02162274718284607,project/results/qgat_extend100/seed2026/gnn/validation_epoch_100.json,project/results/qgat_extend100/seed2026/relation_D/validation_epoch_100.json
final,2026,V_select,317,10,100,100,4,4,0.5148615837097168,0.5197179913520813,0.004856407642364502,0.940779983997345,0.8878815174102783,-0.05289846658706665,0.9852515757083893,0.9636587500572205,-0.021592825651168823,project/results/qgat_extend100/seed2026/gnn/validation_epoch_100.json,project/results/qgat_extend100/seed2026/relation_D/validation_epoch_100.json
final,2026,V_select,317,15,100,100,4,4,0.5148683786392212,0.5196403861045837,0.004772007465362549,0.9407813549041748,0.887673020362854,-0.0531083345413208,0.9852590560913086,0.9634768962860107,-0.02178215980529785,project/results/qgat_extend100/seed2026/gnn/validation_epoch_100.json,project/results/qgat_extend100/seed2026/relation_D/validation_epoch_100.json
final,2026,V_select,317,20,100,100,4,4,0.5148683786392212,0.5196403861045837,0.004772007465362549,0.9407813549041748,0.887673020362854,-0.0531083345413208,0.9852590560913086,0.9634768962860107,-0.02178215980529785,project/results/qgat_extend100/seed2026/gnn/validation_epoch_100.json,project/results/qgat_extend100/seed2026/relation_D/validation_epoch_100.json
final,2026,V_select,318,5,100,100,4,4,0.3930515944957733,0.3639126718044281,-0.029138922691345215,0.32213130593299866,0.3853299021720886,0.06319859623908997,0.5541172474622726,0.5565776228904724,0.002460375428199768,project/results/qgat_extend100/seed2026/gnn/validation_epoch_100.json,project/results/qgat_extend100/seed2026/relation_D/validation_epoch_100.json
final,2026,V_select,318,10,100,100,4,4,0.3943241238594055,0.3677324950695038,-0.026591628789901733,0.3241017460823059,0.3890135884284973,0.0649118423461914,0.5563749969005585,0.5622392892837524,0.00586429238319397,project/results/qgat_extend100/seed2026/gnn/validation_epoch_100.json,project/results/qgat_extend100/seed2026/relation_D/validation_epoch_100.json
final,2026,V_select,318,15,100,100,4,4,0.3944253623485565,0.3676717281341553,-0.026753634214401245,0.3243049383163452,0.3889443278312683,0.0646393895149231,0.5565778315067291,0.5621438920497894,0.005566060543060303,project/results/qgat_extend100/seed2026/gnn/validation_epoch_100.json,project/results/qgat_extend100/seed2026/relation_D/validation_epoch_100.json
final,2026,V_select,318,20,100,100,4,4,0.3944253623485565,0.3676717281341553,-0.026753634214401245,0.3243049383163452,0.3889443278312683,0.0646393895149231,0.5565778315067291,0.5621438920497894,0.005566060543060303,project/results/qgat_extend100/seed2026/gnn/validation_epoch_100.json,project/results/qgat_extend100/seed2026/relation_D/validation_epoch_100.json
final,2026,V_select,319,5,100,100,4,4,0.595912754535675,0.21058332920074463,-0.3853294253349304,0.6521540880203247,0.06454936414957047,-0.5876047238707542,0.9219897985458374,0.24285801127552986,-0.6791317872703075,project/results/qgat_extend100/seed2026/gnn/validation_epoch_100.json,project/results/qgat_extend100/seed2026/relation_D/validation_epoch_100.json
final,2026,V_select,319,10,100,100,4,4,0.5952249765396118,0.2106499820947647,-0.3845749944448471,0.6508389115333557,0.06500241160392761,-0.5858364999294281,0.9206444323062897,0.24315118789672852,-0.6774932444095612,project/results/qgat_extend100/seed2026/gnn/validation_epoch_100.json,project/results/qgat_extend100/seed2026/relation_D/validation_epoch_100.json
final,2026,V_select,319,15,100,100,4,4,0.5955839157104492,0.21092823147773743,-0.3846556842327118,0.6515769362449646,0.06430861353874207,-0.5872683227062225,0.9213723838329315,0.24308253824710846,-0.6782898455858231,project/results/qgat_extend100/seed2026/gnn/validation_epoch_100.json,project/results/qgat_extend100/seed2026/relation_D/validation_epoch_100.json
final,2026,V_select,319,20,100,100,4,4,0.5955839157104492,0.21092823147773743,-0.3846556842327118,0.6515769362449646,0.06430861353874207,-0.5872683227062225,0.9213723838329315,0.24308253824710846,-0.6782898455858231,project/results/qgat_extend100/seed2026/gnn/validation_epoch_100.json,project/results/qgat_extend100/seed2026/relation_D/validation_epoch_100.json
final,2026,V_select,320,5,100,100,7,7,1.037785530090332,0.9593184590339661,-0.07846707105636597,2.1301827430725098,1.9192755222320557,-0.2109072208404541,2.102876901626587,1.918956220149994,-0.18392068147659302,project/results/qgat_extend100/seed2026/gnn/validation_epoch_100.json,project/results/qgat_extend100/seed2026/relation_D/validation_epoch_100.json
final,2026,V_select,320,10,100,100,7,7,1.0390527248382568,0.9612482786178589,-0.07780444622039795,2.1251585483551025,1.925087809562683,-0.20007073879241943,2.101631999015808,1.9237921833992004,-0.17783981561660767,project/results/qgat_extend100/seed2026/gnn/validation_epoch_100.json,project/results/qgat_extend100/seed2026/relation_D/validation_epoch_100.json
final,2026,V_select,320,15,100,100,7,7,1.0388157367706299,0.9614129662513733,-0.07740277051925659,2.124786615371704,1.9254144430160522,-0.19937217235565186,2.101209044456482,1.9241201877593994,-0.17708885669708252,project/results/qgat_extend100/seed2026/gnn/validation_epoch_100.json,project/results/qgat_extend100/seed2026/relation_D/validation_epoch_100.json
final,2026,V_select,320,20,100,100,7,7,1.0388753414154053,0.9617338180541992,-0.07714152336120605,2.124791383743286,1.9262502193450928,-0.19854116439819336,2.1012710332870483,1.9248589277267456,-0.17641210556030273,project/results/qgat_extend100/seed2026/gnn/validation_epoch_100.json,project/results/qgat_extend100/seed2026/relation_D/validation_epoch_100.json
final,2026,V_select,321,5,100,100,7,7,0.6494983434677124,0.735201895236969,0.08570355176925659,1.7152955532073975,1.6251767873764038,-0.09011876583099365,1.5071461200714111,1.547790288925171,0.040644168853759766,project/results/qgat_extend100/seed2026/gnn/validation_epoch_100.json,project/results/qgat_extend100/seed2026/relation_D/validation_epoch_100.json
final,2026,V_select,321,10,100,100,7,7,0.6487956643104553,0.7353079915046692,0.08651232719421387,1.7140483856201172,1.6250771284103394,-0.08897125720977783,1.505819857120514,1.5478465557098389,0.04202669858932495,project/results/qgat_extend100/seed2026/gnn/validation_epoch_100.json,project/results/qgat_extend100/seed2026/relation_D/validation_epoch_100.json
final,2026,V_select,321,15,100,100,7,7,0.6481685638427734,0.7351998686790466,0.0870313048362732,1.7123874425888062,1.624603509902954,-0.08778393268585205,1.5043622851371765,1.5475016236305237,0.04313933849334717,project/results/qgat_extend100/seed2026/gnn/validation_epoch_100.json,project/results/qgat_extend100/seed2026/relation_D/validation_epoch_100.json
final,2026,V_select,321,20,100,100,7,7,0.6482874751091003,0.7350804209709167,0.0867929458618164,1.7127740383148193,1.62454092502594,-0.0882331132888794,1.50467449426651,1.5473508834838867,0.04267638921737671,project/results/qgat_extend100/seed2026/gnn/validation_epoch_100.json,project/results/qgat_extend100/seed2026/relation_D/validation_epoch_100.json
final,2026,V_select,322,5,100,100,7,7,1.4193286895751953,1.2354456186294556,-0.18388307094573975,2.396878480911255,2.0992777347564697,-0.29760074615478516,2.6177679300308228,2.2850844860076904,-0.3326834440231323,project/results/qgat_extend100/seed2026/gnn/validation_epoch_100.json,project/results/qgat_extend100/seed2026/relation_D/validation_epoch_100.json
final,2026,V_select,322,10,100,100,7,7,1.4192731380462646,1.2354317903518677,-0.18384134769439697,2.396707534790039,2.0998599529266357,-0.2968475818634033,2.617626905441284,2.2853617668151855,-0.33226513862609863,project/results/qgat_extend100/seed2026/gnn/validation_epoch_100.json,project/results/qgat_extend100/seed2026/relation_D/validation_epoch_100.json
final,2026,V_select,322,15,100,100,7,7,1.4190117120742798,1.2358624935150146,-0.18314921855926514,2.3956522941589355,2.1009979248046875,-0.29465436935424805,2.6168378591537476,2.2863614559173584,-0.33047640323638916,project/results/qgat_extend100/seed2026/gnn/validation_epoch_100.json,project/results/qgat_extend100/seed2026/relation_D/validation_epoch_100.json
final,2026,V_select,322,20,100,100,7,7,1.4194167852401733,1.23599112033844,-0.1834256649017334,2.396648645401001,2.1012091636657715,-0.2954394817352295,2.617741107940674,2.2865957021713257,-0.33114540576934814,project/results/qgat_extend100/seed2026/gnn/validation_epoch_100.json,project/results/qgat_extend100/seed2026/relation_D/validation_epoch_100.json
final,2026,V_select,323,5,100,100,7,7,0.8275254368782043,0.7414113283157349,-0.08611410856246948,1.4219483137130737,1.3065189123153687,-0.11542940139770508,1.5384995937347412,1.3946707844734192,-0.14382880926132202,project/results/qgat_extend100/seed2026/gnn/validation_epoch_100.json,project/results/qgat_extend100/seed2026/relation_D/validation_epoch_100.json
final,2026,V_select,323,10,100,100,7,7,0.8278836607933044,0.7417990565299988,-0.08608460426330566,1.4222233295440674,1.3076794147491455,-0.11454391479492188,1.5389953255653381,1.3956387639045715,-0.1433565616607666,project/results/qgat_extend100/seed2026/gnn/validation_epoch_100.json,project/results/qgat_extend100/seed2026/relation_D/validation_epoch_100.json
final,2026,V_select,323,15,100,100,7,7,0.8275613784790039,0.7414411306381226,-0.08612024784088135,1.421312928199768,1.30660879611969,-0.11470413208007812,1.538217842578888,1.3947455286979675,-0.1434723138809204,project/results/qgat_extend100/seed2026/gnn/validation_epoch_100.json,project/results/qgat_extend100/seed2026/relation_D/validation_epoch_100.json
final,2026,V_select,323,20,100,100,7,7,0.8274758458137512,0.7415154576301575,-0.08596038818359375,1.4208400249481201,1.306570053100586,-0.11426997184753418,1.5378958582878113,1.3948004841804504,-0.14309537410736084,project/results/qgat_extend100/seed2026/gnn/validation_epoch_100.json,project/results/qgat_extend100/seed2026/relation_D/validation_epoch_100.json
final,2026,V_select,324,5,100,100,7,7,0.5110077261924744,0.5739783048629761,0.06297057867050171,0.9988753199577332,1.3140623569488525,0.3151870369911194,1.010445386171341,1.2310094833374023,0.2205640971660614,project/results/qgat_extend100/seed2026/gnn/validation_epoch_100.json,project/results/qgat_extend100/seed2026/relation_D/validation_epoch_100.json
final,2026,V_select,324,10,100,100,7,7,0.5130658745765686,0.5740044713020325,0.06093859672546387,1.0034998655319214,1.313230276107788,0.3097304105758667,1.0148158073425293,1.2306196093559265,0.21580380201339722,project/results/qgat_extend100/seed2026/gnn/validation_epoch_100.json,project/results/qgat_extend100/seed2026/relation_D/validation_epoch_100.json
final,2026,V_select,324,15,100,100,7,7,0.5094966292381287,0.5742161870002747,0.064719557762146,0.9998680353164673,1.3182662725448608,0.31839823722839355,1.0094306468963623,1.233349323272705,0.22391867637634277,project/results/qgat_extend100/seed2026/gnn/validation_epoch_100.json,project/results/qgat_extend100/seed2026/relation_D/validation_epoch_100.json
final,2026,V_select,324,20,100,100,7,7,0.5092292428016663,0.5742114186286926,0.06498217582702637,0.9991931319236755,1.3183127641677856,0.3191196322441101,1.008825808763504,1.2333678007125854,0.22454199194908142,project/results/qgat_extend100/seed2026/gnn/validation_epoch_100.json,project/results/qgat_extend100/seed2026/relation_D/validation_epoch_100.json
final,2026,V_select,325,5,100,100,7,7,0.8369550704956055,0.9977818131446838,0.16082674264907837,1.6427528858184814,1.9106069803237915,0.26785409450531006,1.6583315134048462,1.9530853033065796,0.2947537899017334,project/results/qgat_extend100/seed2026/gnn/validation_epoch_100.json,project/results/qgat_extend100/seed2026/relation_D/validation_epoch_100.json
final,2026,V_select,325,10,100,100,7,7,0.8367159962654114,0.9980248212814331,0.16130882501602173,1.643404245376587,1.911284327507019,0.26788008213043213,1.6584181189537048,1.9536669850349426,0.2952488660812378,project/results/qgat_extend100/seed2026/gnn/validation_epoch_100.json,project/results/qgat_extend100/seed2026/relation_D/validation_epoch_100.json
final,2026,V_select,325,15,100,100,7,7,0.8386317491531372,0.9977516531944275,0.15911990404129028,1.6442748308181763,1.9090145826339722,0.2647397518157959,1.6607691645622253,1.9522589445114136,0.29148977994918823,project/results/qgat_extend100/seed2026/gnn/validation_epoch_100.json,project/results/qgat_extend100/seed2026/relation_D/validation_epoch_100.json
final,2026,V_select,325,20,100,100,7,7,0.838441014289856,0.9976624846458435,0.15922147035598755,1.6436492204666138,1.9088064432144165,0.26515722274780273,1.6602656245231628,1.9520657062530518,0.2918000817298889,project/results/qgat_extend100/seed2026/gnn/validation_epoch_100.json,project/results/qgat_extend100/seed2026/relation_D/validation_epoch_100.json
final,2026,V_select,326,5,100,100,7,7,0.7658458948135376,1.0326414108276367,0.2667955160140991,1.3189455270767212,1.9957540035247803,0.6768084764480591,1.4253186583518982,2.030518412590027,0.6051997542381287,project/results/qgat_extend100/seed2026/gnn/validation_epoch_100.json,project/results/qgat_extend100/seed2026/relation_D/validation_epoch_100.json
final,2026,V_select,326,10,100,100,7,7,0.7653033137321472,1.0297574996948242,0.264454185962677,1.3160310983657837,1.9895914793014526,0.673560380935669,1.423318862915039,2.0245532393455505,0.6012343764305115,project/results/qgat_extend100/seed2026/gnn/validation_epoch_100.json,project/results/qgat_extend100/seed2026/relation_D/validation_epoch_100.json
final,2026,V_select,326,15,100,100,7,7,0.7655074000358582,1.029748797416687,0.26424139738082886,1.31635582447052,1.9893865585327148,0.6730307340621948,1.4236853122711182,2.0244420766830444,0.6007567644119263,project/results/qgat_extend100/seed2026/gnn/validation_epoch_100.json,project/results/qgat_extend100/seed2026/relation_D/validation_epoch_100.json
final,2026,V_select,326,20,100,100,7,7,0.7608690857887268,1.0258867740631104,0.26501768827438354,1.308608889579773,1.9826799631118774,0.6740710735321045,1.4151735305786133,2.017226755619049,0.6020532250404358,project/results/qgat_extend100/seed2026/gnn/validation_epoch_100.json,project/results/qgat_extend100/seed2026/relation_D/validation_epoch_100.json
final,2026,V_select,327,5,100,100,7,7,0.2680666744709015,0.34537479281425476,0.07730811834335327,0.4954598844051361,0.7307252883911133,0.23526540398597717,0.5157966166734695,0.7107374370098114,0.19494082033634186,project/results/qgat_extend100/seed2026/gnn/validation_epoch_100.json,project/results/qgat_extend100/seed2026/relation_D/validation_epoch_100.json
final,2026,V_select,327,10,100,100,7,7,0.26774486899375916,0.3452247977256775,0.07747992873191833,0.494143545627594,0.7311497926712036,0.23700624704360962,0.5148166418075562,0.7107996940612793,0.19598305225372314,project/results/qgat_extend100/seed2026/gnn/validation_epoch_100.json,project/results/qgat_extend100/seed2026/relation_D/validation_epoch_100.json
final,2026,V_select,327,15,100,100,7,7,0.27054375410079956,0.3449822962284088,0.07443854212760925,0.4978402256965637,0.7289409637451172,0.23110073804855347,0.5194638669490814,0.7094527781009674,0.189988911151886,project/results/qgat_extend100/seed2026/gnn/validation_epoch_100.json,project/results/qgat_extend100/seed2026/relation_D/validation_epoch_100.json
final,2026,V_select,327,20,100,100,7,7,0.2705192267894745,0.3447449207305908,0.07422569394111633,0.49775388836860657,0.7282737493515015,0.2305198609828949,0.5193961709737778,0.7088817954063416,0.18948562443256378,project/results/qgat_extend100/seed2026/gnn/validation_epoch_100.json,project/results/qgat_extend100/seed2026/relation_D/validation_epoch_100.json
final,2026,V_select,328,5,100,100,7,7,0.541343629360199,0.5640496015548706,0.02270597219467163,1.1877422332763672,0.9630237221717834,-0.22471851110458374,1.1352147459983826,1.0455614626407623,-0.08965328335762024,project/results/qgat_extend100/seed2026/gnn/validation_epoch_100.json,project/results/qgat_extend100/seed2026/relation_D/validation_epoch_100.json
final,2026,V_select,328,10,100,100,7,7,0.5404008626937866,0.5651144981384277,0.024713635444641113,1.1877580881118774,0.9660224318504333,-0.2217356562614441,1.1342799067497253,1.0481257140636444,-0.08615419268608093,project/results/qgat_extend100/seed2026/gnn/validation_epoch_100.json,project/results/qgat_extend100/seed2026/relation_D/validation_epoch_100.json
final,2026,V_select,328,15,100,100,7,7,0.5403765439987183,0.5649415254592896,0.02456498146057129,1.1883691549301147,0.9656731486320496,-0.22269600629806519,1.1345611214637756,1.0477780997753143,-0.0867830216884613,project/results/qgat_extend100/seed2026/gnn/validation_epoch_100.json,project/results/qgat_extend100/seed2026/relation_D/validation_epoch_100.json
final,2026,V_select,328,20,100,100,7,7,0.5395688414573669,0.5646116137504578,0.02504277229309082,1.1880868673324585,0.9649204611778259,-0.22316640615463257,1.1336122751235962,1.0470718443393707,-0.08654043078422546,project/results/qgat_extend100/seed2026/gnn/validation_epoch_100.json,project/results/qgat_extend100/seed2026/relation_D/validation_epoch_100.json
final,2026,V_select,329,5,100,100,7,7,1.0573921203613281,0.7686519622802734,-0.2887401580810547,2.4798943996429443,1.718985676765442,-0.7609087228775024,2.2973393201828003,1.6281448006629944,-0.6691945195198059,project/results/qgat_extend100/seed2026/gnn/validation_epoch_100.json,project/results/qgat_extend100/seed2026/relation_D/validation_epoch_100.json
final,2026,V_select,329,10,100,100,7,7,1.057639479637146,0.7678657174110413,-0.28977376222610474,2.4805285930633545,1.7176189422607422,-0.7629096508026123,2.2979037761688232,1.6266751885414124,-0.6712285876274109,project/results/qgat_extend100/seed2026/gnn/validation_epoch_100.json,project/results/qgat_extend100/seed2026/relation_D/validation_epoch_100.json
final,2026,V_select,329,15,100,100,7,7,1.0575083494186401,0.7674123048782349,-0.2900960445404053,2.47993803024292,1.7169023752212524,-0.7630356550216675,2.2974773645401,1.625863492488861,-0.671613872051239,project/results/qgat_extend100/seed2026/gnn/validation_epoch_100.json,project/results/qgat_extend100/seed2026/relation_D/validation_epoch_100.json
final,2026,V_select,329,20,100,100,7,7,1.0579605102539062,0.768057644367218,-0.28990286588668823,2.480412244796753,1.7185629606246948,-0.7618492841720581,2.2981666326522827,1.6273391246795654,-0.6708275079727173,project/results/qgat_extend100/seed2026/gnn/validation_epoch_100.json,project/results/qgat_extend100/seed2026/relation_D/validation_epoch_100.json
final,2026,V_select,330,5,100,100,7,7,0.7966940999031067,0.6962636113166809,-0.10043048858642578,1.4718914031982422,1.0873562097549438,-0.38453519344329834,1.5326398015022278,1.2399417161941528,-0.29269808530807495,project/results/qgat_extend100/seed2026/gnn/validation_epoch_100.json,project/results/qgat_extend100/seed2026/relation_D/validation_epoch_100.json
final,2026,V_select,330,10,100,100,7,7,0.7943673729896545,0.698205292224884,-0.09616208076477051,1.4707794189453125,1.0920764207839966,-0.3787029981613159,1.5297570824623108,1.2442435026168823,-0.28551357984542847,project/results/qgat_extend100/seed2026/gnn/validation_epoch_100.json,project/results/qgat_extend100/seed2026/relation_D/validation_epoch_100.json
final,2026,V_select,330,15,100,100,7,7,0.7942168116569519,0.6983205080032349,-0.09589630365371704,1.4711767435073853,1.0927716493606567,-0.3784050941467285,1.5298051834106445,1.2447063326835632,-0.2850988507270813,project/results/qgat_extend100/seed2026/gnn/validation_epoch_100.json,project/results/qgat_extend100/seed2026/relation_D/validation_epoch_100.json
final,2026,V_select,330,20,100,100,7,7,0.7942329049110413,0.6983242034912109,-0.09590870141983032,1.4712200164794922,1.0927783250808716,-0.3784416913986206,1.5298429131507874,1.2447133660316467,-0.2851295471191406,project/results/qgat_extend100/seed2026/gnn/validation_epoch_100.json,project/results/qgat_extend100/seed2026/relation_D/validation_epoch_100.json
final,2026,V_select,331,5,100,100,7,7,0.48102906346321106,0.6038172841072083,0.12278822064399719,0.8900018334388733,1.1472892761230469,0.2572874426841736,0.9260299801826477,1.1774619221687317,0.251431941986084,project/results/qgat_extend100/seed2026/gnn/validation_epoch_100.json,project/results/qgat_extend100/seed2026/relation_D/validation_epoch_100.json
final,2026,V_select,331,10,100,100,7,7,0.4822348654270172,0.6056322455406189,0.12339738011360168,0.8921008706092834,1.1511962413787842,0.25909537076950073,0.9282853007316589,1.181230366230011,0.25294506549835205,project/results/qgat_extend100/seed2026/gnn/validation_epoch_100.json,project/results/qgat_extend100/seed2026/relation_D/validation_epoch_100.json
final,2026,V_select,331,15,100,100,7,7,0.4835645258426666,0.6087369322776794,0.12517240643501282,0.8932856917381287,1.1534290313720703,0.26014333963394165,0.930207371711731,1.1854514479637146,0.25524407625198364,project/results/qgat_extend100/seed2026/gnn/validation_epoch_100.json,project/results/qgat_extend100/seed2026/relation_D/validation_epoch_100.json
final,2026,V_select,331,20,100,100,7,7,0.48349013924598694,0.6086840033531189,0.12519386410713196,0.8931109309196472,1.1533613204956055,0.26025038957595825,0.9300456047058105,1.1853646636009216,0.2553190588951111,project/results/qgat_extend100/seed2026/gnn/validation_epoch_100.json,project/results/qgat_extend100/seed2026/relation_D/validation_epoch_100.json
final,2026,V_select,332,5,100,100,7,7,0.7797178626060486,0.5094766020774841,-0.27024126052856445,1.302468180656433,0.8124679923057556,-0.4900001883506775,1.4309519529342651,0.9157105982303619,-0.5152413547039032,project/results/qgat_extend100/seed2026/gnn/validation_epoch_100.json,project/results/qgat_extend100/seed2026/relation_D/validation_epoch_100.json
final,2026,V_select,332,10,100,100,7,7,0.7791449427604675,0.5095871090888977,-0.2695578336715698,1.3013135194778442,0.8123772740364075,-0.48893624544143677,1.4298017024993896,0.9157757461071014,-0.5140259563922882,project/results/qgat_extend100/seed2026/gnn/validation_epoch_100.json,project/results/qgat_extend100/seed2026/relation_D/validation_epoch_100.json
final,2026,V_select,332,15,100,100,7,7,0.7793710827827454,0.5098921060562134,-0.269478976726532,1.3017804622650146,0.8131449818611145,-0.48863548040390015,1.4302613139152527,0.9164645969867706,-0.5137967169284821,project/results/qgat_extend100/seed2026/gnn/validation_epoch_100.json,project/results/qgat_extend100/seed2026/relation_D/validation_epoch_100.json
final,2026,V_select,332,20,100,100,7,7,0.7793470025062561,0.5099107027053833,-0.2694362998008728,1.3017683029174805,0.8132174611091614,-0.4885508418083191,1.4302311539649963,0.916519433259964,-0.5137117207050323,project/results/qgat_extend100/seed2026/gnn/validation_epoch_100.json,project/results/qgat_extend100/seed2026/relation_D/validation_epoch_100.json
final,2026,V_select,333,5,100,100,7,7,0.5193839073181152,0.5970122218132019,0.07762831449508667,1.06014084815979,1.2381666898727417,0.17802584171295166,1.0494543313980103,1.2160955667495728,0.1666412353515625,project/results/qgat_extend100/seed2026/gnn/validation_epoch_100.json,project/results/qgat_extend100/seed2026/relation_D/validation_epoch_100.json
final,2026,V_select,333,10,100,100,7,7,0.519408643245697,0.5971180200576782,0.0777093768119812,1.0604513883590698,1.2382384538650513,0.17778706550598145,1.049634337425232,1.2162372469902039,0.16660290956497192,project/results/qgat_extend100/seed2026/gnn/validation_epoch_100.json,project/results/qgat_extend100/seed2026/relation_D/validation_epoch_100.json
final,2026,V_select,333,15,100,100,7,7,0.5190473794937134,0.597443163394928,0.0783957839012146,1.059619426727295,1.2392507791519165,0.17963135242462158,1.0488570928573608,1.2170685529708862,0.1682114601135254,project/results/qgat_extend100/seed2026/gnn/validation_epoch_100.json,project/results/qgat_extend100/seed2026/relation_D/validation_epoch_100.json
final,2026,V_select,333,20,100,100,7,7,0.5190473794937134,0.597443163394928,0.0783957839012146,1.059619426727295,1.2392507791519165,0.17963135242462158,1.0488570928573608,1.2170685529708862,0.1682114601135254,project/results/qgat_extend100/seed2026/gnn/validation_epoch_100.json,project/results/qgat_extend100/seed2026/relation_D/validation_epoch_100.json
final,2026,V_select,334,5,100,100,7,6,0.3976060450077057,0.33119210600852966,-0.06641393899917603,0.56048983335495,0.49602600932121277,-0.06446382403373718,0.6778509616851807,0.579205110669136,-0.09864585101604462,project/results/qgat_extend100/seed2026/gnn/validation_epoch_100.json,project/results/qgat_extend100/seed2026/relation_D/validation_epoch_100.json
final,2026,V_select,334,10,100,100,7,6,0.398726224899292,0.3333995044231415,-0.06532672047615051,0.5628132820129395,0.5021618008613586,-0.06065148115158081,0.6801328659057617,0.5844804048538208,-0.09565246105194092,project/results/qgat_extend100/seed2026/gnn/validation_epoch_100.json,project/results/qgat_extend100/seed2026/relation_D/validation_epoch_100.json
final,2026,V_select,334,15,100,100,7,6,0.3987252414226532,0.33341965079307556,-0.06530559062957764,0.5628473162651062,0.502130925655365,-0.06071639060974121,0.6801488995552063,0.5844851136207581,-0.09566378593444824,project/results/qgat_extend100/seed2026/gnn/validation_epoch_100.json,project/results/qgat_extend100/seed2026/relation_D/validation_epoch_100.json
final,2026,V_select,334,20,100,100,7,6,0.3987252414226532,0.33341965079307556,-0.06530559062957764,0.5628473162651062,0.502130925655365,-0.06071639060974121,0.6801488995552063,0.5844851136207581,-0.09566378593444824,project/results/qgat_extend100/seed2026/gnn/validation_epoch_100.json,project/results/qgat_extend100/seed2026/relation_D/validation_epoch_100.json
final,2026,V_select,335,5,100,100,7,5,0.15731003880500793,0.2890181243419647,0.1317080855369568,0.1048574224114418,0.3473243713378906,0.24246694892644882,0.20973875001072884,0.46268031001091003,0.2529415600001812,project/results/qgat_extend100/seed2026/gnn/validation_epoch_100.json,project/results/qgat_extend100/seed2026/relation_D/validation_epoch_100.json
final,2026,V_select,335,10,100,100,7,5,0.15804432332515717,0.28671810030937195,0.12867377698421478,0.10369452089071274,0.34332171082496643,0.2396271899342537,0.20989158377051353,0.45837895572185516,0.24848737195134163,project/results/qgat_extend100/seed2026/gnn/validation_epoch_100.json,project/results/qgat_extend100/seed2026/relation_D/validation_epoch_100.json
final,2026,V_select,335,15,100,100,7,5,0.15813469886779785,0.2860275208950043,0.12789282202720642,0.10369452089071274,0.34332171082496643,0.2396271899342537,0.20998195931315422,0.4576883763074875,0.24770641699433327,project/results/qgat_extend100/seed2026/gnn/validation_epoch_100.json,project/results/qgat_extend100/seed2026/relation_D/validation_epoch_100.json
final,2026,V_select,335,20,100,100,7,5,0.158135786652565,0.2860155403614044,0.12787975370883942,0.10369452089071274,0.34332171082496643,0.2396271899342537,0.20998304709792137,0.45767639577388763,0.24769334867596626,project/results/qgat_extend100/seed2026/gnn/validation_epoch_100.json,project/results/qgat_extend100/seed2026/relation_D/validation_epoch_100.json
final,2026,V_select,336,5,100,100,8,8,0.7766780853271484,0.8739146590232849,0.09723657369613647,1.529517412185669,1.6837096214294434,0.15419220924377441,1.541436791419983,1.7157694697380066,0.17433267831802368,project/results/qgat_extend100/seed2026/gnn/validation_epoch_100.json,project/results/qgat_extend100/seed2026/relation_D/validation_epoch_100.json
final,2026,V_select,336,10,100,100,8,8,0.7757691740989685,0.8735529780387878,0.09778380393981934,1.527287483215332,1.6829895973205566,0.1557021141052246,1.5394129157066345,1.7150477766990662,0.17563486099243164,project/results/qgat_extend100/seed2026/gnn/validation_epoch_100.json,project/results/qgat_extend100/seed2026/relation_D/validation_epoch_100.json
final,2026,V_select,336,15,100,100,8,8,0.7748675346374512,0.8722613453865051,0.09739381074905396,1.5266492366790771,1.68210768699646,0.1554584503173828,1.5381921529769897,1.713315188884735,0.17512303590774536,project/results/qgat_extend100/seed2026/gnn/validation_epoch_100.json,project/results/qgat_extend100/seed2026/relation_D/validation_epoch_100.json
final,2026,V_select,336,20,100,100,8,8,0.7748578786849976,0.8722681999206543,0.09741032123565674,1.5266363620758057,1.6821209192276,0.15548455715179443,1.5381760597229004,1.7133286595344543,0.17515259981155396,project/results/qgat_extend100/seed2026/gnn/validation_epoch_100.json,project/results/qgat_extend100/seed2026/relation_D/validation_epoch_100.json
final,2026,V_select,337,5,100,100,8,8,0.8450156450271606,0.8069695234298706,-0.03804612159729004,1.9039613008499146,1.5343217849731445,-0.36963951587677,1.796996295452118,1.5741304159164429,-0.22286587953567505,project/results/qgat_extend100/seed2026/gnn/validation_epoch_100.json,project/results/qgat_extend100/seed2026/relation_D/validation_epoch_100.json
final,2026,V_select,337,10,100,100,8,8,0.8444979786872864,0.806129515171051,-0.03836846351623535,1.9040813446044922,1.5322849750518799,-0.3717963695526123,1.7965386509895325,1.572272002696991,-0.2242666482925415,project/results/qgat_extend100/seed2026/gnn/validation_epoch_100.json,project/results/qgat_extend100/seed2026/relation_D/validation_epoch_100.json
final,2026,V_select,337,15,100,100,8,8,0.8445589542388916,0.80633145570755,-0.03822749853134155,1.9040523767471313,1.5329716205596924,-0.37108075618743896,1.7965851426124573,1.5728172659873962,-0.22376787662506104,project/results/qgat_extend100/seed2026/gnn/validation_epoch_100.json,project/results/qgat_extend100/seed2026/relation_D/validation_epoch_100.json
final,2026,V_select,337,20,100,100,8,8,0.8445830345153809,0.806256115436554,-0.038326919078826904,1.9042109251022339,1.5328501462936401,-0.37136077880859375,1.7966884970664978,1.572681188583374,-0.22400730848312378,project/results/qgat_extend100/seed2026/gnn/validation_epoch_100.json,project/results/qgat_extend100/seed2026/relation_D/validation_epoch_100.json
final,2026,V_select,338,5,100,100,8,8,0.7700181007385254,0.7700884342193604,7.033348083496094e-05,1.6887216567993164,1.5887477397918701,-0.09997391700744629,1.6143789291381836,1.5644623041152954,-0.049916625022888184,project/results/qgat_extend100/seed2026/gnn/validation_epoch_100.json,project/results/qgat_extend100/seed2026/relation_D/validation_epoch_100.json
final,2026,V_select,338,10,100,100,8,8,0.7706081867218018,0.7702422738075256,-0.00036591291427612305,1.6906862258911133,1.590399980545044,-0.10028624534606934,1.6159512996673584,1.5654422640800476,-0.05050903558731079,project/results/qgat_extend100/seed2026/gnn/validation_epoch_100.json,project/results/qgat_extend100/seed2026/relation_D/validation_epoch_100.json
final,2026,V_select,338,15,100,100,8,8,0.772202730178833,0.7725496888160706,0.00034695863723754883,1.6874046325683594,1.592637538909912,-0.09476709365844727,1.6159050464630127,1.5688684582710266,-0.047036588191986084,project/results/qgat_extend100/seed2026/gnn/validation_epoch_100.json,project/results/qgat_extend100/seed2026/relation_D/validation_epoch_100.json
final,2026,V_select,338,20,100,100,8,8,0.7721521854400635,0.7725875377655029,0.0004353523254394531,1.687412977218628,1.5925177335739136,-0.09489524364471436,1.6158586740493774,1.5688464045524597,-0.047012269496917725,project/results/qgat_extend100/seed2026/gnn/validation_epoch_100.json,project/results/qgat_extend100/seed2026/relation_D/validation_epoch_100.json
final,2026,V_select,339,5,100,100,8,8,1.03302800655365,0.745617151260376,-0.2874108552932739,2.362468719482422,1.6444966793060303,-0.7179720401763916,2.214262366294861,1.5678654909133911,-0.6463968753814697,project/results/qgat_extend100/seed2026/gnn/validation_epoch_100.json,project/results/qgat_extend100/seed2026/relation_D/validation_epoch_100.json
final,2026,V_select,339,10,100,100,8,8,1.0334441661834717,0.7473307847976685,-0.2861133813858032,2.363825559616089,1.6496775150299072,-0.7141480445861816,2.215356945991516,1.572169542312622,-0.643187403678894,project/results/qgat_extend100/seed2026/gnn/validation_epoch_100.json,project/results/qgat_extend100/seed2026/relation_D/validation_epoch_100.json
final,2026,V_select,339,15,100,100,8,8,1.0317717790603638,0.7495913505554199,-0.28218042850494385,2.3596534729003906,1.6521015167236328,-0.7075519561767578,2.211598515510559,1.5756421089172363,-0.6359564065933228,project/results/qgat_extend100/seed2026/gnn/validation_epoch_100.json,project/results/qgat_extend100/seed2026/relation_D/validation_epoch_100.json
final,2026,V_select,339,20,100,100,8,8,1.0316705703735352,0.7496764659881592,-0.281994104385376,2.3593149185180664,1.652266025543213,-0.7070488929748535,2.2113280296325684,1.5758094787597656,-0.6355185508728027,project/results/qgat_extend100/seed2026/gnn/validation_epoch_100.json,project/results/qgat_extend100/seed2026/relation_D/validation_epoch_100.json
final,2026,V_select,340,5,100,100,8,8,1.0200120210647583,0.8266345262527466,-0.19337749481201172,2.059163808822632,1.4316792488098145,-0.6274845600128174,2.049593925476074,1.5424741506576538,-0.5071197748184204,project/results/qgat_extend100/seed2026/gnn/validation_epoch_100.json,project/results/qgat_extend100/seed2026/relation_D/validation_epoch_100.json
final,2026,V_select,340,10,100,100,8,8,1.0195183753967285,0.8278683423995972,-0.19165003299713135,2.056985378265381,1.4350353479385376,-0.6219500303268433,2.048011064529419,1.545386016368866,-0.502625048160553,project/results/qgat_extend100/seed2026/gnn/validation_epoch_100.json,project/results/qgat_extend100/seed2026/relation_D/validation_epoch_100.json
final,2026,V_select,340,15,100,100,8,8,1.0199581384658813,0.8283376693725586,-0.19162046909332275,2.0581939220428467,1.4363325834274292,-0.6218613386154175,2.0490550994873047,1.5465039610862732,-0.5025511384010315,project/results/qgat_extend100/seed2026/gnn/validation_epoch_100.json,project/results/qgat_extend100/seed2026/relation_D/validation_epoch_100.json
final,2026,V_select,340,20,100,100,8,8,1.0197923183441162,0.8285355567932129,-0.19125676155090332,2.0576112270355225,1.4367598295211792,-0.6208513975143433,2.0485979318618774,1.5469154715538025,-0.501682460308075,project/results/qgat_extend100/seed2026/gnn/validation_epoch_100.json,project/results/qgat_extend100/seed2026/relation_D/validation_epoch_100.json
final,2026,V_select,341,5,100,100,8,8,1.1856939792633057,0.896663248538971,-0.2890307307243347,2.478663921356201,1.6094026565551758,-0.8692612648010254,2.4250259399414062,1.7013645768165588,-0.7236613631248474,project/results/qgat_extend100/seed2026/gnn/validation_epoch_100.json,project/results/qgat_extend100/seed2026/relation_D/validation_epoch_100.json
final,2026,V_select,341,10,100,100,8,8,1.18585205078125,0.8971066474914551,-0.2887454032897949,2.478895664215088,1.6096792221069336,-0.8692164421081543,2.425299882888794,1.7019462585449219,-0.7233536243438721,project/results/qgat_extend100/seed2026/gnn/validation_epoch_100.json,project/results/qgat_extend100/seed2026/relation_D/validation_epoch_100.json
final,2026,V_select,341,15,100,100,8,8,1.1839205026626587,0.8974433541297913,-0.28647714853286743,2.473238706588745,1.6100809574127197,-0.8631577491760254,2.4205398559570312,1.7024838328361511,-0.7180560231208801,project/results/qgat_extend100/seed2026/gnn/validation_epoch_100.json,project/results/qgat_extend100/seed2026/relation_D/validation_epoch_100.json
final,2026,V_select,341,20,100,100,8,8,1.1839847564697266,0.8986274003982544,-0.28535735607147217,2.4717211723327637,1.6088215112686157,-0.862899661064148,2.4198453426361084,1.7030381560325623,-0.7168071866035461,project/results/qgat_extend100/seed2026/gnn/validation_epoch_100.json,project/results/qgat_extend100/seed2026/relation_D/validation_epoch_100.json
final,2026,V_select,342,5,100,100,8,8,0.5848408937454224,0.4265431761741638,-0.15829771757125854,1.0447745323181152,0.6845502853393555,-0.36022424697875977,1.10722815990448,0.7688183188438416,-0.3384098410606384,project/results/qgat_extend100/seed2026/gnn/validation_epoch_100.json,project/results/qgat_extend100/seed2026/relation_D/validation_epoch_100.json
final,2026,V_select,342,10,100,100,8,8,0.5877664089202881,0.4319959580898285,-0.1557704508304596,1.0423916578292847,0.6895517110824585,-0.35283994674682617,1.1089622378349304,0.7767718136310577,-0.3321904242038727,project/results/qgat_extend100/seed2026/gnn/validation_epoch_100.json,project/results/qgat_extend100/seed2026/relation_D/validation_epoch_100.json
final,2026,V_select,342,15,100,100,8,8,0.5853967666625977,0.431545615196228,-0.15385115146636963,1.03948175907135,0.6865152716636658,-0.3529664874076843,1.1051376461982727,0.7748032510280609,-0.3303343951702118,project/results/qgat_extend100/seed2026/gnn/validation_epoch_100.json,project/results/qgat_extend100/seed2026/relation_D/validation_epoch_100.json
final,2026,V_select,342,20,100,100,8,8,0.5858110189437866,0.431745707988739,-0.1540653109550476,1.0402109622955322,0.6866509914398193,-0.3535599708557129,1.1059165000915527,0.7750712037086487,-0.33084529638290405,project/results/qgat_extend100/seed2026/gnn/validation_epoch_100.json,project/results/qgat_extend100/seed2026/relation_D/validation_epoch_100.json
final,2026,V_select,343,5,100,100,8,8,0.3660252094268799,0.8519790768623352,0.4859538674354553,0.7274062633514404,1.8285198211669922,1.1011135578155518,0.7297283411026001,1.7662389874458313,1.0365106463432312,project/results/qgat_extend100/seed2026/gnn/validation_epoch_100.json,project/results/qgat_extend100/seed2026/relation_D/validation_epoch_100.json
final,2026,V_select,343,10,100,100,8,8,0.36540088057518005,0.8514390587806702,0.4860381782054901,0.7258656024932861,1.826920747756958,1.1010551452636719,0.7283336818218231,1.7648994326591492,1.036565750837326,project/results/qgat_extend100/seed2026/gnn/validation_epoch_100.json,project/results/qgat_extend100/seed2026/relation_D/validation_epoch_100.json
final,2026,V_select,343,15,100,100,8,8,0.3661428987979889,0.851540207862854,0.4853973090648651,0.7278475761413574,1.8273892402648926,1.0995416641235352,0.7300666868686676,1.7652348279953003,1.0351681411266327,project/results/qgat_extend100/seed2026/gnn/validation_epoch_100.json,project/results/qgat_extend100/seed2026/relation_D/validation_epoch_100.json
final,2026,V_select,343,20,100,100,8,8,0.36918556690216064,0.855022668838501,0.48583710193634033,0.7327142953872681,1.8354041576385498,1.1026898622512817,0.7355427145957947,1.7727247476577759,1.0371820330619812,project/results/qgat_extend100/seed2026/gnn/validation_epoch_100.json,project/results/qgat_extend100/seed2026/relation_D/validation_epoch_100.json
final,2026,V_select,344,5,100,100,8,8,0.5279231667518616,0.5690861344337463,0.041162967681884766,1.179077386856079,1.452850341796875,0.2737729549407959,1.1174618601799011,1.2955113053321838,0.17804944515228271,project/results/qgat_extend100/seed2026/gnn/validation_epoch_100.json,project/results/qgat_extend100/seed2026/relation_D/validation_epoch_100.json
final,2026,V_select,344,10,100,100,8,8,0.5282255411148071,0.5690524578094482,0.04082691669464111,1.178422451019287,1.4530082941055298,0.2745858430862427,1.1174367666244507,1.2955566048622131,0.17811983823776245,project/results/qgat_extend100/seed2026/gnn/validation_epoch_100.json,project/results/qgat_extend100/seed2026/relation_D/validation_epoch_100.json
final,2026,V_select,344,15,100,100,8,8,0.5304858088493347,0.5728511810302734,0.04236537218093872,1.183982491493225,1.4629597663879395,0.27897727489471436,1.1224770545959473,1.3043310642242432,0.1818540096282959,project/results/qgat_extend100/seed2026/gnn/validation_epoch_100.json,project/results/qgat_extend100/seed2026/relation_D/validation_epoch_100.json
final,2026,V_select,344,20,100,100,8,8,0.5307990908622742,0.5730413198471069,0.042242228984832764,1.184930682182312,1.463639497756958,0.278708815574646,1.1232644319534302,1.304861068725586,0.18159663677215576,project/results/qgat_extend100/seed2026/gnn/validation_epoch_100.json,project/results/qgat_extend100/seed2026/relation_D/validation_epoch_100.json
final,2026,V_select,345,5,100,100,8,8,0.8021755218505859,1.1060459613800049,0.30387043952941895,1.455631136894226,2.2655797004699707,0.8099485635757446,1.529991090297699,2.2388358116149902,0.7088447213172913,project/results/qgat_extend100/seed2026/gnn/validation_epoch_100.json,project/results/qgat_extend100/seed2026/relation_D/validation_epoch_100.json
final,2026,V_select,345,10,100,100,8,8,0.8004329204559326,1.1045559644699097,0.30412304401397705,1.4530342817306519,2.2618660926818848,0.8088318109512329,1.5269500613212585,2.235489010810852,0.7085389494895935,project/results/qgat_extend100/seed2026/gnn/validation_epoch_100.json,project/results/qgat_extend100/seed2026/relation_D/validation_epoch_100.json
final,2026,V_select,345,15,100,100,8,8,0.7980705499649048,1.1018555164337158,0.30378496646881104,1.4513797760009766,2.2588932514190674,0.8075134754180908,1.523760437965393,2.2313021421432495,0.7075417041778564,project/results/qgat_extend100/seed2026/gnn/validation_epoch_100.json,project/results/qgat_extend100/seed2026/relation_D/validation_epoch_100.json
final,2026,V_select,345,20,100,100,8,8,0.798098623752594,1.1011890172958374,0.3030903935432434,1.451341152191162,2.257542610168457,0.8062014579772949,1.523769199848175,2.229960322380066,0.7061911225318909,project/results/qgat_extend100/seed2026/gnn/validation_epoch_100.json,project/results/qgat_extend100/seed2026/relation_D/validation_epoch_100.json
final,2026,V_select,346,5,100,100,8,8,0.509225070476532,0.5321358442306519,0.022910773754119873,1.0193650722503662,0.9836992621421814,-0.035665810108184814,1.018907606601715,1.0239854753017426,0.005077868700027466,project/results/qgat_extend100/seed2026/gnn/validation_epoch_100.json,project/results/qgat_extend100/seed2026/relation_D/validation_epoch_100.json
final,2026,V_select,346,10,100,100,8,8,0.5092098116874695,0.5324790477752686,0.023269236087799072,1.0192632675170898,0.9842321872711182,-0.03503108024597168,1.0188414454460144,1.0245951414108276,0.005753695964813232,project/results/qgat_extend100/seed2026/gnn/validation_epoch_100.json,project/results/qgat_extend100/seed2026/relation_D/validation_epoch_100.json
final,2026,V_select,346,15,100,100,8,8,0.5091618299484253,0.5296168923377991,0.02045506238937378,1.0263292789459229,0.9781950116157532,-0.04813426733016968,1.0223264694213867,1.0187143981456757,-0.0036120712757110596,project/results/qgat_extend100/seed2026/gnn/validation_epoch_100.json,project/results/qgat_extend100/seed2026/relation_D/validation_epoch_100.json
final,2026,V_select,346,20,100,100,8,8,0.5071221590042114,0.5286399126052856,0.02151775360107422,1.022493600845337,0.979895830154419,-0.04259777069091797,1.0183689594268799,1.0185878276824951,0.00021886825561523438,project/results/qgat_extend100/seed2026/gnn/validation_epoch_100.json,project/results/qgat_extend100/seed2026/relation_D/validation_epoch_100.json
final,2026,V_select,347,5,100,100,8,8,0.7855661511421204,0.44775390625,-0.33781224489212036,1.7006683349609375,0.7771072387695312,-0.9235610961914062,1.6359003186225891,0.8363075256347656,-0.7995927929878235,project/results/qgat_extend100/seed2026/gnn/validation_epoch_100.json,project/results/qgat_extend100/seed2026/relation_D/validation_epoch_100.json
final,2026,V_select,347,10,100,100,8,8,0.7863131761550903,0.4470091462135315,-0.33930402994155884,1.703627347946167,0.777240514755249,-0.926386833190918,1.6381268501281738,0.835629403591156,-0.8024974465370178,project/results/qgat_extend100/seed2026/gnn/validation_epoch_100.json,project/results/qgat_extend100/seed2026/relation_D/validation_epoch_100.json
final,2026,V_select,347,15,100,100,8,8,0.7872593402862549,0.44696563482284546,-0.3402937054634094,1.7048429250717163,0.7772568464279175,-0.9275860786437988,1.639680802822113,0.8355940580368042,-0.8040867447853088,project/results/qgat_extend100/seed2026/gnn/validation_epoch_100.json,project/results/qgat_extend100/seed2026/relation_D/validation_epoch_100.json
final,2026,V_select,347,20,100,100,8,8,0.7862618565559387,0.44721293449401855,-0.33904892206192017,1.7021206617355347,0.7775996923446655,-0.9245209693908691,1.637322187423706,0.8360127806663513,-0.8013094067573547,project/results/qgat_extend100/seed2026/gnn/validation_epoch_100.json,project/results/qgat_extend100/seed2026/relation_D/validation_epoch_100.json
final,2026,V_select,348,5,100,100,8,8,0.763925313949585,0.7786750197410583,0.014749705791473389,1.7708004713058472,1.6807518005371094,-0.09004867076873779,1.6493255496025085,1.619050920009613,-0.030274629592895508,project/results/qgat_extend100/seed2026/gnn/validation_epoch_100.json,project/results/qgat_extend100/seed2026/relation_D/validation_epoch_100.json
final,2026,V_select,348,10,100,100,8,8,0.7637205123901367,0.777984619140625,0.014264106750488281,1.7703114748001099,1.678393006324768,-0.0919184684753418,1.6488762497901917,1.617181122303009,-0.03169512748718262,project/results/qgat_extend100/seed2026/gnn/validation_epoch_100.json,project/results/qgat_extend100/seed2026/relation_D/validation_epoch_100.json
final,2026,V_select,348,15,100,100,8,8,0.7656154632568359,0.7801241278648376,0.014508664608001709,1.7715675830841064,1.679467797279358,-0.09209978580474854,1.6513992547988892,1.6198580265045166,-0.03154122829437256,project/results/qgat_extend100/seed2026/gnn/validation_epoch_100.json,project/results/qgat_extend100/seed2026/relation_D/validation_epoch_100.json
final,2026,V_select,348,20,100,100,8,8,0.7662650346755981,0.7806446552276611,0.014379620552062988,1.7728064060211182,1.6808929443359375,-0.09191346168518066,1.6526682376861572,1.6210911273956299,-0.031577110290527344,project/results/qgat_extend100/seed2026/gnn/validation_epoch_100.json,project/results/qgat_extend100/seed2026/relation_D/validation_epoch_100.json
final,2026,V_select,349,5,100,100,8,8,0.9231311082839966,0.6838817596435547,-0.2392493486404419,2.155825614929199,1.4558563232421875,-0.6999692916870117,2.001043915748596,1.4118099212646484,-0.5892339944839478,project/results/qgat_extend100/seed2026/gnn/validation_epoch_100.json,project/results/qgat_extend100/seed2026/relation_D/validation_epoch_100.json
final,2026,V_select,349,10,100,100,8,8,0.9251197576522827,0.68213951587677,-0.2429802417755127,2.15693736076355,1.4563146829605103,-0.7006226778030396,2.0035884380340576,1.4102968573570251,-0.5932915806770325,project/results/qgat_extend100/seed2026/gnn/validation_epoch_100.json,project/results/qgat_extend100/seed2026/relation_D/validation_epoch_100.json
final,2026,V_select,349,15,100,100,8,8,0.9257381558418274,0.6814694404602051,-0.24426871538162231,2.1583077907562256,1.4552990198135376,-0.703008770942688,2.00489205121994,1.4091189503669739,-0.5957731008529663,project/results/qgat_extend100/seed2026/gnn/validation_epoch_100.json,project/results/qgat_extend100/seed2026/relation_D/validation_epoch_100.json
final,2026,V_select,349,20,100,100,8,8,0.9258155822753906,0.6815601587295532,-0.2442554235458374,2.158571720123291,1.4556190967559814,-0.7029526233673096,2.005101442337036,1.409369707107544,-0.5957317352294922,project/results/qgat_extend100/seed2026/gnn/validation_epoch_100.json,project/results/qgat_extend100/seed2026/relation_D/validation_epoch_100.json
final,2026,V_select,350,5,100,100,8,8,0.9623321294784546,0.739116370677948,-0.2232157588005066,2.3598203659057617,1.5675922632217407,-0.792228102684021,2.1422423124313354,1.5229125022888184,-0.6193298101425171,project/results/qgat_extend100/seed2026/gnn/validation_epoch_100.json,project/results/qgat_extend100/seed2026/relation_D/validation_epoch_100.json
final,2026,V_select,350,10,100,100,8,8,0.9636950492858887,0.7413891553878784,-0.22230589389801025,2.3591325283050537,1.5693106651306152,-0.7898218631744385,2.1432613134384155,1.526044487953186,-0.6172168254852295,project/results/qgat_extend100/seed2026/gnn/validation_epoch_100.json,project/results/qgat_extend100/seed2026/relation_D/validation_epoch_100.json
final,2026,V_select,350,15,100,100,8,8,0.9656725525856018,0.7434631586074829,-0.2222093939781189,2.3607800006866455,1.5708216428756714,-0.7899583578109741,2.1460625529289246,1.5288739800453186,-0.617188572883606,project/results/qgat_extend100/seed2026/gnn/validation_epoch_100.json,project/results/qgat_extend100/seed2026/relation_D/validation_epoch_100.json
final,2026,V_select,350,20,100,100,8,8,0.9656795263290405,0.7434492111206055,-0.22223031520843506,2.3608076572418213,1.5707998275756836,-0.7900078296661377,2.146083354949951,1.5288491249084473,-0.6172342300415039,project/results/qgat_extend100/seed2026/gnn/validation_epoch_100.json,project/results/qgat_extend100/seed2026/relation_D/validation_epoch_100.json
final,2026,V_select,351,5,100,100,8,8,1.334139108657837,0.7140500545501709,-0.620089054107666,2.974966049194336,1.5322418212890625,-1.4427242279052734,2.821622133255005,1.4801709651947021,-1.3414511680603027,project/results/qgat_extend100/seed2026/gnn/validation_epoch_100.json,project/results/qgat_extend100/seed2026/relation_D/validation_epoch_100.json
final,2026,V_select,351,10,100,100,8,8,1.3390617370605469,0.7170377969741821,-0.6220239400863647,2.9853858947753906,1.5396769046783447,-1.445708990097046,2.831754684448242,1.4868762493133545,-1.3448784351348877,project/results/qgat_extend100/seed2026/gnn/validation_epoch_100.json,project/results/qgat_extend100/seed2026/relation_D/validation_epoch_100.json
final,2026,V_select,351,15,100,100,8,8,1.3390998840332031,0.7169710993766785,-0.6221287846565247,2.985581636428833,1.5395348072052002,-1.4460468292236328,2.8318907022476196,1.4867385029792786,-1.345152199268341,project/results/qgat_extend100/seed2026/gnn/validation_epoch_100.json,project/results/qgat_extend100/seed2026/relation_D/validation_epoch_100.json
final,2026,V_select,351,20,100,100,8,8,1.3390898704528809,0.717009961605072,-0.6220799088478088,2.985553741455078,1.53963303565979,-1.445920705795288,2.83186674118042,1.486826479434967,-1.3450402617454529,project/results/qgat_extend100/seed2026/gnn/validation_epoch_100.json,project/results/qgat_extend100/seed2026/relation_D/validation_epoch_100.json
final,2026,V_select,352,5,100,100,8,8,1.344538927078247,1.1874773502349854,-0.15706157684326172,3.246509075164795,2.7959821224212646,-0.4505269527435303,2.9677934646606445,2.5854684114456177,-0.38232505321502686,project/results/qgat_extend100/seed2026/gnn/validation_epoch_100.json,project/results/qgat_extend100/seed2026/relation_D/validation_epoch_100.json
final,2026,V_select,352,10,100,100,8,8,1.3499945402145386,1.1936290264129639,-0.1563655138015747,3.25541353225708,2.8050060272216797,-0.4504075050354004,2.9777013063430786,2.5961320400238037,-0.3815692663192749,project/results/qgat_extend100/seed2026/gnn/validation_epoch_100.json,project/results/qgat_extend100/seed2026/relation_D/validation_epoch_100.json
final,2026,V_select,352,15,100,100,8,8,1.3497169017791748,1.1934795379638672,-0.15623736381530762,3.2550313472747803,2.8045814037323,-0.45044994354248047,2.977232575416565,2.595770239830017,-0.38146233558654785,project/results/qgat_extend100/seed2026/gnn/validation_epoch_100.json,project/results/qgat_extend100/seed2026/relation_D/validation_epoch_100.json
final,2026,V_select,352,20,100,100,8,8,1.349670171737671,1.193393588066101,-0.15627658367156982,3.254884958267212,2.8045101165771484,-0.4503748416900635,2.977112650871277,2.5956486463546753,-0.38146400451660156,project/results/qgat_extend100/seed2026/gnn/validation_epoch_100.json,project/results/qgat_extend100/seed2026/relation_D/validation_epoch_100.json
final,2026,V_select,353,5,100,100,8,8,1.0850536823272705,0.9704402685165405,-0.11461341381072998,1.8356666564941406,1.705857276916504,-0.12980937957763672,2.002887010574341,1.8233689069747925,-0.17951810359954834,project/results/qgat_extend100/seed2026/gnn/validation_epoch_100.json,project/results/qgat_extend100/seed2026/relation_D/validation_epoch_100.json
final,2026,V_select,353,10,100,100,8,8,1.0867266654968262,0.9707801342010498,-0.11594653129577637,1.8404500484466553,1.705870270729065,-0.13457977771759033,2.006951689720154,1.8237152695655823,-0.18323642015457153,project/results/qgat_extend100/seed2026/gnn/validation_epoch_100.json,project/results/qgat_extend100/seed2026/relation_D/validation_epoch_100.json
final,2026,V_select,353,15,100,100,8,8,1.0858436822891235,0.9701907634735107,-0.11565291881561279,1.838369369506836,1.7057404518127441,-0.1326289176940918,2.0050283670425415,1.8230609893798828,-0.1819673776626587,project/results/qgat_extend100/seed2026/gnn/validation_epoch_100.json,project/results/qgat_extend100/seed2026/relation_D/validation_epoch_100.json
final,2026,V_select,353,20,100,100,8,8,1.0805528163909912,0.9689982533454895,-0.11155456304550171,1.8268696069717407,1.6891658306121826,-0.1377037763595581,1.9939876198768616,1.8135811686515808,-0.18040645122528076,project/results/qgat_extend100/seed2026/gnn/validation_epoch_100.json,project/results/qgat_extend100/seed2026/relation_D/validation_epoch_100.json
final,2026,V_select,354,5,100,100,8,8,1.3520997762680054,1.2620744705200195,-0.09002530574798584,2.38693904876709,2.181617259979248,-0.2053217887878418,2.5455693006515503,2.3528831005096436,-0.19268620014190674,project/results/qgat_extend100/seed2026/gnn/validation_epoch_100.json,project/results/qgat_extend100/seed2026/relation_D/validation_epoch_100.json
final,2026,V_select,354,10,100,100,8,8,1.3510124683380127,1.2605690956115723,-0.09044337272644043,2.384354591369629,2.177334785461426,-0.20701980590820312,2.543189764022827,2.349236488342285,-0.193953275680542,project/results/qgat_extend100/seed2026/gnn/validation_epoch_100.json,project/results/qgat_extend100/seed2026/relation_D/validation_epoch_100.json
final,2026,V_select,354,15,100,100,8,8,1.3507230281829834,1.2613911628723145,-0.08933186531066895,2.383635997772217,2.17980694770813,-0.20382905006408691,2.542541027069092,2.3512946367263794,-0.1912463903427124,project/results/qgat_extend100/seed2026/gnn/validation_epoch_100.json,project/results/qgat_extend100/seed2026/relation_D/validation_epoch_100.json
final,2026,V_select,354,20,100,100,8,8,1.3503034114837646,1.261096477508545,-0.08920693397521973,2.382582187652588,2.178042411804199,-0.20453977584838867,2.5415945053100586,2.3501176834106445,-0.19147682189941406,project/results/qgat_extend100/seed2026/gnn/validation_epoch_100.json,project/results/qgat_extend100/seed2026/relation_D/validation_epoch_100.json
final,2026,V_select,355,5,100,100,8,8,0.8628914952278137,0.5654144287109375,-0.2974770665168762,1.9111744165420532,1.286737322807312,-0.6244370937347412,1.8184787034988403,1.2087830901145935,-0.6096956133842468,project/results/qgat_extend100/seed2026/gnn/validation_epoch_100.json,project/results/qgat_extend100/seed2026/relation_D/validation_epoch_100.json
final,2026,V_select,355,10,100,100,8,8,0.8638370633125305,0.5621680617332458,-0.30166900157928467,1.9136242866516113,1.2822867631912231,-0.6313375234603882,1.8206492066383362,1.2033114433288574,-0.6173377633094788,project/results/qgat_extend100/seed2026/gnn/validation_epoch_100.json,project/results/qgat_extend100/seed2026/relation_D/validation_epoch_100.json
final,2026,V_select,355,15,100,100,8,8,0.8636989593505859,0.5620847940444946,-0.3016141653060913,1.913017749786377,1.2820978164672852,-0.6309199333190918,1.8202078342437744,1.2031337022781372,-0.6170741319656372,project/results/qgat_extend100/seed2026/gnn/validation_epoch_100.json,project/results/qgat_extend100/seed2026/relation_D/validation_epoch_100.json
final,2026,V_select,355,20,100,100,8,8,0.8633087873458862,0.5619694590568542,-0.301339328289032,1.9121074676513672,1.2818485498428345,-0.6302589178085327,1.8193625211715698,1.2028937339782715,-0.6164687871932983,project/results/qgat_extend100/seed2026/gnn/validation_epoch_100.json,project/results/qgat_extend100/seed2026/relation_D/validation_epoch_100.json
final,2026,V_select,356,5,100,100,8,7,0.6126614809036255,0.551932156085968,-0.06072932481765747,0.8164677023887634,0.6642850041389465,-0.1521826982498169,1.0208953320980072,0.8840746581554413,-0.13682067394256592,project/results/qgat_extend100/seed2026/gnn/validation_epoch_100.json,project/results/qgat_extend100/seed2026/relation_D/validation_epoch_100.json
final,2026,V_select,356,10,100,100,8,7,0.6135696172714233,0.552064836025238,-0.0615047812461853,0.8188310265541077,0.6647008061408997,-0.154130220413208,1.0229851305484772,0.8844152390956879,-0.1385698914527893,project/results/qgat_extend100/seed2026/gnn/validation_epoch_100.json,project/results/qgat_extend100/seed2026/relation_D/validation_epoch_100.json
final,2026,V_select,356,15,100,100,8,7,0.6086682081222534,0.5462199449539185,-0.06244826316833496,0.8111790418624878,0.6547568440437317,-0.1564221978187561,1.0142577290534973,0.8735983669757843,-0.140659362077713,project/results/qgat_extend100/seed2026/gnn/validation_epoch_100.json,project/results/qgat_extend100/seed2026/relation_D/validation_epoch_100.json
final,2026,V_select,356,20,100,100,8,7,0.608772873878479,0.5462026596069336,-0.06257021427154541,0.8113749623298645,0.6548478007316589,-0.15652716159820557,1.0144603550434113,0.8736265599727631,-0.1408337950706482,project/results/qgat_extend100/seed2026/gnn/validation_epoch_100.json,project/results/qgat_extend100/seed2026/relation_D/validation_epoch_100.json
final,2026,V_select,357,5,100,100,8,7,0.20452526211738586,0.20290052890777588,-0.0016247332096099854,0.3920065462589264,0.38062435388565063,-0.011382192373275757,0.40052853524684906,0.3932127058506012,-0.007315829396247864,project/results/qgat_extend100/seed2026/gnn/validation_epoch_100.json,project/results/qgat_extend100/seed2026/relation_D/validation_epoch_100.json
final,2026,V_select,357,10,100,100,8,7,0.2045738697052002,0.2029726505279541,-0.0016012191772460938,0.3922004997730255,0.3809233009815216,-0.011277198791503906,0.40067411959171295,0.3934343010187149,-0.007239818572998047,project/results/qgat_extend100/seed2026/gnn/validation_epoch_100.json,project/results/qgat_extend100/seed2026/relation_D/validation_epoch_100.json
final,2026,V_select,357,15,100,100,8,7,0.20453879237174988,0.2029402256011963,-0.0015985667705535889,0.39201977849006653,0.3807389438152313,-0.011280834674835205,0.40054868161678314,0.39330969750881195,-0.007238984107971191,project/results/qgat_extend100/seed2026/gnn/validation_epoch_100.json,project/results/qgat_extend100/seed2026/relation_D/validation_epoch_100.json
final,2026,V_select,357,20,100,100,8,7,0.20653891563415527,0.20165157318115234,-0.00488734245300293,0.39448902010917664,0.37908610701560974,-0.015402913093566895,0.4037834256887436,0.3911946266889572,-0.012588798999786377,project/results/qgat_extend100/seed2026/gnn/validation_epoch_100.json,project/results/qgat_extend100/seed2026/relation_D/validation_epoch_100.json
final,2026,V_select,358,5,100,100,7,7,0.06012767553329468,0.06537801772356033,0.0052503421902656555,0.13991796970367432,0.13329745829105377,-0.006620511412620544,0.13008666038513184,0.13202674686908722,0.0019400864839553833,project/results/qgat_extend100/seed2026/gnn/validation_epoch_100.json,project/results/qgat_extend100/seed2026/relation_D/validation_epoch_100.json
final,2026,V_select,358,10,100,100,7,7,0.0601641908288002,0.0657755583524704,0.0056113675236701965,0.14003302156925201,0.13441695272922516,-0.0056160688400268555,0.1301807016134262,0.13298403471708298,0.002803333103656769,project/results/qgat_extend100/seed2026/gnn/validation_epoch_100.json,project/results/qgat_extend100/seed2026/relation_D/validation_epoch_100.json
final,2026,V_select,358,15,100,100,7,7,0.060150470584630966,0.06589620560407639,0.005745735019445419,0.14000241458415985,0.13462986052036285,-0.005372554063796997,0.1301516778767109,0.1332111358642578,0.0030594579875469208,project/results/qgat_extend100/seed2026/gnn/validation_epoch_100.json,project/results/qgat_extend100/seed2026/relation_D/validation_epoch_100.json
final,2026,V_select,358,20,100,100,7,7,0.06015215441584587,0.06589625775814056,0.005744103342294693,0.1400074064731598,0.13463102281093597,-0.005376383662223816,0.13015585765242577,0.13321176916360855,0.003055911511182785,project/results/qgat_extend100/seed2026/gnn/validation_epoch_100.json,project/results/qgat_extend100/seed2026/relation_D/validation_epoch_100.json
final,2026,V_select,359,5,100,100,7,7,0.017954392358660698,0.02159068174660206,0.0036362893879413605,0.025934772565960884,0.04411021247506142,0.018175439909100533,0.03092177864164114,0.04364578798413277,0.012724009342491627,project/results/qgat_extend100/seed2026/gnn/validation_epoch_100.json,project/results/qgat_extend100/seed2026/relation_D/validation_epoch_100.json
final,2026,V_select,359,10,100,100,7,7,0.01795639656484127,0.021546829491853714,0.0035904329270124435,0.02594458870589733,0.043985068798065186,0.018040480092167854,0.030928690917789936,0.04353936389088631,0.01261067297309637,project/results/qgat_extend100/seed2026/gnn/validation_epoch_100.json,project/results/qgat_extend100/seed2026/relation_D/validation_epoch_100.json
final,2026,V_select,359,15,100,100,7,7,0.017949659377336502,0.021618539467453957,0.0036688800901174545,0.02593100443482399,0.044162727892398834,0.018231723457574844,0.030915161594748497,0.043699903413653374,0.012784741818904877,project/results/qgat_extend100/seed2026/gnn/validation_epoch_100.json,project/results/qgat_extend100/seed2026/relation_D/validation_epoch_100.json
final,2026,V_select,359,20,100,100,7,7,0.017949389293789864,0.021627772599458694,0.003678383305668831,0.02593068592250347,0.044191308319568634,0.018260622397065163,0.0309147322550416,0.04372342675924301,0.012808694504201412,project/results/qgat_extend100/seed2026/gnn/validation_epoch_100.json,project/results/qgat_extend100/seed2026/relation_D/validation_epoch_100.json
final,2026,V_select,360,5,100,100,7,7,0.015341377817094326,0.014876832254230976,-0.0004645455628633499,0.022347228601574898,0.023750385269522667,0.0014031566679477692,0.026514992117881775,0.02675202488899231,0.00023703277111053467,project/results/qgat_extend100/seed2026/gnn/validation_epoch_100.json,project/results/qgat_extend100/seed2026/relation_D/validation_epoch_100.json
final,2026,V_select,360,10,100,100,7,7,0.015341068617999554,0.014869344420731068,-0.000471724197268486,0.02234484814107418,0.023692425340414047,0.0013475771993398666,0.026513492688536644,0.02671555709093809,0.0002020644024014473,project/results/qgat_extend100/seed2026/gnn/validation_epoch_100.json,project/results/qgat_extend100/seed2026/relation_D/validation_epoch_100.json
final,2026,V_select,360,15,100,100,7,7,0.015340964309871197,0.014869303442537785,-0.00047166086733341217,0.02234484814107418,0.023692425340414047,0.0013475771993398666,0.026513388380408287,0.026715516112744808,0.00020212773233652115,project/results/qgat_extend100/seed2026/gnn/validation_epoch_100.json,project/results/qgat_extend100/seed2026/relation_D/validation_epoch_100.json
final,2026,V_select,360,20,100,100,7,7,0.015340377576649189,0.01486947201192379,-0.000470905564725399,0.02234465256333351,0.023691806942224503,0.0013471543788909912,0.026512703858315945,0.02671537548303604,0.0002026716247200966,project/results/qgat_extend100/seed2026/gnn/validation_epoch_100.json,project/results/qgat_extend100/seed2026/relation_D/validation_epoch_100.json
final,2026,V_select,361,5,100,100,7,7,0.01603083871304989,0.013827906921505928,-0.0022029317915439606,0.031210681423544884,0.029052985832095146,-0.0021576955914497375,0.03163617942482233,0.0283543998375535,-0.0032817795872688293,project/results/qgat_extend100/seed2026/gnn/validation_epoch_100.json,project/results/qgat_extend100/seed2026/relation_D/validation_epoch_100.json
final,2026,V_select,361,10,100,100,7,7,0.016462596133351326,0.015836630016565323,-0.0006259661167860031,0.03159984573721886,0.030728772282600403,-0.000871073454618454,0.032262519001960754,0.031201016157865524,-0.00106150284409523,project/results/qgat_extend100/seed2026/gnn/validation_epoch_100.json,project/results/qgat_extend100/seed2026/relation_D/validation_epoch_100.json
final,2026,V_select,361,15,100,100,7,7,0.016464682295918465,0.015838731080293655,-0.0006259512156248093,0.03160177543759346,0.030727345496416092,-0.0008744299411773682,0.032265570014715195,0.0312024038285017,-0.0010631661862134933,project/results/qgat_extend100/seed2026/gnn/validation_epoch_100.json,project/results/qgat_extend100/seed2026/relation_D/validation_epoch_100.json
final,2026,V_select,361,20,100,100,7,7,0.016464559361338615,0.01583857461810112,-0.0006259847432374954,0.03160170093178749,0.03072734735906124,-0.0008743535727262497,0.03226540982723236,0.03120224829763174,-0.0010631615296006203,project/results/qgat_extend100/seed2026/gnn/validation_epoch_100.json,project/results/qgat_extend100/seed2026/relation_D/validation_epoch_100.json
final,2026,V_select,362,5,100,100,7,7,0.04709680750966072,0.047836579382419586,0.0007397718727588654,0.20324894785881042,0.20079305768013,-0.00245589017868042,0.14872128143906593,0.1482331082224846,-0.0004881732165813446,project/results/qgat_extend100/seed2026/gnn/validation_epoch_100.json,project/results/qgat_extend100/seed2026/relation_D/validation_epoch_100.json
final,2026,V_select,362,10,100,100,7,7,0.04124588519334793,0.043091755360364914,0.001845870167016983,0.1921241730451584,0.18988843262195587,-0.0022357404232025146,0.13730797171592712,0.13803597167134285,0.0007279999554157257,project/results/qgat_extend100/seed2026/gnn/validation_epoch_100.json,project/results/qgat_extend100/seed2026/relation_D/validation_epoch_100.json
final,2026,V_select,362,15,100,100,7,7,0.042548663914203644,0.041197050362825394,-0.0013516135513782501,0.19505754113197327,0.18671086430549622,-0.00834667682647705,0.14007743448019028,0.1345524825155735,-0.0055249519646167755,project/results/qgat_extend100/seed2026/gnn/validation_epoch_100.json,project/results/qgat_extend100/seed2026/relation_D/validation_epoch_100.json
final,2026,V_select,362,20,100,100,7,7,0.042548540979623795,0.041197098791599274,-0.0013514421880245209,0.1950574666261673,0.186712846159935,-0.0083446204662323,0.14007727429270744,0.13455352187156677,-0.005523752421140671,project/results/qgat_extend100/seed2026/gnn/validation_epoch_100.json,project/results/qgat_extend100/seed2026/relation_D/validation_epoch_100.json
final,2026,V_select,363,5,100,100,7,7,0.3631785809993744,0.3606582283973694,-0.002520352602005005,1.3871346712112427,1.3801816701889038,-0.006953001022338867,1.0567459166049957,1.0507490634918213,-0.0059968531131744385,project/results/qgat_extend100/seed2026/gnn/validation_epoch_100.json,project/results/qgat_extend100/seed2026/relation_D/validation_epoch_100.json
final,2026,V_select,363,10,100,100,7,7,0.36318302154541016,0.3606819808483124,-0.0025010406970977783,1.387144923210144,1.3802200555801392,-0.006924867630004883,1.0567554831504822,1.050792008638382,-0.00596347451210022,project/results/qgat_extend100/seed2026/gnn/validation_epoch_100.json,project/results/qgat_extend100/seed2026/relation_D/validation_epoch_100.json
final,2026,V_select,363,15,100,100,7,7,0.3631827235221863,0.36068201065063477,-0.0025007128715515137,1.3871454000473022,1.3802196979522705,-0.006925702095031738,1.0567554235458374,1.05079185962677,-0.005963563919067383,project/results/qgat_extend100/seed2026/gnn/validation_epoch_100.json,project/results/qgat_extend100/seed2026/relation_D/validation_epoch_100.json
final,2026,V_select,363,20,100,100,7,7,0.3606165051460266,0.358155757188797,-0.0024607479572296143,1.3835786581039429,1.3766515254974365,-0.006927132606506348,1.052405834197998,1.0464815199375153,-0.005924314260482788,project/results/qgat_extend100/seed2026/gnn/validation_epoch_100.json,project/results/qgat_extend100/seed2026/relation_D/validation_epoch_100.json
final,2026,V_select,364,5,100,100,7,7,0.3874358534812927,0.6866829991340637,0.299247145652771,0.7404118180274963,1.3315532207489014,0.591141402721405,0.7576417624950409,1.3524596095085144,0.5948178470134735,project/results/qgat_extend100/seed2026/gnn/validation_epoch_100.json,project/results/qgat_extend100/seed2026/relation_D/validation_epoch_100.json
final,2026,V_select,364,10,100,100,7,7,0.39319413900375366,0.6823829412460327,0.28918880224227905,0.7530666589736938,1.3204982280731201,0.5674315690994263,0.7697274684906006,1.3426320552825928,0.5729045867919922,project/results/qgat_extend100/seed2026/gnn/validation_epoch_100.json,project/results/qgat_extend100/seed2026/relation_D/validation_epoch_100.json
final,2026,V_select,364,15,100,100,7,7,0.3936927318572998,0.6823042035102844,0.2886114716529846,0.7540305256843567,1.3203023672103882,0.5662718415260315,0.7707079946994781,1.3424553871154785,0.5717473924160004,project/results/qgat_extend100/seed2026/gnn/validation_epoch_100.json,project/results/qgat_extend100/seed2026/relation_D/validation_epoch_100.json
final,2026,V_select,364,20,100,100,7,7,0.3937036991119385,0.6823037266731262,0.28860002756118774,0.7540590167045593,1.3203017711639404,0.5662427544593811,0.7707332074642181,1.3424546122550964,0.5717214047908783,project/results/qgat_extend100/seed2026/gnn/validation_epoch_100.json,project/results/qgat_extend100/seed2026/relation_D/validation_epoch_100.json
final,2026,V_select,365,5,100,100,7,7,0.5980866551399231,0.30802658200263977,-0.2900600731372833,1.3901013135910034,0.602897047996521,-0.7872042655944824,1.2931373119354248,0.6094751060009003,-0.6836622059345245,project/results/qgat_extend100/seed2026/gnn/validation_epoch_100.json,project/results/qgat_extend100/seed2026/relation_D/validation_epoch_100.json
final,2026,V_select,365,10,100,100,7,7,0.5957186818122864,0.30315929651260376,-0.2925593852996826,1.3867671489715576,0.5944028496742249,-0.7923642992973328,1.2891022562980652,0.6003607213497162,-0.688741534948349,project/results/qgat_extend100/seed2026/gnn/validation_epoch_100.json,project/results/qgat_extend100/seed2026/relation_D/validation_epoch_100.json
final,2026,V_select,365,15,100,100,7,7,0.594688355922699,0.30334869027137756,-0.2913396656513214,1.3822699785232544,0.5955740809440613,-0.7866958975791931,1.2858233451843262,0.6011357307434082,-0.684687614440918,project/results/qgat_extend100/seed2026/gnn/validation_epoch_100.json,project/results/qgat_extend100/seed2026/relation_D/validation_epoch_100.json
final,2026,V_select,365,20,100,100,7,7,0.5958589911460876,0.3014409840106964,-0.29441800713539124,1.384883165359497,0.5923652648925781,-0.792517900466919,1.2883005738258362,0.5976236164569855,-0.6906769573688507,project/results/qgat_extend100/seed2026/gnn/validation_epoch_100.json,project/results/qgat_extend100/seed2026/relation_D/validation_epoch_100.json
final,2026,V_select,366,5,100,100,7,7,0.25550737977027893,0.26679667830467224,0.01128929853439331,0.5552928447723389,0.5975775122642517,0.04228466749191284,0.5331538021564484,0.5655854344367981,0.03243163228034973,project/results/qgat_extend100/seed2026/gnn/validation_epoch_100.json,project/results/qgat_extend100/seed2026/relation_D/validation_epoch_100.json
final,2026,V_select,366,10,100,100,7,7,0.25523534417152405,0.2666196823120117,0.011384338140487671,0.5539389848709106,0.5968014597892761,0.04286247491836548,0.5322048366069794,0.5650204122066498,0.03281557559967041,project/results/qgat_extend100/seed2026/gnn/validation_epoch_100.json,project/results/qgat_extend100/seed2026/relation_D/validation_epoch_100.json
final,2026,V_select,366,15,100,100,7,7,0.2564198672771454,0.26471322774887085,0.008293360471725464,0.5566307902336121,0.593589723110199,0.036958932876586914,0.5347352623939514,0.5615080893039703,0.02677282691001892,project/results/qgat_extend100/seed2026/gnn/validation_epoch_100.json,project/results/qgat_extend100/seed2026/relation_D/validation_epoch_100.json
final,2026,V_select,366,20,100,100,7,7,0.25632643699645996,0.2647154629230499,0.008389025926589966,0.5563406944274902,0.5935959219932556,0.03725522756576538,0.5344967842102051,0.5615134239196777,0.027016639709472656,project/results/qgat_extend100/seed2026/gnn/validation_epoch_100.json,project/results/qgat_extend100/seed2026/relation_D/validation_epoch_100.json
final,2026,V_select,367,5,100,100,7,7,0.49778228998184204,0.675540566444397,0.17775827646255493,0.9974049925804138,1.3855781555175781,0.3881731629371643,0.996484786272049,1.368329644203186,0.3718448579311371,project/results/qgat_extend100/seed2026/gnn/validation_epoch_100.json,project/results/qgat_extend100/seed2026/relation_D/validation_epoch_100.json
final,2026,V_select,367,10,100,100,7,7,0.4974532723426819,0.6749181747436523,0.17746490240097046,0.9965893626213074,1.3842639923095703,0.38767462968826294,0.9957479536533356,1.3670501708984375,0.37130221724510193,project/results/qgat_extend100/seed2026/gnn/validation_epoch_100.json,project/results/qgat_extend100/seed2026/relation_D/validation_epoch_100.json
final,2026,V_select,367,15,100,100,7,7,0.49760279059410095,0.6749801635742188,0.1773773729801178,0.996932864189148,1.3842042684555054,0.3872714042663574,0.9960692226886749,1.3670822978019714,0.3710130751132965,project/results/qgat_extend100/seed2026/gnn/validation_epoch_100.json,project/results/qgat_extend100/seed2026/relation_D/validation_epoch_100.json
final,2026,V_select,367,20,100,100,7,7,0.4976522624492645,0.6750151515007019,0.17736288905143738,0.9970148801803589,1.3843311071395874,0.3873162269592285,0.996159702539444,1.3671807050704956,0.37102100253105164,project/results/qgat_extend100/seed2026/gnn/validation_epoch_100.json,project/results/qgat_extend100/seed2026/relation_D/validation_epoch_100.json
final,2026,V_select,368,5,100,100,8,8,0.27098536491394043,0.39928680658340454,0.1283014416694641,0.696128785610199,0.9368178248405457,0.24068903923034668,0.6190497577190399,0.8676957190036774,0.24864596128463745,project/results/qgat_extend100/seed2026/gnn/validation_epoch_100.json,project/results/qgat_extend100/seed2026/relation_D/validation_epoch_100.json
final,2026,V_select,368,10,100,100,8,8,0.27130845189094543,0.3992593288421631,0.12795087695121765,0.6968827247619629,0.9367331862449646,0.2398504614830017,0.6197498142719269,0.8676259219646454,0.2478761076927185,project/results/qgat_extend100/seed2026/gnn/validation_epoch_100.json,project/results/qgat_extend100/seed2026/relation_D/validation_epoch_100.json
final,2026,V_select,368,15,100,100,8,8,0.2715241312980652,0.39900779724121094,0.12748366594314575,0.6976701021194458,0.935663104057312,0.2379930019378662,0.6203591823577881,0.8668393492698669,0.24648016691207886,project/results/qgat_extend100/seed2026/gnn/validation_epoch_100.json,project/results/qgat_extend100/seed2026/relation_D/validation_epoch_100.json
final,2026,V_select,368,20,100,100,8,8,0.2717461585998535,0.3990025520324707,0.1272563934326172,0.6981412768363953,0.9356862306594849,0.2375449538230896,0.6208167970180511,0.8668456673622131,0.246028870344162,project/results/qgat_extend100/seed2026/gnn/validation_epoch_100.json,project/results/qgat_extend100/seed2026/relation_D/validation_epoch_100.json
final,2026,V_select,369,5,100,100,8,8,0.20282593369483948,0.21252408623695374,0.009698152542114258,0.40963876247406006,0.5092006325721741,0.09956187009811401,0.4076453149318695,0.46712440252304077,0.059479087591171265,project/results/qgat_extend100/seed2026/gnn/validation_epoch_100.json,project/results/qgat_extend100/seed2026/relation_D/validation_epoch_100.json
final,2026,V_select,369,10,100,100,8,8,0.20112091302871704,0.21274560689926147,0.011624693870544434,0.40654367208480835,0.5096489191055298,0.10310524702072144,0.4043927490711212,0.46757006645202637,0.06317731738090515,project/results/qgat_extend100/seed2026/gnn/validation_epoch_100.json,project/results/qgat_extend100/seed2026/relation_D/validation_epoch_100.json
final,2026,V_select,369,15,100,100,8,8,0.20038433372974396,0.21272027492523193,0.012335941195487976,0.40476638078689575,0.5094877481460571,0.10472136735916138,0.40276752412319183,0.4674641489982605,0.06469662487506866,project/results/qgat_extend100/seed2026/gnn/validation_epoch_100.json,project/results/qgat_extend100/seed2026/relation_D/validation_epoch_100.json
final,2026,V_select,369,20,100,100,8,8,0.2005472332239151,0.21268099546432495,0.012133762240409851,0.40519261360168457,0.5093843936920166,0.10419178009033203,0.4031435400247574,0.46737319231033325,0.06422965228557587,project/results/qgat_extend100/seed2026/gnn/validation_epoch_100.json,project/results/qgat_extend100/seed2026/relation_D/validation_epoch_100.json
final,2026,V_select,370,5,100,100,8,8,0.22979548573493958,0.18846061825752258,-0.04133486747741699,0.564642608165741,0.4380404055118561,-0.1266022026538849,0.5121167898178101,0.4074808210134506,-0.10463596880435944,project/results/qgat_extend100/seed2026/gnn/validation_epoch_100.json,project/results/qgat_extend100/seed2026/relation_D/validation_epoch_100.json
final,2026,V_select,370,10,100,100,8,8,0.22563211619853973,0.19006045162677765,-0.035571664571762085,0.5573940277099609,0.44234251976013184,-0.1150515079498291,0.5043291300535202,0.41123171150684357,-0.09309741854667664,project/results/qgat_extend100/seed2026/gnn/validation_epoch_100.json,project/results/qgat_extend100/seed2026/relation_D/validation_epoch_100.json
final,2026,V_select,370,15,100,100,8,8,0.22565223276615143,0.19000309705734253,-0.0356491357088089,0.5574772357940674,0.44219309091567993,-0.11528414487838745,0.5043908506631851,0.4110996425151825,-0.09329120814800262,project/results/qgat_extend100/seed2026/gnn/validation_epoch_100.json,project/results/qgat_extend100/seed2026/relation_D/validation_epoch_100.json
final,2026,V_select,370,20,100,100,8,8,0.22559186816215515,0.18996083736419678,-0.035631030797958374,0.5572363138198853,0.44208472967147827,-0.11515158414840698,0.5042100250720978,0.4110032021999359,-0.09320682287216187,project/results/qgat_extend100/seed2026/gnn/validation_epoch_100.json,project/results/qgat_extend100/seed2026/relation_D/validation_epoch_100.json
final,2026,V_select,371,5,100,100,8,8,0.34890425205230713,0.21433499455451965,-0.13456925749778748,0.8035767078399658,0.4338456988334656,-0.36973100900650024,0.75069260597229,0.43125784397125244,-0.3194347620010376,project/results/qgat_extend100/seed2026/gnn/validation_epoch_100.json,project/results/qgat_extend100/seed2026/relation_D/validation_epoch_100.json
final,2026,V_select,371,10,100,100,8,8,0.3488125503063202,0.21419551968574524,-0.13461703062057495,0.8034589290618896,0.4333949685096741,-0.3700639605522156,0.750542014837265,0.4308930039405823,-0.31964901089668274,project/results/qgat_extend100/seed2026/gnn/validation_epoch_100.json,project/results/qgat_extend100/seed2026/relation_D/validation_epoch_100.json
final,2026,V_select,371,15,100,100,8,8,0.3491564989089966,0.21432185173034668,-0.1348346471786499,0.8041473031044006,0.4337800145149231,-0.37036728858947754,0.7512301504611969,0.4312118589878082,-0.32001829147338867,project/results/qgat_extend100/seed2026/gnn/validation_epoch_100.json,project/results/qgat_extend100/seed2026/relation_D/validation_epoch_100.json
final,2026,V_select,371,20,100,100,8,8,0.34915846586227417,0.21431970596313477,-0.1348387598991394,0.8041508197784424,0.43377095460891724,-0.37037986516952515,0.7512338757514954,0.4312051832675934,-0.320028692483902,project/results/qgat_extend100/seed2026/gnn/validation_epoch_100.json,project/results/qgat_extend100/seed2026/relation_D/validation_epoch_100.json
final,2026,V_select,372,5,100,100,8,8,0.22393864393234253,0.11930066347122192,-0.1046379804611206,0.44311562180519104,0.19322611391544342,-0.24988950788974762,0.44549645483493805,0.21591372042894363,-0.22958273440599442,project/results/qgat_extend100/seed2026/gnn/validation_epoch_100.json,project/results/qgat_extend100/seed2026/relation_D/validation_epoch_100.json
final,2026,V_select,372,10,100,100,8,8,0.22671377658843994,0.11878444254398346,-0.10792933404445648,0.44825685024261475,0.19325317442417145,-0.2550036758184433,0.4508422017097473,0.21541102975606918,-0.23543117195367813,project/results/qgat_extend100/seed2026/gnn/validation_epoch_100.json,project/results/qgat_extend100/seed2026/relation_D/validation_epoch_100.json
final,2026,V_select,372,15,100,100,8,8,0.2245972603559494,0.1172126978635788,-0.1073845624923706,0.4455168843269348,0.19067391753196716,-0.25484296679496765,0.4473557025194168,0.21254965662956238,-0.23480604588985443,project/results/qgat_extend100/seed2026/gnn/validation_epoch_100.json,project/results/qgat_extend100/seed2026/relation_D/validation_epoch_100.json
final,2026,V_select,372,20,100,100,8,8,0.2245972603559494,0.1172126978635788,-0.1073845624923706,0.4455168843269348,0.19067391753196716,-0.25484296679496765,0.4473557025194168,0.21254965662956238,-0.23480604588985443,project/results/qgat_extend100/seed2026/gnn/validation_epoch_100.json,project/results/qgat_extend100/seed2026/relation_D/validation_epoch_100.json
final,2026,V_select,373,5,100,100,8,8,0.37548595666885376,0.3354669213294983,-0.04001903533935547,0.7313774228096008,0.6375728845596313,-0.09380453824996948,0.7411746680736542,0.654253363609314,-0.08692130446434021,project/results/qgat_extend100/seed2026/gnn/validation_epoch_100.json,project/results/qgat_extend100/seed2026/relation_D/validation_epoch_100.json
final,2026,V_select,373,10,100,100,8,8,0.37400105595588684,0.33385348320007324,-0.0401475727558136,0.7287637591362,0.6342889070510864,-0.09447485208511353,0.7383829355239868,0.6509979367256165,-0.08738499879837036,project/results/qgat_extend100/seed2026/gnn/validation_epoch_100.json,project/results/qgat_extend100/seed2026/relation_D/validation_epoch_100.json
final,2026,V_select,373,15,100,100,8,8,0.37394845485687256,0.3338821530342102,-0.040066301822662354,0.7286556959152222,0.6344070434570312,-0.09424865245819092,0.7382763028144836,0.6510856747627258,-0.08719062805175781,project/results/qgat_extend100/seed2026/gnn/validation_epoch_100.json,project/results/qgat_extend100/seed2026/relation_D/validation_epoch_100.json
final,2026,V_select,373,20,100,100,8,8,0.37219005823135376,0.3325851261615753,-0.03960493206977844,0.7267231345176697,0.6329802870750427,-0.09374284744262695,0.7355516254901886,0.6490752696990967,-0.08647635579109192,project/results/qgat_extend100/seed2026/gnn/validation_epoch_100.json,project/results/qgat_extend100/seed2026/relation_D/validation_epoch_100.json
final,2026,V_select,374,5,100,100,8,8,0.13466250896453857,0.1588389277458191,0.024176418781280518,0.23743242025375366,0.3279423117637634,0.09050989151000977,0.2533787190914154,0.3228100836277008,0.0694313645362854,project/results/qgat_extend100/seed2026/gnn/validation_epoch_100.json,project/results/qgat_extend100/seed2026/relation_D/validation_epoch_100.json
final,2026,V_select,374,10,100,100,8,8,0.1339290738105774,0.15935567021369934,0.025426596403121948,0.23656077682971954,0.3294302225112915,0.09286944568157196,0.25220946222543716,0.3240707814693451,0.07186131924390793,project/results/qgat_extend100/seed2026/gnn/validation_epoch_100.json,project/results/qgat_extend100/seed2026/relation_D/validation_epoch_100.json
final,2026,V_select,374,15,100,100,8,8,0.13401737809181213,0.15928104519844055,0.025263667106628418,0.2367963045835495,0.3293081521987915,0.092511847615242,0.2524155303835869,0.3239351212978363,0.07151959091424942,project/results/qgat_extend100/seed2026/gnn/validation_epoch_100.json,project/results/qgat_extend100/seed2026/relation_D/validation_epoch_100.json
final,2026,V_select,374,20,100,100,8,8,0.13401839137077332,0.15928104519844055,0.025262653827667236,0.2367982417345047,0.32930809259414673,0.09250985085964203,0.25241751223802567,0.3239350914955139,0.07151757925748825,project/results/qgat_extend100/seed2026/gnn/validation_epoch_100.json,project/results/qgat_extend100/seed2026/relation_D/validation_epoch_100.json
final,2026,V_select,375,5,100,100,8,8,0.15644828975200653,0.08025573194026947,-0.07619255781173706,0.39441633224487305,0.1995568871498108,-0.19485944509506226,0.35365645587444305,0.18003417551517487,-0.1736222803592682,project/results/qgat_extend100/seed2026/gnn/validation_epoch_100.json,project/results/qgat_extend100/seed2026/relation_D/validation_epoch_100.json
final,2026,V_select,375,10,100,100,8,8,0.15608829259872437,0.08014476299285889,-0.07594352960586548,0.39351773262023926,0.19931818544864655,-0.1941995471715927,0.352847158908844,0.17980385571718216,-0.17304330319166183,project/results/qgat_extend100/seed2026/gnn/validation_epoch_100.json,project/results/qgat_extend100/seed2026/relation_D/validation_epoch_100.json
final,2026,V_select,375,15,100,100,8,8,0.1545942723751068,0.0786464735865593,-0.07594779878854752,0.39210250973701477,0.19735972583293915,-0.19474278390407562,0.3506455272436142,0.17732633650302887,-0.17331919074058533,project/results/qgat_extend100/seed2026/gnn/validation_epoch_100.json,project/results/qgat_extend100/seed2026/relation_D/validation_epoch_100.json
final,2026,V_select,375,20,100,100,8,8,0.1545942723751068,0.0786464735865593,-0.07594779878854752,0.39210250973701477,0.19735972583293915,-0.19474278390407562,0.3506455272436142,0.17732633650302887,-0.17331919074058533,project/results/qgat_extend100/seed2026/gnn/validation_epoch_100.json,project/results/qgat_extend100/seed2026/relation_D/validation_epoch_100.json
final,2026,V_select,376,5,100,100,8,8,0.08009668439626694,0.06873654574155807,-0.011360138654708862,0.19715118408203125,0.1409033238887787,-0.056247860193252563,0.17867227643728256,0.13918820768594742,-0.039484068751335144,project/results/qgat_extend100/seed2026/gnn/validation_epoch_100.json,project/results/qgat_extend100/seed2026/relation_D/validation_epoch_100.json
final,2026,V_select,376,10,100,100,8,8,0.08024825155735016,0.06873513013124466,-0.0115131214261055,0.19752585887908936,0.140907883644104,-0.05661797523498535,0.17901118099689484,0.13918907195329666,-0.039822109043598175,project/results/qgat_extend100/seed2026/gnn/validation_epoch_100.json,project/results/qgat_extend100/seed2026/relation_D/validation_epoch_100.json
final,2026,V_select,376,15,100,100,8,8,0.08034674823284149,0.06884697824716568,-0.011499769985675812,0.19770193099975586,0.14119209349155426,-0.0565098375082016,0.17919771373271942,0.1394430249929428,-0.03975468873977661,project/results/qgat_extend100/seed2026/gnn/validation_epoch_100.json,project/results/qgat_extend100/seed2026/relation_D/validation_epoch_100.json
final,2026,V_select,376,20,100,100,8,8,0.08024300634860992,0.06868237257003784,-0.011560633778572083,0.19750858843326569,0.14078430831432343,-0.05672428011894226,0.17899730056524277,0.13907452672719955,-0.03992277383804321,project/results/qgat_extend100/seed2026/gnn/validation_epoch_100.json,project/results/qgat_extend100/seed2026/relation_D/validation_epoch_100.json
final,2026,V_select,377,5,100,100,8,8,0.08473420143127441,0.13067778944969177,0.04594358801841736,0.20029544830322266,0.28105127811431885,0.08075582981109619,0.18488192558288574,0.2712034285068512,0.08632150292396545,project/results/qgat_extend100/seed2026/gnn/validation_epoch_100.json,project/results/qgat_extend100/seed2026/relation_D/validation_epoch_100.json
final,2026,V_select,377,10,100,100,8,8,0.08491703867912292,0.13068360090255737,0.04576656222343445,0.2007032334804535,0.28109416365623474,0.08039093017578125,0.18526865541934967,0.27123068273067474,0.08596202731132507,project/results/qgat_extend100/seed2026/gnn/validation_epoch_100.json,project/results/qgat_extend100/seed2026/relation_D/validation_epoch_100.json
final,2026,V_select,377,15,100,100,8,8,0.08640287816524506,0.13129492104053497,0.04489204287528992,0.20325301587581635,0.28270792961120605,0.07945491373538971,0.18802938610315323,0.272648885846138,0.08461949974298477,project/results/qgat_extend100/seed2026/gnn/validation_epoch_100.json,project/results/qgat_extend100/seed2026/relation_D/validation_epoch_100.json
final,2026,V_select,377,20,100,100,8,8,0.08651969581842422,0.13132624328136444,0.044806547462940216,0.20357133448123932,0.2827622890472412,0.07919095456600189,0.18830536305904388,0.27270738780498505,0.08440202474594116,project/results/qgat_extend100/seed2026/gnn/validation_epoch_100.json,project/results/qgat_extend100/seed2026/relation_D/validation_epoch_100.json
final,2026,V_select,378,5,100,100,8,8,0.08775146305561066,0.08558991551399231,-0.002161547541618347,0.18306031823158264,0.17571254074573517,-0.007347777485847473,0.17928162217140198,0.1734461858868599,-0.005835436284542084,project/results/qgat_extend100/seed2026/gnn/validation_epoch_100.json,project/results/qgat_extend100/seed2026/relation_D/validation_epoch_100.json
final,2026,V_select,378,10,100,100,8,8,0.086036317050457,0.08401831239461899,-0.0020180046558380127,0.18160629272460938,0.17354142665863037,-0.008064866065979004,0.1768394634127617,0.17078902572393417,-0.006050437688827515,project/results/qgat_extend100/seed2026/gnn/validation_epoch_100.json,project/results/qgat_extend100/seed2026/relation_D/validation_epoch_100.json
final,2026,V_select,378,15,100,100,8,8,0.0915229395031929,0.08934454619884491,-0.002178393304347992,0.18962085247039795,0.18485002219676971,-0.004770830273628235,0.18633336573839188,0.18176955729722977,-0.004563808441162109,project/results/qgat_extend100/seed2026/gnn/validation_epoch_100.json,project/results/qgat_extend100/seed2026/relation_D/validation_epoch_100.json
final,2026,V_select,378,20,100,100,8,8,0.09006089717149734,0.08784713596105576,-0.0022137612104415894,0.1882767528295517,0.18289829790592194,-0.005378454923629761,0.1841992735862732,0.17929628491401672,-0.00490298867225647,project/results/qgat_extend100/seed2026/gnn/validation_epoch_100.json,project/results/qgat_extend100/seed2026/relation_D/validation_epoch_100.json
final,2026,V_select,379,5,100,100,8,8,0.013555203564465046,0.015060375444591045,0.0015051718801259995,0.02204497531056404,0.023852545768022537,0.001807570457458496,0.024577691219747066,0.026986648328602314,0.0024089571088552475,project/results/qgat_extend100/seed2026/gnn/validation_epoch_100.json,project/results/qgat_extend100/seed2026/relation_D/validation_epoch_100.json
final,2026,V_select,379,10,100,100,8,8,0.013540955260396004,0.015059872530400753,0.0015189172700047493,0.022015145048499107,0.02385672926902771,0.0018415842205286026,0.024548527784645557,0.026988237164914608,0.0024397093802690506,project/results/qgat_extend100/seed2026/gnn/validation_epoch_100.json,project/results/qgat_extend100/seed2026/relation_D/validation_epoch_100.json
final,2026,V_select,379,15,100,100,8,8,0.013542579486966133,0.015036407858133316,0.001493828371167183,0.02201906405389309,0.02379467338323593,0.001775609329342842,0.024552111513912678,0.026933744549751282,0.002381633035838604,project/results/qgat_extend100/seed2026/gnn/validation_epoch_100.json,project/results/qgat_extend100/seed2026/relation_D/validation_epoch_100.json
final,2026,V_select,379,20,100,100,8,8,0.013540387153625488,0.015068440698087215,0.0015280535444617271,0.02201547473669052,0.023899387568235397,0.001883912831544876,0.02454812452197075,0.027018134482204914,0.002470009960234165,project/results/qgat_extend100/seed2026/gnn/validation_epoch_100.json,project/results/qgat_extend100/seed2026/relation_D/validation_epoch_100.json
final,2026,V_select,380,5,100,100,8,8,0.011746381409466267,0.012726373039186,0.0009799916297197342,0.024756815284490585,0.02488577738404274,0.00012896209955215454,0.02412478905171156,0.02516926173120737,0.0010444726794958115,project/results/qgat_extend100/seed2026/gnn/validation_epoch_100.json,project/results/qgat_extend100/seed2026/relation_D/validation_epoch_100.json
final,2026,V_select,380,10,100,100,8,8,0.011746203526854515,0.012726685963571072,0.0009804824367165565,0.024756833910942078,0.024885866791009903,0.00012903288006782532,0.024124620482325554,0.025169619359076023,0.0010449988767504692,project/results/qgat_extend100/seed2026/gnn/validation_epoch_100.json,project/results/qgat_extend100/seed2026/relation_D/validation_epoch_100.json
final,2026,V_select,380,15,100,100,8,8,0.011754259467124939,0.012738142162561417,0.0009838826954364777,0.024779396131634712,0.024966316297650337,0.000186920166015625,0.024143957532942295,0.025221300311386585,0.0010773427784442902,project/results/qgat_extend100/seed2026/gnn/validation_epoch_100.json,project/results/qgat_extend100/seed2026/relation_D/validation_epoch_100.json
final,2026,V_select,380,20,100,100,8,8,0.011766971088945866,0.012726740911602974,0.0009597698226571083,0.0248383991420269,0.0248880498111248,4.965066909790039e-05,0.024186170659959316,0.025170765817165375,0.0009845951572060585,project/results/qgat_extend100/seed2026/gnn/validation_epoch_100.json,project/results/qgat_extend100/seed2026/relation_D/validation_epoch_100.json
final,2026,V_select,381,5,100,100,8,8,0.031435903161764145,0.03093813918530941,-0.0004977639764547348,0.0622650608420372,0.0597718171775341,-0.0024932436645030975,0.06256843358278275,0.06082404777407646,-0.0017443858087062836,project/results/qgat_extend100/seed2026/gnn/validation_epoch_100.json,project/results/qgat_extend100/seed2026/relation_D/validation_epoch_100.json
final,2026,V_select,381,10,100,100,8,8,0.03143569454550743,0.030938856303691864,-0.000496838241815567,0.062264859676361084,0.05977227911353111,-0.0024925805628299713,0.06256812438368797,0.06082499586045742,-0.0017431285232305527,project/results/qgat_extend100/seed2026/gnn/validation_epoch_100.json,project/results/qgat_extend100/seed2026/relation_D/validation_epoch_100.json
final,2026,V_select,381,15,100,100,8,8,0.02683091349899769,0.026622353121638298,-0.00020856037735939026,0.05724697187542915,0.053468476980924606,-0.003778494894504547,0.055454399436712265,0.0533565916121006,-0.002097807824611664,project/results/qgat_extend100/seed2026/gnn/validation_epoch_100.json,project/results/qgat_extend100/seed2026/relation_D/validation_epoch_100.json
final,2026,V_select,381,20,100,100,8,8,0.026854097843170166,0.026630418375134468,-0.00022367946803569794,0.0572982132434845,0.05348287150263786,-0.003815341740846634,0.055503204464912415,0.0533718541264534,-0.002131350338459015,project/results/qgat_extend100/seed2026/gnn/validation_epoch_100.json,project/results/qgat_extend100/seed2026/relation_D/validation_epoch_100.json
final,2026,V_select,382,5,100,100,8,8,0.11053559184074402,0.10914180427789688,-0.0013937875628471375,0.34767407178878784,0.3410089313983917,-0.006665140390396118,0.28437262773513794,0.27964626997709274,-0.0047263577580451965,project/results/qgat_extend100/seed2026/gnn/validation_epoch_100.json,project/results/qgat_extend100/seed2026/relation_D/validation_epoch_100.json
final,2026,V_select,382,10,100,100,8,8,0.1081417053937912,0.10635926574468613,-0.001782439649105072,0.34153786301612854,0.33433982729911804,-0.007198035717010498,0.27891063690185547,0.27352917939424515,-0.005381457507610321,project/results/qgat_extend100/seed2026/gnn/validation_epoch_100.json,project/results/qgat_extend100/seed2026/relation_D/validation_epoch_100.json
final,2026,V_select,382,15,100,100,8,8,0.10814211517572403,0.10635921359062195,-0.0017829015851020813,0.3415382504463196,0.3343401551246643,-0.0071980953216552734,0.2789112403988838,0.2735292911529541,-0.005381949245929718,project/results/qgat_extend100/seed2026/gnn/validation_epoch_100.json,project/results/qgat_extend100/seed2026/relation_D/validation_epoch_100.json
final,2026,V_select,382,20,100,100,8,8,0.10813529044389725,0.10637398064136505,-0.001761309802532196,0.3415141701698303,0.33439314365386963,-0.007121026515960693,0.2788923755288124,0.27357055246829987,-0.005321823060512543,project/results/qgat_extend100/seed2026/gnn/validation_epoch_100.json,project/results/qgat_extend100/seed2026/relation_D/validation_epoch_100.json
final,2026,V_select,383,5,100,100,8,8,0.36038264632225037,0.3588065207004547,-0.0015761256217956543,0.7136486172676086,0.7072891592979431,-0.006359457969665527,0.7172069549560547,0.7124511003494263,-0.004755854606628418,project/results/qgat_extend100/seed2026/gnn/validation_epoch_100.json,project/results/qgat_extend100/seed2026/relation_D/validation_epoch_100.json
final,2026,V_select,383,10,100,100,8,8,0.35931700468063354,0.3577275574207306,-0.001589447259902954,0.7105162143707275,0.7041501998901367,-0.00636601448059082,0.7145751118659973,0.709802657365799,-0.004772454500198364,project/results/qgat_extend100/seed2026/gnn/validation_epoch_100.json,project/results/qgat_extend100/seed2026/relation_D/validation_epoch_100.json
final,2026,V_select,383,15,100,100,8,8,0.35931700468063354,0.3577275574207306,-0.001589447259902954,0.7105162143707275,0.7041501998901367,-0.00636601448059082,0.7145751118659973,0.709802657365799,-0.004772454500198364,project/results/qgat_extend100/seed2026/gnn/validation_epoch_100.json,project/results/qgat_extend100/seed2026/relation_D/validation_epoch_100.json
final,2026,V_select,383,20,100,100,8,8,0.35931721329689026,0.35772761702537537,-0.0015895962715148926,0.7105150818824768,0.7041521668434143,-0.0063629150390625,0.7145747542381287,0.7098037004470825,-0.004771053791046143,project/results/qgat_extend100/seed2026/gnn/validation_epoch_100.json,project/results/qgat_extend100/seed2026/relation_D/validation_epoch_100.json
final,2026,V_select,384,5,100,100,8,8,0.8794372081756592,0.6052265763282776,-0.2742106318473816,2.083505630493164,1.5175583362579346,-0.5659472942352295,1.9211900234222412,1.3640057444572449,-0.5571842789649963,project/results/qgat_extend100/seed2026/gnn/validation_epoch_100.json,project/results/qgat_extend100/seed2026/relation_D/validation_epoch_100.json
final,2026,V_select,384,10,100,100,8,8,0.8791027069091797,0.6046208143234253,-0.2744818925857544,2.083855390548706,1.522697925567627,-0.5611574649810791,1.9210304021835327,1.3659697771072388,-0.555060625076294,project/results/qgat_extend100/seed2026/gnn/validation_epoch_100.json,project/results/qgat_extend100/seed2026/relation_D/validation_epoch_100.json
final,2026,V_select,384,15,100,100,8,8,0.8791947960853577,0.6046216487884521,-0.2745731472969055,2.0840704441070557,1.5227022171020508,-0.5613682270050049,1.9212300181388855,1.3659727573394775,-0.555257260799408,project/results/qgat_extend100/seed2026/gnn/validation_epoch_100.json,project/results/qgat_extend100/seed2026/relation_D/validation_epoch_100.json
final,2026,V_select,384,20,100,100,8,8,0.8789640665054321,0.6046327352523804,-0.27433133125305176,2.0835530757904053,1.5227456092834473,-0.560807466506958,1.9207406044006348,1.366005539894104,-0.5547350645065308,project/results/qgat_extend100/seed2026/gnn/validation_epoch_100.json,project/results/qgat_extend100/seed2026/relation_D/validation_epoch_100.json
final,2026,V_select,385,5,100,100,8,8,0.7032619714736938,0.587848961353302,-0.11541301012039185,1.4903098344802856,1.0763671398162842,-0.41394269466400146,1.4484168887138367,1.126032531261444,-0.3223843574523926,project/results/qgat_extend100/seed2026/gnn/validation_epoch_100.json,project/results/qgat_extend100/seed2026/relation_D/validation_epoch_100.json
final,2026,V_select,385,10,100,100,8,8,0.7083644866943359,0.5950676202774048,-0.11329686641693115,1.5008373260498047,1.093371033668518,-0.4074662923812866,1.4587831497192383,1.1417531371116638,-0.31703001260757446,project/results/qgat_extend100/seed2026/gnn/validation_epoch_100.json,project/results/qgat_extend100/seed2026/relation_D/validation_epoch_100.json
final,2026,V_select,385,15,100,100,8,8,0.7083644866943359,0.5950676202774048,-0.11329686641693115,1.5008373260498047,1.093371033668518,-0.4074662923812866,1.4587831497192383,1.1417531371116638,-0.31703001260757446,project/results/qgat_extend100/seed2026/gnn/validation_epoch_100.json,project/results/qgat_extend100/seed2026/relation_D/validation_epoch_100.json
final,2026,V_select,385,20,100,100,8,8,0.7083644866943359,0.5950676202774048,-0.11329686641693115,1.5008373260498047,1.093371033668518,-0.4074662923812866,1.4587831497192383,1.1417531371116638,-0.31703001260757446,project/results/qgat_extend100/seed2026/gnn/validation_epoch_100.json,project/results/qgat_extend100/seed2026/relation_D/validation_epoch_100.json
final,2026,V_select,386,5,100,100,8,8,0.6286338567733765,0.5189636945724487,-0.10967016220092773,1.3954346179962158,0.9914311170578003,-0.4040035009384155,1.3263511657714844,1.0146792531013489,-0.3116719126701355,project/results/qgat_extend100/seed2026/gnn/validation_epoch_100.json,project/results/qgat_extend100/seed2026/relation_D/validation_epoch_100.json
final,2026,V_select,386,10,100,100,8,8,0.6284504532814026,0.5188236832618713,-0.10962677001953125,1.3949745893478394,0.9911738634109497,-0.40380072593688965,1.3259377479553223,1.0144106149673462,-0.3115271329879761,project/results/qgat_extend100/seed2026/gnn/validation_epoch_100.json,project/results/qgat_extend100/seed2026/relation_D/validation_epoch_100.json
final,2026,V_select,386,15,100,100,8,8,0.6259637475013733,0.5159670114517212,-0.1099967360496521,1.3909058570861816,0.9852094650268555,-0.40569639205932617,1.3214166760444641,1.008571743965149,-0.3128449320793152,project/results/qgat_extend100/seed2026/gnn/validation_epoch_100.json,project/results/qgat_extend100/seed2026/relation_D/validation_epoch_100.json
final,2026,V_select,386,20,100,100,8,8,0.6258701682090759,0.5159181356430054,-0.10995203256607056,1.3905894756317139,0.9850813746452332,-0.4055081009864807,1.3211649060249329,1.008458822965622,-0.3127060830593109,project/results/qgat_extend100/seed2026/gnn/validation_epoch_100.json,project/results/qgat_extend100/seed2026/relation_D/validation_epoch_100.json
final,2026,V_select,387,5,100,100,8,8,0.5208373069763184,0.6834080815315247,0.1625707745552063,1.1424651145935059,1.5348575115203857,0.3923923969268799,1.0920698642730713,1.4508368372917175,0.35876697301864624,project/results/qgat_extend100/seed2026/gnn/validation_epoch_100.json,project/results/qgat_extend100/seed2026/relation_D/validation_epoch_100.json
final,2026,V_select,387,10,100,100,8,8,0.5207757949829102,0.6833978891372681,0.1626220941543579,1.1423588991165161,1.5348522663116455,0.3924933671951294,1.0919552445411682,1.4508240222930908,0.3588687777519226,project/results/qgat_extend100/seed2026/gnn/validation_epoch_100.json,project/results/qgat_extend100/seed2026/relation_D/validation_epoch_100.json
final,2026,V_select,387,15,100,100,8,8,0.5189207792282104,0.680835485458374,0.16191470623016357,1.1402478218078613,1.5315542221069336,0.39130640029907227,1.0890446901321411,1.4466125965118408,0.3575679063796997,project/results/qgat_extend100/seed2026/gnn/validation_epoch_100.json,project/results/qgat_extend100/seed2026/relation_D/validation_epoch_100.json
final,2026,V_select,387,20,100,100,8,8,0.5185818076133728,0.6808286905288696,0.16224688291549683,1.1395480632781982,1.5315510034561157,0.3920029401779175,1.088355839252472,1.4466041922569275,0.35824835300445557,project/results/qgat_extend100/seed2026/gnn/validation_epoch_100.json,project/results/qgat_extend100/seed2026/relation_D/validation_epoch_100.json
final,2026,V_select,388,5,100,100,8,7,0.4152081608772278,0.6020073890686035,0.18679922819137573,0.9524177312850952,1.5459489822387695,0.5935312509536743,0.8914170265197754,1.3749818801879883,0.4835648536682129,project/results/qgat_extend100/seed2026/gnn/validation_epoch_100.json,project/results/qgat_extend100/seed2026/relation_D/validation_epoch_100.json
final,2026,V_select,388,10,100,100,8,7,0.4152233898639679,0.60154789686203,0.18632450699806213,0.95346599817276,1.5450507402420044,0.5915847420692444,0.8919563889503479,1.3740732669830322,0.4821168780326843,project/results/qgat_extend100/seed2026/gnn/validation_epoch_100.json,project/results/qgat_extend100/seed2026/relation_D/validation_epoch_100.json
final,2026,V_select,388,15,100,100,8,7,0.41522201895713806,0.6015486121177673,0.18632659316062927,0.9534660577774048,1.5450507402420044,0.5915846824645996,0.8919550478458405,1.3740739822387695,0.4821189343929291,project/results/qgat_extend100/seed2026/gnn/validation_epoch_100.json,project/results/qgat_extend100/seed2026/relation_D/validation_epoch_100.json
final,2026,V_select,388,20,100,100,8,7,0.4152100384235382,0.6015486717224121,0.1863386332988739,0.9532433152198792,1.5450299978256226,0.5917866826057434,0.8918316960334778,1.3740636706352234,0.4822319746017456,project/results/qgat_extend100/seed2026/gnn/validation_epoch_100.json,project/results/qgat_extend100/seed2026/relation_D/validation_epoch_100.json
final,2026,V_select,389,5,100,100,8,7,0.46008044481277466,0.7083628177642822,0.24828237295150757,1.0872877836227417,1.7238456010818481,0.6365578174591064,1.0037243366241455,1.5702856183052063,0.5665612816810608,project/results/qgat_extend100/seed2026/gnn/validation_epoch_100.json,project/results/qgat_extend100/seed2026/relation_D/validation_epoch_100.json
final,2026,V_select,389,10,100,100,8,7,0.4591223895549774,0.7093286514282227,0.25020626187324524,1.0839794874191284,1.726499319076538,0.6425198316574097,1.0011121332645416,1.5725783109664917,0.5714661777019501,project/results/qgat_extend100/seed2026/gnn/validation_epoch_100.json,project/results/qgat_extend100/seed2026/relation_D/validation_epoch_100.json
final,2026,V_select,389,15,100,100,8,7,0.45892027020454407,0.7092665433883667,0.25034627318382263,1.0833451747894287,1.7263352870941162,0.6429901123046875,1.0005928575992584,1.5724341869354248,0.5718413293361664,project/results/qgat_extend100/seed2026/gnn/validation_epoch_100.json,project/results/qgat_extend100/seed2026/relation_D/validation_epoch_100.json
final,2026,V_select,389,20,100,100,8,7,0.45891469717025757,0.7092794179916382,0.2503647208213806,1.0833173990249634,1.7263399362564087,0.6430225372314453,1.0005733966827393,1.5724493861198425,0.5718759894371033,project/results/qgat_extend100/seed2026/gnn/validation_epoch_100.json,project/results/qgat_extend100/seed2026/relation_D/validation_epoch_100.json
final,2026,V_select,390,5,100,100,7,7,0.23562538623809814,0.6693979501724243,0.43377256393432617,0.3938558101654053,1.6265825033187866,1.2327266931533813,0.4325532913208008,1.4826892018318176,1.0501359105110168,project/results/qgat_extend100/seed2026/gnn/validation_epoch_100.json,project/results/qgat_extend100/seed2026/relation_D/validation_epoch_100.json
final,2026,V_select,390,10,100,100,7,7,0.23570391535758972,0.6691088080406189,0.4334048926830292,0.39305225014686584,1.6261664628982544,1.2331142127513885,0.43223004043102264,1.482192039489746,1.0499619990587234,project/results/qgat_extend100/seed2026/gnn/validation_epoch_100.json,project/results/qgat_extend100/seed2026/relation_D/validation_epoch_100.json
final,2026,V_select,390,15,100,100,7,7,0.23307332396507263,0.6705859899520874,0.43751266598701477,0.3905121386051178,1.6301606893539429,1.239648550748825,0.42832939326763153,1.4856663346290588,1.0573369413614273,project/results/qgat_extend100/seed2026/gnn/validation_epoch_100.json,project/results/qgat_extend100/seed2026/relation_D/validation_epoch_100.json
final,2026,V_select,390,20,100,100,7,7,0.23054204881191254,0.667585015296936,0.4370429664850235,0.38749030232429504,1.626587986946106,1.239097684621811,0.42428719997406006,1.480879008769989,1.056591808795929,project/results/qgat_extend100/seed2026/gnn/validation_epoch_100.json,project/results/qgat_extend100/seed2026/relation_D/validation_epoch_100.json
final,2026,V_select,391,5,100,100,7,7,0.24517822265625,0.5433158278465271,0.2981376051902771,0.5830872654914856,1.2326024770736694,0.6495152115821838,0.5367218554019928,1.1596170663833618,0.622895210981369,project/results/qgat_extend100/seed2026/gnn/validation_epoch_100.json,project/results/qgat_extend100/seed2026/relation_D/validation_epoch_100.json
final,2026,V_select,391,10,100,100,7,7,0.24482522904872894,0.5438886284828186,0.29906339943408966,0.5819905400276184,1.234100341796875,0.6521098017692566,0.5358204990625381,1.160938799381256,0.625118300318718,project/results/qgat_extend100/seed2026/gnn/validation_epoch_100.json,project/results/qgat_extend100/seed2026/relation_D/validation_epoch_100.json
final,2026,V_select,391,15,100,100,7,7,0.2447965145111084,0.544001042842865,0.2992045283317566,0.5819176435470581,1.234364628791809,0.652446985244751,0.5357553362846375,1.1611833572387695,0.6254280209541321,project/results/qgat_extend100/seed2026/gnn/validation_epoch_100.json,project/results/qgat_extend100/seed2026/relation_D/validation_epoch_100.json
final,2026,V_select,391,20,100,100,7,7,0.24479492008686066,0.5439997315406799,0.2992048114538193,0.5819138288497925,1.2343626022338867,0.6524487733840942,0.5357518345117569,1.1611810326576233,0.6254291981458664,project/results/qgat_extend100/seed2026/gnn/validation_epoch_100.json,project/results/qgat_extend100/seed2026/relation_D/validation_epoch_100.json
final,2026,V_select,392,5,100,100,7,7,0.24478182196617126,0.26631787419319153,0.021536052227020264,0.6033273339271545,0.5260465741157532,-0.07728075981140137,0.5464454889297485,0.5293411612510681,-0.01710432767868042,project/results/qgat_extend100/seed2026/gnn/validation_epoch_100.json,project/results/qgat_extend100/seed2026/relation_D/validation_epoch_100.json
final,2026,V_select,392,10,100,100,7,7,0.24486057460308075,0.2664417326450348,0.02158115804195404,0.603376030921936,0.526212751865387,-0.07716327905654907,0.5465485900640488,0.5295481085777283,-0.017000481486320496,project/results/qgat_extend100/seed2026/gnn/validation_epoch_100.json,project/results/qgat_extend100/seed2026/relation_D/validation_epoch_100.json
final,2026,V_select,392,15,100,100,7,7,0.2448464334011078,0.2663234770298004,0.021477043628692627,0.6033549308776855,0.5260218381881714,-0.07733309268951416,0.5465238988399506,0.5293343961238861,-0.017189502716064453,project/results/qgat_extend100/seed2026/gnn/validation_epoch_100.json,project/results/qgat_extend100/seed2026/relation_D/validation_epoch_100.json
final,2026,V_select,392,20,100,100,7,7,0.24486663937568665,0.26656919717788696,0.021702557802200317,0.6034096479415894,0.5264168381690979,-0.07699280977249146,0.5465714633464813,0.5297776162624359,-0.01679384708404541,project/results/qgat_extend100/seed2026/gnn/validation_epoch_100.json,project/results/qgat_extend100/seed2026/relation_D/validation_epoch_100.json
final,2026,V_select,393,5,100,100,7,7,0.3296329081058502,0.451396644115448,0.12176373600959778,0.7961031794548035,1.1897307634353638,0.3936275839805603,0.727684497833252,1.0462620258331299,0.31857752799987793,project/results/qgat_extend100/seed2026/gnn/validation_epoch_100.json,project/results/qgat_extend100/seed2026/relation_D/validation_epoch_100.json
final,2026,V_select,393,10,100,100,7,7,0.3297657370567322,0.4498157501220703,0.12005001306533813,0.7962712049484253,1.1865692138671875,0.3902980089187622,0.7279013395309448,1.043100357055664,0.31519901752471924,project/results/qgat_extend100/seed2026/gnn/validation_epoch_100.json,project/results/qgat_extend100/seed2026/relation_D/validation_epoch_100.json
final,2026,V_select,393,15,100,100,7,7,0.3272538185119629,0.44726234674453735,0.12000852823257446,0.7930795550346375,1.1838207244873047,0.39074116945266724,0.7237935960292816,1.0391727089881897,0.3153791129589081,project/results/qgat_extend100/seed2026/gnn/validation_epoch_100.json,project/results/qgat_extend100/seed2026/relation_D/validation_epoch_100.json
final,2026,V_select,393,20,100,100,7,7,0.32729706168174744,0.44722166657447815,0.11992460489273071,0.7930788397789001,1.1837120056152344,0.39063316583633423,0.7238364815711975,1.0390776693820953,0.3152411878108978,project/results/qgat_extend100/seed2026/gnn/validation_epoch_100.json,project/results/qgat_extend100/seed2026/relation_D/validation_epoch_100.json
final,2026,V_select,394,5,100,100,7,7,0.30419450998306274,0.35362115502357483,0.049426645040512085,0.5304935574531555,0.6827316284179688,0.15223807096481323,0.5694412887096405,0.6949869692325592,0.1255456805229187,project/results/qgat_extend100/seed2026/gnn/validation_epoch_100.json,project/results/qgat_extend100/seed2026/relation_D/validation_epoch_100.json
final,2026,V_select,394,10,100,100,7,7,0.3041314482688904,0.3530144989490509,0.04888305068016052,0.5303089022636414,0.6816214323043823,0.15131253004074097,0.5692858994007111,0.6938252151012421,0.124539315700531,project/results/qgat_extend100/seed2026/gnn/validation_epoch_100.json,project/results/qgat_extend100/seed2026/relation_D/validation_epoch_100.json
final,2026,V_select,394,15,100,100,7,7,0.30418476462364197,0.3534330725669861,0.049248307943344116,0.5304552316665649,0.6824432015419006,0.1519879698753357,0.5694123804569244,0.6946546733379364,0.12524229288101196,project/results/qgat_extend100/seed2026/gnn/validation_epoch_100.json,project/results/qgat_extend100/seed2026/relation_D/validation_epoch_100.json
final,2026,V_select,394,20,100,100,7,7,0.30424803495407104,0.35309213399887085,0.048844099044799805,0.5305574536323547,0.681768000125885,0.15121054649353027,0.5695267617702484,0.6939761340618134,0.12444937229156494,project/results/qgat_extend100/seed2026/gnn/validation_epoch_100.json,project/results/qgat_extend100/seed2026/relation_D/validation_epoch_100.json
final,2026,V_select,395,5,100,100,7,7,0.3073291480541229,0.3330521583557129,0.025723010301589966,0.7269319295883179,0.8552365303039551,0.1283046007156372,0.6707951128482819,0.7606704235076904,0.08987531065940857,project/results/qgat_extend100/seed2026/gnn/validation_epoch_100.json,project/results/qgat_extend100/seed2026/relation_D/validation_epoch_100.json
final,2026,V_select,395,10,100,100,7,7,0.3073560893535614,0.3335264027118683,0.026170313358306885,0.7270217537879944,0.8567642569541931,0.12974250316619873,0.6708669662475586,0.7619085311889648,0.09104156494140625,project/results/qgat_extend100/seed2026/gnn/validation_epoch_100.json,project/results/qgat_extend100/seed2026/relation_D/validation_epoch_100.json
final,2026,V_select,395,15,100,100,7,7,0.3073560893535614,0.3335264027118683,0.026170313358306885,0.7270217537879944,0.8567642569541931,0.12974250316619873,0.6708669662475586,0.7619085311889648,0.09104156494140625,project/results/qgat_extend100/seed2026/gnn/validation_epoch_100.json,project/results/qgat_extend100/seed2026/relation_D/validation_epoch_100.json
final,2026,V_select,395,20,100,100,7,7,0.3074655532836914,0.33316197991371155,0.02569642663002014,0.7272416949272156,0.8555797934532166,0.12833809852600098,0.6710864007472992,0.7609518766403198,0.08986547589302063,project/results/qgat_extend100/seed2026/gnn/validation_epoch_100.json,project/results/qgat_extend100/seed2026/relation_D/validation_epoch_100.json
final,2026,V_select,396,5,100,100,7,7,0.5253723859786987,0.5930429100990295,0.06767052412033081,1.565416932106018,1.8245468139648438,0.2591298818588257,1.3080808520317078,1.5053163170814514,0.19723546504974365,project/results/qgat_extend100/seed2026/gnn/validation_epoch_100.json,project/results/qgat_extend100/seed2026/relation_D/validation_epoch_100.json
final,2026,V_select,396,10,100,100,7,7,0.5246657729148865,0.5924192070960999,0.06775343418121338,1.5646485090255737,1.8233193159103394,0.2586708068847656,1.3069900274276733,1.5040788650512695,0.1970888376235962,project/results/qgat_extend100/seed2026/gnn/validation_epoch_100.json,project/results/qgat_extend100/seed2026/relation_D/validation_epoch_100.json
final,2026,V_select,396,15,100,100,7,7,0.5282720327377319,0.5960608720779419,0.06778883934020996,1.5683199167251587,1.8270548582077026,0.25873494148254395,1.3124319911003113,1.5095883011817932,0.19715631008148193,project/results/qgat_extend100/seed2026/gnn/validation_epoch_100.json,project/results/qgat_extend100/seed2026/relation_D/validation_epoch_100.json
final,2026,V_select,396,20,100,100,7,7,0.5283032059669495,0.595854640007019,0.06755143404006958,1.5685405731201172,1.8266260623931885,0.2580854892730713,1.312573492527008,1.5091676712036133,0.19659417867660522,project/results/qgat_extend100/seed2026/gnn/validation_epoch_100.json,project/results/qgat_extend100/seed2026/relation_D/validation_epoch_100.json
final,2026,V_select,397,5,100,100,7,7,1.4435198307037354,1.7139939069747925,0.27047407627105713,3.1959855556488037,3.923670530319214,0.7276849746704102,3.041512608528137,3.6758291721343994,0.6343165636062622,project/results/qgat_extend100/seed2026/gnn/validation_epoch_100.json,project/results/qgat_extend100/seed2026/relation_D/validation_epoch_100.json
final,2026,V_select,397,10,100,100,7,7,1.4502359628677368,1.7207263708114624,0.2704904079437256,3.2122340202331543,3.936271905899048,0.7240378856658936,3.056352972984314,3.6888623237609863,0.6325093507766724,project/results/qgat_extend100/seed2026/gnn/validation_epoch_100.json,project/results/qgat_extend100/seed2026/relation_D/validation_epoch_100.json
final,2026,V_select,397,15,100,100,7,7,1.449176549911499,1.7202837467193604,0.27110719680786133,3.2097620964050293,3.9350626468658447,0.7253005504608154,3.0540575981140137,3.6878150701522827,0.633757472038269,project/results/qgat_extend100/seed2026/gnn/validation_epoch_100.json,project/results/qgat_extend100/seed2026/relation_D/validation_epoch_100.json
final,2026,V_select,397,20,100,100,7,7,1.449176549911499,1.7202837467193604,0.27110719680786133,3.2097620964050293,3.9350626468658447,0.7253005504608154,3.0540575981140137,3.6878150701522827,0.633757472038269,project/results/qgat_extend100/seed2026/gnn/validation_epoch_100.json,project/results/qgat_extend100/seed2026/relation_D/validation_epoch_100.json
final,2026,V_select,398,5,100,100,7,7,1.0972201824188232,0.9384022355079651,-0.15881794691085815,1.6464327573776245,1.3370745182037354,-0.30935823917388916,1.9204365611076355,1.6069394946098328,-0.31349706649780273,project/results/qgat_extend100/seed2026/gnn/validation_epoch_100.json,project/results/qgat_extend100/seed2026/relation_D/validation_epoch_100.json
final,2026,V_select,398,10,100,100,7,7,1.0994160175323486,0.938662588596344,-0.16075342893600464,1.6525682210922241,1.3368816375732422,-0.31568658351898193,1.9257001280784607,1.607103407382965,-0.3185967206954956,project/results/qgat_extend100/seed2026/gnn/validation_epoch_100.json,project/results/qgat_extend100/seed2026/relation_D/validation_epoch_100.json
final,2026,V_select,398,15,100,100,7,7,1.0983333587646484,0.9380549192428589,-0.16027843952178955,1.6497489213943481,1.3345518112182617,-0.3151971101760864,1.9232078194618225,1.6053308248519897,-0.31787699460983276,project/results/qgat_extend100/seed2026/gnn/validation_epoch_100.json,project/results/qgat_extend100/seed2026/relation_D/validation_epoch_100.json
final,2026,V_select,398,20,100,100,7,7,1.0983144044876099,0.9380509257316589,-0.16026347875595093,1.6497095823287964,1.3345388174057007,-0.3151707649230957,1.923169195652008,1.6053203344345093,-0.3178488612174988,project/results/qgat_extend100/seed2026/gnn/validation_epoch_100.json,project/results/qgat_extend100/seed2026/relation_D/validation_epoch_100.json
final,2026,V_select,399,5,100,100,7,6,0.7619681358337402,0.5876225829124451,-0.17434555292129517,1.3928788900375366,0.7906336784362793,-0.6022452116012573,1.4584075808525085,0.9829394221305847,-0.47546815872192383,project/results/qgat_extend100/seed2026/gnn/validation_epoch_100.json,project/results/qgat_extend100/seed2026/relation_D/validation_epoch_100.json
final,2026,V_select,399,10,100,100,7,6,0.7621172666549683,0.5877137780189514,-0.17440348863601685,1.3931547403335571,0.7895023822784424,-0.6036523580551147,1.4586946368217468,0.9824649691581726,-0.4762296676635742,project/results/qgat_extend100/seed2026/gnn/validation_epoch_100.json,project/results/qgat_extend100/seed2026/relation_D/validation_epoch_100.json
final,2026,V_select,399,15,100,100,7,6,0.7619962692260742,0.5878852605819702,-0.174111008644104,1.3929327726364136,0.7918103337287903,-0.6011224389076233,1.458462655544281,0.9837904274463654,-0.47467222809791565,project/results/qgat_extend100/seed2026/gnn/validation_epoch_100.json,project/results/qgat_extend100/seed2026/relation_D/validation_epoch_100.json
final,2026,V_select,399,20,100,100,7,6,0.7623363137245178,0.5880289673805237,-0.17430734634399414,1.3929365873336792,0.7918353080749512,-0.601101279258728,1.4588046073913574,0.9839466214179993,-0.47485798597335815,project/results/qgat_extend100/seed2026/gnn/validation_epoch_100.json,project/results/qgat_extend100/seed2026/relation_D/validation_epoch_100.json
