selection,seed,validation_split,origin,snr_db,gnn_epoch,relation_D_epoch,ade_targets,fde_targets,gnn_ADE,relation_D_ADE,delta_ADE_relation_minus_gnn,gnn_FDE,relation_D_FDE,delta_FDE_relation_minus_gnn,gnn_scene_J,relation_D_scene_J,delta_scene_J_relation_minus_gnn,gnn_source,relation_D_source
best_J,2026,V_select,0,5,97,85,8,8,0.07737917453050613,0.07754343748092651,0.00016426295042037964,0.4270150065422058,0.4274372458457947,0.0004222393035888672,0.29088667780160904,0.29126206040382385,0.00037538260221481323,project/results/qgat_extend100/seed2026/gnn/validation_epoch_97.json,project/results/qgat_extend100/seed2026/relation_D/validation_epoch_85.json
best_J,2026,V_select,0,10,97,85,8,8,0.07738147675991058,0.07754460722208023,0.00016313046216964722,0.4270188808441162,0.42744046449661255,0.0004215836524963379,0.2908909171819687,0.2912648394703865,0.00037392228841781616,project/results/qgat_extend100/seed2026/gnn/validation_epoch_97.json,project/results/qgat_extend100/seed2026/relation_D/validation_epoch_85.json
best_J,2026,V_select,0,15,97,85,8,8,0.07738404721021652,0.07754399627447128,0.00015994906425476074,0.42701902985572815,0.42744332551956177,0.00042429566383361816,0.2908935621380806,0.29126565903425217,0.0003720968961715698,project/results/qgat_extend100/seed2026/gnn/validation_epoch_97.json,project/results/qgat_extend100/seed2026/relation_D/validation_epoch_85.json
best_J,2026,V_select,0,20,97,85,8,8,0.07738402485847473,0.07754378020763397,0.00015975534915924072,0.42701923847198486,0.42744332551956177,0.0004240870475769043,0.29089364409446716,0.29126544296741486,0.00037179887294769287,project/results/qgat_extend100/seed2026/gnn/validation_epoch_97.json,project/results/qgat_extend100/seed2026/relation_D/validation_epoch_85.json
best_J,2026,V_select,1,5,97,85,8,8,0.7082012891769409,0.7055344581604004,-0.0026668310165405273,2.6623830795288086,2.6563682556152344,-0.006014823913574219,2.039392828941345,2.0337185859680176,-0.005674242973327637,project/results/qgat_extend100/seed2026/gnn/validation_epoch_97.json,project/results/qgat_extend100/seed2026/relation_D/validation_epoch_85.json
best_J,2026,V_select,1,10,97,85,8,8,0.7096520662307739,0.7065057158470154,-0.003146350383758545,2.66473650932312,2.658546209335327,-0.006190299987792969,2.042020320892334,2.035778820514679,-0.006241500377655029,project/results/qgat_extend100/seed2026/gnn/validation_epoch_97.json,project/results/qgat_extend100/seed2026/relation_D/validation_epoch_85.json
best_J,2026,V_select,1,15,97,85,8,8,0.7119755744934082,0.7086760997772217,-0.0032994747161865234,2.6678643226623535,2.6613523960113525,-0.0065119266510009766,2.045907735824585,2.039352297782898,-0.006555438041687012,project/results/qgat_extend100/seed2026/gnn/validation_epoch_97.json,project/results/qgat_extend100/seed2026/relation_D/validation_epoch_85.json
best_J,2026,V_select,1,20,97,85,8,8,0.7119768261909485,0.7086800932884216,-0.0032967329025268555,2.6678590774536133,2.6613595485687256,-0.006499528884887695,2.045906364917755,2.0393598675727844,-0.006546497344970703,project/results/qgat_extend100/seed2026/gnn/validation_epoch_97.json,project/results/qgat_extend100/seed2026/relation_D/validation_epoch_85.json
best_J,2026,V_select,2,5,97,85,8,8,1.5495576858520508,1.6910176277160645,0.14145994186401367,2.966282367706299,4.275267124176025,1.3089847564697266,3.0326988697052,3.828651189804077,0.795952320098877,project/results/qgat_extend100/seed2026/gnn/validation_epoch_97.json,project/results/qgat_extend100/seed2026/relation_D/validation_epoch_85.json
best_J,2026,V_select,2,10,97,85,8,8,1.5540578365325928,1.6895493268966675,0.1354914903640747,2.9753174781799316,4.268982887268066,1.2936654090881348,3.0417165756225586,3.8240407705307007,0.7823241949081421,project/results/qgat_extend100/seed2026/gnn/validation_epoch_97.json,project/results/qgat_extend100/seed2026/relation_D/validation_epoch_85.json
best_J,2026,V_select,2,15,97,85,8,8,1.5501415729522705,1.6896636486053467,0.13952207565307617,2.9623119831085205,4.2693023681640625,1.306990385055542,3.0312975645065308,3.824314832687378,0.7930172681808472,project/results/qgat_extend100/seed2026/gnn/validation_epoch_97.json,project/results/qgat_extend100/seed2026/relation_D/validation_epoch_85.json
best_J,2026,V_select,2,20,97,85,8,8,1.5486054420471191,1.6900218725204468,0.14141643047332764,2.9580435752868652,4.270310401916504,1.3122668266296387,3.0276272296905518,3.8251770734786987,0.797549843788147,project/results/qgat_extend100/seed2026/gnn/validation_epoch_97.json,project/results/qgat_extend100/seed2026/relation_D/validation_epoch_85.json
best_J,2026,V_select,3,5,97,85,8,8,1.528444766998291,1.3026964664459229,-0.22574830055236816,3.258338212966919,2.78654408454895,-0.47179412841796875,3.1576138734817505,2.695968508720398,-0.46164536476135254,project/results/qgat_extend100/seed2026/gnn/validation_epoch_97.json,project/results/qgat_extend100/seed2026/relation_D/validation_epoch_85.json
best_J,2026,V_select,3,10,97,85,8,8,1.5278328657150269,1.311001181602478,-0.21683168411254883,3.2569522857666016,2.8117401599884033,-0.44521212577819824,3.1563090085983276,2.7168712615966797,-0.43943774700164795,project/results/qgat_extend100/seed2026/gnn/validation_epoch_97.json,project/results/qgat_extend100/seed2026/relation_D/validation_epoch_85.json
best_J,2026,V_select,3,15,97,85,8,8,1.5273534059524536,1.3145973682403564,-0.21275603771209717,3.2556684017181396,2.8203532695770264,-0.4353151321411133,3.1551876068115234,2.7247740030288696,-0.4304136037826538,project/results/qgat_extend100/seed2026/gnn/validation_epoch_97.json,project/results/qgat_extend100/seed2026/relation_D/validation_epoch_85.json
best_J,2026,V_select,3,20,97,85,8,8,1.5265271663665771,1.3130459785461426,-0.21348118782043457,3.2542521953582764,2.818246841430664,-0.4360053539276123,3.1536532640457153,2.7221693992614746,-0.4314838647842407,project/results/qgat_extend100/seed2026/gnn/validation_epoch_97.json,project/results/qgat_extend100/seed2026/relation_D/validation_epoch_85.json
best_J,2026,V_select,4,5,97,85,8,8,1.2709827423095703,1.201686143875122,-0.06929659843444824,2.261467218399048,2.351778507232666,0.09031128883361816,2.4017163515090942,2.377575397491455,-0.02414095401763916,project/results/qgat_extend100/seed2026/gnn/validation_epoch_97.json,project/results/qgat_extend100/seed2026/relation_D/validation_epoch_85.json
best_J,2026,V_select,4,10,97,85,8,8,1.2713818550109863,1.2025070190429688,-0.06887483596801758,2.2621097564697266,2.3535335063934326,0.09142374992370605,2.4024367332458496,2.379273772239685,-0.02316296100616455,project/results/qgat_extend100/seed2026/gnn/validation_epoch_97.json,project/results/qgat_extend100/seed2026/relation_D/validation_epoch_85.json
best_J,2026,V_select,4,15,97,85,8,8,1.2723653316497803,1.20210862159729,-0.07025671005249023,2.264124870300293,2.3529739379882812,0.08884906768798828,2.4044277667999268,2.3785955905914307,-0.025832176208496094,project/results/qgat_extend100/seed2026/gnn/validation_epoch_97.json,project/results/qgat_extend100/seed2026/relation_D/validation_epoch_85.json
best_J,2026,V_select,4,20,97,85,8,8,1.2724814414978027,1.2013112306594849,-0.07117021083831787,2.264272689819336,2.3508875370025635,0.08661484718322754,2.4046177864074707,2.3767549991607666,-0.0278627872467041,project/results/qgat_extend100/seed2026/gnn/validation_epoch_97.json,project/results/qgat_extend100/seed2026/relation_D/validation_epoch_85.json
best_J,2026,V_select,5,5,97,85,8,8,1.1460754871368408,0.8301343321800232,-0.3159411549568176,2.230315685272217,1.5307295322418213,-0.6995861530303955,2.261233329772949,1.5954990983009338,-0.6657342314720154,project/results/qgat_extend100/seed2026/gnn/validation_epoch_97.json,project/results/qgat_extend100/seed2026/relation_D/validation_epoch_85.json
best_J,2026,V_select,5,10,97,85,8,8,1.1444295644760132,0.8305869698524475,-0.3138425946235657,2.227534055709839,1.5321485996246338,-0.6953854560852051,2.2581965923309326,1.5966612696647644,-0.6615353226661682,project/results/qgat_extend100/seed2026/gnn/validation_epoch_97.json,project/results/qgat_extend100/seed2026/relation_D/validation_epoch_85.json
best_J,2026,V_select,5,15,97,85,8,8,1.1441279649734497,0.8302919864654541,-0.3138359785079956,2.2275123596191406,1.5318613052368164,-0.6956510543823242,2.25788414478302,1.5962226390838623,-0.6616615056991577,project/results/qgat_extend100/seed2026/gnn/validation_epoch_97.json,project/results/qgat_extend100/seed2026/relation_D/validation_epoch_85.json
best_J,2026,V_select,5,20,97,85,8,8,1.1441646814346313,0.8302872180938721,-0.3138774633407593,2.2275991439819336,1.5318412780761719,-0.6957578659057617,2.257964253425598,1.596207857131958,-0.6617563962936401,project/results/qgat_extend100/seed2026/gnn/validation_epoch_97.json,project/results/qgat_extend100/seed2026/relation_D/validation_epoch_85.json
best_J,2026,V_select,6,5,97,85,8,8,0.9873961210250854,0.8084708452224731,-0.1789252758026123,2.0835089683532715,1.5331192016601562,-0.5503897666931152,2.029150605201721,1.5750304460525513,-0.4541201591491699,project/results/qgat_extend100/seed2026/gnn/validation_epoch_97.json,project/results/qgat_extend100/seed2026/relation_D/validation_epoch_85.json
best_J,2026,V_select,6,10,97,85,8,8,0.9864841103553772,0.8076221346855164,-0.17886197566986084,2.0811822414398193,1.5322637557983398,-0.5489184856414795,2.027075231075287,1.5737540125846863,-0.4533212184906006,project/results/qgat_extend100/seed2026/gnn/validation_epoch_97.json,project/results/qgat_extend100/seed2026/relation_D/validation_epoch_85.json
best_J,2026,V_select,6,15,97,85,8,8,0.9897691011428833,0.8114849328994751,-0.1782841682434082,2.088013172149658,1.5385305881500244,-0.5494825839996338,2.0337756872177124,1.5807502269744873,-0.4530254602432251,project/results/qgat_extend100/seed2026/gnn/validation_epoch_97.json,project/results/qgat_extend100/seed2026/relation_D/validation_epoch_85.json
best_J,2026,V_select,6,20,97,85,8,8,0.9912520051002502,0.8143893480300903,-0.1768626570701599,2.094130277633667,1.5443809032440186,-0.5497493743896484,2.0383171439170837,1.5865797996520996,-0.45173734426498413,project/results/qgat_extend100/seed2026/gnn/validation_epoch_97.json,project/results/qgat_extend100/seed2026/relation_D/validation_epoch_85.json
best_J,2026,V_select,7,5,97,85,8,8,1.0425876379013062,1.0457878112792969,0.0032001733779907227,2.173755407333374,2.060481071472168,-0.11327433586120605,2.129465341567993,2.076028347015381,-0.053436994552612305,project/results/qgat_extend100/seed2026/gnn/validation_epoch_97.json,project/results/qgat_extend100/seed2026/relation_D/validation_epoch_85.json
best_J,2026,V_select,7,10,97,85,8,8,1.042688250541687,1.0424509048461914,-0.00023734569549560547,2.1749536991119385,2.051179885864258,-0.12377381324768066,2.1301651000976562,2.0680408477783203,-0.06212425231933594,project/results/qgat_extend100/seed2026/gnn/validation_epoch_97.json,project/results/qgat_extend100/seed2026/relation_D/validation_epoch_85.json
best_J,2026,V_select,7,15,97,85,8,8,1.042047381401062,1.0425074100494385,0.00046002864837646484,2.1709516048431396,2.0506174564361572,-0.12033414840698242,2.127523183822632,2.067816138267517,-0.059707045555114746,project/results/qgat_extend100/seed2026/gnn/validation_epoch_97.json,project/results/qgat_extend100/seed2026/relation_D/validation_epoch_85.json
best_J,2026,V_select,7,20,97,85,8,8,1.041904330253601,1.0425539016723633,0.000649571418762207,2.1707217693328857,2.0505924224853516,-0.12012934684753418,2.127265214920044,2.067850112915039,-0.05941510200500488,project/results/qgat_extend100/seed2026/gnn/validation_epoch_97.json,project/results/qgat_extend100/seed2026/relation_D/validation_epoch_85.json
best_J,2026,V_select,8,5,97,85,8,8,1.1106486320495605,1.4041974544525146,0.2935488224029541,2.0248916149139404,2.2719898223876953,0.24709820747375488,2.1230944395065308,2.5401923656463623,0.41709792613983154,project/results/qgat_extend100/seed2026/gnn/validation_epoch_97.json,project/results/qgat_extend100/seed2026/relation_D/validation_epoch_85.json
best_J,2026,V_select,8,10,97,85,8,8,1.1075581312179565,1.3932826519012451,0.2857245206832886,2.022047281265259,2.255807399749756,0.23376011848449707,2.118581771850586,2.521186351776123,0.4026045799255371,project/results/qgat_extend100/seed2026/gnn/validation_epoch_97.json,project/results/qgat_extend100/seed2026/relation_D/validation_epoch_85.json
best_J,2026,V_select,8,15,97,85,8,8,1.1075026988983154,1.3933457136154175,0.28584301471710205,2.0208382606506348,2.255859375,0.23502111434936523,2.117921829223633,2.5212754011154175,0.40335357189178467,project/results/qgat_extend100/seed2026/gnn/validation_epoch_97.json,project/results/qgat_extend100/seed2026/relation_D/validation_epoch_85.json
best_J,2026,V_select,8,20,97,85,8,8,1.1075527667999268,1.39332115650177,0.28576838970184326,2.021070957183838,2.255776882171631,0.23470592498779297,2.1180882453918457,2.5212095975875854,0.40312135219573975,project/results/qgat_extend100/seed2026/gnn/validation_epoch_97.json,project/results/qgat_extend100/seed2026/relation_D/validation_epoch_85.json
best_J,2026,V_select,9,5,97,85,8,8,0.821289598941803,0.967555046081543,0.14626544713974,1.575653076171875,1.7011041641235352,0.12545108795166016,1.6091161370277405,1.8181071281433105,0.20899099111557007,project/results/qgat_extend100/seed2026/gnn/validation_epoch_97.json,project/results/qgat_extend100/seed2026/relation_D/validation_epoch_85.json
best_J,2026,V_select,9,10,97,85,8,8,0.8203754425048828,0.9682000875473022,0.14782464504241943,1.5743446350097656,1.7027125358581543,0.12836790084838867,1.6075477600097656,1.8195563554763794,0.21200859546661377,project/results/qgat_extend100/seed2026/gnn/validation_epoch_97.json,project/results/qgat_extend100/seed2026/relation_D/validation_epoch_85.json
best_J,2026,V_select,9,15,97,85,8,8,0.8215095400810242,0.969013512134552,0.14750397205352783,1.5760815143585205,1.7034800052642822,0.12739849090576172,1.6095502972602844,1.8207535147666931,0.2112032175064087,project/results/qgat_extend100/seed2026/gnn/validation_epoch_97.json,project/results/qgat_extend100/seed2026/relation_D/validation_epoch_85.json
best_J,2026,V_select,9,20,97,85,8,8,0.8197898864746094,0.9671879410743713,0.14739805459976196,1.5743074417114258,1.7005574703216553,0.1262500286102295,1.6069436073303223,1.817466676235199,0.2105230689048767,project/results/qgat_extend100/seed2026/gnn/validation_epoch_97.json,project/results/qgat_extend100/seed2026/relation_D/validation_epoch_85.json
best_J,2026,V_select,10,5,97,85,8,8,0.957474410533905,1.0219510793685913,0.06447666883468628,1.873108148574829,1.7810072898864746,-0.09210085868835449,1.8940284848213196,1.9124547243118286,0.018426239490509033,project/results/qgat_extend100/seed2026/gnn/validation_epoch_97.json,project/results/qgat_extend100/seed2026/relation_D/validation_epoch_85.json
best_J,2026,V_select,10,10,97,85,8,8,0.9575324654579163,1.022550106048584,0.06501764059066772,1.873390555381775,1.7813197374343872,-0.0920708179473877,1.8942277431488037,1.9132099747657776,0.018982231616973877,project/results/qgat_extend100/seed2026/gnn/validation_epoch_97.json,project/results/qgat_extend100/seed2026/relation_D/validation_epoch_85.json
best_J,2026,V_select,10,15,97,85,8,8,0.9574551582336426,1.0226370096206665,0.06518185138702393,1.8732930421829224,1.781632661819458,-0.09166038036346436,1.8941016793251038,1.9134533405303955,0.019351661205291748,project/results/qgat_extend100/seed2026/gnn/validation_epoch_97.json,project/results/qgat_extend100/seed2026/relation_D/validation_epoch_85.json
best_J,2026,V_select,10,20,97,85,8,8,0.9575424194335938,1.0222840309143066,0.06474161148071289,1.873833179473877,1.7808732986450195,-0.09295988082885742,1.8944590091705322,1.9127206802368164,0.01826167106628418,project/results/qgat_extend100/seed2026/gnn/validation_epoch_97.json,project/results/qgat_extend100/seed2026/relation_D/validation_epoch_85.json
best_J,2026,V_select,11,5,97,85,8,8,0.9534310102462769,1.3727556467056274,0.4193246364593506,2.0130014419555664,2.6248979568481445,0.6118965148925781,1.95993173122406,2.6852046251296997,0.7252728939056396,project/results/qgat_extend100/seed2026/gnn/validation_epoch_97.json,project/results/qgat_extend100/seed2026/relation_D/validation_epoch_85.json
best_J,2026,V_select,11,10,97,85,8,8,0.9557933807373047,1.3701977729797363,0.41440439224243164,2.010530948638916,2.618023633956909,0.6074926853179932,1.9610588550567627,2.679209589958191,0.7181507349014282,project/results/qgat_extend100/seed2026/gnn/validation_epoch_97.json,project/results/qgat_extend100/seed2026/relation_D/validation_epoch_85.json
best_J,2026,V_select,11,15,97,85,8,8,0.9556586742401123,1.370218276977539,0.41455960273742676,2.0105228424072266,2.6178462505340576,0.607323408126831,1.9609200954437256,2.679141402244568,0.7182213068008423,project/results/qgat_extend100/seed2026/gnn/validation_epoch_97.json,project/results/qgat_extend100/seed2026/relation_D/validation_epoch_85.json
best_J,2026,V_select,11,20,97,85,8,8,0.9562698006629944,1.3697916269302368,0.41352182626724243,2.011654853820801,2.616729497909546,0.6050746440887451,1.9620972275733948,2.6781563758850098,0.716059148311615,project/results/qgat_extend100/seed2026/gnn/validation_epoch_97.json,project/results/qgat_extend100/seed2026/relation_D/validation_epoch_85.json
best_J,2026,V_select,12,5,97,85,8,8,1.0583992004394531,1.2371397018432617,0.1787405014038086,2.009108543395996,2.5119988918304443,0.5028903484344482,2.062953472137451,2.493139147758484,0.4301856756210327,project/results/qgat_extend100/seed2026/gnn/validation_epoch_97.json,project/results/qgat_extend100/seed2026/relation_D/validation_epoch_85.json
best_J,2026,V_select,12,10,97,85,8,8,1.0557228326797485,1.2357972860336304,0.18007445335388184,2.005582809448242,2.509793758392334,0.5042109489440918,2.0585142374038696,2.4906941652297974,0.43217992782592773,project/results/qgat_extend100/seed2026/gnn/validation_epoch_97.json,project/results/qgat_extend100/seed2026/relation_D/validation_epoch_85.json
best_J,2026,V_select,12,15,97,85,8,8,1.0559594631195068,1.2356791496276855,0.1797196865081787,2.0062994956970215,2.509058952331543,0.5027594566345215,2.0591092109680176,2.490208625793457,0.43109941482543945,project/results/qgat_extend100/seed2026/gnn/validation_epoch_97.json,project/results/qgat_extend100/seed2026/relation_D/validation_epoch_85.json
best_J,2026,V_select,12,20,97,85,8,8,1.056134581565857,1.235499382019043,0.17936480045318604,2.0061817169189453,2.5088963508605957,0.5027146339416504,2.0592254400253296,2.489947557449341,0.43072211742401123,project/results/qgat_extend100/seed2026/gnn/validation_epoch_97.json,project/results/qgat_extend100/seed2026/relation_D/validation_epoch_85.json
best_J,2026,V_select,13,5,97,85,8,8,0.5415339469909668,0.7924785614013672,0.2509446144104004,0.8406939506530762,1.176237940788269,0.33554399013519287,0.9618809223175049,1.3805975317955017,0.4187166094779968,project/results/qgat_extend100/seed2026/gnn/validation_epoch_97.json,project/results/qgat_extend100/seed2026/relation_D/validation_epoch_85.json
best_J,2026,V_select,13,10,97,85,8,8,0.5414358973503113,0.7924066185951233,0.250970721244812,0.8403237462043762,1.1766217947006226,0.33629804849624634,0.9615977704524994,1.3807175159454346,0.4191197454929352,project/results/qgat_extend100/seed2026/gnn/validation_epoch_97.json,project/results/qgat_extend100/seed2026/relation_D/validation_epoch_85.json
best_J,2026,V_select,13,15,97,85,8,8,0.5421175956726074,0.7954449653625488,0.2533273696899414,0.8427953720092773,1.1799311637878418,0.33713579177856445,0.9635152816772461,1.3854105472564697,0.42189526557922363,project/results/qgat_extend100/seed2026/gnn/validation_epoch_97.json,project/results/qgat_extend100/seed2026/relation_D/validation_epoch_85.json
best_J,2026,V_select,13,20,97,85,8,8,0.542116641998291,0.7954201102256775,0.2533034682273865,0.8428910374641418,1.1800380945205688,0.337147057056427,0.9635621607303619,1.385439157485962,0.4218769967556,project/results/qgat_extend100/seed2026/gnn/validation_epoch_97.json,project/results/qgat_extend100/seed2026/relation_D/validation_epoch_85.json
best_J,2026,V_select,14,5,97,85,8,8,0.811803936958313,0.9843886494636536,0.17258471250534058,1.5466983318328857,1.7188472747802734,0.1721489429473877,1.5851531028747559,1.8438122868537903,0.2586591839790344,project/results/qgat_extend100/seed2026/gnn/validation_epoch_97.json,project/results/qgat_extend100/seed2026/relation_D/validation_epoch_85.json
best_J,2026,V_select,14,10,97,85,8,8,0.8106300830841064,0.986801266670227,0.1761711835861206,1.544037103652954,1.7205617427825928,0.17652463912963867,1.5826486349105835,1.8470821380615234,0.26443350315093994,project/results/qgat_extend100/seed2026/gnn/validation_epoch_97.json,project/results/qgat_extend100/seed2026/relation_D/validation_epoch_85.json
best_J,2026,V_select,14,15,97,85,8,8,0.8081487417221069,0.9838548302650452,0.17570608854293823,1.538841962814331,1.7134116888046265,0.1745697259902954,1.5775697231292725,1.8405606746673584,0.26299095153808594,project/results/qgat_extend100/seed2026/gnn/validation_epoch_97.json,project/results/qgat_extend100/seed2026/relation_D/validation_epoch_85.json
best_J,2026,V_select,14,20,97,85,8,8,0.8080413341522217,0.984526515007019,0.17648518085479736,1.5387738943099976,1.7154499292373657,0.17667603492736816,1.5774282813072205,1.842251479625702,0.26482319831848145,project/results/qgat_extend100/seed2026/gnn/validation_epoch_97.json,project/results/qgat_extend100/seed2026/relation_D/validation_epoch_85.json
best_J,2026,V_select,15,5,97,85,8,8,0.7801511883735657,1.0126383304595947,0.23248714208602905,1.2247905731201172,1.9837207794189453,0.7589302062988281,1.3925464749336243,2.0044987201690674,0.6119522452354431,project/results/qgat_extend100/seed2026/gnn/validation_epoch_97.json,project/results/qgat_extend100/seed2026/relation_D/validation_epoch_85.json
best_J,2026,V_select,15,10,97,85,8,8,0.7809264659881592,1.0119774341583252,0.23105096817016602,1.2250468730926514,1.9816933870315552,0.7566465139389038,1.3934499025344849,2.002824127674103,0.6093742251396179,project/results/qgat_extend100/seed2026/gnn/validation_epoch_97.json,project/results/qgat_extend100/seed2026/relation_D/validation_epoch_85.json
best_J,2026,V_select,15,15,97,85,8,8,0.7802051305770874,1.0128785371780396,0.23267340660095215,1.223525047302246,1.9829871654510498,0.7594621181488037,1.3919676542282104,2.0043721199035645,0.612404465675354,project/results/qgat_extend100/seed2026/gnn/validation_epoch_97.json,project/results/qgat_extend100/seed2026/relation_D/validation_epoch_85.json
best_J,2026,V_select,15,20,97,85,8,8,0.7802916765213013,1.0129320621490479,0.23264038562774658,1.2238409519195557,1.983402132987976,0.7595611810684204,1.392212152481079,2.004633128643036,0.6124209761619568,project/results/qgat_extend100/seed2026/gnn/validation_epoch_97.json,project/results/qgat_extend100/seed2026/relation_D/validation_epoch_85.json
best_J,2026,V_select,16,5,97,85,8,8,0.01153438538312912,0.0122434813529253,0.0007090959697961807,0.013693001121282578,0.014779821038246155,0.0010868199169635773,0.01838088594377041,0.019633391872048378,0.0012525059282779694,project/results/qgat_extend100/seed2026/gnn/validation_epoch_97.json,project/results/qgat_extend100/seed2026/relation_D/validation_epoch_85.json
best_J,2026,V_select,16,10,97,85,8,8,0.012240803800523281,0.012807645834982395,0.0005668420344591141,0.014967070892453194,0.015015005134046078,4.7934241592884064e-05,0.019724339246749878,0.020315148402005434,0.0005908091552555561,project/results/qgat_extend100/seed2026/gnn/validation_epoch_97.json,project/results/qgat_extend100/seed2026/relation_D/validation_epoch_85.json
best_J,2026,V_select,16,15,97,85,8,8,0.01265180017799139,0.013285823166370392,0.0006340229883790016,0.014543634839355946,0.01618647761642933,0.0016428427770733833,0.019923617597669363,0.021379061974585056,0.0014554443769156933,project/results/qgat_extend100/seed2026/gnn/validation_epoch_97.json,project/results/qgat_extend100/seed2026/relation_D/validation_epoch_85.json
best_J,2026,V_select,16,20,97,85,8,8,0.012651987373828888,0.01328574400395155,0.0006337566301226616,0.014544708654284477,0.016186431050300598,0.001641722396016121,0.019924341700971127,0.02137895952910185,0.001454617828130722,project/results/qgat_extend100/seed2026/gnn/validation_epoch_97.json,project/results/qgat_extend100/seed2026/relation_D/validation_epoch_85.json
best_J,2026,V_select,17,5,97,85,8,8,0.01358584314584732,0.014268140308558941,0.0006822971627116203,0.01569742150604725,0.018214406445622444,0.0025169849395751953,0.021434553898870945,0.023375343531370163,0.001940789632499218,project/results/qgat_extend100/seed2026/gnn/validation_epoch_97.json,project/results/qgat_extend100/seed2026/relation_D/validation_epoch_85.json
best_J,2026,V_select,17,10,97,85,8,8,0.013585671782493591,0.014267555437982082,0.0006818836554884911,0.015697728842496872,0.018213113769888878,0.002515384927392006,0.021434536203742027,0.02337411232292652,0.001939576119184494,project/results/qgat_extend100/seed2026/gnn/validation_epoch_97.json,project/results/qgat_extend100/seed2026/relation_D/validation_epoch_85.json
best_J,2026,V_select,17,15,97,85,8,8,0.013585099019110203,0.01426740176975727,0.000682302750647068,0.015698960050940514,0.01821161061525345,0.002512650564312935,0.02143457904458046,0.023373207077383995,0.0019386280328035355,project/results/qgat_extend100/seed2026/gnn/validation_epoch_97.json,project/results/qgat_extend100/seed2026/relation_D/validation_epoch_85.json
best_J,2026,V_select,17,20,97,85,8,8,0.013583840802311897,0.014266609214246273,0.0006827684119343758,0.015693634748458862,0.018213437870144844,0.0025198031216859818,0.02143065817654133,0.023373328149318695,0.0019426699727773666,project/results/qgat_extend100/seed2026/gnn/validation_epoch_97.json,project/results/qgat_extend100/seed2026/relation_D/validation_epoch_85.json
best_J,2026,V_select,18,5,97,85,8,8,0.01181094441562891,0.012546787038445473,0.0007358426228165627,0.014255908317863941,0.014530553482472897,0.0002746451646089554,0.01893889857456088,0.01981206377968192,0.0008731652051210403,project/results/qgat_extend100/seed2026/gnn/validation_epoch_97.json,project/results/qgat_extend100/seed2026/relation_D/validation_epoch_85.json
best_J,2026,V_select,18,10,97,85,8,8,0.011886894702911377,0.012479597702622414,0.0005927029997110367,0.014273978769779205,0.015098873525857925,0.0008248947560787201,0.01902388408780098,0.020029034465551376,0.0010051503777503967,project/results/qgat_extend100/seed2026/gnn/validation_epoch_97.json,project/results/qgat_extend100/seed2026/relation_D/validation_epoch_85.json
best_J,2026,V_select,18,15,97,85,8,8,0.011886334046721458,0.012478849850594997,0.000592515803873539,0.014273973181843758,0.01509934850037098,0.0008253753185272217,0.019023320637643337,0.020028524100780487,0.0010052034631371498,project/results/qgat_extend100/seed2026/gnn/validation_epoch_97.json,project/results/qgat_extend100/seed2026/relation_D/validation_epoch_85.json
best_J,2026,V_select,18,20,97,85,8,8,0.011886713095009327,0.012478923425078392,0.0005922103300690651,0.014272820204496384,0.015100371092557907,0.0008275508880615234,0.01902312319725752,0.020029108971357346,0.0010059857740998268,project/results/qgat_extend100/seed2026/gnn/validation_epoch_97.json,project/results/qgat_extend100/seed2026/relation_D/validation_epoch_85.json
best_J,2026,V_select,19,5,97,85,8,8,0.011671389453113079,0.012649218551814556,0.000977829098701477,0.013580619357526302,0.01693212240934372,0.003351503051817417,0.01846169913187623,0.021115279756486416,0.0026535806246101856,project/results/qgat_extend100/seed2026/gnn/validation_epoch_97.json,project/results/qgat_extend100/seed2026/relation_D/validation_epoch_85.json
best_J,2026,V_select,19,10,97,85,8,8,0.011673146858811378,0.012626717798411846,0.0009535709396004677,0.01357832457870245,0.016895003616809845,0.003316679038107395,0.018462309148162603,0.02107421960681677,0.0026119104586541653,project/results/qgat_extend100/seed2026/gnn/validation_epoch_97.json,project/results/qgat_extend100/seed2026/relation_D/validation_epoch_85.json
best_J,2026,V_select,19,15,97,85,8,8,0.01167017687112093,0.012622423470020294,0.0009522465988993645,0.013568757101893425,0.0168924480676651,0.003323690965771675,0.018454555422067642,0.021068647503852844,0.002614092081785202,project/results/qgat_extend100/seed2026/gnn/validation_epoch_97.json,project/results/qgat_extend100/seed2026/relation_D/validation_epoch_85.json
best_J,2026,V_select,19,20,97,85,8,8,0.011670025065541267,0.012622258625924587,0.0009522335603833199,0.01356901042163372,0.016892462968826294,0.0033234525471925735,0.018454530276358128,0.021068490110337734,0.0026139598339796066,project/results/qgat_extend100/seed2026/gnn/validation_epoch_97.json,project/results/qgat_extend100/seed2026/relation_D/validation_epoch_85.json
best_J,2026,V_select,20,5,97,85,8,8,0.01008028443902731,0.009874792769551277,-0.00020549166947603226,0.013369634747505188,0.012111809104681015,-0.001257825642824173,0.016765101812779903,0.015930697321891785,-0.0008344044908881187,project/results/qgat_extend100/seed2026/gnn/validation_epoch_97.json,project/results/qgat_extend100/seed2026/relation_D/validation_epoch_85.json
best_J,2026,V_select,20,10,97,85,8,8,0.011658135801553726,0.012108027935028076,0.00044989213347435,0.014423390850424767,0.01507230568677187,0.0006489148363471031,0.01886983122676611,0.01964418077841401,0.0007743495516479015,project/results/qgat_extend100/seed2026/gnn/validation_epoch_97.json,project/results/qgat_extend100/seed2026/relation_D/validation_epoch_85.json
best_J,2026,V_select,20,15,97,85,8,8,0.011658873409032822,0.012089592404663563,0.0004307189956307411,0.014418033882975578,0.01504277903586626,0.0006247451528906822,0.01886789035052061,0.019610981922596693,0.0007430915720760822,project/results/qgat_extend100/seed2026/gnn/validation_epoch_97.json,project/results/qgat_extend100/seed2026/relation_D/validation_epoch_85.json
best_J,2026,V_select,20,20,97,85,8,8,0.011658726260066032,0.012089388445019722,0.0004306621849536896,0.014417358674108982,0.01504212524741888,0.0006247665733098984,0.018867405597120523,0.019610451068729162,0.0007430454716086388,project/results/qgat_extend100/seed2026/gnn/validation_epoch_97.json,project/results/qgat_extend100/seed2026/relation_D/validation_epoch_85.json
best_J,2026,V_select,21,5,97,85,8,8,0.022430628538131714,0.023624302819371223,0.0011936742812395096,0.07401321083307266,0.07731729745864868,0.0033040866255760193,0.059437233954668045,0.062282951548695564,0.0028457175940275192,project/results/qgat_extend100/seed2026/gnn/validation_epoch_97.json,project/results/qgat_extend100/seed2026/relation_D/validation_epoch_85.json
best_J,2026,V_select,21,10,97,85,8,8,0.022432342171669006,0.023552387952804565,0.001120045781135559,0.07400427758693695,0.07717735320329666,0.0031730756163597107,0.05943448096513748,0.062141064554452896,0.0027065835893154144,project/results/qgat_extend100/seed2026/gnn/validation_epoch_97.json,project/results/qgat_extend100/seed2026/relation_D/validation_epoch_85.json
best_J,2026,V_select,21,15,97,85,8,8,0.02242962270975113,0.023547789081931114,0.001118166372179985,0.073994480073452,0.07716302573680878,0.003168545663356781,0.05942686274647713,0.0621293019503355,0.0027024392038583755,project/results/qgat_extend100/seed2026/gnn/validation_epoch_97.json,project/results/qgat_extend100/seed2026/relation_D/validation_epoch_85.json
best_J,2026,V_select,21,20,97,85,8,8,0.021754760295152664,0.022933589294552803,0.0011788289994001389,0.07316920161247253,0.07599997520446777,0.0028307735919952393,0.05833936110138893,0.06093357689678669,0.0025942157953977585,project/results/qgat_extend100/seed2026/gnn/validation_epoch_97.json,project/results/qgat_extend100/seed2026/relation_D/validation_epoch_85.json
best_J,2026,V_select,22,5,97,85,8,8,0.0809798315167427,0.08191172033548355,0.0009318888187408447,0.17223505675792694,0.17876362800598145,0.006528571248054504,0.16709735989570618,0.17129353433847427,0.004196174442768097,project/results/qgat_extend100/seed2026/gnn/validation_epoch_97.json,project/results/qgat_extend100/seed2026/relation_D/validation_epoch_85.json
best_J,2026,V_select,22,10,97,85,8,8,0.08097927272319794,0.08191230148077011,0.0009330287575721741,0.17223279178142548,0.1787654310464859,0.006532639265060425,0.16709566861391068,0.17129501700401306,0.0041993483901023865,project/results/qgat_extend100/seed2026/gnn/validation_epoch_97.json,project/results/qgat_extend100/seed2026/relation_D/validation_epoch_85.json
best_J,2026,V_select,22,15,97,85,8,8,0.08115438371896744,0.08205384016036987,0.0008994564414024353,0.17321912944316864,0.17869432270526886,0.00547519326210022,0.16776394844055176,0.1714010015130043,0.003637053072452545,project/results/qgat_extend100/seed2026/gnn/validation_epoch_97.json,project/results/qgat_extend100/seed2026/relation_D/validation_epoch_85.json
best_J,2026,V_select,22,20,97,85,8,8,0.08115382492542267,0.08205439895391464,0.0009005740284919739,0.17321547865867615,0.1786981225013733,0.0054826438426971436,0.16776156425476074,0.1714034602046013,0.0036418959498405457,project/results/qgat_extend100/seed2026/gnn/validation_epoch_97.json,project/results/qgat_extend100/seed2026/relation_D/validation_epoch_85.json
best_J,2026,V_select,23,5,97,85,8,8,0.15840831398963928,0.1603652834892273,0.0019569694995880127,0.6832568645477295,0.6892876625061035,0.0060307979583740234,0.500036746263504,0.505009114742279,0.004972368478775024,project/results/qgat_extend100/seed2026/gnn/validation_epoch_97.json,project/results/qgat_extend100/seed2026/relation_D/validation_epoch_85.json
best_J,2026,V_select,23,10,97,85,8,8,0.1580025553703308,0.15981853008270264,0.0018159747123718262,0.6819919347763062,0.6882204413414001,0.006228506565093994,0.4989985227584839,0.5039287507534027,0.004930227994918823,project/results/qgat_extend100/seed2026/gnn/validation_epoch_97.json,project/results/qgat_extend100/seed2026/relation_D/validation_epoch_85.json
best_J,2026,V_select,23,15,97,85,8,8,0.15712189674377441,0.15853142738342285,0.0014095306396484375,0.6817781925201416,0.6877007484436035,0.005922555923461914,0.4980109930038452,0.5023818016052246,0.0043708086013793945,project/results/qgat_extend100/seed2026/gnn/validation_epoch_97.json,project/results/qgat_extend100/seed2026/relation_D/validation_epoch_85.json
best_J,2026,V_select,23,20,97,85,8,8,0.15712177753448486,0.15853142738342285,0.0014096498489379883,0.6817781925201416,0.6877006888389587,0.005922496318817139,0.49801087379455566,0.5023817718029022,0.004370898008346558,project/results/qgat_extend100/seed2026/gnn/validation_epoch_97.json,project/results/qgat_extend100/seed2026/relation_D/validation_epoch_85.json
best_J,2026,V_select,24,5,97,85,8,8,0.8821005821228027,0.8821086883544922,8.106231689453125e-06,2.2510147094726562,2.2543301582336426,0.003315448760986328,2.007607936859131,2.0092737674713135,0.0016658306121826172,project/results/qgat_extend100/seed2026/gnn/validation_epoch_97.json,project/results/qgat_extend100/seed2026/relation_D/validation_epoch_85.json
best_J,2026,V_select,24,10,97,85,8,8,0.8821017742156982,0.8821094036102295,7.62939453125e-06,2.251016616821289,2.2543320655822754,0.003315448760986328,2.0076100826263428,2.009275436401367,0.001665353775024414,project/results/qgat_extend100/seed2026/gnn/validation_epoch_97.json,project/results/qgat_extend100/seed2026/relation_D/validation_epoch_85.json
best_J,2026,V_select,24,15,97,85,8,8,0.8806484341621399,0.8811471462249756,0.0004987120628356934,2.248732566833496,2.2527055740356445,0.0039730072021484375,2.005014717578888,2.007499933242798,0.002485215663909912,project/results/qgat_extend100/seed2026/gnn/validation_epoch_97.json,project/results/qgat_extend100/seed2026/relation_D/validation_epoch_85.json
best_J,2026,V_select,24,20,97,85,8,8,0.8806483745574951,0.8811471462249756,0.0004987716674804688,2.248732566833496,2.2527055740356445,0.0039730072021484375,2.005014657974243,2.007499933242798,0.0024852752685546875,project/results/qgat_extend100/seed2026/gnn/validation_epoch_97.json,project/results/qgat_extend100/seed2026/relation_D/validation_epoch_85.json
best_J,2026,V_select,25,5,97,85,8,8,0.9402041435241699,0.8297730684280396,-0.11043107509613037,2.5336122512817383,1.8729749917984009,-0.6606372594833374,2.207010269165039,1.76626056432724,-0.4407497048377991,project/results/qgat_extend100/seed2026/gnn/validation_epoch_97.json,project/results/qgat_extend100/seed2026/relation_D/validation_epoch_85.json
best_J,2026,V_select,25,10,97,85,8,8,0.9414064884185791,0.829296350479126,-0.11211013793945312,2.534472703933716,1.8707383871078491,-0.6637343168258667,2.208642840385437,1.7646655440330505,-0.4439772963523865,project/results/qgat_extend100/seed2026/gnn/validation_epoch_97.json,project/results/qgat_extend100/seed2026/relation_D/validation_epoch_85.json
best_J,2026,V_select,25,15,97,85,8,8,0.9413612484931946,0.8264828324317932,-0.11487841606140137,2.5344393253326416,1.8628942966461182,-0.6715450286865234,2.2085809111595154,1.7579299807548523,-0.4506509304046631,project/results/qgat_extend100/seed2026/gnn/validation_epoch_97.json,project/results/qgat_extend100/seed2026/relation_D/validation_epoch_85.json
best_J,2026,V_select,25,20,97,85,8,8,0.9413754940032959,0.8264806866645813,-0.1148948073387146,2.5344724655151367,1.862890362739563,-0.6715821027755737,2.2086117267608643,1.7579258680343628,-0.45068585872650146,project/results/qgat_extend100/seed2026/gnn/validation_epoch_97.json,project/results/qgat_extend100/seed2026/relation_D/validation_epoch_85.json
best_J,2026,V_select,26,5,97,85,8,8,1.1848920583724976,1.0051825046539307,-0.1797095537185669,2.749894142150879,2.352642774581909,-0.3972513675689697,2.559839129447937,2.1815038919448853,-0.37833523750305176,project/results/qgat_extend100/seed2026/gnn/validation_epoch_97.json,project/results/qgat_extend100/seed2026/relation_D/validation_epoch_85.json
best_J,2026,V_select,26,10,97,85,8,8,1.1875181198120117,1.0049163103103638,-0.18260180950164795,2.755448818206787,2.3517308235168457,-0.4037179946899414,2.5652425289154053,2.1807817220687866,-0.38446080684661865,project/results/qgat_extend100/seed2026/gnn/validation_epoch_97.json,project/results/qgat_extend100/seed2026/relation_D/validation_epoch_85.json
best_J,2026,V_select,26,15,97,85,8,8,1.187314510345459,1.005420446395874,-0.18189406394958496,2.754965305328369,2.353189468383789,-0.4017758369445801,2.5647971630096436,2.1820151805877686,-0.382781982421875,project/results/qgat_extend100/seed2026/gnn/validation_epoch_97.json,project/results/qgat_extend100/seed2026/relation_D/validation_epoch_85.json
best_J,2026,V_select,26,20,97,85,8,8,1.1877920627593994,1.0060303211212158,-0.1817617416381836,2.7562358379364014,2.354858875274658,-0.40137696266174316,2.5659099817276,2.183459758758545,-0.3824502229690552,project/results/qgat_extend100/seed2026/gnn/validation_epoch_97.json,project/results/qgat_extend100/seed2026/relation_D/validation_epoch_85.json
best_J,2026,V_select,27,5,97,85,8,8,1.0937745571136475,0.8705310225486755,-0.22324353456497192,2.2769699096679688,1.7578885555267334,-0.5190813541412354,2.232259511947632,1.7494753003120422,-0.4827842116355896,project/results/qgat_extend100/seed2026/gnn/validation_epoch_97.json,project/results/qgat_extend100/seed2026/relation_D/validation_epoch_85.json
best_J,2026,V_select,27,10,97,85,8,8,1.1007018089294434,0.870714545249939,-0.2299872636795044,2.2915687561035156,1.758367896080017,-0.5332008600234985,2.246486186981201,1.7498984932899475,-0.49658769369125366,project/results/qgat_extend100/seed2026/gnn/validation_epoch_97.json,project/results/qgat_extend100/seed2026/relation_D/validation_epoch_85.json
best_J,2026,V_select,27,15,97,85,8,8,1.1006672382354736,0.8707401752471924,-0.22992706298828125,2.2914881706237793,1.758434772491455,-0.5330533981323242,2.2464113235473633,1.74995756149292,-0.49645376205444336,project/results/qgat_extend100/seed2026/gnn/validation_epoch_97.json,project/results/qgat_extend100/seed2026/relation_D/validation_epoch_85.json
best_J,2026,V_select,27,20,97,85,8,8,1.1012134552001953,0.8686850070953369,-0.2325284481048584,2.291055917739868,1.7516361474990845,-0.5394197702407837,2.2467414140701294,1.7445030808448792,-0.5022383332252502,project/results/qgat_extend100/seed2026/gnn/validation_epoch_97.json,project/results/qgat_extend100/seed2026/relation_D/validation_epoch_85.json
best_J,2026,V_select,28,5,97,85,8,8,0.7081911563873291,0.6185319423675537,-0.08965921401977539,1.7498183250427246,1.2751812934875488,-0.4746370315551758,1.5831003189086914,1.2561225891113281,-0.3269777297973633,project/results/qgat_extend100/seed2026/gnn/validation_epoch_97.json,project/results/qgat_extend100/seed2026/relation_D/validation_epoch_85.json
best_J,2026,V_select,28,10,97,85,8,8,0.7083561420440674,0.6182080507278442,-0.09014809131622314,1.7498822212219238,1.2736241817474365,-0.4762580394744873,1.5832972526550293,1.2550201416015625,-0.3282771110534668,project/results/qgat_extend100/seed2026/gnn/validation_epoch_97.json,project/results/qgat_extend100/seed2026/relation_D/validation_epoch_85.json
best_J,2026,V_select,28,15,97,85,8,8,0.7050657272338867,0.6155185699462891,-0.08954715728759766,1.7413733005523682,1.2654571533203125,-0.47591614723205566,1.5757523775100708,1.2482471466064453,-0.3275052309036255,project/results/qgat_extend100/seed2026/gnn/validation_epoch_97.json,project/results/qgat_extend100/seed2026/relation_D/validation_epoch_85.json
best_J,2026,V_select,28,20,97,85,8,8,0.7034096717834473,0.6156227588653564,-0.08778691291809082,1.737464189529419,1.2659937143325806,-0.4714704751968384,1.5721417665481567,1.2486196160316467,-0.32352215051651,project/results/qgat_extend100/seed2026/gnn/validation_epoch_97.json,project/results/qgat_extend100/seed2026/relation_D/validation_epoch_85.json
best_J,2026,V_select,29,5,97,85,8,8,1.3459229469299316,1.115180253982544,-0.2307426929473877,2.554628849029541,1.9499539136886597,-0.6046749353408813,2.623237371444702,2.090157210826874,-0.5330801606178284,project/results/qgat_extend100/seed2026/gnn/validation_epoch_97.json,project/results/qgat_extend100/seed2026/relation_D/validation_epoch_85.json
best_J,2026,V_select,29,10,97,85,8,8,1.344951868057251,1.1148780584335327,-0.23007380962371826,2.552236557006836,1.949242115020752,-0.602994441986084,2.621070146560669,2.0894991159439087,-0.5315710306167603,project/results/qgat_extend100/seed2026/gnn/validation_epoch_97.json,project/results/qgat_extend100/seed2026/relation_D/validation_epoch_85.json
best_J,2026,V_select,29,15,97,85,8,8,1.344104290008545,1.1149277687072754,-0.22917652130126953,2.5502357482910156,1.9492899179458618,-0.6009458303451538,2.6192221641540527,2.0895727276802063,-0.5296494364738464,project/results/qgat_extend100/seed2026/gnn/validation_epoch_97.json,project/results/qgat_extend100/seed2026/relation_D/validation_epoch_85.json
best_J,2026,V_select,29,20,97,85,8,8,1.3448909521102905,1.1151800155639648,-0.22971093654632568,2.551762104034424,1.949917197227478,-0.6018449068069458,2.6207720041275024,2.090138614177704,-0.5306333899497986,project/results/qgat_extend100/seed2026/gnn/validation_epoch_97.json,project/results/qgat_extend100/seed2026/relation_D/validation_epoch_85.json
best_J,2026,V_select,30,5,97,85,8,8,1.0784872770309448,0.9172931909561157,-0.1611940860748291,2.224167585372925,1.7932499647140503,-0.4309176206588745,2.1905710697174072,1.8139181733131409,-0.37665289640426636,project/results/qgat_extend100/seed2026/gnn/validation_epoch_97.json,project/results/qgat_extend100/seed2026/relation_D/validation_epoch_85.json
best_J,2026,V_select,30,10,97,85,8,8,1.0808955430984497,0.9189155101776123,-0.1619800329208374,2.2270686626434326,1.7950794696807861,-0.4319891929626465,2.194429874420166,1.8164552450180054,-0.37797462940216064,project/results/qgat_extend100/seed2026/gnn/validation_epoch_97.json,project/results/qgat_extend100/seed2026/relation_D/validation_epoch_85.json
best_J,2026,V_select,30,15,97,85,8,8,1.0819828510284424,0.9186131954193115,-0.16336965560913086,2.229279041290283,1.7954866886138916,-0.4337923526763916,2.196622371673584,1.8163565397262573,-0.38026583194732666,project/results/qgat_extend100/seed2026/gnn/validation_epoch_97.json,project/results/qgat_extend100/seed2026/relation_D/validation_epoch_85.json
best_J,2026,V_select,30,20,97,85,8,8,1.0819624662399292,0.9187265634536743,-0.16323590278625488,2.2294087409973145,1.7958215475082397,-0.4335871934890747,2.1966668367385864,1.8166373372077942,-0.38002949953079224,project/results/qgat_extend100/seed2026/gnn/validation_epoch_97.json,project/results/qgat_extend100/seed2026/relation_D/validation_epoch_85.json
best_J,2026,V_select,31,5,97,85,8,8,1.0049238204956055,0.8382693529129028,-0.16665446758270264,1.8753643035888672,1.5740759372711182,-0.301288366317749,1.942605972290039,1.625307321548462,-0.31729865074157715,project/results/qgat_extend100/seed2026/gnn/validation_epoch_97.json,project/results/qgat_extend100/seed2026/relation_D/validation_epoch_85.json
best_J,2026,V_select,31,10,97,85,8,8,1.0005745887756348,0.840233564376831,-0.1603410243988037,1.8682279586791992,1.5788235664367676,-0.28940439224243164,1.9346885681152344,1.6296453475952148,-0.30504322052001953,project/results/qgat_extend100/seed2026/gnn/validation_epoch_97.json,project/results/qgat_extend100/seed2026/relation_D/validation_epoch_85.json
best_J,2026,V_select,31,15,97,85,8,8,1.0008480548858643,0.8402430415153503,-0.16060501337051392,1.8681052923202515,1.579050898551941,-0.28905439376831055,1.93490070104599,1.6297684907913208,-0.3051322102546692,project/results/qgat_extend100/seed2026/gnn/validation_epoch_97.json,project/results/qgat_extend100/seed2026/relation_D/validation_epoch_85.json
best_J,2026,V_select,31,20,97,85,8,8,1.0022772550582886,0.8400951623916626,-0.16218209266662598,1.8736085891723633,1.579166054725647,-0.2944425344467163,1.9390815496444702,1.629678189754486,-0.30940335988998413,project/results/qgat_extend100/seed2026/gnn/validation_epoch_97.json,project/results/qgat_extend100/seed2026/relation_D/validation_epoch_85.json
best_J,2026,V_select,32,5,97,85,8,8,1.2071850299835205,1.2736690044403076,0.06648397445678711,2.4310662746429443,2.2781434059143066,-0.1529228687286377,2.4227181673049927,2.412740707397461,-0.009977459907531738,project/results/qgat_extend100/seed2026/gnn/validation_epoch_97.json,project/results/qgat_extend100/seed2026/relation_D/validation_epoch_85.json
best_J,2026,V_select,32,10,97,85,8,8,1.2084987163543701,1.2719337940216064,0.06343507766723633,2.4333362579345703,2.2750797271728516,-0.15825653076171875,2.4251668453216553,2.4094736576080322,-0.015693187713623047,project/results/qgat_extend100/seed2026/gnn/validation_epoch_97.json,project/results/qgat_extend100/seed2026/relation_D/validation_epoch_85.json
best_J,2026,V_select,32,15,97,85,8,8,1.2080504894256592,1.2718408107757568,0.06379032135009766,2.434251308441162,2.276550769805908,-0.1577005386352539,2.4251761436462402,2.410116195678711,-0.015059947967529297,project/results/qgat_extend100/seed2026/gnn/validation_epoch_97.json,project/results/qgat_extend100/seed2026/relation_D/validation_epoch_85.json
best_J,2026,V_select,32,20,97,85,8,8,1.2077773809432983,1.2722156047821045,0.06443822383880615,2.4338669776916504,2.2772281169891357,-0.15663886070251465,2.4247108697891235,2.4108296632766724,-0.013881206512451172,project/results/qgat_extend100/seed2026/gnn/validation_epoch_97.json,project/results/qgat_extend100/seed2026/relation_D/validation_epoch_85.json
best_J,2026,V_select,33,5,97,85,8,8,0.7460908889770508,0.8210095167160034,0.07491862773895264,1.3312991857528687,1.5692542791366577,0.23795509338378906,1.411740481853485,1.6056366562843323,0.19389617443084717,project/results/qgat_extend100/seed2026/gnn/validation_epoch_97.json,project/results/qgat_extend100/seed2026/relation_D/validation_epoch_85.json
best_J,2026,V_select,33,10,97,85,8,8,0.7464581727981567,0.8212308883666992,0.07477271556854248,1.3317196369171143,1.5705184936523438,0.2387988567352295,1.4123179912567139,1.606490135192871,0.19417214393615723,project/results/qgat_extend100/seed2026/gnn/validation_epoch_97.json,project/results/qgat_extend100/seed2026/relation_D/validation_epoch_85.json
best_J,2026,V_select,33,15,97,85,8,8,0.7458345293998718,0.8215120434761047,0.07567751407623291,1.3303653001785278,1.572063684463501,0.24169838428497314,1.4110171794891357,1.6075438857078552,0.19652670621871948,project/results/qgat_extend100/seed2026/gnn/validation_epoch_97.json,project/results/qgat_extend100/seed2026/relation_D/validation_epoch_85.json
best_J,2026,V_select,33,20,97,85,8,8,0.7457521557807922,0.8210442066192627,0.07529205083847046,1.3305456638336182,1.5714703798294067,0.24092471599578857,1.4110249876976013,1.606779396533966,0.19575440883636475,project/results/qgat_extend100/seed2026/gnn/validation_epoch_97.json,project/results/qgat_extend100/seed2026/relation_D/validation_epoch_85.json
best_J,2026,V_select,34,5,97,85,8,8,0.80976402759552,1.1843385696411133,0.37457454204559326,1.3528772592544556,1.748895287513733,0.39601802825927734,1.4862026572227478,2.0587862133979797,0.5725835561752319,project/results/qgat_extend100/seed2026/gnn/validation_epoch_97.json,project/results/qgat_extend100/seed2026/relation_D/validation_epoch_85.json
best_J,2026,V_select,34,10,97,85,8,8,0.8084431886672974,1.1830767393112183,0.3746335506439209,1.3498477935791016,1.7484614849090576,0.39861369132995605,1.4833670854568481,2.057307481765747,0.5739403963088989,project/results/qgat_extend100/seed2026/gnn/validation_epoch_97.json,project/results/qgat_extend100/seed2026/relation_D/validation_epoch_85.json
best_J,2026,V_select,34,15,97,85,8,8,0.8089005351066589,1.183107614517212,0.374207079410553,1.350644588470459,1.7484657764434814,0.39782118797302246,1.4842228293418884,2.0573405027389526,0.5731176733970642,project/results/qgat_extend100/seed2026/gnn/validation_epoch_97.json,project/results/qgat_extend100/seed2026/relation_D/validation_epoch_85.json
best_J,2026,V_select,34,20,97,85,8,8,0.8086081147193909,1.18295419216156,0.3743460774421692,1.3499066829681396,1.7484148740768433,0.3985081911087036,1.4835614562034607,2.0571616291999817,0.573600172996521,project/results/qgat_extend100/seed2026/gnn/validation_epoch_97.json,project/results/qgat_extend100/seed2026/relation_D/validation_epoch_85.json
best_J,2026,V_select,35,5,97,85,8,8,0.8391979932785034,0.9767116904258728,0.13751369714736938,1.5917742252349854,1.5329208374023438,-0.0588533878326416,1.635085105895996,1.7431721091270447,0.10808700323104858,project/results/qgat_extend100/seed2026/gnn/validation_epoch_97.json,project/results/qgat_extend100/seed2026/relation_D/validation_epoch_85.json
best_J,2026,V_select,35,10,97,85,8,8,0.8390296101570129,0.9769591093063354,0.1379294991493225,1.590907096862793,1.5331640243530273,-0.057743072509765625,1.6344831585884094,1.7435411214828491,0.1090579628944397,project/results/qgat_extend100/seed2026/gnn/validation_epoch_97.json,project/results/qgat_extend100/seed2026/relation_D/validation_epoch_85.json
best_J,2026,V_select,35,15,97,85,8,8,0.8391408920288086,0.9768540859222412,0.13771319389343262,1.591137170791626,1.5328763723373413,-0.05826079845428467,1.6347094774246216,1.7432922720909119,0.10858279466629028,project/results/qgat_extend100/seed2026/gnn/validation_epoch_97.json,project/results/qgat_extend100/seed2026/relation_D/validation_epoch_85.json
best_J,2026,V_select,35,20,97,85,8,8,0.83903968334198,0.9773836135864258,0.1383439302444458,1.591804027557373,1.5341767072677612,-0.057627320289611816,1.6349416971206665,1.7444719672203064,0.10953027009963989,project/results/qgat_extend100/seed2026/gnn/validation_epoch_97.json,project/results/qgat_extend100/seed2026/relation_D/validation_epoch_85.json
best_J,2026,V_select,36,5,97,85,8,8,0.6288763284683228,0.7337132692337036,0.10483694076538086,1.1325711011886597,1.0478841066360474,-0.0846869945526123,1.1951618790626526,1.2576553225517273,0.06249344348907471,project/results/qgat_extend100/seed2026/gnn/validation_epoch_97.json,project/results/qgat_extend100/seed2026/relation_D/validation_epoch_85.json
best_J,2026,V_select,36,10,97,85,8,8,0.6276494860649109,0.7357378602027893,0.10808837413787842,1.1286119222640991,1.0490390062332153,-0.07957291603088379,1.1919554471969604,1.260257363319397,0.06830191612243652,project/results/qgat_extend100/seed2026/gnn/validation_epoch_97.json,project/results/qgat_extend100/seed2026/relation_D/validation_epoch_85.json
best_J,2026,V_select,36,15,97,85,8,8,0.6277225017547607,0.7358781099319458,0.10815560817718506,1.1287578344345093,1.04922616481781,-0.07953166961669922,1.1921014189720154,1.2604911923408508,0.06838977336883545,project/results/qgat_extend100/seed2026/gnn/validation_epoch_97.json,project/results/qgat_extend100/seed2026/relation_D/validation_epoch_85.json
best_J,2026,V_select,36,20,97,85,8,8,0.6281894445419312,0.7343814969062805,0.10619205236434937,1.1301425695419312,1.0473740100860596,-0.08276855945587158,1.1932607293128967,1.2580685019493103,0.06480777263641357,project/results/qgat_extend100/seed2026/gnn/validation_epoch_97.json,project/results/qgat_extend100/seed2026/relation_D/validation_epoch_85.json
best_J,2026,V_select,37,5,97,85,8,8,0.8581626415252686,0.9541807174682617,0.09601807594299316,1.3664042949676514,1.4072126150131226,0.04080832004547119,1.5413647890090942,1.657787024974823,0.11642223596572876,project/results/qgat_extend100/seed2026/gnn/validation_epoch_97.json,project/results/qgat_extend100/seed2026/relation_D/validation_epoch_85.json
best_J,2026,V_select,37,10,97,85,8,8,0.8557745814323425,0.9514209032058716,0.09564632177352905,1.3682942390441895,1.4034912586212158,0.03519701957702637,1.5399217009544373,1.6531665325164795,0.11324483156204224,project/results/qgat_extend100/seed2026/gnn/validation_epoch_97.json,project/results/qgat_extend100/seed2026/relation_D/validation_epoch_85.json
best_J,2026,V_select,37,15,97,85,8,8,0.8554210662841797,0.9491670727729797,0.09374600648880005,1.3685405254364014,1.4008177518844604,0.03227722644805908,1.5396913290023804,1.64957594871521,0.10988461971282959,project/results/qgat_extend100/seed2026/gnn/validation_epoch_97.json,project/results/qgat_extend100/seed2026/relation_D/validation_epoch_85.json
best_J,2026,V_select,37,20,97,85,8,8,0.8545328378677368,0.9490479230880737,0.09451508522033691,1.3664419651031494,1.400521159172058,0.03407919406890869,1.5377538204193115,1.6493085026741028,0.11155468225479126,project/results/qgat_extend100/seed2026/gnn/validation_epoch_97.json,project/results/qgat_extend100/seed2026/relation_D/validation_epoch_85.json
best_J,2026,V_select,38,5,97,85,8,7,0.8049193620681763,0.8506388068199158,0.0457194447517395,1.2488104104995728,1.3709163665771484,0.12210595607757568,1.4293245673179626,1.53609699010849,0.10677242279052734,project/results/qgat_extend100/seed2026/gnn/validation_epoch_97.json,project/results/qgat_extend100/seed2026/relation_D/validation_epoch_85.json
best_J,2026,V_select,38,10,97,85,8,7,0.8048238754272461,0.8506065607070923,0.04578268527984619,1.2485506534576416,1.3706058263778687,0.12205517292022705,1.429099202156067,1.5359094738960266,0.10681027173995972,project/results/qgat_extend100/seed2026/gnn/validation_epoch_97.json,project/results/qgat_extend100/seed2026/relation_D/validation_epoch_85.json
best_J,2026,V_select,38,15,97,85,8,7,0.8047815561294556,0.8505411148071289,0.04575955867767334,1.248511552810669,1.3701763153076172,0.12166476249694824,1.42903733253479,1.5356292724609375,0.10659193992614746,project/results/qgat_extend100/seed2026/gnn/validation_epoch_97.json,project/results/qgat_extend100/seed2026/relation_D/validation_epoch_85.json
best_J,2026,V_select,38,20,97,85,8,7,0.8046560287475586,0.8494362235069275,0.044780194759368896,1.2478524446487427,1.366525411605835,0.11867296695709229,1.42858225107193,1.532698929309845,0.10411667823791504,project/results/qgat_extend100/seed2026/gnn/validation_epoch_97.json,project/results/qgat_extend100/seed2026/relation_D/validation_epoch_85.json
best_J,2026,V_select,39,5,97,85,8,7,0.910668671131134,0.9048681855201721,-0.005800485610961914,1.6611613035202026,1.5845087766647339,-0.07665252685546875,1.7412493228912354,1.697122573852539,-0.04412674903869629,project/results/qgat_extend100/seed2026/gnn/validation_epoch_97.json,project/results/qgat_extend100/seed2026/relation_D/validation_epoch_85.json
best_J,2026,V_select,39,10,97,85,8,7,0.9104522466659546,0.9049528241157532,-0.005499422550201416,1.660654067993164,1.5848950147628784,-0.07575905323028564,1.7407792806625366,1.6974003314971924,-0.04337894916534424,project/results/qgat_extend100/seed2026/gnn/validation_epoch_97.json,project/results/qgat_extend100/seed2026/relation_D/validation_epoch_85.json
best_J,2026,V_select,39,15,97,85,8,7,0.9101683497428894,0.904831051826477,-0.0053372979164123535,1.6601954698562622,1.5846655368804932,-0.07552993297576904,1.7402660846710205,1.6971638202667236,-0.043102264404296875,project/results/qgat_extend100/seed2026/gnn/validation_epoch_97.json,project/results/qgat_extend100/seed2026/relation_D/validation_epoch_85.json
best_J,2026,V_select,39,20,97,85,8,7,0.9103245139122009,0.904821515083313,-0.0055029988288879395,1.660588026046753,1.5846588611602783,-0.07592916488647461,1.7406185269355774,1.6971509456634521,-0.043467581272125244,project/results/qgat_extend100/seed2026/gnn/validation_epoch_97.json,project/results/qgat_extend100/seed2026/relation_D/validation_epoch_85.json
best_J,2026,V_select,40,5,97,85,7,7,0.9905117154121399,0.7184509038925171,-0.2720608115196228,1.8441476821899414,1.388368010520935,-0.45577967166900635,1.9125855565071106,1.4126349091529846,-0.499950647354126,project/results/qgat_extend100/seed2026/gnn/validation_epoch_97.json,project/results/qgat_extend100/seed2026/relation_D/validation_epoch_85.json
best_J,2026,V_select,40,10,97,85,7,7,0.989123523235321,0.7196341156959534,-0.2694894075393677,1.841849684715271,1.3923994302749634,-0.4494502544403076,1.9100483655929565,1.415833830833435,-0.4942145347595215,project/results/qgat_extend100/seed2026/gnn/validation_epoch_97.json,project/results/qgat_extend100/seed2026/relation_D/validation_epoch_85.json
best_J,2026,V_select,40,15,97,85,7,7,0.9908728003501892,0.7174550890922546,-0.27341771125793457,1.8446241617202759,1.3862277269363403,-0.45839643478393555,1.9131848812103271,1.4105689525604248,-0.5026159286499023,project/results/qgat_extend100/seed2026/gnn/validation_epoch_97.json,project/results/qgat_extend100/seed2026/relation_D/validation_epoch_85.json
best_J,2026,V_select,40,20,97,85,7,7,0.9867493510246277,0.7141740918159485,-0.2725752592086792,1.8398081064224243,1.3828717470169067,-0.4569363594055176,1.9066534042358398,1.4056099653244019,-0.501043438911438,project/results/qgat_extend100/seed2026/gnn/validation_epoch_97.json,project/results/qgat_extend100/seed2026/relation_D/validation_epoch_85.json
best_J,2026,V_select,41,5,97,85,7,7,0.9640342593193054,0.538422703742981,-0.42561155557632446,1.676462173461914,1.0003561973571777,-0.6761059761047363,1.8022653460502625,1.0386008024215698,-0.7636645436286926,project/results/qgat_extend100/seed2026/gnn/validation_epoch_97.json,project/results/qgat_extend100/seed2026/relation_D/validation_epoch_85.json
best_J,2026,V_select,41,10,97,85,7,7,0.9650959372520447,0.5357198119163513,-0.42937612533569336,1.6793051958084106,0.9960072636604309,-0.6832979321479797,1.80474853515625,1.0337234437465668,-0.7710250914096832,project/results/qgat_extend100/seed2026/gnn/validation_epoch_97.json,project/results/qgat_extend100/seed2026/relation_D/validation_epoch_85.json
best_J,2026,V_select,41,15,97,85,7,7,0.967197835445404,0.5393911004066467,-0.4278067350387573,1.681081771850586,0.9997972846031189,-0.681284487247467,1.807738721370697,1.0392897427082062,-0.7684489786624908,project/results/qgat_extend100/seed2026/gnn/validation_epoch_97.json,project/results/qgat_extend100/seed2026/relation_D/validation_epoch_85.json
best_J,2026,V_select,41,20,97,85,7,7,0.9671902060508728,0.5394362807273865,-0.42775392532348633,1.681056261062622,0.9998534917831421,-0.68120276927948,1.8077183365821838,1.0393630266189575,-0.7683553099632263,project/results/qgat_extend100/seed2026/gnn/validation_epoch_97.json,project/results/qgat_extend100/seed2026/relation_D/validation_epoch_85.json
best_J,2026,V_select,42,5,97,85,7,7,0.5345793962478638,0.9267336130142212,0.3921542167663574,0.9822584986686707,1.8210885524749756,0.8388300538063049,1.025708645582199,1.837277889251709,0.8115692436695099,project/results/qgat_extend100/seed2026/gnn/validation_epoch_97.json,project/results/qgat_extend100/seed2026/relation_D/validation_epoch_85.json
best_J,2026,V_select,42,10,97,85,7,7,0.5327470898628235,0.926243782043457,0.39349669218063354,0.9815766215324402,1.8259623050689697,0.8443856835365295,1.0235354006290436,1.839224934577942,0.8156895339488983,project/results/qgat_extend100/seed2026/gnn/validation_epoch_97.json,project/results/qgat_extend100/seed2026/relation_D/validation_epoch_85.json
best_J,2026,V_select,42,15,97,85,7,7,0.5330994129180908,0.9253645539283752,0.3922651410102844,0.981669545173645,1.823789358139038,0.8421198129653931,1.0239341855049133,1.8372592329978943,0.813325047492981,project/results/qgat_extend100/seed2026/gnn/validation_epoch_97.json,project/results/qgat_extend100/seed2026/relation_D/validation_epoch_85.json
best_J,2026,V_select,42,20,97,85,7,7,0.5330635905265808,0.9253421425819397,0.3922785520553589,0.9815701246261597,1.823649525642395,0.8420794010162354,1.0238486528396606,1.8371669054031372,0.8133182525634766,project/results/qgat_extend100/seed2026/gnn/validation_epoch_97.json,project/results/qgat_extend100/seed2026/relation_D/validation_epoch_85.json
best_J,2026,V_select,43,5,97,85,7,7,0.6651695966720581,0.9761183857917786,0.31094878911972046,1.4216594696044922,1.7179538011550903,0.29629433155059814,1.3759993314743042,1.8350952863693237,0.45909595489501953,project/results/qgat_extend100/seed2026/gnn/validation_epoch_97.json,project/results/qgat_extend100/seed2026/relation_D/validation_epoch_85.json
best_J,2026,V_select,43,10,97,85,7,7,0.665494978427887,0.9764394760131836,0.31094449758529663,1.422456979751587,1.718799352645874,0.2963423728942871,1.3767234683036804,1.8358391523361206,0.4591156840324402,project/results/qgat_extend100/seed2026/gnn/validation_epoch_97.json,project/results/qgat_extend100/seed2026/relation_D/validation_epoch_85.json
best_J,2026,V_select,43,15,97,85,7,7,0.665948748588562,0.9793238639831543,0.3133751153945923,1.4256564378738403,1.7243703603744507,0.29871392250061035,1.3787769675254822,1.8415090441703796,0.46273207664489746,project/results/qgat_extend100/seed2026/gnn/validation_epoch_97.json,project/results/qgat_extend100/seed2026/relation_D/validation_epoch_85.json
best_J,2026,V_select,43,20,97,85,7,7,0.6659599542617798,0.9793404340744019,0.31338047981262207,1.4256316423416138,1.7244014739990234,0.29876983165740967,1.3787757754325867,1.8415411710739136,0.4627653956413269,project/results/qgat_extend100/seed2026/gnn/validation_epoch_97.json,project/results/qgat_extend100/seed2026/relation_D/validation_epoch_85.json
best_J,2026,V_select,44,5,97,85,7,7,1.4262278079986572,1.632523536682129,0.20629572868347168,3.022944211959839,3.735518217086792,0.7125740051269531,2.9376999139785767,3.500282645225525,0.5625827312469482,project/results/qgat_extend100/seed2026/gnn/validation_epoch_97.json,project/results/qgat_extend100/seed2026/relation_D/validation_epoch_85.json
best_J,2026,V_select,44,10,97,85,7,7,1.4261080026626587,1.631744146347046,0.2056361436843872,3.024254322052002,3.733656644821167,0.709402322769165,2.9382351636886597,3.4985724687576294,0.5603373050689697,project/results/qgat_extend100/seed2026/gnn/validation_epoch_97.json,project/results/qgat_extend100/seed2026/relation_D/validation_epoch_85.json
best_J,2026,V_select,44,15,97,85,7,7,1.423718810081482,1.629157304763794,0.205438494682312,3.0215742588043213,3.7322545051574707,0.7106802463531494,2.9345059394836426,3.4952845573425293,0.5607786178588867,project/results/qgat_extend100/seed2026/gnn/validation_epoch_97.json,project/results/qgat_extend100/seed2026/relation_D/validation_epoch_85.json
best_J,2026,V_select,44,20,97,85,7,7,1.4237147569656372,1.6291732788085938,0.20545852184295654,3.021644115447998,3.7322771549224854,0.7106330394744873,2.9345368146896362,3.4953118562698364,0.5607750415802002,project/results/qgat_extend100/seed2026/gnn/validation_epoch_97.json,project/results/qgat_extend100/seed2026/relation_D/validation_epoch_85.json
best_J,2026,V_select,45,5,97,85,7,7,0.7893983721733093,0.9973255395889282,0.2079271674156189,1.4438563585281372,1.8382271528244019,0.39437079429626465,1.511326551437378,1.9164391160011292,0.4051125645637512,project/results/qgat_extend100/seed2026/gnn/validation_epoch_97.json,project/results/qgat_extend100/seed2026/relation_D/validation_epoch_85.json
best_J,2026,V_select,45,10,97,85,7,7,0.7866572141647339,0.9970255494117737,0.2103683352470398,1.442576289176941,1.8381139039993286,0.3955376148223877,1.5079453587532043,1.916082501411438,0.40813714265823364,project/results/qgat_extend100/seed2026/gnn/validation_epoch_97.json,project/results/qgat_extend100/seed2026/relation_D/validation_epoch_85.json
best_J,2026,V_select,45,15,97,85,7,7,0.7858685851097107,0.9963539242744446,0.2104853391647339,1.4406030178070068,1.8371326923370361,0.3965296745300293,1.5061700940132141,1.9149202704429626,0.40875017642974854,project/results/qgat_extend100/seed2026/gnn/validation_epoch_97.json,project/results/qgat_extend100/seed2026/relation_D/validation_epoch_85.json
best_J,2026,V_select,45,20,97,85,7,7,0.7860278487205505,0.9963591694831848,0.21033132076263428,1.4408531188964844,1.8371611833572388,0.3963080644607544,1.5064544081687927,1.9149397611618042,0.4084853529930115,project/results/qgat_extend100/seed2026/gnn/validation_epoch_97.json,project/results/qgat_extend100/seed2026/relation_D/validation_epoch_85.json
best_J,2026,V_select,46,5,97,85,7,7,0.5696960091590881,0.8209492564201355,0.25125324726104736,1.0856267213821411,1.798910140991211,0.7132834196090698,1.1125093698501587,1.720404326915741,0.6078949570655823,project/results/qgat_extend100/seed2026/gnn/validation_epoch_97.json,project/results/qgat_extend100/seed2026/relation_D/validation_epoch_85.json
best_J,2026,V_select,46,10,97,85,7,7,0.5670165419578552,0.8251181840896606,0.2581016421318054,1.0829862356185913,1.8040422201156616,0.7210559844970703,1.1085096597671509,1.7271392941474915,0.6186296343803406,project/results/qgat_extend100/seed2026/gnn/validation_epoch_97.json,project/results/qgat_extend100/seed2026/relation_D/validation_epoch_85.json
best_J,2026,V_select,46,15,97,85,7,7,0.5671848654747009,0.825107216835022,0.25792235136032104,1.0834366083145142,1.8041006326675415,0.7206640243530273,1.108903169631958,1.7271575331687927,0.6182543635368347,project/results/qgat_extend100/seed2026/gnn/validation_epoch_97.json,project/results/qgat_extend100/seed2026/relation_D/validation_epoch_85.json
best_J,2026,V_select,46,20,97,85,7,7,0.5671200156211853,0.825240433216095,0.25812041759490967,1.0834351778030396,1.8043508529663086,0.720915675163269,1.108837604522705,1.7274158596992493,0.6185782551765442,project/results/qgat_extend100/seed2026/gnn/validation_epoch_97.json,project/results/qgat_extend100/seed2026/relation_D/validation_epoch_85.json
best_J,2026,V_select,47,5,97,85,7,7,1.1176669597625732,1.0258214473724365,-0.09184551239013672,2.1219100952148438,2.0792531967163086,-0.042656898498535156,2.178622007369995,2.065448045730591,-0.1131739616394043,project/results/qgat_extend100/seed2026/gnn/validation_epoch_97.json,project/results/qgat_extend100/seed2026/relation_D/validation_epoch_85.json
best_J,2026,V_select,47,10,97,85,7,7,1.1178600788116455,1.0264607667922974,-0.09139931201934814,2.1224491596221924,2.0805556774139404,-0.04189348220825195,2.1790846586227417,2.0667386054992676,-0.11234605312347412,project/results/qgat_extend100/seed2026/gnn/validation_epoch_97.json,project/results/qgat_extend100/seed2026/relation_D/validation_epoch_85.json
best_J,2026,V_select,47,15,97,85,7,7,1.117984414100647,1.0266464948654175,-0.09133791923522949,2.122784376144409,2.080725908279419,-0.042058467864990234,2.1793766021728516,2.067009449005127,-0.11236715316772461,project/results/qgat_extend100/seed2026/gnn/validation_epoch_97.json,project/results/qgat_extend100/seed2026/relation_D/validation_epoch_85.json
best_J,2026,V_select,47,20,97,85,7,7,1.1180694103240967,1.026090383529663,-0.0919790267944336,2.1229522228240967,2.0795273780822754,-0.04342484474182129,2.179545521736145,2.065854072570801,-0.11369144916534424,project/results/qgat_extend100/seed2026/gnn/validation_epoch_97.json,project/results/qgat_extend100/seed2026/relation_D/validation_epoch_85.json
best_J,2026,V_select,48,5,97,85,8,8,0.891700804233551,1.0136115550994873,0.12191075086593628,1.507204294204712,1.6184022426605225,0.11119794845581055,1.645302951335907,1.8228126764297485,0.17750972509384155,project/results/qgat_extend100/seed2026/gnn/validation_epoch_97.json,project/results/qgat_extend100/seed2026/relation_D/validation_epoch_85.json
best_J,2026,V_select,48,10,97,85,8,8,0.8935182690620422,1.0146024227142334,0.12108415365219116,1.5090833902359009,1.619722843170166,0.11063945293426514,1.6480599641799927,1.8244638442993164,0.17640388011932373,project/results/qgat_extend100/seed2026/gnn/validation_epoch_97.json,project/results/qgat_extend100/seed2026/relation_D/validation_epoch_85.json
best_J,2026,V_select,48,15,97,85,8,8,0.894019603729248,1.015395164489746,0.12137556076049805,1.5094197988510132,1.6223390102386475,0.11291921138763428,1.6487295031547546,1.8265646696090698,0.17783516645431519,project/results/qgat_extend100/seed2026/gnn/validation_epoch_97.json,project/results/qgat_extend100/seed2026/relation_D/validation_epoch_85.json
best_J,2026,V_select,48,20,97,85,8,8,0.8944317698478699,1.0153592824935913,0.12092751264572144,1.5101830959320068,1.6221318244934082,0.11194872856140137,1.6495233178138733,1.8264251947402954,0.17690187692642212,project/results/qgat_extend100/seed2026/gnn/validation_epoch_97.json,project/results/qgat_extend100/seed2026/relation_D/validation_epoch_85.json
best_J,2026,V_select,49,5,97,85,8,6,1.1168183088302612,0.8784471750259399,-0.2383711338043213,1.9249910116195679,1.568778395652771,-0.3562126159667969,2.079313814640045,1.6628363728523254,-0.4164774417877197,project/results/qgat_extend100/seed2026/gnn/validation_epoch_97.json,project/results/qgat_extend100/seed2026/relation_D/validation_epoch_85.json
best_J,2026,V_select,49,10,97,85,8,6,1.1173350811004639,0.876502513885498,-0.24083256721496582,1.9265565872192383,1.5669158697128296,-0.3596407175064087,2.080613374710083,1.6599604487419128,-0.42065292596817017,project/results/qgat_extend100/seed2026/gnn/validation_epoch_97.json,project/results/qgat_extend100/seed2026/relation_D/validation_epoch_85.json
best_J,2026,V_select,49,15,97,85,8,6,1.1173391342163086,0.8763073086738586,-0.24103182554244995,1.9264084100723267,1.5664829015731812,-0.3599255084991455,2.080543339252472,1.6595487594604492,-0.4209945797920227,project/results/qgat_extend100/seed2026/gnn/validation_epoch_97.json,project/results/qgat_extend100/seed2026/relation_D/validation_epoch_85.json
best_J,2026,V_select,49,20,97,85,8,6,1.1173611879348755,0.8766461610794067,-0.24071502685546875,1.926141619682312,1.5659308433532715,-0.3602107763290405,2.0804319977760315,1.6596115827560425,-0.420820415019989,project/results/qgat_extend100/seed2026/gnn/validation_epoch_97.json,project/results/qgat_extend100/seed2026/relation_D/validation_epoch_85.json
best_J,2026,V_select,50,5,97,85,8,6,0.7084246277809143,0.7276426553726196,0.019218027591705322,1.6283960342407227,1.714700698852539,0.0863046646118164,1.5226226449012756,1.5849930047988892,0.062370359897613525,project/results/qgat_extend100/seed2026/gnn/validation_epoch_97.json,project/results/qgat_extend100/seed2026/relation_D/validation_epoch_85.json
best_J,2026,V_select,50,10,97,85,8,6,0.7101067304611206,0.7290564775466919,0.01894974708557129,1.6304492950439453,1.7156866788864136,0.08523738384246826,1.5253313779830933,1.5868998169898987,0.06156843900680542,project/results/qgat_extend100/seed2026/gnn/validation_epoch_97.json,project/results/qgat_extend100/seed2026/relation_D/validation_epoch_85.json
best_J,2026,V_select,50,15,97,85,8,6,0.7098093032836914,0.7295337915420532,0.019724488258361816,1.629677653312683,1.716241717338562,0.0865640640258789,1.524648129940033,1.5876546502113342,0.06300652027130127,project/results/qgat_extend100/seed2026/gnn/validation_epoch_97.json,project/results/qgat_extend100/seed2026/relation_D/validation_epoch_85.json
best_J,2026,V_select,50,20,97,85,8,6,0.7100807428359985,0.7286688089370728,0.01858806610107422,1.6304820775985718,1.715004324913025,0.08452224731445312,1.5253217816352844,1.5861709713935852,0.06084918975830078,project/results/qgat_extend100/seed2026/gnn/validation_epoch_97.json,project/results/qgat_extend100/seed2026/relation_D/validation_epoch_85.json
best_J,2026,V_select,51,5,97,85,6,5,1.1252622604370117,0.9021969437599182,-0.2230653166770935,1.5858466625213623,1.1230319738388062,-0.46281468868255615,1.9181855916976929,1.4637129306793213,-0.4544726610183716,project/results/qgat_extend100/seed2026/gnn/validation_epoch_97.json,project/results/qgat_extend100/seed2026/relation_D/validation_epoch_85.json
best_J,2026,V_select,51,10,97,85,6,5,1.1248492002487183,0.9010866284370422,-0.22376257181167603,1.5870730876922607,1.120230793952942,-0.46684229373931885,1.9183857440948486,1.4612020254135132,-0.45718371868133545,project/results/qgat_extend100/seed2026/gnn/validation_epoch_97.json,project/results/qgat_extend100/seed2026/relation_D/validation_epoch_85.json
best_J,2026,V_select,51,15,97,85,6,5,1.1274747848510742,0.9075407981872559,-0.21993398666381836,1.5872533321380615,1.1203038692474365,-0.466949462890625,1.921101450920105,1.4676927328109741,-0.45340871810913086,project/results/qgat_extend100/seed2026/gnn/validation_epoch_97.json,project/results/qgat_extend100/seed2026/relation_D/validation_epoch_85.json
best_J,2026,V_select,51,20,97,85,6,5,1.1275901794433594,0.9075110554695129,-0.22007912397384644,1.5870922803878784,1.1202296018600464,-0.46686267852783203,1.9211363196372986,1.4676258563995361,-0.45351046323776245,project/results/qgat_extend100/seed2026/gnn/validation_epoch_97.json,project/results/qgat_extend100/seed2026/relation_D/validation_epoch_85.json
best_J,2026,V_select,52,5,97,85,6,5,0.7910576462745667,0.6270220875740051,-0.16403555870056152,1.8525558710098267,1.4724630117416382,-0.3800928592681885,1.71733558177948,1.3632535934448242,-0.35408198833465576,project/results/qgat_extend100/seed2026/gnn/validation_epoch_97.json,project/results/qgat_extend100/seed2026/relation_D/validation_epoch_85.json
best_J,2026,V_select,52,10,97,85,6,5,0.7909123301506042,0.6273252367973328,-0.16358709335327148,1.852383017539978,1.4735113382339478,-0.3788716793060303,1.7171038389205933,1.3640809059143066,-0.3530229330062866,project/results/qgat_extend100/seed2026/gnn/validation_epoch_97.json,project/results/qgat_extend100/seed2026/relation_D/validation_epoch_85.json
best_J,2026,V_select,52,15,97,85,6,5,0.790804922580719,0.6277182102203369,-0.16308671236038208,1.8524879217147827,1.4763743877410889,-0.37611353397369385,1.7170488834381104,1.3659054040908813,-0.351143479347229,project/results/qgat_extend100/seed2026/gnn/validation_epoch_97.json,project/results/qgat_extend100/seed2026/relation_D/validation_epoch_85.json
best_J,2026,V_select,52,20,97,85,6,5,0.7907968163490295,0.6278266906738281,-0.16297012567520142,1.8524812459945679,1.4767547845840454,-0.37572646141052246,1.7170374393463135,1.3662040829658508,-0.35083335638046265,project/results/qgat_extend100/seed2026/gnn/validation_epoch_97.json,project/results/qgat_extend100/seed2026/relation_D/validation_epoch_85.json
best_J,2026,V_select,53,5,97,85,5,5,1.4988634586334229,1.7780529260635376,0.27918946743011475,2.7236509323120117,2.9311344623565674,0.20748353004455566,2.8606889247894287,3.2436201572418213,0.3829312324523926,project/results/qgat_extend100/seed2026/gnn/validation_epoch_97.json,project/results/qgat_extend100/seed2026/relation_D/validation_epoch_85.json
best_J,2026,V_select,53,10,97,85,5,5,1.4993040561676025,1.7799345254898071,0.2806304693222046,2.723482608795166,2.933310031890869,0.20982742309570312,2.8610453605651855,3.2465895414352417,0.38554418087005615,project/results/qgat_extend100/seed2026/gnn/validation_epoch_97.json,project/results/qgat_extend100/seed2026/relation_D/validation_epoch_85.json
best_J,2026,V_select,53,15,97,85,5,5,1.498928189277649,1.7798242568969727,0.28089606761932373,2.7229208946228027,2.9330642223358154,0.2101433277130127,2.8603886365890503,3.2463563680648804,0.3859677314758301,project/results/qgat_extend100/seed2026/gnn/validation_epoch_97.json,project/results/qgat_extend100/seed2026/relation_D/validation_epoch_85.json
best_J,2026,V_select,53,20,97,85,5,5,1.4985311031341553,1.7795722484588623,0.28104114532470703,2.722080707550049,2.9320626258850098,0.20998191833496094,2.8595714569091797,3.245603561401367,0.3860321044921875,project/results/qgat_extend100/seed2026/gnn/validation_epoch_97.json,project/results/qgat_extend100/seed2026/relation_D/validation_epoch_85.json
best_J,2026,V_select,54,5,97,85,5,5,0.635306179523468,0.6280329823493958,-0.007273197174072266,1.183600664138794,1.1036441326141357,-0.0799565315246582,1.227106511592865,1.1798550486564636,-0.04725146293640137,project/results/qgat_extend100/seed2026/gnn/validation_epoch_97.json,project/results/qgat_extend100/seed2026/relation_D/validation_epoch_85.json
best_J,2026,V_select,54,10,97,85,5,5,0.6346607804298401,0.6275603175163269,-0.007100462913513184,1.1816741228103638,1.1024491786956787,-0.07922494411468506,1.225497841835022,1.1787849068641663,-0.04671293497085571,project/results/qgat_extend100/seed2026/gnn/validation_epoch_97.json,project/results/qgat_extend100/seed2026/relation_D/validation_epoch_85.json
best_J,2026,V_select,54,15,97,85,5,5,0.6349279284477234,0.6281841397285461,-0.006743788719177246,1.1828505992889404,1.1043508052825928,-0.07849979400634766,1.2263532280921936,1.1803595423698425,-0.045993685722351074,project/results/qgat_extend100/seed2026/gnn/validation_epoch_97.json,project/results/qgat_extend100/seed2026/relation_D/validation_epoch_85.json
best_J,2026,V_select,54,20,97,85,5,5,0.6349279284477234,0.6281841397285461,-0.006743788719177246,1.1828505992889404,1.1043508052825928,-0.07849979400634766,1.2263532280921936,1.1803595423698425,-0.045993685722351074,project/results/qgat_extend100/seed2026/gnn/validation_epoch_97.json,project/results/qgat_extend100/seed2026/relation_D/validation_epoch_85.json
best_J,2026,V_select,55,5,97,85,5,5,0.5052497982978821,0.5143574476242065,0.009107649326324463,1.075275182723999,0.921268105506897,-0.15400707721710205,1.0428873896598816,0.974991500377655,-0.06789588928222656,project/results/qgat_extend100/seed2026/gnn/validation_epoch_97.json,project/results/qgat_extend100/seed2026/relation_D/validation_epoch_85.json
best_J,2026,V_select,55,10,97,85,5,5,0.5056740045547485,0.5144066214561462,0.008732616901397705,1.0763221979141235,0.9208148121833801,-0.1555073857307434,1.0438351035118103,0.9748140275478363,-0.069021075963974,project/results/qgat_extend100/seed2026/gnn/validation_epoch_97.json,project/results/qgat_extend100/seed2026/relation_D/validation_epoch_85.json
best_J,2026,V_select,55,15,97,85,5,5,0.5040527582168579,0.5114269852638245,0.007374227046966553,1.0671154260635376,0.9089399576187134,-0.15817546844482422,1.0376104712486267,0.9658969640731812,-0.07171350717544556,project/results/qgat_extend100/seed2026/gnn/validation_epoch_97.json,project/results/qgat_extend100/seed2026/relation_D/validation_epoch_85.json
best_J,2026,V_select,55,20,97,85,5,5,0.5044876933097839,0.5109879970550537,0.006500303745269775,1.0679800510406494,0.9082111120223999,-0.1597689390182495,1.0384777188301086,0.9650935530662537,-0.07338416576385498,project/results/qgat_extend100/seed2026/gnn/validation_epoch_97.json,project/results/qgat_extend100/seed2026/relation_D/validation_epoch_85.json
best_J,2026,V_select,56,5,97,85,5,5,0.823859691619873,0.5878599882125854,-0.2359997034072876,1.7077652215957642,1.2598888874053955,-0.44787633419036865,1.6777423024177551,1.2178044319152832,-0.4599378705024719,project/results/qgat_extend100/seed2026/gnn/validation_epoch_97.json,project/results/qgat_extend100/seed2026/relation_D/validation_epoch_85.json
best_J,2026,V_select,56,10,97,85,5,5,0.8243098258972168,0.5872482061386108,-0.23706161975860596,1.7104084491729736,1.2600566148757935,-0.4503518342971802,1.6795140504837036,1.2172765135765076,-0.46223753690719604,project/results/qgat_extend100/seed2026/gnn/validation_epoch_97.json,project/results/qgat_extend100/seed2026/relation_D/validation_epoch_85.json
best_J,2026,V_select,56,15,97,85,5,5,0.8246758580207825,0.5877233743667603,-0.23695248365402222,1.709694266319275,1.2606828212738037,-0.4490114450454712,1.67952299118042,1.218064785003662,-0.4614582061767578,project/results/qgat_extend100/seed2026/gnn/validation_epoch_97.json,project/results/qgat_extend100/seed2026/relation_D/validation_epoch_85.json
best_J,2026,V_select,56,20,97,85,5,5,0.8242308497428894,0.5878181457519531,-0.23641270399093628,1.7087608575820923,1.2609333992004395,-0.44782745838165283,1.6786112785339355,1.2182848453521729,-0.4603264331817627,project/results/qgat_extend100/seed2026/gnn/validation_epoch_97.json,project/results/qgat_extend100/seed2026/relation_D/validation_epoch_85.json
best_J,2026,V_select,57,5,97,85,5,5,0.5335133075714111,0.6573320031166077,0.12381869554519653,0.8658879995346069,1.1059882640838623,0.24010026454925537,0.9664573073387146,1.2103261351585388,0.24386882781982422,project/results/qgat_extend100/seed2026/gnn/validation_epoch_97.json,project/results/qgat_extend100/seed2026/relation_D/validation_epoch_85.json
best_J,2026,V_select,57,10,97,85,5,5,0.5334561467170715,0.6571248769760132,0.12366873025894165,0.8671115636825562,1.1055337190628052,0.23842215538024902,0.9670119285583496,1.2098917365074158,0.24287980794906616,project/results/qgat_extend100/seed2026/gnn/validation_epoch_97.json,project/results/qgat_extend100/seed2026/relation_D/validation_epoch_85.json
best_J,2026,V_select,57,15,97,85,5,5,0.5294750332832336,0.6524130702018738,0.12293803691864014,0.8639041781425476,1.1027705669403076,0.23886638879776,0.9614271223545074,1.2037983536720276,0.24237123131752014,project/results/qgat_extend100/seed2026/gnn/validation_epoch_97.json,project/results/qgat_extend100/seed2026/relation_D/validation_epoch_85.json
best_J,2026,V_select,57,20,97,85,5,5,0.529434084892273,0.6524260640144348,0.12299197912216187,0.8638014793395996,1.102792501449585,0.23899102210998535,0.9613348245620728,1.2038223147392273,0.24248749017715454,project/results/qgat_extend100/seed2026/gnn/validation_epoch_97.json,project/results/qgat_extend100/seed2026/relation_D/validation_epoch_85.json
best_J,2026,V_select,58,5,97,85,5,5,0.7457287907600403,1.0326306819915771,0.28690189123153687,1.5613664388656616,2.202275514602661,0.6409090757369995,1.526412010192871,2.1337684392929077,0.6073564291000366,project/results/qgat_extend100/seed2026/gnn/validation_epoch_97.json,project/results/qgat_extend100/seed2026/relation_D/validation_epoch_85.json
best_J,2026,V_select,58,10,97,85,5,5,0.7454363107681274,1.0327399969100952,0.2873036861419678,1.5606801509857178,2.2023863792419434,0.6417062282562256,1.5257763862609863,2.133933186531067,0.6081568002700806,project/results/qgat_extend100/seed2026/gnn/validation_epoch_97.json,project/results/qgat_extend100/seed2026/relation_D/validation_epoch_85.json
best_J,2026,V_select,58,15,97,85,5,5,0.7456811666488647,1.0261036157608032,0.2804224491119385,1.5580259561538696,2.189838409423828,0.6318124532699585,1.5246941447257996,2.1210228204727173,0.5963286757469177,project/results/qgat_extend100/seed2026/gnn/validation_epoch_97.json,project/results/qgat_extend100/seed2026/relation_D/validation_epoch_85.json
best_J,2026,V_select,58,20,97,85,5,5,0.7457132339477539,1.0261825323104858,0.28046929836273193,1.5580925941467285,2.190082550048828,0.6319899559020996,1.5247595310211182,2.1212238073349,0.5964642763137817,project/results/qgat_extend100/seed2026/gnn/validation_epoch_97.json,project/results/qgat_extend100/seed2026/relation_D/validation_epoch_85.json
best_J,2026,V_select,59,5,97,85,5,5,0.7576082348823547,0.8134075403213501,0.05579930543899536,1.4814815521240234,1.4264310598373413,-0.05505049228668213,1.4983490109443665,1.5266230702400208,0.028274059295654297,project/results/qgat_extend100/seed2026/gnn/validation_epoch_97.json,project/results/qgat_extend100/seed2026/relation_D/validation_epoch_85.json
best_J,2026,V_select,59,10,97,85,5,5,0.7578624486923218,0.8136938214302063,0.05583137273788452,1.482204556465149,1.4272825717926025,-0.05492198467254639,1.4989647269248962,1.5273351073265076,0.028370380401611328,project/results/qgat_extend100/seed2026/gnn/validation_epoch_97.json,project/results/qgat_extend100/seed2026/relation_D/validation_epoch_85.json
best_J,2026,V_select,59,15,97,85,5,5,0.7565770149230957,0.8103958368301392,0.05381882190704346,1.4807254076004028,1.4218666553497314,-0.05885875225067139,1.4969397187232971,1.5213291645050049,0.024389445781707764,project/results/qgat_extend100/seed2026/gnn/validation_epoch_97.json,project/results/qgat_extend100/seed2026/relation_D/validation_epoch_85.json
best_J,2026,V_select,59,20,97,85,5,5,0.756609320640564,0.8102089762687683,0.053599655628204346,1.4807089567184448,1.4215223789215088,-0.059186577796936035,1.4969637989997864,1.5209701657295227,0.024006366729736328,project/results/qgat_extend100/seed2026/gnn/validation_epoch_97.json,project/results/qgat_extend100/seed2026/relation_D/validation_epoch_85.json
best_J,2026,V_select,60,5,97,85,5,5,1.0215896368026733,0.955732524394989,-0.06585711240768433,2.2349820137023926,2.159766912460327,-0.07521510124206543,2.1390806436538696,2.0356159806251526,-0.10346466302871704,project/results/qgat_extend100/seed2026/gnn/validation_epoch_97.json,project/results/qgat_extend100/seed2026/relation_D/validation_epoch_85.json
best_J,2026,V_select,60,10,97,85,5,5,1.0201985836029053,0.9620260000228882,-0.05817258358001709,2.2350518703460693,2.171632766723633,-0.06341910362243652,2.13772451877594,2.0478423833847046,-0.08988213539123535,project/results/qgat_extend100/seed2026/gnn/validation_epoch_97.json,project/results/qgat_extend100/seed2026/relation_D/validation_epoch_85.json
best_J,2026,V_select,60,15,97,85,5,5,1.0202727317810059,0.9648882150650024,-0.05538451671600342,2.2345573902130127,2.1722869873046875,-0.062270402908325195,2.137551426887512,2.051031708717346,-0.08651971817016602,project/results/qgat_extend100/seed2026/gnn/validation_epoch_97.json,project/results/qgat_extend100/seed2026/relation_D/validation_epoch_85.json
best_J,2026,V_select,60,20,97,85,5,5,1.0202727317810059,0.9648882150650024,-0.05538451671600342,2.2345573902130127,2.1722869873046875,-0.062270402908325195,2.137551426887512,2.051031708717346,-0.08651971817016602,project/results/qgat_extend100/seed2026/gnn/validation_epoch_97.json,project/results/qgat_extend100/seed2026/relation_D/validation_epoch_85.json
best_J,2026,V_select,61,5,97,85,5,5,0.8804483413696289,0.7076364159584045,-0.17281192541122437,1.576799750328064,1.4243948459625244,-0.15240490436553955,1.6688482165336609,1.4198338389396667,-0.24901437759399414,project/results/qgat_extend100/seed2026/gnn/validation_epoch_97.json,project/results/qgat_extend100/seed2026/relation_D/validation_epoch_85.json
best_J,2026,V_select,61,10,97,85,5,5,0.8814358711242676,0.7065993547439575,-0.17483651638031006,1.5811914205551147,1.42415189743042,-0.15703952312469482,1.672031581401825,1.4186753034591675,-0.25335627794265747,project/results/qgat_extend100/seed2026/gnn/validation_epoch_97.json,project/results/qgat_extend100/seed2026/relation_D/validation_epoch_85.json
best_J,2026,V_select,61,15,97,85,5,5,0.8809776306152344,0.7059537768363953,-0.1750238537788391,1.5796900987625122,1.4227527379989624,-0.1569373607635498,1.6708226799964905,1.4173301458358765,-0.253492534160614,project/results/qgat_extend100/seed2026/gnn/validation_epoch_97.json,project/results/qgat_extend100/seed2026/relation_D/validation_epoch_85.json
best_J,2026,V_select,61,20,97,85,5,5,0.8809493184089661,0.7059769034385681,-0.17497241497039795,1.5797059535980225,1.4228360652923584,-0.15686988830566406,1.6708022952079773,1.4173949360847473,-0.25340735912323,project/results/qgat_extend100/seed2026/gnn/validation_epoch_97.json,project/results/qgat_extend100/seed2026/relation_D/validation_epoch_85.json
best_J,2026,V_select,62,5,97,85,5,5,0.6855963468551636,0.8929027318954468,0.2073063850402832,1.5971176624298096,1.9820295572280884,0.3849118947982788,1.4841551780700684,1.883917510509491,0.3997623324394226,project/results/qgat_extend100/seed2026/gnn/validation_epoch_97.json,project/results/qgat_extend100/seed2026/relation_D/validation_epoch_85.json
best_J,2026,V_select,62,10,97,85,5,5,0.6874047517776489,0.8939961194992065,0.20659136772155762,1.6004514694213867,1.984666109085083,0.3842146396636963,1.4876304864883423,1.886329174041748,0.39869868755340576,project/results/qgat_extend100/seed2026/gnn/validation_epoch_97.json,project/results/qgat_extend100/seed2026/relation_D/validation_epoch_85.json
best_J,2026,V_select,62,15,97,85,5,5,0.6871880292892456,0.8941510319709778,0.20696300268173218,1.6004531383514404,1.985478401184082,0.3850252628326416,1.4874145984649658,1.8868902325630188,0.399475634098053,project/results/qgat_extend100/seed2026/gnn/validation_epoch_97.json,project/results/qgat_extend100/seed2026/relation_D/validation_epoch_85.json
best_J,2026,V_select,62,20,97,85,5,5,0.6869084239006042,0.8939951062202454,0.2070866823196411,1.59982168674469,1.9851624965667725,0.3853408098220825,1.4868192672729492,1.8865763545036316,0.3997570872306824,project/results/qgat_extend100/seed2026/gnn/validation_epoch_97.json,project/results/qgat_extend100/seed2026/relation_D/validation_epoch_85.json
best_J,2026,V_select,63,5,97,85,5,5,0.9490747451782227,1.134550929069519,0.1854761838912964,1.8013006448745728,2.402805805206299,0.6015051603317261,1.849725067615509,2.3359538316726685,0.4862287640571594,project/results/qgat_extend100/seed2026/gnn/validation_epoch_97.json,project/results/qgat_extend100/seed2026/relation_D/validation_epoch_85.json
best_J,2026,V_select,63,10,97,85,5,5,0.9500936269760132,1.135441541671753,0.18534791469573975,1.804652214050293,2.403987407684326,0.5993351936340332,1.8524197340011597,2.337435245513916,0.48501551151275635,project/results/qgat_extend100/seed2026/gnn/validation_epoch_97.json,project/results/qgat_extend100/seed2026/relation_D/validation_epoch_85.json
best_J,2026,V_select,63,15,97,85,5,5,0.9500746726989746,1.1353839635849,0.1853092908859253,1.8047807216644287,2.404165506362915,0.5993847846984863,1.852465033531189,2.3374667167663574,0.48500168323516846,project/results/qgat_extend100/seed2026/gnn/validation_epoch_97.json,project/results/qgat_extend100/seed2026/relation_D/validation_epoch_85.json
best_J,2026,V_select,63,20,97,85,5,5,0.9498063325881958,1.1351077556610107,0.18530142307281494,1.8041419982910156,2.403773546218872,0.5996315479278564,1.8518773317337036,2.3369945287704468,0.48511719703674316,project/results/qgat_extend100/seed2026/gnn/validation_epoch_97.json,project/results/qgat_extend100/seed2026/relation_D/validation_epoch_85.json
best_J,2026,V_select,64,5,97,85,8,8,0.4994713068008423,0.5636037588119507,0.0641324520111084,0.9826360940933228,1.1217646598815918,0.13912856578826904,0.9907893538475037,1.1244860887527466,0.13369673490524292,project/results/qgat_extend100/seed2026/gnn/validation_epoch_97.json,project/results/qgat_extend100/seed2026/relation_D/validation_epoch_85.json
best_J,2026,V_select,64,10,97,85,8,8,0.4979252219200134,0.5628175735473633,0.06489235162734985,0.9795109033584595,1.1216754913330078,0.14216458797454834,0.9876806735992432,1.1236553192138672,0.13597464561462402,project/results/qgat_extend100/seed2026/gnn/validation_epoch_97.json,project/results/qgat_extend100/seed2026/relation_D/validation_epoch_85.json
best_J,2026,V_select,64,15,97,85,8,8,0.49554866552352905,0.5613185167312622,0.06576985120773315,0.9739090800285339,1.1181468963623047,0.14423781633377075,0.982503205537796,1.1203919649124146,0.13788875937461853,project/results/qgat_extend100/seed2026/gnn/validation_epoch_97.json,project/results/qgat_extend100/seed2026/relation_D/validation_epoch_85.json
best_J,2026,V_select,64,20,97,85,8,8,0.49553734064102173,0.5614809989929199,0.0659436583518982,0.9738292098045349,1.118584156036377,0.14475494623184204,0.9824519455432892,1.1207730770111084,0.1383211314678192,project/results/qgat_extend100/seed2026/gnn/validation_epoch_97.json,project/results/qgat_extend100/seed2026/relation_D/validation_epoch_85.json
best_J,2026,V_select,65,5,97,85,8,8,0.6969475150108337,0.7188320159912109,0.021884500980377197,1.3716211318969727,1.5295995473861694,0.15797841548919678,1.38275808095932,1.4836317896842957,0.10087370872497559,project/results/qgat_extend100/seed2026/gnn/validation_epoch_97.json,project/results/qgat_extend100/seed2026/relation_D/validation_epoch_85.json
best_J,2026,V_select,65,10,97,85,8,8,0.6998655796051025,0.7184154391288757,0.018549859523773193,1.3744714260101318,1.529665231704712,0.15519380569458008,1.3871012926101685,1.4832480549812317,0.09614676237106323,project/results/qgat_extend100/seed2026/gnn/validation_epoch_97.json,project/results/qgat_extend100/seed2026/relation_D/validation_epoch_85.json
best_J,2026,V_select,65,15,97,85,8,8,0.697684109210968,0.7171117067337036,0.019427597522735596,1.3730758428573608,1.5301350355148315,0.1570591926574707,1.3842220306396484,1.4821792244911194,0.09795719385147095,project/results/qgat_extend100/seed2026/gnn/validation_epoch_97.json,project/results/qgat_extend100/seed2026/relation_D/validation_epoch_85.json
best_J,2026,V_select,65,20,97,85,8,8,0.6977211236953735,0.7171266674995422,0.0194055438041687,1.3731517791748047,1.5301710367202759,0.1570192575454712,1.3842970132827759,1.4822121858596802,0.0979151725769043,project/results/qgat_extend100/seed2026/gnn/validation_epoch_97.json,project/results/qgat_extend100/seed2026/relation_D/validation_epoch_85.json
best_J,2026,V_select,66,5,97,85,8,8,0.3872785270214081,0.5240312218666077,0.13675269484519958,0.8539763689041138,1.2279117107391357,0.373935341835022,0.814266711473465,1.1379870772361755,0.32372036576271057,project/results/qgat_extend100/seed2026/gnn/validation_epoch_97.json,project/results/qgat_extend100/seed2026/relation_D/validation_epoch_85.json
best_J,2026,V_select,66,10,97,85,8,8,0.38729164004325867,0.523784875869751,0.1364932358264923,0.8543601036071777,1.2274138927459717,0.37305378913879395,0.8144716918468475,1.1374918222427368,0.3230201303958893,project/results/qgat_extend100/seed2026/gnn/validation_epoch_97.json,project/results/qgat_extend100/seed2026/relation_D/validation_epoch_85.json
best_J,2026,V_select,66,15,97,85,8,8,0.3870823383331299,0.5236857533454895,0.13660341501235962,0.8537365198135376,1.2271744012832642,0.37343788146972656,0.8139505982398987,1.1372729539871216,0.3233223557472229,project/results/qgat_extend100/seed2026/gnn/validation_epoch_97.json,project/results/qgat_extend100/seed2026/relation_D/validation_epoch_85.json
best_J,2026,V_select,66,20,97,85,8,8,0.38411352038383484,0.5220702290534973,0.13795670866966248,0.8461757898330688,1.22394597530365,0.37777018547058105,0.8072014153003693,1.1340432167053223,0.326841801404953,project/results/qgat_extend100/seed2026/gnn/validation_epoch_97.json,project/results/qgat_extend100/seed2026/relation_D/validation_epoch_85.json
best_J,2026,V_select,67,5,97,85,8,8,0.6208494901657104,0.5420129299163818,-0.07883656024932861,1.3830987215042114,1.1964094638824463,-0.18668925762176514,1.3123988509178162,1.140217661857605,-0.17218118906021118,project/results/qgat_extend100/seed2026/gnn/validation_epoch_97.json,project/results/qgat_extend100/seed2026/relation_D/validation_epoch_85.json
best_J,2026,V_select,67,10,97,85,8,8,0.6200956702232361,0.541573703289032,-0.0785219669342041,1.381988763809204,1.1946346759796143,-0.18735408782958984,1.3110900521278381,1.1388910412788391,-0.17219901084899902,project/results/qgat_extend100/seed2026/gnn/validation_epoch_97.json,project/results/qgat_extend100/seed2026/relation_D/validation_epoch_85.json
best_J,2026,V_select,67,15,97,85,8,8,0.6209917068481445,0.5409401059150696,-0.08005160093307495,1.3839538097381592,1.1925559043884277,-0.19139790534973145,1.3129686117172241,1.1372180581092834,-0.17575055360794067,project/results/qgat_extend100/seed2026/gnn/validation_epoch_97.json,project/results/qgat_extend100/seed2026/relation_D/validation_epoch_85.json
best_J,2026,V_select,67,20,97,85,8,8,0.6207002401351929,0.5411034822463989,-0.07959675788879395,1.3831005096435547,1.192823052406311,-0.19027745723724365,1.3122504949569702,1.1375150084495544,-0.17473548650741577,project/results/qgat_extend100/seed2026/gnn/validation_epoch_97.json,project/results/qgat_extend100/seed2026/relation_D/validation_epoch_85.json
best_J,2026,V_select,68,5,97,85,8,8,0.6469802260398865,0.7648962140083313,0.11791598796844482,1.2427337169647217,1.5045106410980225,0.2617769241333008,1.2683470845222473,1.5171515345573425,0.24880445003509521,project/results/qgat_extend100/seed2026/gnn/validation_epoch_97.json,project/results/qgat_extend100/seed2026/relation_D/validation_epoch_85.json
best_J,2026,V_select,68,10,97,85,8,8,0.645708441734314,0.7651918530464172,0.11948341131210327,1.2405699491500854,1.505638837814331,0.2650688886642456,1.2659934163093567,1.5180112719535828,0.2520178556442261,project/results/qgat_extend100/seed2026/gnn/validation_epoch_97.json,project/results/qgat_extend100/seed2026/relation_D/validation_epoch_85.json
best_J,2026,V_select,68,15,97,85,8,8,0.6450759768486023,0.7649750113487244,0.11989903450012207,1.2390849590301514,1.5046498775482178,0.2655649185180664,1.264618456363678,1.5172999501228333,0.2526814937591553,project/results/qgat_extend100/seed2026/gnn/validation_epoch_97.json,project/results/qgat_extend100/seed2026/relation_D/validation_epoch_85.json
best_J,2026,V_select,68,20,97,85,8,8,0.6450828909873962,0.7649796009063721,0.11989670991897583,1.2391012907028198,1.5046736001968384,0.26557230949401855,1.2646335363388062,1.5173164010047913,0.2526828646659851,project/results/qgat_extend100/seed2026/gnn/validation_epoch_97.json,project/results/qgat_extend100/seed2026/relation_D/validation_epoch_85.json
best_J,2026,V_select,69,5,97,85,8,8,0.49443721771240234,0.638383686542511,0.14394646883010864,0.9175035357475281,1.3642208576202393,0.4467173218727112,0.9531889855861664,1.3204941153526306,0.36730512976646423,project/results/qgat_extend100/seed2026/gnn/validation_epoch_97.json,project/results/qgat_extend100/seed2026/relation_D/validation_epoch_85.json
best_J,2026,V_select,69,10,97,85,8,8,0.49471551179885864,0.6372185945510864,0.14250308275222778,0.9182299971580505,1.3608187437057495,0.442588746547699,0.9538305103778839,1.3176279664039612,0.36379745602607727,project/results/qgat_extend100/seed2026/gnn/validation_epoch_97.json,project/results/qgat_extend100/seed2026/relation_D/validation_epoch_85.json
best_J,2026,V_select,69,15,97,85,8,8,0.494551420211792,0.6372782588005066,0.1427268385887146,0.9177557826042175,1.3611431121826172,0.44338732957839966,0.9534293115139008,1.3178498148918152,0.36442050337791443,project/results/qgat_extend100/seed2026/gnn/validation_epoch_97.json,project/results/qgat_extend100/seed2026/relation_D/validation_epoch_85.json
best_J,2026,V_select,69,20,97,85,8,8,0.494787335395813,0.63677579164505,0.14198845624923706,0.9187002778053284,1.3613989353179932,0.4426986575126648,0.9541374742984772,1.3174752593040466,0.36333778500556946,project/results/qgat_extend100/seed2026/gnn/validation_epoch_97.json,project/results/qgat_extend100/seed2026/relation_D/validation_epoch_85.json
best_J,2026,V_select,70,5,97,85,8,8,0.3184756338596344,0.36031386256217957,0.041838228702545166,0.5903579592704773,0.7782939672470093,0.18793600797653198,0.613654613494873,0.7494608461856842,0.13580623269081116,project/results/qgat_extend100/seed2026/gnn/validation_epoch_97.json,project/results/qgat_extend100/seed2026/relation_D/validation_epoch_85.json
best_J,2026,V_select,70,10,97,85,8,8,0.32036393880844116,0.3604392111301422,0.04007527232170105,0.5937368273735046,0.7792907357215881,0.1855539083480835,0.6172323524951935,0.7500845789909363,0.1328522264957428,project/results/qgat_extend100/seed2026/gnn/validation_epoch_97.json,project/results/qgat_extend100/seed2026/relation_D/validation_epoch_85.json
best_J,2026,V_select,70,15,97,85,8,8,0.32032740116119385,0.3604681193828583,0.04014071822166443,0.5936148166656494,0.7793171405792236,0.18570232391357422,0.6171348094940186,0.7501266896724701,0.13299188017845154,project/results/qgat_extend100/seed2026/gnn/validation_epoch_97.json,project/results/qgat_extend100/seed2026/relation_D/validation_epoch_85.json
best_J,2026,V_select,70,20,97,85,8,8,0.31975919008255005,0.36007583141326904,0.040316641330718994,0.5917856097221375,0.7780031561851501,0.1862175464630127,0.6156519949436188,0.7490774095058441,0.13342541456222534,project/results/qgat_extend100/seed2026/gnn/validation_epoch_97.json,project/results/qgat_extend100/seed2026/relation_D/validation_epoch_85.json
best_J,2026,V_select,71,5,97,85,8,8,0.28109288215637207,0.30844295024871826,0.02735006809234619,0.5871628522872925,0.6904882788658142,0.10332542657852173,0.5746743083000183,0.6536870896816254,0.07901278138160706,project/results/qgat_extend100/seed2026/gnn/validation_epoch_97.json,project/results/qgat_extend100/seed2026/relation_D/validation_epoch_85.json
best_J,2026,V_select,71,10,97,85,8,8,0.27815166115760803,0.30734455585479736,0.02919289469718933,0.5800946950912476,0.6869148015975952,0.10682010650634766,0.5681990087032318,0.650801956653595,0.08260294795036316,project/results/qgat_extend100/seed2026/gnn/validation_epoch_97.json,project/results/qgat_extend100/seed2026/relation_D/validation_epoch_85.json
best_J,2026,V_select,71,15,97,85,8,8,0.2766599953174591,0.3071935176849365,0.030533522367477417,0.5830979347229004,0.687232255935669,0.10413432121276855,0.5682089626789093,0.650809645652771,0.0826006829738617,project/results/qgat_extend100/seed2026/gnn/validation_epoch_97.json,project/results/qgat_extend100/seed2026/relation_D/validation_epoch_85.json
best_J,2026,V_select,71,20,97,85,8,8,0.2768941819667816,0.30749550461769104,0.030601322650909424,0.5835057497024536,0.6877768039703369,0.1042710542678833,0.5686470568180084,0.6513839066028595,0.08273684978485107,project/results/qgat_extend100/seed2026/gnn/validation_epoch_97.json,project/results/qgat_extend100/seed2026/relation_D/validation_epoch_85.json
best_J,2026,V_select,72,5,97,85,8,7,0.28373417258262634,0.3075101673603058,0.023775994777679443,0.6063510179519653,0.5410877466201782,-0.06526327133178711,0.586909681558609,0.5780540406703949,-0.008855640888214111,project/results/qgat_extend100/seed2026/gnn/validation_epoch_97.json,project/results/qgat_extend100/seed2026/relation_D/validation_epoch_85.json
best_J,2026,V_select,72,10,97,85,8,7,0.28148844838142395,0.30668923258781433,0.02520078420639038,0.6043747663497925,0.53923499584198,-0.0651397705078125,0.5836758315563202,0.5763067305088043,-0.007369101047515869,project/results/qgat_extend100/seed2026/gnn/validation_epoch_97.json,project/results/qgat_extend100/seed2026/relation_D/validation_epoch_85.json
best_J,2026,V_select,72,15,97,85,8,7,0.2809053957462311,0.30386272072792053,0.022957324981689453,0.6045780181884766,0.5394759774208069,-0.06510204076766968,0.5831944048404694,0.573600709438324,-0.009593695402145386,project/results/qgat_extend100/seed2026/gnn/validation_epoch_97.json,project/results/qgat_extend100/seed2026/relation_D/validation_epoch_85.json
best_J,2026,V_select,72,20,97,85,8,7,0.28077757358551025,0.30377036333084106,0.02299278974533081,0.6040987372398376,0.5391600131988525,-0.06493872404098511,0.5828269422054291,0.5733503699302673,-0.009476572275161743,project/results/qgat_extend100/seed2026/gnn/validation_epoch_97.json,project/results/qgat_extend100/seed2026/relation_D/validation_epoch_85.json
best_J,2026,V_select,73,5,97,85,8,7,0.4342442452907562,0.3578953146934509,-0.0763489305973053,1.0706206560134888,0.7640603184700012,-0.30656033754348755,0.9695545732975006,0.7399254739284515,-0.22962909936904907,project/results/qgat_extend100/seed2026/gnn/validation_epoch_97.json,project/results/qgat_extend100/seed2026/relation_D/validation_epoch_85.json
best_J,2026,V_select,73,10,97,85,8,7,0.4374249577522278,0.36116763949394226,-0.07625731825828552,1.0775647163391113,0.7712305188179016,-0.3063341975212097,0.9762073159217834,0.7467828989028931,-0.22942441701889038,project/results/qgat_extend100/seed2026/gnn/validation_epoch_97.json,project/results/qgat_extend100/seed2026/relation_D/validation_epoch_85.json
best_J,2026,V_select,73,15,97,85,8,7,0.43744874000549316,0.36120349168777466,-0.0762452483177185,1.0775541067123413,0.7713587880134583,-0.30619531869888306,0.9762257933616638,0.7468828856945038,-0.22934290766716003,project/results/qgat_extend100/seed2026/gnn/validation_epoch_97.json,project/results/qgat_extend100/seed2026/relation_D/validation_epoch_85.json
best_J,2026,V_select,73,20,97,85,8,7,0.43752697110176086,0.36120012402534485,-0.07632684707641602,1.0777281522750854,0.7713407278060913,-0.30638742446899414,0.9763910472393036,0.7468704879283905,-0.22952055931091309,project/results/qgat_extend100/seed2026/gnn/validation_epoch_97.json,project/results/qgat_extend100/seed2026/relation_D/validation_epoch_85.json
best_J,2026,V_select,74,5,97,85,7,6,0.4004487693309784,0.44671663641929626,0.04626786708831787,0.6598471999168396,0.6885259747505188,0.0286787748336792,0.7303723692893982,0.7909796237945557,0.06060725450515747,project/results/qgat_extend100/seed2026/gnn/validation_epoch_97.json,project/results/qgat_extend100/seed2026/relation_D/validation_epoch_85.json
best_J,2026,V_select,74,10,97,85,7,6,0.40053820610046387,0.4466732144355774,0.046135008335113525,0.6598415970802307,0.688521683216095,0.028680086135864258,0.7304590046405792,0.7909340560436249,0.060475051403045654,project/results/qgat_extend100/seed2026/gnn/validation_epoch_97.json,project/results/qgat_extend100/seed2026/relation_D/validation_epoch_85.json
best_J,2026,V_select,74,15,97,85,7,6,0.40052667260169983,0.446660578250885,0.04613390564918518,0.6598339676856995,0.6884934902191162,0.028659522533416748,0.7304436564445496,0.7909073233604431,0.060463666915893555,project/results/qgat_extend100/seed2026/gnn/validation_epoch_97.json,project/results/qgat_extend100/seed2026/relation_D/validation_epoch_85.json
best_J,2026,V_select,74,20,97,85,7,6,0.40052667260169983,0.446660578250885,0.04613390564918518,0.6598339676856995,0.6884934902191162,0.028659522533416748,0.7304436564445496,0.7909073233604431,0.060463666915893555,project/results/qgat_extend100/seed2026/gnn/validation_epoch_97.json,project/results/qgat_extend100/seed2026/relation_D/validation_epoch_85.json
best_J,2026,V_select,75,5,97,85,7,6,0.12022136896848679,0.16686896979808807,0.04664760082960129,0.19082780182361603,0.2680591344833374,0.07723133265972137,0.2156352698802948,0.3008985370397568,0.08526326715946198,project/results/qgat_extend100/seed2026/gnn/validation_epoch_97.json,project/results/qgat_extend100/seed2026/relation_D/validation_epoch_85.json
best_J,2026,V_select,75,10,97,85,7,6,0.12023496627807617,0.16684432327747345,0.04660935699939728,0.1909056156873703,0.26805493235588074,0.07714931666851044,0.21568777412176132,0.3008717894554138,0.0851840153336525,project/results/qgat_extend100/seed2026/gnn/validation_epoch_97.json,project/results/qgat_extend100/seed2026/relation_D/validation_epoch_85.json
best_J,2026,V_select,75,15,97,85,7,6,0.12022184580564499,0.16680732369422913,0.04658547788858414,0.19121432304382324,0.26816752552986145,0.07695320248603821,0.2158290073275566,0.30089108645915985,0.08506207913160324,project/results/qgat_extend100/seed2026/gnn/validation_epoch_97.json,project/results/qgat_extend100/seed2026/relation_D/validation_epoch_85.json
best_J,2026,V_select,75,20,97,85,7,6,0.1202046275138855,0.16687573492527008,0.04667110741138458,0.19168610870838165,0.2686307728290558,0.07694466412067413,0.21604768186807632,0.301191121339798,0.08514343947172165,project/results/qgat_extend100/seed2026/gnn/validation_epoch_97.json,project/results/qgat_extend100/seed2026/relation_D/validation_epoch_85.json
best_J,2026,V_select,76,5,97,85,6,6,0.3056565225124359,0.18629996478557587,-0.11935655772686005,0.8499110341072083,0.5150567889213562,-0.33485424518585205,0.73061203956604,0.44382835924625397,-0.28678368031978607,project/results/qgat_extend100/seed2026/gnn/validation_epoch_97.json,project/results/qgat_extend100/seed2026/relation_D/validation_epoch_85.json
best_J,2026,V_select,76,10,97,85,6,6,0.3056562840938568,0.18629926443099976,-0.11935701966285706,0.8499084115028381,0.5150560736656189,-0.33485233783721924,0.7306104898452759,0.4438273012638092,-0.2867831885814667,project/results/qgat_extend100/seed2026/gnn/validation_epoch_97.json,project/results/qgat_extend100/seed2026/relation_D/validation_epoch_85.json
best_J,2026,V_select,76,15,97,85,6,6,0.30515697598457336,0.1864718645811081,-0.11868511140346527,0.8500895500183105,0.514985978603363,-0.3351035714149475,0.7302017509937286,0.4439648538827896,-0.286236897110939,project/results/qgat_extend100/seed2026/gnn/validation_epoch_97.json,project/results/qgat_extend100/seed2026/relation_D/validation_epoch_85.json
best_J,2026,V_select,76,20,97,85,6,6,0.3040775656700134,0.18608307838439941,-0.11799448728561401,0.847195565700531,0.5131464004516602,-0.33404916524887085,0.7276753485202789,0.4426562786102295,-0.28501906991004944,project/results/qgat_extend100/seed2026/gnn/validation_epoch_97.json,project/results/qgat_extend100/seed2026/relation_D/validation_epoch_85.json
best_J,2026,V_select,77,5,97,85,6,6,0.7545337080955505,0.5899444818496704,-0.16458922624588013,1.5795670747756958,1.2101861238479614,-0.3693809509277344,1.5443172454833984,1.1950375437736511,-0.3492797017097473,project/results/qgat_extend100/seed2026/gnn/validation_epoch_97.json,project/results/qgat_extend100/seed2026/relation_D/validation_epoch_85.json
best_J,2026,V_select,77,10,97,85,6,6,0.7544743418693542,0.5895310044288635,-0.16494333744049072,1.5794129371643066,1.2093077898025513,-0.37010514736175537,1.5441808104515076,1.1941848993301392,-0.3499959111213684,project/results/qgat_extend100/seed2026/gnn/validation_epoch_97.json,project/results/qgat_extend100/seed2026/relation_D/validation_epoch_85.json
best_J,2026,V_select,77,15,97,85,6,6,0.7544756531715393,0.5895299911499023,-0.16494566202163696,1.5794099569320679,1.2093040943145752,-0.3701058626174927,1.5441806316375732,1.19418203830719,-0.3499985933303833,project/results/qgat_extend100/seed2026/gnn/validation_epoch_97.json,project/results/qgat_extend100/seed2026/relation_D/validation_epoch_85.json
best_J,2026,V_select,77,20,97,85,6,6,0.7544765472412109,0.5895292162895203,-0.16494733095169067,1.5794086456298828,1.2093034982681274,-0.37010514736175537,1.5441808700561523,1.194180965423584,-0.34999990463256836,project/results/qgat_extend100/seed2026/gnn/validation_epoch_97.json,project/results/qgat_extend100/seed2026/relation_D/validation_epoch_85.json
best_J,2026,V_select,78,5,97,85,6,6,0.09828928112983704,0.10254082828760147,0.004251547157764435,0.10062436014413834,0.10534190386533737,0.004717543721199036,0.1486014612019062,0.15521178022027016,0.006610319018363953,project/results/qgat_extend100/seed2026/gnn/validation_epoch_97.json,project/results/qgat_extend100/seed2026/relation_D/validation_epoch_85.json
best_J,2026,V_select,78,10,97,85,6,6,0.09759516268968582,0.10083528608083725,0.0032401233911514282,0.10016817599534988,0.10480152815580368,0.004633352160453796,0.14767925068736076,0.1532360501587391,0.005556799471378326,project/results/qgat_extend100/seed2026/gnn/validation_epoch_97.json,project/results/qgat_extend100/seed2026/relation_D/validation_epoch_85.json
best_J,2026,V_select,78,15,97,85,6,6,0.09814441204071045,0.1015504002571106,0.0034059882164001465,0.10072419792413712,0.1053471788764,0.004622980952262878,0.148506511002779,0.1542239896953106,0.005717478692531586,project/results/qgat_extend100/seed2026/gnn/validation_epoch_97.json,project/results/qgat_extend100/seed2026/relation_D/validation_epoch_85.json
best_J,2026,V_select,78,20,97,85,6,6,0.09814461320638657,0.10155006498098373,0.003405451774597168,0.10072011500597,0.10534650832414627,0.0046263933181762695,0.14850467070937157,0.15422331914305687,0.005718648433685303,project/results/qgat_extend100/seed2026/gnn/validation_epoch_97.json,project/results/qgat_extend100/seed2026/relation_D/validation_epoch_85.json
best_J,2026,V_select,79,5,97,85,6,6,0.1657060831785202,0.18925833702087402,0.02355225384235382,0.27462050318717957,0.10785172134637833,-0.16676878184080124,0.30301633477211,0.2431841976940632,-0.0598321370780468,project/results/qgat_extend100/seed2026/gnn/validation_epoch_97.json,project/results/qgat_extend100/seed2026/relation_D/validation_epoch_85.json
best_J,2026,V_select,79,10,97,85,6,6,0.16513101756572723,0.18706537783145905,0.02193436026573181,0.273754745721817,0.10404113680124283,-0.1697136089205742,0.30200839042663574,0.23908594623208046,-0.06292244419455528,project/results/qgat_extend100/seed2026/gnn/validation_epoch_97.json,project/results/qgat_extend100/seed2026/relation_D/validation_epoch_85.json
best_J,2026,V_select,79,15,97,85,6,6,0.164963498711586,0.1870734542608261,0.022109955549240112,0.2735927402973175,0.1041986271739006,-0.1693941131234169,0.30175986886024475,0.2391727678477764,-0.06258710101246834,project/results/qgat_extend100/seed2026/gnn/validation_epoch_97.json,project/results/qgat_extend100/seed2026/relation_D/validation_epoch_85.json
best_J,2026,V_select,79,20,97,85,6,6,0.1650737076997757,0.18723012506961823,0.02215641736984253,0.27375754714012146,0.10445946455001831,-0.16929808259010315,0.3019524812698364,0.23945985734462738,-0.062492623925209045,project/results/qgat_extend100/seed2026/gnn/validation_epoch_97.json,project/results/qgat_extend100/seed2026/relation_D/validation_epoch_85.json
best_J,2026,V_select,80,5,97,85,8,8,1.0025442838668823,0.7979533672332764,-0.20459091663360596,2.0935044288635254,1.7827211618423462,-0.3107832670211792,2.049296498298645,1.6893139481544495,-0.35998255014419556,project/results/qgat_extend100/seed2026/gnn/validation_epoch_97.json,project/results/qgat_extend100/seed2026/relation_D/validation_epoch_85.json
best_J,2026,V_select,80,10,97,85,8,8,1.0059763193130493,0.8013803958892822,-0.2045959234237671,2.1001479625701904,1.789531946182251,-0.31061601638793945,2.0560503005981445,1.6961463689804077,-0.3599039316177368,project/results/qgat_extend100/seed2026/gnn/validation_epoch_97.json,project/results/qgat_extend100/seed2026/relation_D/validation_epoch_85.json
best_J,2026,V_select,80,15,97,85,8,8,1.0072194337844849,0.8019169569015503,-0.20530247688293457,2.1033756732940674,1.7908731698989868,-0.31250250339508057,2.0589072704315186,1.6973535418510437,-0.36155372858047485,project/results/qgat_extend100/seed2026/gnn/validation_epoch_97.json,project/results/qgat_extend100/seed2026/relation_D/validation_epoch_85.json
best_J,2026,V_select,80,20,97,85,8,8,1.0075674057006836,0.8020015954971313,-0.20556581020355225,2.1041312217712402,1.7912505865097046,-0.31288063526153564,2.0596330165863037,1.6976268887519836,-0.36200612783432007,project/results/qgat_extend100/seed2026/gnn/validation_epoch_97.json,project/results/qgat_extend100/seed2026/relation_D/validation_epoch_85.json
best_J,2026,V_select,81,5,97,85,8,7,1.2967548370361328,0.8532084226608276,-0.4435464143753052,2.929485321044922,1.9943417310714722,-0.9351435899734497,2.7614974975585938,1.8503792881965637,-0.91111820936203,project/results/qgat_extend100/seed2026/gnn/validation_epoch_97.json,project/results/qgat_extend100/seed2026/relation_D/validation_epoch_85.json
best_J,2026,V_select,81,10,97,85,8,7,1.2969310283660889,0.8529871702194214,-0.4439438581466675,2.9300386905670166,1.9941171407699585,-0.9359215497970581,2.761950373649597,1.8500457406044006,-0.9119046330451965,project/results/qgat_extend100/seed2026/gnn/validation_epoch_97.json,project/results/qgat_extend100/seed2026/relation_D/validation_epoch_85.json
best_J,2026,V_select,81,15,97,85,8,7,1.2983269691467285,0.852699875831604,-0.4456270933151245,2.933202028274536,1.9932676553726196,-0.9399343729019165,2.7649279832839966,1.8493337035179138,-0.9155942797660828,project/results/qgat_extend100/seed2026/gnn/validation_epoch_97.json,project/results/qgat_extend100/seed2026/relation_D/validation_epoch_85.json
best_J,2026,V_select,81,20,97,85,8,7,1.2983934879302979,0.8527054786682129,-0.44568800926208496,2.933257579803467,1.9932548999786377,-0.9400026798248291,2.7650222778320312,1.8493329286575317,-0.9156893491744995,project/results/qgat_extend100/seed2026/gnn/validation_epoch_97.json,project/results/qgat_extend100/seed2026/relation_D/validation_epoch_85.json
best_J,2026,V_select,82,5,97,85,7,7,0.7590193152427673,0.7917913794517517,0.032772064208984375,1.3184053897857666,1.3555768728256226,0.03717148303985596,1.4182220101356506,1.469579815864563,0.051357805728912354,project/results/qgat_extend100/seed2026/gnn/validation_epoch_97.json,project/results/qgat_extend100/seed2026/relation_D/validation_epoch_85.json
best_J,2026,V_select,82,10,97,85,7,7,0.7559767961502075,0.7883749604225159,0.03239816427230835,1.315816879272461,1.3525570631027222,0.03674018383026123,1.413885235786438,1.464653491973877,0.050768256187438965,project/results/qgat_extend100/seed2026/gnn/validation_epoch_97.json,project/results/qgat_extend100/seed2026/relation_D/validation_epoch_85.json
best_J,2026,V_select,82,15,97,85,7,7,0.7570651769638062,0.7886502146720886,0.03158503770828247,1.3180350065231323,1.35293710231781,0.034902095794677734,1.4160826802253723,1.4651187658309937,0.04903608560562134,project/results/qgat_extend100/seed2026/gnn/validation_epoch_97.json,project/results/qgat_extend100/seed2026/relation_D/validation_epoch_85.json
best_J,2026,V_select,82,20,97,85,7,7,0.7570651769638062,0.7886502146720886,0.03158503770828247,1.3180350065231323,1.35293710231781,0.034902095794677734,1.4160826802253723,1.4651187658309937,0.04903608560562134,project/results/qgat_extend100/seed2026/gnn/validation_epoch_97.json,project/results/qgat_extend100/seed2026/relation_D/validation_epoch_85.json
best_J,2026,V_select,83,5,97,85,7,7,0.8462256193161011,0.87757408618927,0.031348466873168945,1.8740476369857788,1.7364795207977295,-0.13756811618804932,1.7832494378089905,1.7458138465881348,-0.03743559122085571,project/results/qgat_extend100/seed2026/gnn/validation_epoch_97.json,project/results/qgat_extend100/seed2026/relation_D/validation_epoch_85.json
best_J,2026,V_select,83,10,97,85,7,7,0.8458454012870789,0.8773239850997925,0.03147858381271362,1.8733298778533936,1.7359106540679932,-0.1374192237854004,1.7825103402137756,1.745279312133789,-0.03723102807998657,project/results/qgat_extend100/seed2026/gnn/validation_epoch_97.json,project/results/qgat_extend100/seed2026/relation_D/validation_epoch_85.json
best_J,2026,V_select,83,15,97,85,7,7,0.8453160524368286,0.8774436116218567,0.032127559185028076,1.8720768690109253,1.7362377643585205,-0.13583910465240479,1.7813544869422913,1.745562493801117,-0.035791993141174316,project/results/qgat_extend100/seed2026/gnn/validation_epoch_97.json,project/results/qgat_extend100/seed2026/relation_D/validation_epoch_85.json
best_J,2026,V_select,83,20,97,85,7,7,0.8453758955001831,0.8774911165237427,0.03211522102355957,1.872198224067688,1.7363452911376953,-0.13585293292999268,1.781475007534027,1.7456637620925903,-0.03581124544143677,project/results/qgat_extend100/seed2026/gnn/validation_epoch_97.json,project/results/qgat_extend100/seed2026/relation_D/validation_epoch_85.json
best_J,2026,V_select,84,5,97,85,7,7,0.8324088454246521,0.7106700539588928,-0.12173879146575928,1.9289978742599487,1.4658973217010498,-0.4631005525588989,1.7969077825546265,1.4436187148094177,-0.35328906774520874,project/results/qgat_extend100/seed2026/gnn/validation_epoch_97.json,project/results/qgat_extend100/seed2026/relation_D/validation_epoch_85.json
best_J,2026,V_select,84,10,97,85,7,7,0.8355618715286255,0.7127436995506287,-0.12281817197799683,1.9327784776687622,1.4652220010757446,-0.4675564765930176,1.8019511103630066,1.445354700088501,-0.3565964102745056,project/results/qgat_extend100/seed2026/gnn/validation_epoch_97.json,project/results/qgat_extend100/seed2026/relation_D/validation_epoch_85.json
best_J,2026,V_select,84,15,97,85,7,7,0.8365961909294128,0.7125393748283386,-0.12405681610107422,1.935144066810608,1.4649595022201538,-0.4701845645904541,1.8041682243347168,1.4450191259384155,-0.35914909839630127,project/results/qgat_extend100/seed2026/gnn/validation_epoch_97.json,project/results/qgat_extend100/seed2026/relation_D/validation_epoch_85.json
best_J,2026,V_select,84,20,97,85,7,7,0.8367739915847778,0.71247798204422,-0.12429600954055786,1.9355348348617554,1.4644497632980347,-0.4710850715637207,1.8045414090156555,1.4447028636932373,-0.3598385453224182,project/results/qgat_extend100/seed2026/gnn/validation_epoch_97.json,project/results/qgat_extend100/seed2026/relation_D/validation_epoch_85.json
best_J,2026,V_select,85,5,97,85,7,7,0.7818279266357422,0.6086066365242004,-0.17322129011154175,1.8357335329055786,1.2298678159713745,-0.6058657169342041,1.6996946930885315,1.2235405445098877,-0.4761541485786438,project/results/qgat_extend100/seed2026/gnn/validation_epoch_97.json,project/results/qgat_extend100/seed2026/relation_D/validation_epoch_85.json
best_J,2026,V_select,85,10,97,85,7,7,0.780414879322052,0.6072201132774353,-0.1731947660446167,1.8371410369873047,1.2305301427841187,-0.606610894203186,1.6989853978157043,1.2224851846694946,-0.4765002131462097,project/results/qgat_extend100/seed2026/gnn/validation_epoch_97.json,project/results/qgat_extend100/seed2026/relation_D/validation_epoch_85.json
best_J,2026,V_select,85,15,97,85,7,7,0.7801393866539001,0.6058751940727234,-0.17426419258117676,1.8375545740127563,1.2298630475997925,-0.6076915264129639,1.6989166736602783,1.2208067178726196,-0.4781099557876587,project/results/qgat_extend100/seed2026/gnn/validation_epoch_97.json,project/results/qgat_extend100/seed2026/relation_D/validation_epoch_85.json
best_J,2026,V_select,85,20,97,85,7,7,0.7798889875411987,0.6054562330245972,-0.17443275451660156,1.8370274305343628,1.2287569046020508,-0.608270525932312,1.6984027028083801,1.2198346853256226,-0.47856801748275757,project/results/qgat_extend100/seed2026/gnn/validation_epoch_97.json,project/results/qgat_extend100/seed2026/relation_D/validation_epoch_85.json
best_J,2026,V_select,86,5,97,85,7,7,1.0725014209747314,0.49468299746513367,-0.5778184235095978,2.695685863494873,1.3317735195159912,-1.3639123439788818,2.420344352722168,1.1605697572231293,-1.2597745954990387,project/results/qgat_extend100/seed2026/gnn/validation_epoch_97.json,project/results/qgat_extend100/seed2026/relation_D/validation_epoch_85.json
best_J,2026,V_select,86,10,97,85,7,7,1.07268488407135,0.4951038956642151,-0.577580988407135,2.6959965229034424,1.3324061632156372,-1.3635903596878052,2.4206831455230713,1.1613069772720337,-1.2593761682510376,project/results/qgat_extend100/seed2026/gnn/validation_epoch_97.json,project/results/qgat_extend100/seed2026/relation_D/validation_epoch_85.json
best_J,2026,V_select,86,15,97,85,7,7,1.0721559524536133,0.4943884313106537,-0.5777675211429596,2.698617458343506,1.3320714235305786,-1.3665460348129272,2.421464681625366,1.160424143075943,-1.2610405385494232,project/results/qgat_extend100/seed2026/gnn/validation_epoch_97.json,project/results/qgat_extend100/seed2026/relation_D/validation_epoch_85.json
best_J,2026,V_select,86,20,97,85,7,7,1.0718947649002075,0.49490633606910706,-0.5769884288311005,2.6984269618988037,1.3335875272750854,-1.3648394346237183,2.4211082458496094,1.1617000997066498,-1.2594081461429596,project/results/qgat_extend100/seed2026/gnn/validation_epoch_97.json,project/results/qgat_extend100/seed2026/relation_D/validation_epoch_85.json
best_J,2026,V_select,87,5,97,85,7,7,1.0925287008285522,0.4549434781074524,-0.6375852227210999,2.374840259552002,1.0400863885879517,-1.3347538709640503,2.2799488306045532,0.9749866724014282,-1.304962158203125,project/results/qgat_extend100/seed2026/gnn/validation_epoch_97.json,project/results/qgat_extend100/seed2026/relation_D/validation_epoch_85.json
best_J,2026,V_select,87,10,97,85,7,7,1.0931445360183716,0.4552017152309418,-0.6379428207874298,2.376370668411255,1.0409175157546997,-1.3354531526565552,2.281329870223999,0.9756604731082916,-1.3056693971157074,project/results/qgat_extend100/seed2026/gnn/validation_epoch_97.json,project/results/qgat_extend100/seed2026/relation_D/validation_epoch_85.json
best_J,2026,V_select,87,15,97,85,7,7,1.0914251804351807,0.45763227343559265,-0.633792906999588,2.3727328777313232,1.0430926084518433,-1.32964026927948,2.2777916193008423,0.9791785776615143,-1.298613041639328,project/results/qgat_extend100/seed2026/gnn/validation_epoch_97.json,project/results/qgat_extend100/seed2026/relation_D/validation_epoch_85.json
best_J,2026,V_select,87,20,97,85,7,7,1.0921181440353394,0.45758554339408875,-0.6345326006412506,2.374616861343384,1.042427897453308,-1.3321889638900757,2.2794265747070312,0.9787994921207428,-1.3006270825862885,project/results/qgat_extend100/seed2026/gnn/validation_epoch_97.json,project/results/qgat_extend100/seed2026/relation_D/validation_epoch_85.json
best_J,2026,V_select,88,5,97,85,7,7,0.7775784730911255,0.7550814747810364,-0.02249699831008911,1.4008382558822632,1.535285234451294,0.13444697856903076,1.477997601032257,1.5227240920066833,0.04472649097442627,project/results/qgat_extend100/seed2026/gnn/validation_epoch_97.json,project/results/qgat_extend100/seed2026/relation_D/validation_epoch_85.json
best_J,2026,V_select,88,10,97,85,7,7,0.775148332118988,0.753123939037323,-0.02202439308166504,1.4004781246185303,1.5328606367111206,0.13238251209259033,1.4753873944282532,1.5195542573928833,0.04416686296463013,project/results/qgat_extend100/seed2026/gnn/validation_epoch_97.json,project/results/qgat_extend100/seed2026/relation_D/validation_epoch_85.json
best_J,2026,V_select,88,15,97,85,7,7,0.7745580673217773,0.7531290054321289,-0.021429061889648438,1.4009075164794922,1.53287672996521,0.13196921348571777,1.4750118255615234,1.5195673704147339,0.04455554485321045,project/results/qgat_extend100/seed2026/gnn/validation_epoch_97.json,project/results/qgat_extend100/seed2026/relation_D/validation_epoch_85.json
best_J,2026,V_select,88,20,97,85,7,7,0.7739248871803284,0.7530851364135742,-0.02083975076675415,1.3994903564453125,1.5326341390609741,0.13314378261566162,1.4736700654029846,1.5194022059440613,0.04573214054107666,project/results/qgat_extend100/seed2026/gnn/validation_epoch_97.json,project/results/qgat_extend100/seed2026/relation_D/validation_epoch_85.json
best_J,2026,V_select,89,5,97,85,7,7,1.013731837272644,1.0292822122573853,0.015550374984741211,1.7479451894760132,1.9947444200515747,0.24679923057556152,1.8877044320106506,2.0266544222831726,0.13894999027252197,project/results/qgat_extend100/seed2026/gnn/validation_epoch_97.json,project/results/qgat_extend100/seed2026/relation_D/validation_epoch_85.json
best_J,2026,V_select,89,10,97,85,7,7,1.0141443014144897,1.0308700799942017,0.016725778579711914,1.741176724433899,1.9926468133926392,0.25147008895874023,1.8847326636314392,2.0271934866905212,0.14246082305908203,project/results/qgat_extend100/seed2026/gnn/validation_epoch_97.json,project/results/qgat_extend100/seed2026/relation_D/validation_epoch_85.json
best_J,2026,V_select,89,15,97,85,7,7,1.0199187994003296,1.0311921834945679,0.011273384094238281,1.7523905038833618,1.9929441213607788,0.240553617477417,1.8961140513420105,2.0276642441749573,0.13155019283294678,project/results/qgat_extend100/seed2026/gnn/validation_epoch_97.json,project/results/qgat_extend100/seed2026/relation_D/validation_epoch_85.json
best_J,2026,V_select,89,20,97,85,7,7,1.0202151536941528,1.0311691761016846,0.010954022407531738,1.7524009943008423,1.9927624464035034,0.24036145210266113,1.896415650844574,2.0275503993034363,0.1311347484588623,project/results/qgat_extend100/seed2026/gnn/validation_epoch_97.json,project/results/qgat_extend100/seed2026/relation_D/validation_epoch_85.json
best_J,2026,V_select,90,5,97,85,7,7,1.2680461406707764,1.4473081827163696,0.17926204204559326,2.3688271045684814,2.8297500610351562,0.4609229564666748,2.452459692955017,2.8621832132339478,0.40972352027893066,project/results/qgat_extend100/seed2026/gnn/validation_epoch_97.json,project/results/qgat_extend100/seed2026/relation_D/validation_epoch_85.json
best_J,2026,V_select,90,10,97,85,7,7,1.2684789896011353,1.4495426416397095,0.18106365203857422,2.37225341796875,2.833557605743408,0.4613041877746582,2.4546056985855103,2.8663214445114136,0.4117157459259033,project/results/qgat_extend100/seed2026/gnn/validation_epoch_97.json,project/results/qgat_extend100/seed2026/relation_D/validation_epoch_85.json
best_J,2026,V_select,90,15,97,85,7,7,1.2687352895736694,1.4495389461517334,0.18080365657806396,2.373060703277588,2.8335235118865967,0.4604628086090088,2.4552656412124634,2.8663007020950317,0.41103506088256836,project/results/qgat_extend100/seed2026/gnn/validation_epoch_97.json,project/results/qgat_extend100/seed2026/relation_D/validation_epoch_85.json
best_J,2026,V_select,90,20,97,85,7,7,1.2687920331954956,1.4486055374145508,0.17981350421905518,2.373371124267578,2.8313910961151123,0.4580199718475342,2.4554775953292847,2.864301085472107,0.40882349014282227,project/results/qgat_extend100/seed2026/gnn/validation_epoch_97.json,project/results/qgat_extend100/seed2026/relation_D/validation_epoch_85.json
best_J,2026,V_select,91,5,97,85,7,7,1.2218769788742065,0.802025318145752,-0.4198516607284546,2.6853582859039307,1.693496823310852,-0.9918614625930786,2.564556121826172,1.648773729801178,-0.9157823920249939,project/results/qgat_extend100/seed2026/gnn/validation_epoch_97.json,project/results/qgat_extend100/seed2026/relation_D/validation_epoch_85.json
best_J,2026,V_select,91,10,97,85,7,7,1.2229536771774292,0.8032090067863464,-0.41974467039108276,2.688494920730591,1.6958197355270386,-0.9926751852035522,2.5672011375427246,1.6511188745498657,-0.9160822629928589,project/results/qgat_extend100/seed2026/gnn/validation_epoch_97.json,project/results/qgat_extend100/seed2026/relation_D/validation_epoch_85.json
best_J,2026,V_select,91,15,97,85,7,7,1.2229589223861694,0.8030340075492859,-0.41992491483688354,2.6885485649108887,1.694849967956543,-0.9936985969543457,2.5672332048416138,1.6504589915275574,-0.9167742133140564,project/results/qgat_extend100/seed2026/gnn/validation_epoch_97.json,project/results/qgat_extend100/seed2026/relation_D/validation_epoch_85.json
best_J,2026,V_select,91,20,97,85,7,7,1.2233608961105347,0.803482174873352,-0.4198787212371826,2.6895267963409424,1.6963883638381958,-0.9931384325027466,2.568124294281006,1.65167635679245,-0.9164479374885559,project/results/qgat_extend100/seed2026/gnn/validation_epoch_97.json,project/results/qgat_extend100/seed2026/relation_D/validation_epoch_85.json
best_J,2026,V_select,92,5,97,85,7,7,0.809798538684845,1.1099821329116821,0.30018359422683716,1.553889274597168,2.1210405826568604,0.5671513080596924,1.586743175983429,2.1705024242401123,0.5837592482566833,project/results/qgat_extend100/seed2026/gnn/validation_epoch_97.json,project/results/qgat_extend100/seed2026/relation_D/validation_epoch_85.json
best_J,2026,V_select,92,10,97,85,7,7,0.8136696815490723,1.1110138893127441,0.2973442077636719,1.5579055547714233,2.1243157386779785,0.5664101839065552,1.592622458934784,2.1731717586517334,0.5805492997169495,project/results/qgat_extend100/seed2026/gnn/validation_epoch_97.json,project/results/qgat_extend100/seed2026/relation_D/validation_epoch_85.json
best_J,2026,V_select,92,15,97,85,7,7,0.8110240697860718,1.1158961057662964,0.3048720359802246,1.5523204803466797,2.1356723308563232,0.5833518505096436,1.5871843099594116,2.183732271194458,0.5965479612350464,project/results/qgat_extend100/seed2026/gnn/validation_epoch_97.json,project/results/qgat_extend100/seed2026/relation_D/validation_epoch_85.json
best_J,2026,V_select,92,20,97,85,7,7,0.8108728528022766,1.115894079208374,0.3050212264060974,1.5511962175369263,2.135561466217041,0.5843652486801147,1.5864709615707397,2.1836748123168945,0.5972038507461548,project/results/qgat_extend100/seed2026/gnn/validation_epoch_97.json,project/results/qgat_extend100/seed2026/relation_D/validation_epoch_85.json
best_J,2026,V_select,93,5,97,85,7,7,0.8254843950271606,0.6542263031005859,-0.1712580919265747,1.8231409788131714,1.414602279663086,-0.40853869915008545,1.7370548844337463,1.361527442932129,-0.37552744150161743,project/results/qgat_extend100/seed2026/gnn/validation_epoch_97.json,project/results/qgat_extend100/seed2026/relation_D/validation_epoch_85.json
best_J,2026,V_select,93,10,97,85,7,7,0.8322331309318542,0.6552162170410156,-0.17701691389083862,1.8296254873275757,1.4170180559158325,-0.41260743141174316,1.747045874595642,1.3637252449989319,-0.3833206295967102,project/results/qgat_extend100/seed2026/gnn/validation_epoch_97.json,project/results/qgat_extend100/seed2026/relation_D/validation_epoch_85.json
best_J,2026,V_select,93,15,97,85,7,7,0.8313082456588745,0.6547423005104065,-0.17656594514846802,1.8281446695327759,1.415435791015625,-0.4127088785171509,1.7453805804252625,1.362460196018219,-0.38292038440704346,project/results/qgat_extend100/seed2026/gnn/validation_epoch_97.json,project/results/qgat_extend100/seed2026/relation_D/validation_epoch_85.json
best_J,2026,V_select,93,20,97,85,7,7,0.8311251401901245,0.655063807964325,-0.17606133222579956,1.8266726732254028,1.4165194034576416,-0.41015326976776123,1.744461476802826,1.3633235096931458,-0.3811379671096802,project/results/qgat_extend100/seed2026/gnn/validation_epoch_97.json,project/results/qgat_extend100/seed2026/relation_D/validation_epoch_85.json
best_J,2026,V_select,94,5,97,85,7,7,0.943735659122467,0.8457670211791992,-0.09796863794326782,1.95689857006073,1.6539183855056763,-0.3029801845550537,1.922184944152832,1.6727262139320374,-0.24945873022079468,project/results/qgat_extend100/seed2026/gnn/validation_epoch_97.json,project/results/qgat_extend100/seed2026/relation_D/validation_epoch_85.json
best_J,2026,V_select,94,10,97,85,7,7,0.9437094330787659,0.8457463383674622,-0.09796309471130371,1.9568308591842651,1.6539381742477417,-0.30289268493652344,1.9221248626708984,1.672715425491333,-0.24940943717956543,project/results/qgat_extend100/seed2026/gnn/validation_epoch_97.json,project/results/qgat_extend100/seed2026/relation_D/validation_epoch_85.json
best_J,2026,V_select,94,15,97,85,7,7,0.944146454334259,0.8474395871162415,-0.09670686721801758,1.955462098121643,1.6574113368988037,-0.29805076122283936,1.9218775033950806,1.6761452555656433,-0.24573224782943726,project/results/qgat_extend100/seed2026/gnn/validation_epoch_97.json,project/results/qgat_extend100/seed2026/relation_D/validation_epoch_85.json
best_J,2026,V_select,94,20,97,85,7,7,0.9448924660682678,0.847529947757721,-0.09736251831054688,1.9571346044540405,1.6570156812667847,-0.30011892318725586,1.923459768295288,1.6760377883911133,-0.2474219799041748,project/results/qgat_extend100/seed2026/gnn/validation_epoch_97.json,project/results/qgat_extend100/seed2026/relation_D/validation_epoch_85.json
best_J,2026,V_select,95,5,97,85,7,7,1.4206990003585815,1.5079299211502075,0.08723092079162598,3.507892608642578,3.505380630493164,-0.0025119781494140625,3.1746453046798706,3.2606202363967896,0.08597493171691895,project/results/qgat_extend100/seed2026/gnn/validation_epoch_97.json,project/results/qgat_extend100/seed2026/relation_D/validation_epoch_85.json
best_J,2026,V_select,95,10,97,85,7,7,1.4206167459487915,1.5078058242797852,0.08718907833099365,3.508230447769165,3.5054452419281006,-0.002785205841064453,3.174731969833374,3.2605284452438354,0.08579647541046143,project/results/qgat_extend100/seed2026/gnn/validation_epoch_97.json,project/results/qgat_extend100/seed2026/relation_D/validation_epoch_85.json
best_J,2026,V_select,95,15,97,85,7,7,1.4166609048843384,1.5040761232376099,0.08741521835327148,3.50352144241333,3.5019149780273438,-0.0016064643859863281,3.1684216260910034,3.2550336122512817,0.08661198616027832,project/results/qgat_extend100/seed2026/gnn/validation_epoch_97.json,project/results/qgat_extend100/seed2026/relation_D/validation_epoch_85.json
best_J,2026,V_select,95,20,97,85,7,7,1.4167336225509644,1.5041667222976685,0.0874330997467041,3.5035526752471924,3.502033233642578,-0.0015194416046142578,3.1685099601745605,3.2551833391189575,0.08667337894439697,project/results/qgat_extend100/seed2026/gnn/validation_epoch_97.json,project/results/qgat_extend100/seed2026/relation_D/validation_epoch_85.json
best_J,2026,V_select,96,5,97,85,8,8,0.42638102173805237,0.25051149725914,-0.17586952447891235,1.1611411571502686,0.496967077255249,-0.6641740798950195,1.0069516003131866,0.4989950358867645,-0.5079565644264221,project/results/qgat_extend100/seed2026/gnn/validation_epoch_97.json,project/results/qgat_extend100/seed2026/relation_D/validation_epoch_85.json
best_J,2026,V_select,96,10,97,85,8,8,0.42530596256256104,0.24906954169273376,-0.17623642086982727,1.1606873273849487,0.4949350655078888,-0.6657522618770599,1.0056496262550354,0.49653707444667816,-0.5091125518083572,project/results/qgat_extend100/seed2026/gnn/validation_epoch_97.json,project/results/qgat_extend100/seed2026/relation_D/validation_epoch_85.json
best_J,2026,V_select,96,15,97,85,8,8,0.4251031279563904,0.2488725483417511,-0.17623057961463928,1.1600613594055176,0.4944760799407959,-0.6655852794647217,1.0051338076591492,0.49611058831214905,-0.5090232193470001,project/results/qgat_extend100/seed2026/gnn/validation_epoch_97.json,project/results/qgat_extend100/seed2026/relation_D/validation_epoch_85.json
best_J,2026,V_select,96,20,97,85,8,8,0.42497164011001587,0.2486492246389389,-0.17632241547107697,1.1597427129745483,0.4937998652458191,-0.6659428477287292,1.00484299659729,0.49554915726184845,-0.5092938393354416,project/results/qgat_extend100/seed2026/gnn/validation_epoch_97.json,project/results/qgat_extend100/seed2026/relation_D/validation_epoch_85.json
best_J,2026,V_select,97,5,97,85,8,8,0.8338779211044312,0.33078908920288086,-0.5030888319015503,1.7755613327026367,0.5772936344146729,-1.1982676982879639,1.7216585874557495,0.6194359064102173,-1.1022226810455322,project/results/qgat_extend100/seed2026/gnn/validation_epoch_97.json,project/results/qgat_extend100/seed2026/relation_D/validation_epoch_85.json
best_J,2026,V_select,97,10,97,85,8,8,0.8330214023590088,0.3308379352092743,-0.5021834671497345,1.7737934589385986,0.5773465633392334,-1.1964468955993652,1.719918131828308,0.619511216878891,-1.1004069149494171,project/results/qgat_extend100/seed2026/gnn/validation_epoch_97.json,project/results/qgat_extend100/seed2026/relation_D/validation_epoch_85.json
best_J,2026,V_select,97,15,97,85,8,8,0.8304928541183472,0.32994234561920166,-0.5005505084991455,1.770766019821167,0.576494574546814,-1.194271445274353,1.7158758640289307,0.6181896328926086,-1.097686231136322,project/results/qgat_extend100/seed2026/gnn/validation_epoch_97.json,project/results/qgat_extend100/seed2026/relation_D/validation_epoch_85.json
best_J,2026,V_select,97,20,97,85,8,8,0.8304766416549683,0.3299495279788971,-0.5005271136760712,1.7708685398101807,0.5765026807785034,-1.1943658590316772,1.7159109115600586,0.6182008683681488,-1.0977100431919098,project/results/qgat_extend100/seed2026/gnn/validation_epoch_97.json,project/results/qgat_extend100/seed2026/relation_D/validation_epoch_85.json
best_J,2026,V_select,98,5,97,85,8,8,0.5692876577377319,0.3022216558456421,-0.26706600189208984,1.30955171585083,0.6836371421813965,-0.6259145736694336,1.224063515663147,0.6440402269363403,-0.5800232887268066,project/results/qgat_extend100/seed2026/gnn/validation_epoch_97.json,project/results/qgat_extend100/seed2026/relation_D/validation_epoch_85.json
best_J,2026,V_select,98,10,97,85,8,8,0.5693490505218506,0.301398366689682,-0.2679506838321686,1.3093633651733398,0.6817538738250732,-0.6276094913482666,1.2240307331085205,0.6422753036022186,-0.5817554295063019,project/results/qgat_extend100/seed2026/gnn/validation_epoch_97.json,project/results/qgat_extend100/seed2026/relation_D/validation_epoch_85.json
best_J,2026,V_select,98,15,97,85,8,8,0.5693237781524658,0.3012734055519104,-0.2680503726005554,1.3093156814575195,0.6814223527908325,-0.627893328666687,1.2239816188812256,0.6419845819473267,-0.5819970369338989,project/results/qgat_extend100/seed2026/gnn/validation_epoch_97.json,project/results/qgat_extend100/seed2026/relation_D/validation_epoch_85.json
best_J,2026,V_select,98,20,97,85,8,8,0.5692837238311768,0.3012480139732361,-0.2680357098579407,1.309311866760254,0.6813011169433594,-0.6280107498168945,1.2239396572113037,0.6418985724449158,-0.5820410847663879,project/results/qgat_extend100/seed2026/gnn/validation_epoch_97.json,project/results/qgat_extend100/seed2026/relation_D/validation_epoch_85.json
best_J,2026,V_select,99,5,97,85,8,8,0.6847121715545654,0.5259126424789429,-0.15879952907562256,1.3682013750076294,1.0221545696258545,-0.3460468053817749,1.3688128590583801,1.0369899272918701,-0.33182293176651,project/results/qgat_extend100/seed2026/gnn/validation_epoch_97.json,project/results/qgat_extend100/seed2026/relation_D/validation_epoch_85.json
best_J,2026,V_select,99,10,97,85,8,8,0.686499834060669,0.5279414653778076,-0.15855836868286133,1.369800329208374,1.0247375965118408,-0.3450627326965332,1.371399998664856,1.040310263633728,-0.33108973503112793,project/results/qgat_extend100/seed2026/gnn/validation_epoch_97.json,project/results/qgat_extend100/seed2026/relation_D/validation_epoch_85.json
best_J,2026,V_select,99,15,97,85,8,8,0.6862668395042419,0.5273325443267822,-0.15893429517745972,1.370164394378662,1.0232752561569214,-0.3468891382217407,1.371349036693573,1.038970172405243,-0.3323788642883301,project/results/qgat_extend100/seed2026/gnn/validation_epoch_97.json,project/results/qgat_extend100/seed2026/relation_D/validation_epoch_85.json
best_J,2026,V_select,99,20,97,85,8,8,0.6862729787826538,0.5273362994194031,-0.15893667936325073,1.3701813220977783,1.0232840776443481,-0.3468972444534302,1.371363639831543,1.0389783382415771,-0.3323853015899658,project/results/qgat_extend100/seed2026/gnn/validation_epoch_97.json,project/results/qgat_extend100/seed2026/relation_D/validation_epoch_85.json
best_J,2026,V_select,100,5,97,85,8,8,0.5155150890350342,0.43034791946411133,-0.08516716957092285,1.0951097011566162,1.0936212539672852,-0.0014884471893310547,1.0630699396133423,0.9771585464477539,-0.08591139316558838,project/results/qgat_extend100/seed2026/gnn/validation_epoch_97.json,project/results/qgat_extend100/seed2026/relation_D/validation_epoch_85.json
best_J,2026,V_select,100,10,97,85,8,8,0.5184062719345093,0.4298858046531677,-0.08852046728134155,1.0989395380020142,1.0899264812469482,-0.009013056755065918,1.0678760409355164,0.9748490452766418,-0.09302699565887451,project/results/qgat_extend100/seed2026/gnn/validation_epoch_97.json,project/results/qgat_extend100/seed2026/relation_D/validation_epoch_85.json
best_J,2026,V_select,100,15,97,85,8,8,0.5172187685966492,0.42784783244132996,-0.08937093615531921,1.0971235036849976,1.0875866413116455,-0.00953686237335205,1.065780520439148,0.9716411530971527,-0.09413936734199524,project/results/qgat_extend100/seed2026/gnn/validation_epoch_97.json,project/results/qgat_extend100/seed2026/relation_D/validation_epoch_85.json
best_J,2026,V_select,100,20,97,85,8,8,0.5172529220581055,0.4278322458267212,-0.08942067623138428,1.0979235172271729,1.0875964164733887,-0.01032710075378418,1.066214680671692,0.9716304540634155,-0.09458422660827637,project/results/qgat_extend100/seed2026/gnn/validation_epoch_97.json,project/results/qgat_extend100/seed2026/relation_D/validation_epoch_85.json
best_J,2026,V_select,101,5,97,85,8,8,0.3560931086540222,0.788117527961731,0.43202441930770874,0.7412662506103516,1.7952210903167725,1.053954839706421,0.726726233959198,1.6857280731201172,0.9590018391609192,project/results/qgat_extend100/seed2026/gnn/validation_epoch_97.json,project/results/qgat_extend100/seed2026/relation_D/validation_epoch_85.json
best_J,2026,V_select,101,10,97,85,8,8,0.3549630343914032,0.7882968783378601,0.4333338439464569,0.7386956810951233,1.7957570552825928,1.0570613741874695,0.7243108749389648,1.6861754059791565,0.9618645310401917,project/results/qgat_extend100/seed2026/gnn/validation_epoch_97.json,project/results/qgat_extend100/seed2026/relation_D/validation_epoch_85.json
best_J,2026,V_select,101,15,97,85,8,8,0.35519939661026,0.7883526086807251,0.4331532120704651,0.7392575740814209,1.7957735061645508,1.0565159320831299,0.7248281836509705,1.6862393617630005,0.96141117811203,project/results/qgat_extend100/seed2026/gnn/validation_epoch_97.json,project/results/qgat_extend100/seed2026/relation_D/validation_epoch_85.json
best_J,2026,V_select,101,20,97,85,8,8,0.35623636841773987,0.7871955037117004,0.43095913529396057,0.740155816078186,1.7931022644042969,1.0529464483261108,0.7263142764568329,1.6837466359138489,0.957432359457016,project/results/qgat_extend100/seed2026/gnn/validation_epoch_97.json,project/results/qgat_extend100/seed2026/relation_D/validation_epoch_85.json
best_J,2026,V_select,102,5,97,85,8,8,0.24906010925769806,0.38251107931137085,0.1334509700536728,0.48181289434432983,0.7416261434555054,0.25981324911117554,0.489966556429863,0.7533241510391235,0.26335759460926056,project/results/qgat_extend100/seed2026/gnn/validation_epoch_97.json,project/results/qgat_extend100/seed2026/relation_D/validation_epoch_85.json
best_J,2026,V_select,102,10,97,85,8,8,0.24907860159873962,0.3842719495296478,0.1351933479309082,0.48214244842529297,0.7455827593803406,0.2634403109550476,0.4901498258113861,0.7570633292198181,0.266913503408432,project/results/qgat_extend100/seed2026/gnn/validation_epoch_97.json,project/results/qgat_extend100/seed2026/relation_D/validation_epoch_85.json
best_J,2026,V_select,102,15,97,85,8,8,0.24971622228622437,0.3829973042011261,0.13328108191490173,0.4831881821155548,0.7426888942718506,0.2595007121562958,0.49131031334400177,0.7543417513370514,0.2630314379930496,project/results/qgat_extend100/seed2026/gnn/validation_epoch_97.json,project/results/qgat_extend100/seed2026/relation_D/validation_epoch_85.json
best_J,2026,V_select,102,20,97,85,8,8,0.2491382211446762,0.38290971517562866,0.13377149403095245,0.48182886838912964,0.7423523664474487,0.2605234980583191,0.49005265533924103,0.754085898399353,0.264033243060112,project/results/qgat_extend100/seed2026/gnn/validation_epoch_97.json,project/results/qgat_extend100/seed2026/relation_D/validation_epoch_85.json
best_J,2026,V_select,103,5,97,85,8,8,0.36592280864715576,0.21256771683692932,-0.15335509181022644,0.8450107574462891,0.40882402658462524,-0.4361867308616638,0.7884281873703003,0.41697973012924194,-0.37144845724105835,project/results/qgat_extend100/seed2026/gnn/validation_epoch_97.json,project/results/qgat_extend100/seed2026/relation_D/validation_epoch_85.json
best_J,2026,V_select,103,10,97,85,8,8,0.3660590648651123,0.21321077644824982,-0.1528482884168625,0.8454769849777222,0.4112425148487091,-0.43423447012901306,0.7887975573539734,0.41883203387260437,-0.369965523481369,project/results/qgat_extend100/seed2026/gnn/validation_epoch_97.json,project/results/qgat_extend100/seed2026/relation_D/validation_epoch_85.json
best_J,2026,V_select,103,15,97,85,8,8,0.3660624623298645,0.21319465339183807,-0.15286780893802643,0.8454718589782715,0.41120895743370056,-0.4342629015445709,0.7887983918190002,0.41879913210868835,-0.3699992597103119,project/results/qgat_extend100/seed2026/gnn/validation_epoch_97.json,project/results/qgat_extend100/seed2026/relation_D/validation_epoch_85.json
best_J,2026,V_select,103,20,97,85,8,8,0.36627185344696045,0.21316339075565338,-0.15310846269130707,0.8459054827690125,0.41121625900268555,-0.4346892237663269,0.7892245948314667,0.41877152025699615,-0.3704530745744705,project/results/qgat_extend100/seed2026/gnn/validation_epoch_97.json,project/results/qgat_extend100/seed2026/relation_D/validation_epoch_85.json
best_J,2026,V_select,104,5,97,85,8,8,0.4210566580295563,0.3664172887802124,-0.05463936924934387,1.0089335441589355,0.8009491562843323,-0.20798438787460327,0.925523430109024,0.7668918669223785,-0.1586315631866455,project/results/qgat_extend100/seed2026/gnn/validation_epoch_97.json,project/results/qgat_extend100/seed2026/relation_D/validation_epoch_85.json
best_J,2026,V_select,104,10,97,85,8,8,0.42066141963005066,0.36640262603759766,-0.054258793592453,1.0079647302627563,0.800601601600647,-0.20736312866210938,0.9246437847614288,0.7667034268379211,-0.1579403579235077,project/results/qgat_extend100/seed2026/gnn/validation_epoch_97.json,project/results/qgat_extend100/seed2026/relation_D/validation_epoch_85.json
best_J,2026,V_select,104,15,97,85,8,8,0.4205654263496399,0.3663875460624695,-0.05417788028717041,1.0078299045562744,0.8005960583686829,-0.20723384618759155,0.9244803786277771,0.7666855752468109,-0.1577948033809662,project/results/qgat_extend100/seed2026/gnn/validation_epoch_97.json,project/results/qgat_extend100/seed2026/relation_D/validation_epoch_85.json
best_J,2026,V_select,104,20,97,85,8,8,0.42086198925971985,0.3663901090621948,-0.054471880197525024,1.008528232574463,0.8004183769226074,-0.20810985565185547,0.9251261055469513,0.7665992975234985,-0.15852680802345276,project/results/qgat_extend100/seed2026/gnn/validation_epoch_97.json,project/results/qgat_extend100/seed2026/relation_D/validation_epoch_85.json
best_J,2026,V_select,105,5,97,85,8,8,0.6711223721504211,0.6157556176185608,-0.05536675453186035,1.0273709297180176,1.0470409393310547,0.01967000961303711,1.18480783700943,1.1392760872840881,-0.0455317497253418,project/results/qgat_extend100/seed2026/gnn/validation_epoch_97.json,project/results/qgat_extend100/seed2026/relation_D/validation_epoch_85.json
best_J,2026,V_select,105,10,97,85,8,8,0.6709243059158325,0.6150274872779846,-0.0558968186378479,1.0265655517578125,1.0458719730377197,0.019306421279907227,1.1842070817947388,1.1379634737968445,-0.04624360799789429,project/results/qgat_extend100/seed2026/gnn/validation_epoch_97.json,project/results/qgat_extend100/seed2026/relation_D/validation_epoch_85.json
best_J,2026,V_select,105,15,97,85,8,8,0.6709827184677124,0.6150462627410889,-0.055936455726623535,1.0266547203063965,1.045883059501648,0.019228339195251465,1.1843100786209106,1.1379877924919128,-0.0463222861289978,project/results/qgat_extend100/seed2026/gnn/validation_epoch_97.json,project/results/qgat_extend100/seed2026/relation_D/validation_epoch_85.json
best_J,2026,V_select,105,20,97,85,8,8,0.6709657907485962,0.6150563359260559,-0.05590945482254028,1.0266225337982178,1.0459200143814087,0.019297480583190918,1.184277057647705,1.1380163431167603,-0.046260714530944824,project/results/qgat_extend100/seed2026/gnn/validation_epoch_97.json,project/results/qgat_extend100/seed2026/relation_D/validation_epoch_85.json
best_J,2026,V_select,106,5,97,85,8,8,0.6614096164703369,0.7220357656478882,0.06062614917755127,1.1180012226104736,1.4931130409240723,0.37511181831359863,1.2204102277755737,1.4685922861099243,0.24818205833435059,project/results/qgat_extend100/seed2026/gnn/validation_epoch_97.json,project/results/qgat_extend100/seed2026/relation_D/validation_epoch_85.json
best_J,2026,V_select,106,10,97,85,8,8,0.6613984107971191,0.7218054533004761,0.060407042503356934,1.117954969406128,1.492609977722168,0.37465500831604004,1.220375895500183,1.46811044216156,0.24773454666137695,project/results/qgat_extend100/seed2026/gnn/validation_epoch_97.json,project/results/qgat_extend100/seed2026/relation_D/validation_epoch_85.json
best_J,2026,V_select,106,15,97,85,8,8,0.6611820459365845,0.7217691540718079,0.06058710813522339,1.1172542572021484,1.4926286935806274,0.375374436378479,1.2198091745376587,1.4680835008621216,0.2482743263244629,project/results/qgat_extend100/seed2026/gnn/validation_epoch_97.json,project/results/qgat_extend100/seed2026/relation_D/validation_epoch_85.json
best_J,2026,V_select,106,20,97,85,8,8,0.661204993724823,0.7217421531677246,0.06053715944290161,1.1169707775115967,1.4925172328948975,0.3755464553833008,1.2196903824806213,1.4680007696151733,0.248310387134552,project/results/qgat_extend100/seed2026/gnn/validation_epoch_97.json,project/results/qgat_extend100/seed2026/relation_D/validation_epoch_85.json
best_J,2026,V_select,107,5,97,85,8,8,0.5945503115653992,0.6372250914573669,0.04267477989196777,0.7076859474182129,0.8426260948181152,0.13494014739990234,0.9483932852745056,1.0585381388664246,0.11014485359191895,project/results/qgat_extend100/seed2026/gnn/validation_epoch_97.json,project/results/qgat_extend100/seed2026/relation_D/validation_epoch_85.json
best_J,2026,V_select,107,10,97,85,8,8,0.5963444113731384,0.6379131078720093,0.04156869649887085,0.709505021572113,0.8425981998443604,0.13309317827224731,0.951096922159195,1.0592122077941895,0.1081152856349945,project/results/qgat_extend100/seed2026/gnn/validation_epoch_97.json,project/results/qgat_extend100/seed2026/relation_D/validation_epoch_85.json
best_J,2026,V_select,107,15,97,85,8,8,0.5962337851524353,0.6380311250686646,0.04179733991622925,0.7095699906349182,0.8424500226974487,0.13288003206253052,0.9510187804698944,1.059256136417389,0.1082373559474945,project/results/qgat_extend100/seed2026/gnn/validation_epoch_97.json,project/results/qgat_extend100/seed2026/relation_D/validation_epoch_85.json
best_J,2026,V_select,107,20,97,85,8,8,0.5962153673171997,0.63813316822052,0.04191780090332031,0.7096911668777466,0.8427063822746277,0.1330152153968811,0.951060950756073,1.0594863593578339,0.10842540860176086,project/results/qgat_extend100/seed2026/gnn/validation_epoch_97.json,project/results/qgat_extend100/seed2026/relation_D/validation_epoch_85.json
best_J,2026,V_select,108,5,97,85,8,8,0.2736367881298065,0.5852090716362,0.31157228350639343,0.5671443343162537,0.8824883699417114,0.31534403562545776,0.5572089552879333,1.0264532566070557,0.4692443013191223,project/results/qgat_extend100/seed2026/gnn/validation_epoch_97.json,project/results/qgat_extend100/seed2026/relation_D/validation_epoch_85.json
best_J,2026,V_select,108,10,97,85,8,8,0.2729264497756958,0.5831223130226135,0.3101958632469177,0.5647698640823364,0.8785095810890198,0.31373971700668335,0.555311381816864,1.0223771035671234,0.4670657217502594,project/results/qgat_extend100/seed2026/gnn/validation_epoch_97.json,project/results/qgat_extend100/seed2026/relation_D/validation_epoch_85.json
best_J,2026,V_select,108,15,97,85,8,8,0.27241748571395874,0.582877516746521,0.31046003103256226,0.5640376806259155,0.8785207271575928,0.31448304653167725,0.5544363260269165,1.0221378803253174,0.4677015542984009,project/results/qgat_extend100/seed2026/gnn/validation_epoch_97.json,project/results/qgat_extend100/seed2026/relation_D/validation_epoch_85.json
best_J,2026,V_select,108,20,97,85,8,8,0.27241748571395874,0.582877516746521,0.31046003103256226,0.5640376806259155,0.8785207271575928,0.31448304653167725,0.5544363260269165,1.0221378803253174,0.4677015542984009,project/results/qgat_extend100/seed2026/gnn/validation_epoch_97.json,project/results/qgat_extend100/seed2026/relation_D/validation_epoch_85.json
best_J,2026,V_select,109,5,97,85,8,8,0.6074828505516052,1.006560206413269,0.3990773558616638,1.1327643394470215,1.8203277587890625,0.687563419342041,1.173865020275116,1.9167240858078003,0.7428590655326843,project/results/qgat_extend100/seed2026/gnn/validation_epoch_97.json,project/results/qgat_extend100/seed2026/relation_D/validation_epoch_85.json
best_J,2026,V_select,109,10,97,85,8,8,0.6079018712043762,1.0069725513458252,0.399070680141449,1.1333335638046265,1.8209748268127441,0.6876412630081177,1.1745686531066895,1.9174599647521973,0.7428913116455078,project/results/qgat_extend100/seed2026/gnn/validation_epoch_97.json,project/results/qgat_extend100/seed2026/relation_D/validation_epoch_85.json
best_J,2026,V_select,109,15,97,85,8,8,0.6075751781463623,1.0076261758804321,0.4000509977340698,1.1326498985290527,1.8221298456192017,0.6894799470901489,1.1739001274108887,1.918691098690033,0.7447909712791443,project/results/qgat_extend100/seed2026/gnn/validation_epoch_97.json,project/results/qgat_extend100/seed2026/relation_D/validation_epoch_85.json
best_J,2026,V_select,109,20,97,85,8,8,0.6075751781463623,1.0076261758804321,0.4000509977340698,1.1326498985290527,1.8221298456192017,0.6894799470901489,1.1739001274108887,1.918691098690033,0.7447909712791443,project/results/qgat_extend100/seed2026/gnn/validation_epoch_97.json,project/results/qgat_extend100/seed2026/relation_D/validation_epoch_85.json
best_J,2026,V_select,110,5,97,85,8,8,0.5678989887237549,0.5914607048034668,0.023561716079711914,1.0769587755203247,1.1038382053375244,0.026879429817199707,1.1063783764839172,1.143379807472229,0.03700143098831177,project/results/qgat_extend100/seed2026/gnn/validation_epoch_97.json,project/results/qgat_extend100/seed2026/relation_D/validation_epoch_85.json
best_J,2026,V_select,110,10,97,85,8,8,0.5667566657066345,0.592621922492981,0.025865256786346436,1.074528694152832,1.105862021446228,0.031333327293395996,1.1040210127830505,1.145552933216095,0.041531920433044434,project/results/qgat_extend100/seed2026/gnn/validation_epoch_97.json,project/results/qgat_extend100/seed2026/relation_D/validation_epoch_85.json
best_J,2026,V_select,110,15,97,85,8,8,0.5667752623558044,0.5926016569137573,0.02582639455795288,1.0745670795440674,1.105883240699768,0.031316161155700684,1.1040588021278381,1.1455432772636414,0.04148447513580322,project/results/qgat_extend100/seed2026/gnn/validation_epoch_97.json,project/results/qgat_extend100/seed2026/relation_D/validation_epoch_85.json
best_J,2026,V_select,110,20,97,85,8,8,0.5666600465774536,0.5925272703170776,0.025867223739624023,1.0743581056594849,1.1057487726211548,0.03139066696166992,1.103839099407196,1.145401656627655,0.041562557220458984,project/results/qgat_extend100/seed2026/gnn/validation_epoch_97.json,project/results/qgat_extend100/seed2026/relation_D/validation_epoch_85.json
best_J,2026,V_select,111,5,97,85,8,8,0.529633641242981,0.5863415002822876,0.05670785903930664,1.3048739433288574,1.1313519477844238,-0.1735219955444336,1.1820706129074097,1.1520174741744995,-0.030053138732910156,project/results/qgat_extend100/seed2026/gnn/validation_epoch_97.json,project/results/qgat_extend100/seed2026/relation_D/validation_epoch_85.json
best_J,2026,V_select,111,10,97,85,8,8,0.5263752937316895,0.5854687690734863,0.059093475341796875,1.2981908321380615,1.1296602487564087,-0.16853058338165283,1.1754707098007202,1.1502988934516907,-0.02517181634902954,project/results/qgat_extend100/seed2026/gnn/validation_epoch_97.json,project/results/qgat_extend100/seed2026/relation_D/validation_epoch_85.json
best_J,2026,V_select,111,15,97,85,8,8,0.5262554883956909,0.5854816436767578,0.059226155281066895,1.2977977991104126,1.1296422481536865,-0.16815555095672607,1.1751543879508972,1.150302767753601,-0.024851620197296143,project/results/qgat_extend100/seed2026/gnn/validation_epoch_97.json,project/results/qgat_extend100/seed2026/relation_D/validation_epoch_85.json
best_J,2026,V_select,111,20,97,85,8,8,0.5262156128883362,0.5854772329330444,0.05926162004470825,1.2976596355438232,1.129659652709961,-0.1679999828338623,1.1750454306602478,1.150307059288025,-0.0247383713722229,project/results/qgat_extend100/seed2026/gnn/validation_epoch_97.json,project/results/qgat_extend100/seed2026/relation_D/validation_epoch_85.json
best_J,2026,V_select,112,5,97,85,6,6,0.7312772870063782,0.6076571345329285,-0.12362015247344971,1.7000356912612915,1.3410587310791016,-0.35897696018218994,1.581295132637024,1.2781865000724792,-0.3031086325645447,project/results/qgat_extend100/seed2026/gnn/validation_epoch_97.json,project/results/qgat_extend100/seed2026/relation_D/validation_epoch_85.json
best_J,2026,V_select,112,10,97,85,6,6,0.7309620380401611,0.6075489521026611,-0.1234130859375,1.6992225646972656,1.3407663106918335,-0.35845625400543213,1.580573320388794,1.2779321074485779,-0.30264121294021606,project/results/qgat_extend100/seed2026/gnn/validation_epoch_97.json,project/results/qgat_extend100/seed2026/relation_D/validation_epoch_85.json
best_J,2026,V_select,112,15,97,85,6,6,0.7309768199920654,0.607801079750061,-0.1231757402420044,1.699249267578125,1.34150230884552,-0.357746958732605,1.580601453781128,1.278552234172821,-0.3020492196083069,project/results/qgat_extend100/seed2026/gnn/validation_epoch_97.json,project/results/qgat_extend100/seed2026/relation_D/validation_epoch_85.json
best_J,2026,V_select,112,20,97,85,6,6,0.7311127781867981,0.6081410050392151,-0.12297177314758301,1.6994417905807495,1.3422876596450806,-0.35715413093566895,1.5808336734771729,1.2792848348617554,-0.3015488386154175,project/results/qgat_extend100/seed2026/gnn/validation_epoch_97.json,project/results/qgat_extend100/seed2026/relation_D/validation_epoch_85.json
best_J,2026,V_select,113,5,97,85,6,6,0.5091090202331543,0.6684839129447937,0.1593748927116394,1.1788920164108276,1.4898818731307983,0.3109898567199707,1.0985550284385681,1.4134248495101929,0.31486982107162476,project/results/qgat_extend100/seed2026/gnn/validation_epoch_97.json,project/results/qgat_extend100/seed2026/relation_D/validation_epoch_85.json
best_J,2026,V_select,113,10,97,85,6,6,0.509100615978241,0.6681767106056213,0.15907609462738037,1.178848147392273,1.4891124963760376,0.31026434898376465,1.0985246896743774,1.4127329587936401,0.3142082691192627,project/results/qgat_extend100/seed2026/gnn/validation_epoch_97.json,project/results/qgat_extend100/seed2026/relation_D/validation_epoch_85.json
best_J,2026,V_select,113,15,97,85,6,6,0.5029862523078918,0.6631661653518677,0.16017991304397583,1.1708621978759766,1.4840062856674194,0.31314408779144287,1.0884173512458801,1.4051693081855774,0.31675195693969727,project/results/qgat_extend100/seed2026/gnn/validation_epoch_97.json,project/results/qgat_extend100/seed2026/relation_D/validation_epoch_85.json
best_J,2026,V_select,113,20,97,85,6,6,0.5032821893692017,0.6635368466377258,0.16025465726852417,1.171533465385437,1.4847036600112915,0.3131701946258545,1.0890489220619202,1.4058886766433716,0.3168397545814514,project/results/qgat_extend100/seed2026/gnn/validation_epoch_97.json,project/results/qgat_extend100/seed2026/relation_D/validation_epoch_85.json
best_J,2026,V_select,114,5,97,85,6,6,0.545016348361969,0.6929302215576172,0.1479138731956482,1.5133062601089478,1.7900958061218262,0.2767895460128784,1.3016694784164429,1.5879781246185303,0.2863086462020874,project/results/qgat_extend100/seed2026/gnn/validation_epoch_97.json,project/results/qgat_extend100/seed2026/relation_D/validation_epoch_85.json
best_J,2026,V_select,114,10,97,85,6,6,0.5389930605888367,0.6842732429504395,0.14528018236160278,1.5005699396133423,1.7724336385726929,0.2718636989593506,1.2892780303955078,1.5704900622367859,0.2812120318412781,project/results/qgat_extend100/seed2026/gnn/validation_epoch_97.json,project/results/qgat_extend100/seed2026/relation_D/validation_epoch_85.json
best_J,2026,V_select,114,15,97,85,6,6,0.5395012497901917,0.6852403283119202,0.14573907852172852,1.5022248029708862,1.7749265432357788,0.2727017402648926,1.2906136512756348,1.5727035999298096,0.2820899486541748,project/results/qgat_extend100/seed2026/gnn/validation_epoch_97.json,project/results/qgat_extend100/seed2026/relation_D/validation_epoch_85.json
best_J,2026,V_select,114,20,97,85,6,6,0.5395229458808899,0.685133695602417,0.1456107497215271,1.5022789239883423,1.7746702432632446,0.27239131927490234,1.290662407875061,1.5724688172340393,0.28180640935897827,project/results/qgat_extend100/seed2026/gnn/validation_epoch_97.json,project/results/qgat_extend100/seed2026/relation_D/validation_epoch_85.json
best_J,2026,V_select,115,5,97,85,6,6,0.9152824282646179,0.7723455429077148,-0.14293688535690308,2.1255650520324707,1.773030400276184,-0.3525346517562866,1.9780649542808533,1.6588607430458069,-0.3192042112350464,project/results/qgat_extend100/seed2026/gnn/validation_epoch_97.json,project/results/qgat_extend100/seed2026/relation_D/validation_epoch_85.json
best_J,2026,V_select,115,10,97,85,6,6,0.9166576266288757,0.7725517153739929,-0.1441059112548828,2.1290764808654785,1.7733315229415894,-0.35574495792388916,1.981195867061615,1.6592174768447876,-0.3219783902168274,project/results/qgat_extend100/seed2026/gnn/validation_epoch_97.json,project/results/qgat_extend100/seed2026/relation_D/validation_epoch_85.json
best_J,2026,V_select,115,15,97,85,6,6,0.9176399111747742,0.7727324366569519,-0.14490747451782227,2.131502866744995,1.773635983467102,-0.35786688327789307,1.9833913445472717,1.659550428390503,-0.3238409161567688,project/results/qgat_extend100/seed2026/gnn/validation_epoch_97.json,project/results/qgat_extend100/seed2026/relation_D/validation_epoch_85.json
best_J,2026,V_select,115,20,97,85,6,6,0.9177214503288269,0.7727177143096924,-0.14500373601913452,2.1317100524902344,1.773591160774231,-0.3581188917160034,1.983576476573944,1.6595132946968079,-0.32406318187713623,project/results/qgat_extend100/seed2026/gnn/validation_epoch_97.json,project/results/qgat_extend100/seed2026/relation_D/validation_epoch_85.json
best_J,2026,V_select,116,5,97,85,6,6,0.8329510688781738,0.786651611328125,-0.04629945755004883,1.9247021675109863,1.8798389434814453,-0.044863224029541016,1.795302152633667,1.7265710830688477,-0.06873106956481934,project/results/qgat_extend100/seed2026/gnn/validation_epoch_97.json,project/results/qgat_extend100/seed2026/relation_D/validation_epoch_85.json
best_J,2026,V_select,116,10,97,85,6,6,0.8343533873558044,0.7872808575630188,-0.047072529792785645,1.9271411895751953,1.8803030252456665,-0.04683816432952881,1.797923982143402,1.727432370185852,-0.07049161195755005,project/results/qgat_extend100/seed2026/gnn/validation_epoch_97.json,project/results/qgat_extend100/seed2026/relation_D/validation_epoch_85.json
best_J,2026,V_select,116,15,97,85,6,6,0.8351401686668396,0.7873606085777283,-0.04777956008911133,1.9286994934082031,1.8805928230285645,-0.04810667037963867,1.7994899153709412,1.7276570200920105,-0.07183289527893066,project/results/qgat_extend100/seed2026/gnn/validation_epoch_97.json,project/results/qgat_extend100/seed2026/relation_D/validation_epoch_85.json
best_J,2026,V_select,116,20,97,85,6,6,0.8354745507240295,0.7873839735984802,-0.048090577125549316,1.9293731451034546,1.880700945854187,-0.04867219924926758,1.8001611232757568,1.7277344465255737,-0.0724266767501831,project/results/qgat_extend100/seed2026/gnn/validation_epoch_97.json,project/results/qgat_extend100/seed2026/relation_D/validation_epoch_85.json
best_J,2026,V_select,117,5,97,85,6,6,0.7172980308532715,0.910243809223175,0.19294577836990356,1.5941871404647827,2.0549938678741455,0.4608067274093628,1.5143916010856628,1.9377407431602478,0.42334914207458496,project/results/qgat_extend100/seed2026/gnn/validation_epoch_97.json,project/results/qgat_extend100/seed2026/relation_D/validation_epoch_85.json
best_J,2026,V_select,117,10,97,85,6,6,0.7166363596916199,0.9091329574584961,0.19249659776687622,1.592498779296875,2.0522098541259766,0.45971107482910156,1.5128857493400574,1.9352378845214844,0.422352135181427,project/results/qgat_extend100/seed2026/gnn/validation_epoch_97.json,project/results/qgat_extend100/seed2026/relation_D/validation_epoch_85.json
best_J,2026,V_select,117,15,97,85,6,6,0.7167394757270813,0.9092206358909607,0.1924811601638794,1.5927263498306274,2.0524280071258545,0.45970165729522705,1.513102650642395,1.935434639453888,0.4223319888114929,project/results/qgat_extend100/seed2026/gnn/validation_epoch_97.json,project/results/qgat_extend100/seed2026/relation_D/validation_epoch_85.json
best_J,2026,V_select,117,20,97,85,6,6,0.7167394757270813,0.9092206358909607,0.1924811601638794,1.5927263498306274,2.0524280071258545,0.45970165729522705,1.513102650642395,1.935434639453888,0.4223319888114929,project/results/qgat_extend100/seed2026/gnn/validation_epoch_97.json,project/results/qgat_extend100/seed2026/relation_D/validation_epoch_85.json
best_J,2026,V_select,118,5,97,85,6,6,0.26825934648513794,0.19097435474395752,-0.07728499174118042,0.42812085151672363,0.27570614218711853,-0.1524147093296051,0.48231977224349976,0.3288274258375168,-0.15349234640598297,project/results/qgat_extend100/seed2026/gnn/validation_epoch_97.json,project/results/qgat_extend100/seed2026/relation_D/validation_epoch_85.json
best_J,2026,V_select,118,10,97,85,6,6,0.268167108297348,0.1911536455154419,-0.07701346278190613,0.42792829871177673,0.27616915106773376,-0.15175914764404297,0.4821312576532364,0.3292382210493088,-0.1528930366039276,project/results/qgat_extend100/seed2026/gnn/validation_epoch_97.json,project/results/qgat_extend100/seed2026/relation_D/validation_epoch_85.json
best_J,2026,V_select,118,15,97,85,6,6,0.26812469959259033,0.19116683304309845,-0.07695786654949188,0.42780813574790955,0.2761734426021576,-0.15163469314575195,0.4820287674665451,0.32925355434417725,-0.15277521312236786,project/results/qgat_extend100/seed2026/gnn/validation_epoch_97.json,project/results/qgat_extend100/seed2026/relation_D/validation_epoch_85.json
best_J,2026,V_select,118,20,97,85,6,6,0.26812469959259033,0.19116683304309845,-0.07695786654949188,0.42780813574790955,0.2761734426021576,-0.15163469314575195,0.4820287674665451,0.32925355434417725,-0.15277521312236786,project/results/qgat_extend100/seed2026/gnn/validation_epoch_97.json,project/results/qgat_extend100/seed2026/relation_D/validation_epoch_85.json
best_J,2026,V_select,119,5,97,85,6,6,0.2443225383758545,0.18337242305278778,-0.06095011532306671,0.49806666374206543,0.3824431896209717,-0.11562347412109375,0.4933558702468872,0.3745940178632736,-0.11876185238361359,project/results/qgat_extend100/seed2026/gnn/validation_epoch_97.json,project/results/qgat_extend100/seed2026/relation_D/validation_epoch_85.json
best_J,2026,V_select,119,10,97,85,6,6,0.2443222552537918,0.18337224423885345,-0.060950011014938354,0.498066782951355,0.38244080543518066,-0.11562597751617432,0.4933556467294693,0.3745926469564438,-0.11876299977302551,project/results/qgat_extend100/seed2026/gnn/validation_epoch_97.json,project/results/qgat_extend100/seed2026/relation_D/validation_epoch_85.json
best_J,2026,V_select,119,15,97,85,6,6,0.2442067414522171,0.18340396881103516,-0.060802772641181946,0.4976458251476288,0.38251224160194397,-0.11513358354568481,0.4930296540260315,0.37466008961200714,-0.11836956441402435,project/results/qgat_extend100/seed2026/gnn/validation_epoch_97.json,project/results/qgat_extend100/seed2026/relation_D/validation_epoch_85.json
best_J,2026,V_select,119,20,97,85,6,6,0.24420316517353058,0.18340449035167694,-0.06079867482185364,0.4976355731487274,0.38251471519470215,-0.11512085795402527,0.4930209517478943,0.374661847949028,-0.11835910379886627,project/results/qgat_extend100/seed2026/gnn/validation_epoch_97.json,project/results/qgat_extend100/seed2026/relation_D/validation_epoch_85.json
best_J,2026,V_select,120,5,97,85,6,6,0.049785953015089035,0.13925327360630035,0.08946732059121132,0.08274031430482864,0.32987046241760254,0.2471301481127739,0.09115611016750336,0.3041885048151016,0.21303239464759827,project/results/qgat_extend100/seed2026/gnn/validation_epoch_97.json,project/results/qgat_extend100/seed2026/relation_D/validation_epoch_85.json
best_J,2026,V_select,120,10,97,85,6,6,0.05067325755953789,0.14123110473155975,0.09055784717202187,0.08485376089811325,0.33325251936912537,0.24839875847101212,0.09310013800859451,0.30785736441612244,0.21475722640752792,project/results/qgat_extend100/seed2026/gnn/validation_epoch_97.json,project/results/qgat_extend100/seed2026/relation_D/validation_epoch_85.json
best_J,2026,V_select,120,15,97,85,6,6,0.050362616777420044,0.14119400084018707,0.09083138406276703,0.08412390947341919,0.33320116996765137,0.24907726049423218,0.09242457151412964,0.30779458582401276,0.21537001430988312,project/results/qgat_extend100/seed2026/gnn/validation_epoch_97.json,project/results/qgat_extend100/seed2026/relation_D/validation_epoch_85.json
best_J,2026,V_select,120,20,97,85,6,6,0.05039522051811218,0.14124049246311188,0.0908452719449997,0.08419101685285568,0.33327993750572205,0.24908892065286636,0.09249072894454002,0.3078804612159729,0.21538973227143288,project/results/qgat_extend100/seed2026/gnn/validation_epoch_97.json,project/results/qgat_extend100/seed2026/relation_D/validation_epoch_85.json
best_J,2026,V_select,121,5,97,85,6,6,0.17791683971881866,0.1332031935453415,-0.04471364617347717,0.4234867990016937,0.28383222222328186,-0.13965457677841187,0.3896602392196655,0.2751193046569824,-0.1145409345626831,project/results/qgat_extend100/seed2026/gnn/validation_epoch_97.json,project/results/qgat_extend100/seed2026/relation_D/validation_epoch_85.json
best_J,2026,V_select,121,10,97,85,6,6,0.17789769172668457,0.13322164118289948,-0.044676050543785095,0.4234364330768585,0.2840603291988373,-0.13937610387802124,0.38961590826511383,0.2752518057823181,-0.11436410248279572,project/results/qgat_extend100/seed2026/gnn/validation_epoch_97.json,project/results/qgat_extend100/seed2026/relation_D/validation_epoch_85.json
best_J,2026,V_select,121,15,97,85,6,6,0.1779124140739441,0.13338904082775116,-0.04452337324619293,0.42346012592315674,0.2844008505344391,-0.13905927538871765,0.38964247703552246,0.2755894660949707,-0.11405301094055176,project/results/qgat_extend100/seed2026/gnn/validation_epoch_97.json,project/results/qgat_extend100/seed2026/relation_D/validation_epoch_85.json
best_J,2026,V_select,121,20,97,85,6,6,0.17789138853549957,0.13361681997776031,-0.04427456855773926,0.4234040081501007,0.2846924960613251,-0.13871151208877563,0.3895933926105499,0.27596306800842285,-0.11363032460212708,project/results/qgat_extend100/seed2026/gnn/validation_epoch_97.json,project/results/qgat_extend100/seed2026/relation_D/validation_epoch_85.json
best_J,2026,V_select,122,5,97,85,6,6,0.11699735373258591,0.11011874675750732,-0.006878606975078583,0.23096685111522675,0.20933939516544342,-0.021627455949783325,0.23248077929019928,0.21478844434022903,-0.017692334949970245,project/results/qgat_extend100/seed2026/gnn/validation_epoch_97.json,project/results/qgat_extend100/seed2026/relation_D/validation_epoch_85.json
best_J,2026,V_select,122,10,97,85,6,6,0.11699875444173813,0.11011878401041031,-0.00687997043132782,0.23096942901611328,0.20933763682842255,-0.021631792187690735,0.23248346894979477,0.21478760242462158,-0.017695866525173187,project/results/qgat_extend100/seed2026/gnn/validation_epoch_97.json,project/results/qgat_extend100/seed2026/relation_D/validation_epoch_85.json
best_J,2026,V_select,122,15,97,85,6,6,0.11695251613855362,0.11017587035894394,-0.00677664577960968,0.23133468627929688,0.2093353271484375,-0.021999359130859375,0.23261985927820206,0.2148435339331627,-0.017776325345039368,project/results/qgat_extend100/seed2026/gnn/validation_epoch_97.json,project/results/qgat_extend100/seed2026/relation_D/validation_epoch_85.json
best_J,2026,V_select,122,20,97,85,6,6,0.11695262789726257,0.11017575860023499,-0.006776869297027588,0.2313346266746521,0.2093353122472763,-0.021999314427375793,0.23261994123458862,0.21484341472387314,-0.017776526510715485,project/results/qgat_extend100/seed2026/gnn/validation_epoch_97.json,project/results/qgat_extend100/seed2026/relation_D/validation_epoch_85.json
best_J,2026,V_select,123,5,97,85,6,6,0.013720422051846981,0.012771624140441418,-0.0009487979114055634,0.017819281667470932,0.01754213683307171,-0.00027714483439922333,0.022630062885582447,0.021542692556977272,-0.001087370328605175,project/results/qgat_extend100/seed2026/gnn/validation_epoch_97.json,project/results/qgat_extend100/seed2026/relation_D/validation_epoch_85.json
best_J,2026,V_select,123,10,97,85,6,6,0.012197766453027725,0.011271360330283642,-0.0009264061227440834,0.014807854779064655,0.016122328117489815,0.0013144733384251595,0.019601693842560053,0.01933252438902855,-0.0002691694535315037,project/results/qgat_extend100/seed2026/gnn/validation_epoch_97.json,project/results/qgat_extend100/seed2026/relation_D/validation_epoch_85.json
best_J,2026,V_select,123,15,97,85,6,6,0.012196827679872513,0.011299512349069118,-0.0008973153308033943,0.014799837954342365,0.016208693385124207,0.0014088554307818413,0.019596746657043695,0.019403859041631222,-0.00019288761541247368,project/results/qgat_extend100/seed2026/gnn/validation_epoch_97.json,project/results/qgat_extend100/seed2026/relation_D/validation_epoch_85.json
best_J,2026,V_select,123,20,97,85,6,6,0.012196940369904041,0.011299273930490017,-0.0008976664394140244,0.014799900352954865,0.016208624467253685,0.0014087241142988205,0.019596890546381474,0.01940358616411686,-0.0001933043822646141,project/results/qgat_extend100/seed2026/gnn/validation_epoch_97.json,project/results/qgat_extend100/seed2026/relation_D/validation_epoch_85.json
best_J,2026,V_select,124,5,97,85,6,6,0.013995383866131306,0.012728150933980942,-0.001267232932150364,0.018803346902132034,0.015717079862952232,-0.003086267039179802,0.023397057317197323,0.020586690865457058,-0.002810366451740265,project/results/qgat_extend100/seed2026/gnn/validation_epoch_97.json,project/results/qgat_extend100/seed2026/relation_D/validation_epoch_85.json
best_J,2026,V_select,124,10,97,85,6,6,0.012470533140003681,0.011224530637264252,-0.0012460025027394295,0.015796225517988205,0.014289592392742634,-0.0015066331252455711,0.020368645898997784,0.01836932683363557,-0.001999319065362215,project/results/qgat_extend100/seed2026/gnn/validation_epoch_97.json,project/results/qgat_extend100/seed2026/relation_D/validation_epoch_85.json
best_J,2026,V_select,124,15,97,85,6,6,0.012470421381294727,0.011224509216845036,-0.0012459121644496918,0.015795929357409477,0.014289353974163532,-0.001506575383245945,0.020368386059999466,0.0183691862039268,-0.0019991998560726643,project/results/qgat_extend100/seed2026/gnn/validation_epoch_97.json,project/results/qgat_extend100/seed2026/relation_D/validation_epoch_85.json
best_J,2026,V_select,124,20,97,85,6,6,0.012276124209165573,0.011344988830387592,-0.0009311353787779808,0.014619781635701656,0.014485313557088375,-0.00013446807861328125,0.0195860150270164,0.01858764560893178,-0.0009983694180846214,project/results/qgat_extend100/seed2026/gnn/validation_epoch_97.json,project/results/qgat_extend100/seed2026/relation_D/validation_epoch_85.json
best_J,2026,V_select,125,5,97,85,6,6,0.01236686110496521,0.013213108293712139,0.0008462471887469292,0.023318083956837654,0.025465140119194984,0.0021470561623573303,0.024025903083384037,0.02594567835330963,0.0019197752699255943,project/results/qgat_extend100/seed2026/gnn/validation_epoch_97.json,project/results/qgat_extend100/seed2026/relation_D/validation_epoch_85.json
best_J,2026,V_select,125,10,97,85,6,6,0.012371964752674103,0.01321303378790617,0.0008410690352320671,0.023329010233283043,0.025466375052928925,0.0021373648196458817,0.024036469869315624,0.025946221314370632,0.001909751445055008,project/results/qgat_extend100/seed2026/gnn/validation_epoch_97.json,project/results/qgat_extend100/seed2026/relation_D/validation_epoch_85.json
best_J,2026,V_select,125,15,97,85,6,6,0.01411941647529602,0.015044301748275757,0.0009248852729797363,0.02418953739106655,0.02614445798099041,0.0019549205899238586,0.026214185170829296,0.028116530738770962,0.0019023455679416656,project/results/qgat_extend100/seed2026/gnn/validation_epoch_97.json,project/results/qgat_extend100/seed2026/relation_D/validation_epoch_85.json
best_J,2026,V_select,125,20,97,85,6,6,0.014119419269263744,0.015044428408145905,0.0009250091388821602,0.024189388379454613,0.026144767180085182,0.0019553788006305695,0.02621411345899105,0.028116811998188496,0.001902698539197445,project/results/qgat_extend100/seed2026/gnn/validation_epoch_97.json,project/results/qgat_extend100/seed2026/relation_D/validation_epoch_85.json
best_J,2026,V_select,126,5,97,85,6,6,0.026918798685073853,0.027589956298470497,0.0006711576133966446,0.04720037803053856,0.05020648613572121,0.0030061081051826477,0.05051898770034313,0.0526931993663311,0.0021742116659879684,project/results/qgat_extend100/seed2026/gnn/validation_epoch_97.json,project/results/qgat_extend100/seed2026/relation_D/validation_epoch_85.json
best_J,2026,V_select,126,10,97,85,6,6,0.024338968098163605,0.02531391568481922,0.0009749475866556168,0.043592553585767746,0.04592518508434296,0.0023326314985752106,0.04613524489104748,0.0482765082269907,0.002141263335943222,project/results/qgat_extend100/seed2026/gnn/validation_epoch_97.json,project/results/qgat_extend100/seed2026/relation_D/validation_epoch_85.json
best_J,2026,V_select,126,15,97,85,6,6,0.024338960647583008,0.025314414873719215,0.0009754542261362076,0.04359033331274986,0.045925531536340714,0.002335198223590851,0.04613412730395794,0.04827718064188957,0.002143053337931633,project/results/qgat_extend100/seed2026/gnn/validation_epoch_97.json,project/results/qgat_extend100/seed2026/relation_D/validation_epoch_85.json
best_J,2026,V_select,126,20,97,85,6,6,0.024338657036423683,0.025314440950751305,0.0009757839143276215,0.04359123110771179,0.04592658206820488,0.0023353509604930878,0.04613427259027958,0.048277731984853745,0.0021434593945741653,project/results/qgat_extend100/seed2026/gnn/validation_epoch_97.json,project/results/qgat_extend100/seed2026/relation_D/validation_epoch_85.json
best_J,2026,V_select,127,5,97,85,6,6,0.010716080665588379,0.011599482037127018,0.0008834013715386391,0.011888261884450912,0.014295061118900776,0.0024067992344498634,0.016660211607813835,0.018747012596577406,0.002086800988763571,project/results/qgat_extend100/seed2026/gnn/validation_epoch_97.json,project/results/qgat_extend100/seed2026/relation_D/validation_epoch_85.json
best_J,2026,V_select,127,10,97,85,6,6,0.010714608244597912,0.011600534431636333,0.0008859261870384216,0.011882442981004715,0.01429800409823656,0.002415561117231846,0.01665582973510027,0.018749536480754614,0.0020937067456543446,project/results/qgat_extend100/seed2026/gnn/validation_epoch_97.json,project/results/qgat_extend100/seed2026/relation_D/validation_epoch_85.json
best_J,2026,V_select,127,15,97,85,6,6,0.010706835426390171,0.011600256897509098,0.000893421471118927,0.011875234544277191,0.014298359863460064,0.0024231253191828728,0.016644452698528767,0.01874943682923913,0.0021049841307103634,project/results/qgat_extend100/seed2026/gnn/validation_epoch_97.json,project/results/qgat_extend100/seed2026/relation_D/validation_epoch_85.json
best_J,2026,V_select,127,20,97,85,6,6,0.010706789791584015,0.01160045713186264,0.0008936673402786255,0.011878065764904022,0.014299211092293262,0.0024211453273892403,0.016645822674036026,0.01875006267800927,0.0021042400039732456,project/results/qgat_extend100/seed2026/gnn/validation_epoch_97.json,project/results/qgat_extend100/seed2026/relation_D/validation_epoch_85.json
best_J,2026,V_select,128,5,97,85,8,7,1.1877083778381348,0.9956793785095215,-0.19202899932861328,2.458721160888672,1.8404972553253174,-0.6182239055633545,2.4170689582824707,1.9159280061721802,-0.5011409521102905,project/results/qgat_extend100/seed2026/gnn/validation_epoch_97.json,project/results/qgat_extend100/seed2026/relation_D/validation_epoch_85.json
best_J,2026,V_select,128,10,97,85,8,7,1.1879624128341675,0.9965735673904419,-0.19138884544372559,2.459242105484009,1.8422144651412964,-0.6170276403427124,2.417583465576172,1.91768079996109,-0.4999026656150818,project/results/qgat_extend100/seed2026/gnn/validation_epoch_97.json,project/results/qgat_extend100/seed2026/relation_D/validation_epoch_85.json
best_J,2026,V_select,128,15,97,85,8,7,1.1896830797195435,0.9944877624511719,-0.19519531726837158,2.463209390640259,1.838537573814392,-0.6246718168258667,2.421287775039673,1.913756549358368,-0.5075312256813049,project/results/qgat_extend100/seed2026/gnn/validation_epoch_97.json,project/results/qgat_extend100/seed2026/relation_D/validation_epoch_85.json
best_J,2026,V_select,128,20,97,85,8,7,1.1899096965789795,0.994542121887207,-0.19536757469177246,2.4636502265930176,1.838234543800354,-0.6254156827926636,2.4217348098754883,1.913659393787384,-0.5080754160881042,project/results/qgat_extend100/seed2026/gnn/validation_epoch_97.json,project/results/qgat_extend100/seed2026/relation_D/validation_epoch_85.json
best_J,2026,V_select,129,5,97,85,8,7,1.0994383096694946,0.8891727924346924,-0.21026551723480225,2.5129661560058594,1.7537297010421753,-0.7592364549636841,2.3559213876724243,1.76603764295578,-0.5898837447166443,project/results/qgat_extend100/seed2026/gnn/validation_epoch_97.json,project/results/qgat_extend100/seed2026/relation_D/validation_epoch_85.json
best_J,2026,V_select,129,10,97,85,8,7,1.099740743637085,0.8897647261619568,-0.20997601747512817,2.5131871700286865,1.755010724067688,-0.7581764459609985,2.3563343286514282,1.7672700881958008,-0.5890642404556274,project/results/qgat_extend100/seed2026/gnn/validation_epoch_97.json,project/results/qgat_extend100/seed2026/relation_D/validation_epoch_85.json
best_J,2026,V_select,129,15,97,85,8,7,1.097615122795105,0.8926835060119629,-0.2049316167831421,2.508408784866333,1.7613343000411987,-0.7470744848251343,2.3518195152282715,1.7733506560325623,-0.5784688591957092,project/results/qgat_extend100/seed2026/gnn/validation_epoch_97.json,project/results/qgat_extend100/seed2026/relation_D/validation_epoch_85.json
best_J,2026,V_select,129,20,97,85,8,7,1.0977795124053955,0.8926378488540649,-0.20514166355133057,2.5087661743164062,1.7612801790237427,-0.7474859952926636,2.3521625995635986,1.7732779383659363,-0.5788846611976624,project/results/qgat_extend100/seed2026/gnn/validation_epoch_97.json,project/results/qgat_extend100/seed2026/relation_D/validation_epoch_85.json
best_J,2026,V_select,130,5,97,85,7,7,1.4217355251312256,1.1180847883224487,-0.30365073680877686,3.3847639560699463,2.765195369720459,-0.6195685863494873,3.1141175031661987,2.5006824731826782,-0.6134350299835205,project/results/qgat_extend100/seed2026/gnn/validation_epoch_97.json,project/results/qgat_extend100/seed2026/relation_D/validation_epoch_85.json
best_J,2026,V_select,130,10,97,85,7,7,1.4212239980697632,1.1177772283554077,-0.30344676971435547,3.383849620819092,2.7647016048431396,-0.6191480159759521,3.113148808479309,2.5001280307769775,-0.6130207777023315,project/results/qgat_extend100/seed2026/gnn/validation_epoch_97.json,project/results/qgat_extend100/seed2026/relation_D/validation_epoch_85.json
best_J,2026,V_select,130,15,97,85,7,7,1.4211279153823853,1.1178010702133179,-0.3033268451690674,3.383399724960327,2.7647650241851807,-0.6186347007751465,3.112827777862549,2.500183582305908,-0.6126441955566406,project/results/qgat_extend100/seed2026/gnn/validation_epoch_97.json,project/results/qgat_extend100/seed2026/relation_D/validation_epoch_85.json
best_J,2026,V_select,130,20,97,85,7,7,1.420815110206604,1.1187278032302856,-0.30208730697631836,3.3819239139556885,2.766597270965576,-0.6153266429901123,3.1117770671844482,2.5020264387130737,-0.6097506284713745,project/results/qgat_extend100/seed2026/gnn/validation_epoch_97.json,project/results/qgat_extend100/seed2026/relation_D/validation_epoch_85.json
best_J,2026,V_select,131,5,97,85,7,7,1.675131916999817,1.1967763900756836,-0.4783555269241333,3.438509702682495,2.0329887866973877,-1.4055209159851074,3.3943867683410645,2.2132707834243774,-1.181115984916687,project/results/qgat_extend100/seed2026/gnn/validation_epoch_97.json,project/results/qgat_extend100/seed2026/relation_D/validation_epoch_85.json
best_J,2026,V_select,131,10,97,85,7,7,1.673846960067749,1.1962337493896484,-0.4776132106781006,3.4347054958343506,2.0317533016204834,-1.4029521942138672,3.3911997079849243,2.21211040019989,-1.1790893077850342,project/results/qgat_extend100/seed2026/gnn/validation_epoch_97.json,project/results/qgat_extend100/seed2026/relation_D/validation_epoch_85.json
best_J,2026,V_select,131,15,97,85,7,7,1.6733258962631226,1.1961661577224731,-0.4771597385406494,3.433521270751953,2.03151273727417,-1.4020085334777832,3.390086531639099,2.211922526359558,-1.178164005279541,project/results/qgat_extend100/seed2026/gnn/validation_epoch_97.json,project/results/qgat_extend100/seed2026/relation_D/validation_epoch_85.json
best_J,2026,V_select,131,20,97,85,7,7,1.6727813482284546,1.1971412897109985,-0.47564005851745605,3.4325027465820312,2.0337588787078857,-1.3987438678741455,3.38903272151947,2.2140207290649414,-1.1750119924545288,project/results/qgat_extend100/seed2026/gnn/validation_epoch_97.json,project/results/qgat_extend100/seed2026/relation_D/validation_epoch_85.json
best_J,2026,V_select,132,5,97,85,7,7,1.2472269535064697,1.1903904676437378,-0.056836485862731934,2.612988233566284,2.620708465576172,0.007720232009887695,2.553721070289612,2.5007447004318237,-0.052976369857788086,project/results/qgat_extend100/seed2026/gnn/validation_epoch_97.json,project/results/qgat_extend100/seed2026/relation_D/validation_epoch_85.json
best_J,2026,V_select,132,10,97,85,7,7,1.2463597059249878,1.1895811557769775,-0.056778550148010254,2.611494302749634,2.618760347366333,0.007266044616699219,2.5521068572998047,2.498961329460144,-0.053145527839660645,project/results/qgat_extend100/seed2026/gnn/validation_epoch_97.json,project/results/qgat_extend100/seed2026/relation_D/validation_epoch_85.json
best_J,2026,V_select,132,15,97,85,7,7,1.2453948259353638,1.1895631551742554,-0.0558316707611084,2.609222650527954,2.61820650100708,0.008983850479125977,2.550006151199341,2.4986664056777954,-0.05133974552154541,project/results/qgat_extend100/seed2026/gnn/validation_epoch_97.json,project/results/qgat_extend100/seed2026/relation_D/validation_epoch_85.json
best_J,2026,V_select,132,20,97,85,7,7,1.2454463243484497,1.189655065536499,-0.055791258811950684,2.609175443649292,2.618335723876953,0.009160280227661133,2.5500340461730957,2.4988229274749756,-0.05121111869812012,project/results/qgat_extend100/seed2026/gnn/validation_epoch_97.json,project/results/qgat_extend100/seed2026/relation_D/validation_epoch_85.json
best_J,2026,V_select,133,5,97,85,7,7,1.7112222909927368,1.0620129108428955,-0.6492093801498413,3.9762916564941406,2.1238160133361816,-1.852475643157959,3.699368119239807,2.1239209175109863,-1.5754472017288208,project/results/qgat_extend100/seed2026/gnn/validation_epoch_97.json,project/results/qgat_extend100/seed2026/relation_D/validation_epoch_85.json
best_J,2026,V_select,133,10,97,85,7,7,1.716437578201294,1.0595133304595947,-0.6569242477416992,3.9842236042022705,2.1216623783111572,-1.8625612258911133,3.708549380302429,2.1203445196151733,-1.5882048606872559,project/results/qgat_extend100/seed2026/gnn/validation_epoch_97.json,project/results/qgat_extend100/seed2026/relation_D/validation_epoch_85.json
best_J,2026,V_select,133,15,97,85,7,7,1.7166415452957153,1.0599788427352905,-0.6566627025604248,3.9847984313964844,2.1227777004241943,-1.86202073097229,3.7090407609939575,2.1213676929473877,-1.5876730680465698,project/results/qgat_extend100/seed2026/gnn/validation_epoch_97.json,project/results/qgat_extend100/seed2026/relation_D/validation_epoch_85.json
best_J,2026,V_select,133,20,97,85,7,7,1.7165367603302002,1.0600967407226562,-0.656440019607544,3.9844303131103516,2.122952938079834,-1.8614773750305176,3.708751916885376,2.1215732097625732,-1.5871787071228027,project/results/qgat_extend100/seed2026/gnn/validation_epoch_97.json,project/results/qgat_extend100/seed2026/relation_D/validation_epoch_85.json
best_J,2026,V_select,134,5,97,85,7,7,1.238261342048645,0.899414598941803,-0.33884674310684204,2.5618574619293213,1.9727224111557007,-0.5891350507736206,2.5191900730133057,1.8857758045196533,-0.6334142684936523,project/results/qgat_extend100/seed2026/gnn/validation_epoch_97.json,project/results/qgat_extend100/seed2026/relation_D/validation_epoch_85.json
best_J,2026,V_select,134,10,97,85,7,7,1.2384077310562134,0.8996011018753052,-0.3388066291809082,2.5621039867401123,1.976400375366211,-0.5857036113739014,2.5194597244262695,1.8878012895584106,-0.6316584348678589,project/results/qgat_extend100/seed2026/gnn/validation_epoch_97.json,project/results/qgat_extend100/seed2026/relation_D/validation_epoch_85.json
best_J,2026,V_select,134,15,97,85,7,7,1.2379562854766846,0.8992356061935425,-0.3387206792831421,2.561241626739502,1.9750871658325195,-0.5861544609069824,2.5185770988464355,1.8867791891098022,-0.6317979097366333,project/results/qgat_extend100/seed2026/gnn/validation_epoch_97.json,project/results/qgat_extend100/seed2026/relation_D/validation_epoch_85.json
best_J,2026,V_select,134,20,97,85,7,7,1.2399752140045166,0.8999775648117065,-0.33999764919281006,2.5612199306488037,1.9763115644454956,-0.5849083662033081,2.5205851793289185,1.8881333470344543,-0.6324518322944641,project/results/qgat_extend100/seed2026/gnn/validation_epoch_97.json,project/results/qgat_extend100/seed2026/relation_D/validation_epoch_85.json
best_J,2026,V_select,135,5,97,85,7,7,1.0991615056991577,1.676058053970337,0.5768965482711792,1.7725746631622314,3.439229965209961,1.6666553020477295,1.9854488372802734,3.3956730365753174,1.410224199295044,project/results/qgat_extend100/seed2026/gnn/validation_epoch_97.json,project/results/qgat_extend100/seed2026/relation_D/validation_epoch_85.json
best_J,2026,V_select,135,10,97,85,7,7,1.1007277965545654,1.6755295991897583,0.5748018026351929,1.7767313718795776,3.4381260871887207,1.661394715309143,1.9890934824943542,3.3945926427841187,1.4054991602897644,project/results/qgat_extend100/seed2026/gnn/validation_epoch_97.json,project/results/qgat_extend100/seed2026/relation_D/validation_epoch_85.json
best_J,2026,V_select,135,15,97,85,7,7,1.0980767011642456,1.6722265481948853,0.5741498470306396,1.7720023393630981,3.431171417236328,1.65916907787323,1.9840778708457947,3.3878122568130493,1.4037343859672546,project/results/qgat_extend100/seed2026/gnn/validation_epoch_97.json,project/results/qgat_extend100/seed2026/relation_D/validation_epoch_85.json
best_J,2026,V_select,135,20,97,85,7,7,1.1016861200332642,1.6756553649902344,0.5739692449569702,1.7755640745162964,3.434438467025757,1.6588743925094604,1.9894681572914124,3.392874598503113,1.4034064412117004,project/results/qgat_extend100/seed2026/gnn/validation_epoch_97.json,project/results/qgat_extend100/seed2026/relation_D/validation_epoch_85.json
best_J,2026,V_select,136,5,97,85,7,7,1.1625421047210693,0.9193468689918518,-0.24319523572921753,2.6282429695129395,1.9652704000473022,-0.6629725694656372,2.476663589477539,1.901982069015503,-0.5746815204620361,project/results/qgat_extend100/seed2026/gnn/validation_epoch_97.json,project/results/qgat_extend100/seed2026/relation_D/validation_epoch_85.json
best_J,2026,V_select,136,10,97,85,7,7,1.1597462892532349,0.9147170782089233,-0.24502921104431152,2.622650384902954,1.9555867910385132,-0.6670635938644409,2.471071481704712,1.89251047372818,-0.578561007976532,project/results/qgat_extend100/seed2026/gnn/validation_epoch_97.json,project/results/qgat_extend100/seed2026/relation_D/validation_epoch_85.json
best_J,2026,V_select,136,15,97,85,7,7,1.1599419116973877,0.9145461916923523,-0.2453957200050354,2.622758626937866,1.9549363851547241,-0.6678222417831421,2.471321225166321,1.8920143842697144,-0.5793068408966064,project/results/qgat_extend100/seed2026/gnn/validation_epoch_97.json,project/results/qgat_extend100/seed2026/relation_D/validation_epoch_85.json
best_J,2026,V_select,136,20,97,85,7,7,1.1607253551483154,0.9145054221153259,-0.2462199330329895,2.6250205039978027,1.9549932479858398,-0.6700272560119629,2.473235607147217,1.8920020461082458,-0.581233561038971,project/results/qgat_extend100/seed2026/gnn/validation_epoch_97.json,project/results/qgat_extend100/seed2026/relation_D/validation_epoch_85.json
best_J,2026,V_select,137,5,97,85,7,7,1.0745065212249756,0.8299326300621033,-0.24457389116287231,2.184331178665161,1.590842843055725,-0.593488335609436,2.166672110557556,1.6253540515899658,-0.5413180589675903,project/results/qgat_extend100/seed2026/gnn/validation_epoch_97.json,project/results/qgat_extend100/seed2026/relation_D/validation_epoch_85.json
best_J,2026,V_select,137,10,97,85,7,7,1.0753933191299438,0.8303319215774536,-0.24506139755249023,2.1864399909973145,1.5914639234542847,-0.5949760675430298,2.168613314628601,1.626063883304596,-0.5425494313240051,project/results/qgat_extend100/seed2026/gnn/validation_epoch_97.json,project/results/qgat_extend100/seed2026/relation_D/validation_epoch_85.json
best_J,2026,V_select,137,15,97,85,7,7,1.0754436254501343,0.8303341269493103,-0.24510949850082397,2.186469793319702,1.5915042161941528,-0.5949655771255493,2.1686785221099854,1.6260862350463867,-0.5425922870635986,project/results/qgat_extend100/seed2026/gnn/validation_epoch_97.json,project/results/qgat_extend100/seed2026/relation_D/validation_epoch_85.json
best_J,2026,V_select,137,20,97,85,7,7,1.0754510164260864,0.8303405046463013,-0.24511051177978516,2.18648624420166,1.5915182828903198,-0.5949679613113403,2.1686941385269165,1.6260996460914612,-0.5425944924354553,project/results/qgat_extend100/seed2026/gnn/validation_epoch_97.json,project/results/qgat_extend100/seed2026/relation_D/validation_epoch_85.json
best_J,2026,V_select,138,5,97,85,7,7,0.6102834343910217,0.42078834772109985,-0.18949508666992188,1.3287428617477417,0.8304518461227417,-0.498291015625,1.2746548652648926,0.8360142707824707,-0.4386405944824219,project/results/qgat_extend100/seed2026/gnn/validation_epoch_97.json,project/results/qgat_extend100/seed2026/relation_D/validation_epoch_85.json
best_J,2026,V_select,138,10,97,85,7,7,0.6112762093544006,0.42108383774757385,-0.19019237160682678,1.331450343132019,0.8308872580528259,-0.5005630850791931,1.2770013809204102,0.8365274667739868,-0.44047391414642334,project/results/qgat_extend100/seed2026/gnn/validation_epoch_97.json,project/results/qgat_extend100/seed2026/relation_D/validation_epoch_85.json
best_J,2026,V_select,138,15,97,85,7,7,0.6110697984695435,0.4210665822029114,-0.19000321626663208,1.3309894800186157,0.8308571577072144,-0.5001323223114014,1.2765645384788513,0.8364951610565186,-0.44006937742233276,project/results/qgat_extend100/seed2026/gnn/validation_epoch_97.json,project/results/qgat_extend100/seed2026/relation_D/validation_epoch_85.json
best_J,2026,V_select,138,20,97,85,7,7,0.6110745072364807,0.42107120156288147,-0.19000330567359924,1.3310012817382812,0.830876886844635,-0.5001243948936462,1.2765751481056213,0.836509644985199,-0.44006550312042236,project/results/qgat_extend100/seed2026/gnn/validation_epoch_97.json,project/results/qgat_extend100/seed2026/relation_D/validation_epoch_85.json
best_J,2026,V_select,139,5,97,85,7,7,0.5606158375740051,0.5240556001663208,-0.036560237407684326,1.1119823455810547,1.0911465883255005,-0.0208357572555542,1.1166070103645325,1.069628894329071,-0.046978116035461426,project/results/qgat_extend100/seed2026/gnn/validation_epoch_97.json,project/results/qgat_extend100/seed2026/relation_D/validation_epoch_85.json
best_J,2026,V_select,139,10,97,85,7,7,0.5620830655097961,0.5252231955528259,-0.036859869956970215,1.1150283813476562,1.0875760316848755,-0.02745234966278076,1.1195972561836243,1.0690112113952637,-0.050586044788360596,project/results/qgat_extend100/seed2026/gnn/validation_epoch_97.json,project/results/qgat_extend100/seed2026/relation_D/validation_epoch_85.json
best_J,2026,V_select,139,15,97,85,7,7,0.5601471662521362,0.5266460180282593,-0.03350114822387695,1.1119736433029175,1.0918916463851929,-0.02008199691772461,1.116133987903595,1.0725918412208557,-0.04354214668273926,project/results/qgat_extend100/seed2026/gnn/validation_epoch_97.json,project/results/qgat_extend100/seed2026/relation_D/validation_epoch_85.json
best_J,2026,V_select,139,20,97,85,7,7,0.5601471066474915,0.52664715051651,-0.033499956130981445,1.1119725704193115,1.0918948650360107,-0.02007770538330078,1.1161333918571472,1.0725945830345154,-0.043538808822631836,project/results/qgat_extend100/seed2026/gnn/validation_epoch_97.json,project/results/qgat_extend100/seed2026/relation_D/validation_epoch_85.json
best_J,2026,V_select,140,5,97,85,7,7,0.2215658277273178,0.42090097069740295,0.19933514297008514,0.4959540367126465,1.0290271043777466,0.5330730676651001,0.46954284608364105,0.9354145228862762,0.4658716768026352,project/results/qgat_extend100/seed2026/gnn/validation_epoch_97.json,project/results/qgat_extend100/seed2026/relation_D/validation_epoch_85.json
best_J,2026,V_select,140,10,97,85,7,7,0.22085218131542206,0.41932177543640137,0.1984695941209793,0.4963160455226898,1.0270119905471802,0.5306959450244904,0.46901020407676697,0.9328277707099915,0.4638175666332245,project/results/qgat_extend100/seed2026/gnn/validation_epoch_97.json,project/results/qgat_extend100/seed2026/relation_D/validation_epoch_85.json
best_J,2026,V_select,140,15,97,85,7,7,0.220895454287529,0.4251548945903778,0.20425944030284882,0.496427059173584,1.0397411584854126,0.5433140993118286,0.469108983874321,0.9450254738330841,0.4759164899587631,project/results/qgat_extend100/seed2026/gnn/validation_epoch_97.json,project/results/qgat_extend100/seed2026/relation_D/validation_epoch_85.json
best_J,2026,V_select,140,20,97,85,7,7,0.22090987861156464,0.4251340925693512,0.20422421395778656,0.49639517068862915,1.0396931171417236,0.5432979464530945,0.4691074639558792,0.944980651140213,0.4758731871843338,project/results/qgat_extend100/seed2026/gnn/validation_epoch_97.json,project/results/qgat_extend100/seed2026/relation_D/validation_epoch_85.json
best_J,2026,V_select,141,5,97,85,7,7,0.17062973976135254,0.16590142250061035,-0.0047283172607421875,0.4533939063549042,0.47455528378486633,0.021161377429962158,0.3973266929388046,0.4031790643930435,0.005852371454238892,project/results/qgat_extend100/seed2026/gnn/validation_epoch_97.json,project/results/qgat_extend100/seed2026/relation_D/validation_epoch_85.json
best_J,2026,V_select,141,10,97,85,7,7,0.1706017106771469,0.16585440933704376,-0.004747301340103149,0.4534335732460022,0.47450390458106995,0.02107033133506775,0.397318497300148,0.40310636162757874,0.005787864327430725,project/results/qgat_extend100/seed2026/gnn/validation_epoch_97.json,project/results/qgat_extend100/seed2026/relation_D/validation_epoch_85.json
best_J,2026,V_select,141,15,97,85,7,7,0.17100746929645538,0.16604746878147125,-0.004960000514984131,0.4541647732257843,0.4754285514354706,0.02126377820968628,0.39808985590934753,0.40376174449920654,0.005671888589859009,project/results/qgat_extend100/seed2026/gnn/validation_epoch_97.json,project/results/qgat_extend100/seed2026/relation_D/validation_epoch_85.json
best_J,2026,V_select,141,20,97,85,7,7,0.17288973927497864,0.1661553680896759,-0.006734371185302734,0.4592154920101166,0.4756019413471222,0.016386449337005615,0.4024974852800369,0.403956338763237,0.0014588534832000732,project/results/qgat_extend100/seed2026/gnn/validation_epoch_97.json,project/results/qgat_extend100/seed2026/relation_D/validation_epoch_85.json
best_J,2026,V_select,142,5,97,85,7,7,0.23196372389793396,0.2718743681907654,0.03991064429283142,0.5628060102462769,0.66522616147995,0.1024201512336731,0.5133667290210724,0.6044874489307404,0.09112071990966797,project/results/qgat_extend100/seed2026/gnn/validation_epoch_97.json,project/results/qgat_extend100/seed2026/relation_D/validation_epoch_85.json
best_J,2026,V_select,142,10,97,85,7,7,0.233040452003479,0.27289870381355286,0.03985825181007385,0.5629732012748718,0.6659079790115356,0.10293477773666382,0.5145270526409149,0.6058526933193207,0.09132564067840576,project/results/qgat_extend100/seed2026/gnn/validation_epoch_97.json,project/results/qgat_extend100/seed2026/relation_D/validation_epoch_85.json
best_J,2026,V_select,142,15,97,85,7,7,0.23780107498168945,0.27805760502815247,0.04025653004646301,0.5713488459587097,0.6752522587776184,0.10390341281890869,0.5234754979610443,0.6156837344169617,0.09220823645591736,project/results/qgat_extend100/seed2026/gnn/validation_epoch_97.json,project/results/qgat_extend100/seed2026/relation_D/validation_epoch_85.json
best_J,2026,V_select,142,20,97,85,7,7,0.2378123551607132,0.2781605124473572,0.04034815728664398,0.5713750123977661,0.6755087971687317,0.10413378477096558,0.5234998613595963,0.615914911031723,0.09241504967212677,project/results/qgat_extend100/seed2026/gnn/validation_epoch_97.json,project/results/qgat_extend100/seed2026/relation_D/validation_epoch_85.json
best_J,2026,V_select,143,5,97,85,7,7,0.09314024448394775,0.14540183544158936,0.0522615909576416,0.18196824193000793,0.3086472153663635,0.1266789734363556,0.18412436544895172,0.2997254431247711,0.1156010776758194,project/results/qgat_extend100/seed2026/gnn/validation_epoch_97.json,project/results/qgat_extend100/seed2026/relation_D/validation_epoch_85.json
best_J,2026,V_select,143,10,97,85,7,7,0.09313344210386276,0.1454513818025589,0.052317939698696136,0.18196721374988556,0.3087655007839203,0.12679828703403473,0.18411704897880554,0.29983413219451904,0.1157170832157135,project/results/qgat_extend100/seed2026/gnn/validation_epoch_97.json,project/results/qgat_extend100/seed2026/relation_D/validation_epoch_85.json
best_J,2026,V_select,143,15,97,85,7,7,0.09314171224832535,0.14544245600700378,0.052300743758678436,0.18199054896831512,0.30874380469322205,0.12675325572490692,0.1841369867324829,0.2998143583536148,0.1156773716211319,project/results/qgat_extend100/seed2026/gnn/validation_epoch_97.json,project/results/qgat_extend100/seed2026/relation_D/validation_epoch_85.json
best_J,2026,V_select,143,20,97,85,7,7,0.0931413546204567,0.14544104039669037,0.05229968577623367,0.1819850206375122,0.3087445795536041,0.12675955891609192,0.1841338649392128,0.29981333017349243,0.11567946523427963,project/results/qgat_extend100/seed2026/gnn/validation_epoch_97.json,project/results/qgat_extend100/seed2026/relation_D/validation_epoch_85.json
best_J,2026,V_select,144,5,97,85,8,8,0.6112124919891357,0.46768683195114136,-0.14352566003799438,1.3412455320358276,1.0254138708114624,-0.31583166122436523,1.2818352580070496,0.9803937673568726,-0.301441490650177,project/results/qgat_extend100/seed2026/gnn/validation_epoch_97.json,project/results/qgat_extend100/seed2026/relation_D/validation_epoch_85.json
best_J,2026,V_select,144,10,97,85,8,8,0.6136486530303955,0.46955472230911255,-0.14409393072128296,1.3475971221923828,1.0324134826660156,-0.3151836395263672,1.287447214126587,0.9857614636421204,-0.30168575048446655,project/results/qgat_extend100/seed2026/gnn/validation_epoch_97.json,project/results/qgat_extend100/seed2026/relation_D/validation_epoch_85.json
best_J,2026,V_select,144,15,97,85,8,8,0.6171474456787109,0.4697067439556122,-0.14744070172309875,1.3562417030334473,1.0320481061935425,-0.3241935968399048,1.2952682971954346,0.9857307970523834,-0.30953750014305115,project/results/qgat_extend100/seed2026/gnn/validation_epoch_97.json,project/results/qgat_extend100/seed2026/relation_D/validation_epoch_85.json
best_J,2026,V_select,144,20,97,85,8,8,0.6160192489624023,0.4703350365161896,-0.14568421244621277,1.3547523021697998,1.0342307090759277,-0.32052159309387207,1.2933954000473022,0.9874503910541534,-0.3059450089931488,project/results/qgat_extend100/seed2026/gnn/validation_epoch_97.json,project/results/qgat_extend100/seed2026/relation_D/validation_epoch_85.json
best_J,2026,V_select,145,5,97,85,8,8,0.6320153474807739,0.7837550044059753,0.15173965692520142,1.140017032623291,1.5222631692886353,0.38224613666534424,1.2020238637924194,1.544886589050293,0.34286272525787354,project/results/qgat_extend100/seed2026/gnn/validation_epoch_97.json,project/results/qgat_extend100/seed2026/relation_D/validation_epoch_85.json
best_J,2026,V_select,145,10,97,85,8,8,0.6319407224655151,0.7836208343505859,0.1516801118850708,1.139814853668213,1.52200186252594,0.38218700885772705,1.2018481492996216,1.544621765613556,0.3427736163139343,project/results/qgat_extend100/seed2026/gnn/validation_epoch_97.json,project/results/qgat_extend100/seed2026/relation_D/validation_epoch_85.json
best_J,2026,V_select,145,15,97,85,8,8,0.6311600208282471,0.7809195518493652,0.14975953102111816,1.1399075984954834,1.5200130939483643,0.38010549545288086,1.2011138200759888,1.5409260988235474,0.3398122787475586,project/results/qgat_extend100/seed2026/gnn/validation_epoch_97.json,project/results/qgat_extend100/seed2026/relation_D/validation_epoch_85.json
best_J,2026,V_select,145,20,97,85,8,8,0.6312310099601746,0.7809474468231201,0.14971643686294556,1.1400328874588013,1.5201094150543213,0.38007652759552,1.2012474536895752,1.5410021543502808,0.33975470066070557,project/results/qgat_extend100/seed2026/gnn/validation_epoch_97.json,project/results/qgat_extend100/seed2026/relation_D/validation_epoch_85.json
best_J,2026,V_select,146,5,97,85,8,8,0.5178045034408569,0.3057495355606079,-0.21205496788024902,1.174109935760498,0.7058124542236328,-0.46829748153686523,1.104859471321106,0.6586557626724243,-0.44620370864868164,project/results/qgat_extend100/seed2026/gnn/validation_epoch_97.json,project/results/qgat_extend100/seed2026/relation_D/validation_epoch_85.json
best_J,2026,V_select,146,10,97,85,8,8,0.5190446376800537,0.30453407764434814,-0.21451056003570557,1.1768548488616943,0.7029728889465332,-0.47388195991516113,1.1074720621109009,0.6560205221176147,-0.45145153999328613,project/results/qgat_extend100/seed2026/gnn/validation_epoch_97.json,project/results/qgat_extend100/seed2026/relation_D/validation_epoch_85.json
best_J,2026,V_select,146,15,97,85,8,8,0.5188913345336914,0.304643452167511,-0.21424788236618042,1.1764352321624756,0.7022990584373474,-0.4741361737251282,1.1071089506149292,0.6557929813861847,-0.4513159692287445,project/results/qgat_extend100/seed2026/gnn/validation_epoch_97.json,project/results/qgat_extend100/seed2026/relation_D/validation_epoch_85.json
best_J,2026,V_select,146,20,97,85,8,8,0.5188690423965454,0.3046511709690094,-0.214217871427536,1.1763848066329956,0.7023037672042847,-0.47408103942871094,1.1070614457130432,0.6558030545711517,-0.4512583911418915,project/results/qgat_extend100/seed2026/gnn/validation_epoch_97.json,project/results/qgat_extend100/seed2026/relation_D/validation_epoch_85.json
best_J,2026,V_select,147,5,97,85,8,8,0.6243253946304321,0.5177538990974426,-0.1065714955329895,1.431331992149353,1.2219245433807373,-0.20940744876861572,1.3399913907051086,1.1287161707878113,-0.21127521991729736,project/results/qgat_extend100/seed2026/gnn/validation_epoch_97.json,project/results/qgat_extend100/seed2026/relation_D/validation_epoch_85.json
best_J,2026,V_select,147,10,97,85,8,8,0.622323751449585,0.5151915550231934,-0.1071321964263916,1.4309053421020508,1.2199010848999023,-0.21100425720214844,1.3377764225006104,1.1251420974731445,-0.21263432502746582,project/results/qgat_extend100/seed2026/gnn/validation_epoch_97.json,project/results/qgat_extend100/seed2026/relation_D/validation_epoch_85.json
best_J,2026,V_select,147,15,97,85,8,8,0.6250323057174683,0.5155335068702698,-0.10949879884719849,1.4349524974822998,1.2186660766601562,-0.21628642082214355,1.3425085544586182,1.124866545200348,-0.21764200925827026,project/results/qgat_extend100/seed2026/gnn/validation_epoch_97.json,project/results/qgat_extend100/seed2026/relation_D/validation_epoch_85.json
best_J,2026,V_select,147,20,97,85,8,8,0.6250127553939819,0.5154494643211365,-0.10956329107284546,1.4349079132080078,1.2185016870498657,-0.2164062261581421,1.3424667119979858,1.1247003078460693,-0.2177664041519165,project/results/qgat_extend100/seed2026/gnn/validation_epoch_97.json,project/results/qgat_extend100/seed2026/relation_D/validation_epoch_85.json
best_J,2026,V_select,148,5,97,85,8,8,0.641312837600708,0.6385151147842407,-0.002797722816467285,1.6793148517608643,1.6832222938537598,0.003907442092895508,1.4809702634811401,1.4801262617111206,-0.0008440017700195312,project/results/qgat_extend100/seed2026/gnn/validation_epoch_97.json,project/results/qgat_extend100/seed2026/relation_D/validation_epoch_85.json
best_J,2026,V_select,148,10,97,85,8,8,0.6413279175758362,0.6386182904243469,-0.002709627151489258,1.679929494857788,1.6834681034088135,0.0035386085510253906,1.4812926650047302,1.4803523421287537,-0.0009403228759765625,project/results/qgat_extend100/seed2026/gnn/validation_epoch_97.json,project/results/qgat_extend100/seed2026/relation_D/validation_epoch_85.json
best_J,2026,V_select,148,15,97,85,8,8,0.640588641166687,0.6376305818557739,-0.002958059310913086,1.6784963607788086,1.6818236112594604,0.0033272504806518555,1.4798368215560913,1.4785423874855042,-0.0012944340705871582,project/results/qgat_extend100/seed2026/gnn/validation_epoch_97.json,project/results/qgat_extend100/seed2026/relation_D/validation_epoch_85.json
best_J,2026,V_select,148,20,97,85,8,8,0.6419670581817627,0.6387140154838562,-0.003253042697906494,1.6787611246109009,1.682887315750122,0.004126191139221191,1.4813476204872131,1.4801576733589172,-0.0011899471282958984,project/results/qgat_extend100/seed2026/gnn/validation_epoch_97.json,project/results/qgat_extend100/seed2026/relation_D/validation_epoch_85.json
best_J,2026,V_select,149,5,97,85,8,7,1.0547866821289062,0.951636552810669,-0.1031501293182373,2.4473769664764404,2.1874661445617676,-0.25991082191467285,2.2784751653671265,2.0453696250915527,-0.23310554027557373,project/results/qgat_extend100/seed2026/gnn/validation_epoch_97.json,project/results/qgat_extend100/seed2026/relation_D/validation_epoch_85.json
best_J,2026,V_select,149,10,97,85,8,7,1.0547813177108765,0.9516637325286865,-0.10311758518218994,2.447540521621704,2.1876065731048584,-0.2599339485168457,2.2785515785217285,2.0454670190811157,-0.2330845594406128,project/results/qgat_extend100/seed2026/gnn/validation_epoch_97.json,project/results/qgat_extend100/seed2026/relation_D/validation_epoch_85.json
best_J,2026,V_select,149,15,97,85,8,7,1.055500864982605,0.9520158767700195,-0.10348498821258545,2.4493887424468994,2.188610792160034,-0.26077795028686523,2.2801952362060547,2.0463212728500366,-0.23387396335601807,project/results/qgat_extend100/seed2026/gnn/validation_epoch_97.json,project/results/qgat_extend100/seed2026/relation_D/validation_epoch_85.json
best_J,2026,V_select,149,20,97,85,8,7,1.0554639101028442,0.9515975117683411,-0.10386639833450317,2.449352264404297,2.187241554260254,-0.26211071014404297,2.2801400423049927,2.045218288898468,-0.23492175340652466,project/results/qgat_extend100/seed2026/gnn/validation_epoch_97.json,project/results/qgat_extend100/seed2026/relation_D/validation_epoch_85.json
best_J,2026,V_select,150,5,97,85,8,7,0.5062530040740967,0.5580987930297852,0.05184578895568848,1.0853171348571777,1.2934774160385132,0.20816028118133545,1.0489115715026855,1.2048375010490417,0.1559259295463562,project/results/qgat_extend100/seed2026/gnn/validation_epoch_97.json,project/results/qgat_extend100/seed2026/relation_D/validation_epoch_85.json
best_J,2026,V_select,150,10,97,85,8,7,0.5062366127967834,0.5580457448959351,0.05180913209915161,1.0853914022445679,1.2933118343353271,0.20792043209075928,1.0489323139190674,1.2047016620635986,0.15576934814453125,project/results/qgat_extend100/seed2026/gnn/validation_epoch_97.json,project/results/qgat_extend100/seed2026/relation_D/validation_epoch_85.json
best_J,2026,V_select,150,15,97,85,8,7,0.5060743093490601,0.5576998591423035,0.05162554979324341,1.0848476886749268,1.2923883199691772,0.2075406312942505,1.0484981536865234,1.203894019126892,0.15539586544036865,project/results/qgat_extend100/seed2026/gnn/validation_epoch_97.json,project/results/qgat_extend100/seed2026/relation_D/validation_epoch_85.json
best_J,2026,V_select,150,20,97,85,8,7,0.5062835216522217,0.557643473148346,0.05135995149612427,1.0853803157806396,1.2922017574310303,0.20682144165039062,1.0489736795425415,1.203744351863861,0.15477067232131958,project/results/qgat_extend100/seed2026/gnn/validation_epoch_97.json,project/results/qgat_extend100/seed2026/relation_D/validation_epoch_85.json
best_J,2026,V_select,151,5,97,85,7,6,0.3962942659854889,0.35948842763900757,-0.03680583834648132,0.9898982644081116,0.8829364776611328,-0.10696178674697876,0.8912433981895447,0.800956666469574,-0.0902867317199707,project/results/qgat_extend100/seed2026/gnn/validation_epoch_97.json,project/results/qgat_extend100/seed2026/relation_D/validation_epoch_85.json
best_J,2026,V_select,151,10,97,85,7,6,0.39627107977867126,0.35948625206947327,-0.036784827709198,0.9898310303688049,0.8829364776611328,-0.10689455270767212,0.8911865949630737,0.8009544909000397,-0.09023210406303406,project/results/qgat_extend100/seed2026/gnn/validation_epoch_97.json,project/results/qgat_extend100/seed2026/relation_D/validation_epoch_85.json
best_J,2026,V_select,151,15,97,85,7,6,0.3961617052555084,0.3595992624759674,-0.036562442779541016,0.9897758364677429,0.8829782605171204,-0.10679757595062256,0.8910496234893799,0.8010883927345276,-0.0899612307548523,project/results/qgat_extend100/seed2026/gnn/validation_epoch_97.json,project/results/qgat_extend100/seed2026/relation_D/validation_epoch_85.json
best_J,2026,V_select,151,20,97,85,7,6,0.3946097195148468,0.35752397775650024,-0.03708574175834656,0.9865081310272217,0.8794293999671936,-0.10707873106002808,0.8878637850284576,0.797238677740097,-0.0906251072883606,project/results/qgat_extend100/seed2026/gnn/validation_epoch_97.json,project/results/qgat_extend100/seed2026/relation_D/validation_epoch_85.json
best_J,2026,V_select,152,5,97,85,7,6,0.4525984823703766,0.43530744314193726,-0.01729103922843933,0.9193210005760193,0.9569272994995117,0.03760629892349243,0.9122589826583862,0.9137710928916931,0.0015121102333068848,project/results/qgat_extend100/seed2026/gnn/validation_epoch_97.json,project/results/qgat_extend100/seed2026/relation_D/validation_epoch_85.json
best_J,2026,V_select,152,10,97,85,7,6,0.45259934663772583,0.43531563878059387,-0.017283707857131958,0.9193227291107178,0.9569527506828308,0.03763002157211304,0.9122607111930847,0.9137920141220093,0.0015313029289245605,project/results/qgat_extend100/seed2026/gnn/validation_epoch_97.json,project/results/qgat_extend100/seed2026/relation_D/validation_epoch_85.json
best_J,2026,V_select,152,15,97,85,7,6,0.4526107907295227,0.4353190064430237,-0.017291784286499023,0.9193540215492249,0.9569641947746277,0.03761017322540283,0.9122878015041351,0.9138011038303375,0.0015133023262023926,project/results/qgat_extend100/seed2026/gnn/validation_epoch_97.json,project/results/qgat_extend100/seed2026/relation_D/validation_epoch_85.json
best_J,2026,V_select,152,20,97,85,7,6,0.4544227719306946,0.4346062242984772,-0.019816547632217407,0.9205787777900696,0.9541259407997131,0.033547163009643555,0.9147121608257294,0.9116691946983337,-0.00304296612739563,project/results/qgat_extend100/seed2026/gnn/validation_epoch_97.json,project/results/qgat_extend100/seed2026/relation_D/validation_epoch_85.json
best_J,2026,V_select,153,5,97,85,6,6,0.389865905046463,0.5452686548233032,0.1554027497768402,0.775498628616333,1.1932376623153687,0.41773903369903564,0.7776152193546295,1.1418874859809875,0.36427226662635803,project/results/qgat_extend100/seed2026/gnn/validation_epoch_97.json,project/results/qgat_extend100/seed2026/relation_D/validation_epoch_85.json
best_J,2026,V_select,153,10,97,85,6,6,0.3898549973964691,0.5452656149864197,0.15541061758995056,0.7754676938056946,1.193223476409912,0.41775578260421753,0.7775888442993164,1.1418773531913757,0.3642885088920593,project/results/qgat_extend100/seed2026/gnn/validation_epoch_97.json,project/results/qgat_extend100/seed2026/relation_D/validation_epoch_85.json
best_J,2026,V_select,153,15,97,85,6,6,0.38985347747802734,0.54526287317276,0.15540939569473267,0.7754656672477722,1.1932177543640137,0.41775208711624146,0.7775863111019135,1.1418717503547668,0.3642854392528534,project/results/qgat_extend100/seed2026/gnn/validation_epoch_97.json,project/results/qgat_extend100/seed2026/relation_D/validation_epoch_85.json
best_J,2026,V_select,153,20,97,85,6,6,0.3897707462310791,0.5452522039413452,0.1554814577102661,0.7753620147705078,1.1931952238082886,0.41783320903778076,0.777451753616333,1.1418498158454895,0.3643980622291565,project/results/qgat_extend100/seed2026/gnn/validation_epoch_97.json,project/results/qgat_extend100/seed2026/relation_D/validation_epoch_85.json
best_J,2026,V_select,154,5,97,85,6,5,0.1378968060016632,0.1302008479833603,-0.0076959580183029175,0.01852266676723957,0.014195519499480724,-0.004327147267758846,0.147158139385283,0.13729860773310065,-0.00985953165218234,project/results/qgat_extend100/seed2026/gnn/validation_epoch_97.json,project/results/qgat_extend100/seed2026/relation_D/validation_epoch_85.json
best_J,2026,V_select,154,10,97,85,6,5,0.13789895176887512,0.1302039474248886,-0.007695004343986511,0.0185227207839489,0.014195049181580544,-0.004327671602368355,0.14716031216084957,0.13730147201567888,-0.009858840145170689,project/results/qgat_extend100/seed2026/gnn/validation_epoch_97.json,project/results/qgat_extend100/seed2026/relation_D/validation_epoch_85.json
best_J,2026,V_select,154,15,97,85,6,5,0.14059121906757355,0.13301736116409302,-0.00757385790348053,0.018514299765229225,0.01419591624289751,-0.004318383522331715,0.14984836895018816,0.14011531928554177,-0.009733049664646387,project/results/qgat_extend100/seed2026/gnn/validation_epoch_97.json,project/results/qgat_extend100/seed2026/relation_D/validation_epoch_85.json
best_J,2026,V_select,154,20,97,85,6,5,0.1405905783176422,0.13302181661128998,-0.007568761706352234,0.018514316529035568,0.014196084812283516,-0.004318231716752052,0.14984773658216,0.14011985901743174,-0.00972787756472826,project/results/qgat_extend100/seed2026/gnn/validation_epoch_97.json,project/results/qgat_extend100/seed2026/relation_D/validation_epoch_85.json
best_J,2026,V_select,155,5,97,85,6,5,0.029742496088147163,0.024924160912632942,-0.004818335175514221,0.01979033090174198,0.01418768148869276,-0.005602649413049221,0.039637661539018154,0.03201800165697932,-0.007619659882038832,project/results/qgat_extend100/seed2026/gnn/validation_epoch_97.json,project/results/qgat_extend100/seed2026/relation_D/validation_epoch_85.json
best_J,2026,V_select,155,10,97,85,6,5,0.02974238060414791,0.024926146492362022,-0.004816234111785889,0.01979028433561325,0.014187467284500599,-0.005602817051112652,0.039637522771954536,0.03201988013461232,-0.007617642637342215,project/results/qgat_extend100/seed2026/gnn/validation_epoch_97.json,project/results/qgat_extend100/seed2026/relation_D/validation_epoch_85.json
best_J,2026,V_select,155,15,97,85,6,5,0.028740381821990013,0.025024952366948128,-0.0037154294550418854,0.019078277051448822,0.014859819784760475,-0.004218457266688347,0.038279520347714424,0.032454862259328365,-0.005824658088386059,project/results/qgat_extend100/seed2026/gnn/validation_epoch_97.json,project/results/qgat_extend100/seed2026/relation_D/validation_epoch_85.json
best_J,2026,V_select,155,20,97,85,6,5,0.02874038927257061,0.02502443827688694,-0.00371595099568367,0.01908062770962715,0.01485978253185749,-0.004220845177769661,0.038280703127384186,0.032454329542815685,-0.0058263735845685005,project/results/qgat_extend100/seed2026/gnn/validation_epoch_97.json,project/results/qgat_extend100/seed2026/relation_D/validation_epoch_85.json
best_J,2026,V_select,156,5,97,85,5,5,0.013539314270019531,0.013115962967276573,-0.00042335130274295807,0.017810700461268425,0.015132960863411427,-0.0026777395978569984,0.022444664500653744,0.020682443398982286,-0.0017622211016714573,project/results/qgat_extend100/seed2026/gnn/validation_epoch_97.json,project/results/qgat_extend100/seed2026/relation_D/validation_epoch_85.json
best_J,2026,V_select,156,10,97,85,5,5,0.013539934530854225,0.013116295449435711,-0.00042363908141851425,0.017812436446547508,0.015132921747863293,-0.0026795146986842155,0.02244615275412798,0.020682756323367357,-0.001763396430760622,project/results/qgat_extend100/seed2026/gnn/validation_epoch_97.json,project/results/qgat_extend100/seed2026/relation_D/validation_epoch_85.json
best_J,2026,V_select,156,15,97,85,5,5,0.013539965264499187,0.01311590988188982,-0.00042405538260936737,0.017812348902225494,0.015132051892578602,-0.0026802970096468925,0.022446139715611935,0.02068193582817912,-0.0017642038874328136,project/results/qgat_extend100/seed2026/gnn/validation_epoch_97.json,project/results/qgat_extend100/seed2026/relation_D/validation_epoch_85.json
best_J,2026,V_select,156,20,97,85,5,5,0.013540009967982769,0.01311561744660139,-0.0004243925213813782,0.017812475562095642,0.015131443738937378,-0.002681031823158264,0.02244624774903059,0.02068133931607008,-0.0017649084329605103,project/results/qgat_extend100/seed2026/gnn/validation_epoch_97.json,project/results/qgat_extend100/seed2026/relation_D/validation_epoch_85.json
best_J,2026,V_select,157,5,97,85,5,5,0.011324331164360046,0.011494608595967293,0.0001702774316072464,0.010238047689199448,0.010495699942111969,0.00025765225291252136,0.01644335500895977,0.016742458567023277,0.0002991035580635071,project/results/qgat_extend100/seed2026/gnn/validation_epoch_97.json,project/results/qgat_extend100/seed2026/relation_D/validation_epoch_85.json
best_J,2026,V_select,157,10,97,85,5,5,0.011325357481837273,0.01149471290409565,0.00016935542225837708,0.01024326030164957,0.010496065020561218,0.0002528047189116478,0.016446987632662058,0.01674274541437626,0.000295757781714201,project/results/qgat_extend100/seed2026/gnn/validation_epoch_97.json,project/results/qgat_extend100/seed2026/relation_D/validation_epoch_85.json
best_J,2026,V_select,157,15,97,85,5,5,0.011327152140438557,0.011494772508740425,0.00016762036830186844,0.010246015153825283,0.010496373288333416,0.00025035813450813293,0.016450159717351198,0.016742959152907133,0.0002927994355559349,project/results/qgat_extend100/seed2026/gnn/validation_epoch_97.json,project/results/qgat_extend100/seed2026/relation_D/validation_epoch_85.json
best_J,2026,V_select,157,20,97,85,5,5,0.011327140033245087,0.011494834907352924,0.00016769487410783768,0.010245974175632,0.010496553033590317,0.0002505788579583168,0.016450127121061087,0.016743111424148083,0.0002929843030869961,project/results/qgat_extend100/seed2026/gnn/validation_epoch_97.json,project/results/qgat_extend100/seed2026/relation_D/validation_epoch_85.json
best_J,2026,V_select,158,5,97,85,5,5,0.013868999667465687,0.013099622912704945,-0.0007693767547607422,0.024623576551675797,0.022287927567958832,-0.0023356489837169647,0.026180787943303585,0.02424358669668436,-0.0019372012466192245,project/results/qgat_extend100/seed2026/gnn/validation_epoch_97.json,project/results/qgat_extend100/seed2026/relation_D/validation_epoch_85.json
best_J,2026,V_select,158,10,97,85,5,5,0.013867882080376148,0.013099494390189648,-0.0007683876901865005,0.024626947939395905,0.022288192063570023,-0.002338755875825882,0.0261813560500741,0.02424359042197466,-0.0019377656280994415,project/results/qgat_extend100/seed2026/gnn/validation_epoch_97.json,project/results/qgat_extend100/seed2026/relation_D/validation_epoch_85.json
best_J,2026,V_select,158,15,97,85,5,5,0.013867409899830818,0.01309964619576931,-0.0007677637040615082,0.024623969569802284,0.022288784384727478,-0.002335185185074806,0.02617939468473196,0.02424403838813305,-0.0019353562965989113,project/results/qgat_extend100/seed2026/gnn/validation_epoch_97.json,project/results/qgat_extend100/seed2026/relation_D/validation_epoch_85.json
best_J,2026,V_select,158,20,97,85,5,5,0.013867504894733429,0.01309957168996334,-0.0007679332047700882,0.024624036625027657,0.02228870987892151,-0.0023353267461061478,0.026179523207247257,0.024243926629424095,-0.001935596577823162,project/results/qgat_extend100/seed2026/gnn/validation_epoch_97.json,project/results/qgat_extend100/seed2026/relation_D/validation_epoch_85.json
best_J,2026,V_select,159,5,97,85,5,5,0.0178906861692667,0.017304345965385437,-0.0005863402038812637,0.027151692658662796,0.024068651720881462,-0.003083040937781334,0.0314665324985981,0.029338671825826168,-0.0021278606727719307,project/results/qgat_extend100/seed2026/gnn/validation_epoch_97.json,project/results/qgat_extend100/seed2026/relation_D/validation_epoch_85.json
best_J,2026,V_select,159,10,97,85,5,5,0.017890827730298042,0.017303921282291412,-0.0005869064480066299,0.02715354599058628,0.024069901555776596,-0.0030836444348096848,0.03146760072559118,0.02933887206017971,-0.0021287286654114723,project/results/qgat_extend100/seed2026/gnn/validation_epoch_97.json,project/results/qgat_extend100/seed2026/relation_D/validation_epoch_85.json
best_J,2026,V_select,159,15,97,85,5,5,0.017890844494104385,0.01730376109480858,-0.0005870833992958069,0.027153659611940384,0.024069849401712418,-0.0030838102102279663,0.03146767430007458,0.029338685795664787,-0.00212898850440979,project/results/qgat_extend100/seed2026/gnn/validation_epoch_97.json,project/results/qgat_extend100/seed2026/relation_D/validation_epoch_85.json
best_J,2026,V_select,159,20,97,85,5,5,0.019274234771728516,0.019634725525975227,0.00036049075424671173,0.02599738910794258,0.02701311744749546,0.0010157283395528793,0.032272929325699806,0.03314128424972296,0.0008683549240231514,project/results/qgat_extend100/seed2026/gnn/validation_epoch_97.json,project/results/qgat_extend100/seed2026/relation_D/validation_epoch_85.json
best_J,2026,V_select,160,5,97,85,8,8,0.013192111626267433,0.013946710154414177,0.0007545985281467438,0.016355441883206367,0.01910325139760971,0.002747809514403343,0.021369832567870617,0.023498335853219032,0.0021285032853484154,project/results/qgat_extend100/seed2026/gnn/validation_epoch_97.json,project/results/qgat_extend100/seed2026/relation_D/validation_epoch_85.json
best_J,2026,V_select,160,10,97,85,8,8,0.013181352987885475,0.013947473838925362,0.0007661208510398865,0.01633082889020443,0.019104301929473877,0.0027734730392694473,0.02134676743298769,0.0234996248036623,0.00215285737067461,project/results/qgat_extend100/seed2026/gnn/validation_epoch_97.json,project/results/qgat_extend100/seed2026/relation_D/validation_epoch_85.json
best_J,2026,V_select,160,15,97,85,8,8,0.013183308765292168,0.013947872444987297,0.0007645636796951294,0.01633390411734581,0.019106753170490265,0.002772849053144455,0.021350260823965073,0.02350124903023243,0.002150988206267357,project/results/qgat_extend100/seed2026/gnn/validation_epoch_97.json,project/results/qgat_extend100/seed2026/relation_D/validation_epoch_85.json
best_J,2026,V_select,160,20,97,85,8,8,0.013170091435313225,0.013946840539574623,0.0007767491042613983,0.01630697026848793,0.019104018807411194,0.0027970485389232635,0.02132357656955719,0.02349884994328022,0.00217527337372303,project/results/qgat_extend100/seed2026/gnn/validation_epoch_97.json,project/results/qgat_extend100/seed2026/relation_D/validation_epoch_85.json
best_J,2026,V_select,161,5,97,85,8,8,0.01244653481990099,0.01330544613301754,0.0008589113131165504,0.01512944046407938,0.01780121773481369,0.00267177727073431,0.02001125505194068,0.022206055000424385,0.0021947999484837055,project/results/qgat_extend100/seed2026/gnn/validation_epoch_97.json,project/results/qgat_extend100/seed2026/relation_D/validation_epoch_85.json
best_J,2026,V_select,161,10,97,85,8,8,0.012446481734514236,0.013306953012943268,0.0008604712784290314,0.015128862112760544,0.017802905291318893,0.0026740431785583496,0.02001091279089451,0.022208405658602715,0.002197492867708206,project/results/qgat_extend100/seed2026/gnn/validation_epoch_97.json,project/results/qgat_extend100/seed2026/relation_D/validation_epoch_85.json
best_J,2026,V_select,161,15,97,85,8,8,0.012446321547031403,0.013306982815265656,0.0008606612682342529,0.015127300284802914,0.01780281960964203,0.002675519324839115,0.02000997168943286,0.02220839262008667,0.0021984209306538105,project/results/qgat_extend100/seed2026/gnn/validation_epoch_97.json,project/results/qgat_extend100/seed2026/relation_D/validation_epoch_85.json
best_J,2026,V_select,161,20,97,85,8,8,0.012441294267773628,0.013313952833414078,0.0008726585656404495,0.01511744037270546,0.017816856503486633,0.0026994161307811737,0.020000014454126358,0.022222381085157394,0.0022223666310310364,project/results/qgat_extend100/seed2026/gnn/validation_epoch_97.json,project/results/qgat_extend100/seed2026/relation_D/validation_epoch_85.json
best_J,2026,V_select,162,5,97,85,8,8,0.017191831022500992,0.017898932099342346,0.0007071010768413544,0.030097074806690216,0.03193545714020729,0.0018383823335170746,0.0322403684258461,0.03386666066944599,0.0016262922435998917,project/results/qgat_extend100/seed2026/gnn/validation_epoch_97.json,project/results/qgat_extend100/seed2026/relation_D/validation_epoch_85.json
best_J,2026,V_select,162,10,97,85,8,8,0.01719222590327263,0.01789906434714794,0.0007068384438753128,0.03009748086333275,0.03193553909659386,0.0018380582332611084,0.032240966334939,0.03386683389544487,0.001625867560505867,project/results/qgat_extend100/seed2026/gnn/validation_epoch_97.json,project/results/qgat_extend100/seed2026/relation_D/validation_epoch_85.json
best_J,2026,V_select,162,15,97,85,8,8,0.01719024032354355,0.017899444326758385,0.0007092040032148361,0.03009338118135929,0.031935982406139374,0.0018426012247800827,0.032236930914223194,0.03386743552982807,0.0016305046156048775,project/results/qgat_extend100/seed2026/gnn/validation_epoch_97.json,project/results/qgat_extend100/seed2026/relation_D/validation_epoch_85.json
best_J,2026,V_select,162,20,97,85,8,8,0.017171677201986313,0.017896685749292374,0.0007250085473060608,0.030068276450037956,0.031931035220623016,0.0018627587705850601,0.03220581542700529,0.03386220335960388,0.0016563879325985909,project/results/qgat_extend100/seed2026/gnn/validation_epoch_97.json,project/results/qgat_extend100/seed2026/relation_D/validation_epoch_85.json
best_J,2026,V_select,163,5,97,85,8,8,0.0203990638256073,0.020864145830273628,0.00046508200466632843,0.03192863613367081,0.03422696888446808,0.0022983327507972717,0.0363633818924427,0.03797763027250767,0.0016142483800649643,project/results/qgat_extend100/seed2026/gnn/validation_epoch_97.json,project/results/qgat_extend100/seed2026/relation_D/validation_epoch_85.json
best_J,2026,V_select,163,10,97,85,8,8,0.02039925381541252,0.02086418867111206,0.0004649348556995392,0.031929947435855865,0.03422714024782181,0.0022971928119659424,0.036364227533340454,0.037977758795022964,0.0016135312616825104,project/results/qgat_extend100/seed2026/gnn/validation_epoch_97.json,project/results/qgat_extend100/seed2026/relation_D/validation_epoch_85.json
best_J,2026,V_select,163,15,97,85,8,8,0.020403655245900154,0.02086644247174263,0.0004627872258424759,0.031933046877384186,0.03423310071229935,0.002300053834915161,0.03637017868459225,0.0379829928278923,0.0016128141433000565,project/results/qgat_extend100/seed2026/gnn/validation_epoch_97.json,project/results/qgat_extend100/seed2026/relation_D/validation_epoch_85.json
best_J,2026,V_select,163,20,97,85,8,8,0.020405754446983337,0.020867610350251198,0.0004618559032678604,0.03193661943078041,0.03423608839511871,0.0022994689643383026,0.03637406416237354,0.037985654547810555,0.0016115903854370117,project/results/qgat_extend100/seed2026/gnn/validation_epoch_97.json,project/results/qgat_extend100/seed2026/relation_D/validation_epoch_85.json
best_J,2026,V_select,164,5,97,85,8,8,0.010750172659754753,0.01190523337572813,0.0011550607159733772,0.014158841222524643,0.018102556467056274,0.0039437152445316315,0.017829593271017075,0.020956511609256268,0.003126918338239193,project/results/qgat_extend100/seed2026/gnn/validation_epoch_97.json,project/results/qgat_extend100/seed2026/relation_D/validation_epoch_85.json
best_J,2026,V_select,164,10,97,85,8,8,0.010750524699687958,0.011905267834663391,0.0011547431349754333,0.014159639365971088,0.018102701753377914,0.003943062387406826,0.017830344382673502,0.02095661871135235,0.0031262743286788464,project/results/qgat_extend100/seed2026/gnn/validation_epoch_97.json,project/results/qgat_extend100/seed2026/relation_D/validation_epoch_85.json
best_J,2026,V_select,164,15,97,85,8,8,0.010750029236078262,0.011906279250979424,0.0011562500149011612,0.014157827943563461,0.01810549944639206,0.003947671502828598,0.017828943207859993,0.020959028974175453,0.00313008576631546,project/results/qgat_extend100/seed2026/gnn/validation_epoch_97.json,project/results/qgat_extend100/seed2026/relation_D/validation_epoch_85.json
best_J,2026,V_select,164,20,97,85,8,8,0.009994817897677422,0.01134386658668518,0.001349048689007759,0.014145050197839737,0.01762395352125168,0.0034789033234119415,0.01706734299659729,0.02015584334731102,0.00308850035071373,project/results/qgat_extend100/seed2026/gnn/validation_epoch_97.json,project/results/qgat_extend100/seed2026/relation_D/validation_epoch_85.json
best_J,2026,V_select,165,5,97,85,8,8,0.015728207305073738,0.017178736627101898,0.00145052932202816,0.021601995453238487,0.024380333721637726,0.0027783382683992386,0.02652920503169298,0.02936890348792076,0.0028396984562277794,project/results/qgat_extend100/seed2026/gnn/validation_epoch_97.json,project/results/qgat_extend100/seed2026/relation_D/validation_epoch_85.json
best_J,2026,V_select,165,10,97,85,8,8,0.015727559104561806,0.017179042100906372,0.0014514829963445663,0.02159864455461502,0.024379607290029526,0.002780962735414505,0.026526881381869316,0.029368845745921135,0.002841964364051819,project/results/qgat_extend100/seed2026/gnn/validation_epoch_97.json,project/results/qgat_extend100/seed2026/relation_D/validation_epoch_85.json
best_J,2026,V_select,165,15,97,85,8,8,0.013876717537641525,0.015283416956663132,0.0014066994190216064,0.018528448417782784,0.022014934569597244,0.0034864861518144608,0.023140941746532917,0.026290884241461754,0.003149942494928837,project/results/qgat_extend100/seed2026/gnn/validation_epoch_97.json,project/results/qgat_extend100/seed2026/relation_D/validation_epoch_85.json
best_J,2026,V_select,165,20,97,85,8,8,0.013876320794224739,0.015284223482012749,0.0014079026877880096,0.018528563901782036,0.02201669104397297,0.0034881271421909332,0.023140602745115757,0.026292569003999233,0.0031519662588834763,project/results/qgat_extend100/seed2026/gnn/validation_epoch_97.json,project/results/qgat_extend100/seed2026/relation_D/validation_epoch_85.json
best_J,2026,V_select,166,5,97,85,8,8,0.012779626064002514,0.013471698388457298,0.0006920723244547844,0.017816388979554176,0.020988836884498596,0.00317244790494442,0.021687820553779602,0.023966116830706596,0.0022782962769269943,project/results/qgat_extend100/seed2026/gnn/validation_epoch_97.json,project/results/qgat_extend100/seed2026/relation_D/validation_epoch_85.json
best_J,2026,V_select,166,10,97,85,8,8,0.012775395065546036,0.013473122380673885,0.0006977273151278496,0.017813023179769516,0.020990723744034767,0.003177700564265251,0.021681906655430794,0.02396848425269127,0.002286577597260475,project/results/qgat_extend100/seed2026/gnn/validation_epoch_97.json,project/results/qgat_extend100/seed2026/relation_D/validation_epoch_85.json
best_J,2026,V_select,166,15,97,85,8,8,0.01416938565671444,0.015011824667453766,0.0008424390107393265,0.020098313689231873,0.023873720318078995,0.003775406628847122,0.024218542501330376,0.026948684826493263,0.0027301423251628876,project/results/qgat_extend100/seed2026/gnn/validation_epoch_97.json,project/results/qgat_extend100/seed2026/relation_D/validation_epoch_85.json
best_J,2026,V_select,166,20,97,85,8,8,0.014166172593832016,0.015014542266726494,0.0008483696728944778,0.02008921466767788,0.02387796714901924,0.003788752481341362,0.024210779927670956,0.026953525841236115,0.002742745913565159,project/results/qgat_extend100/seed2026/gnn/validation_epoch_97.json,project/results/qgat_extend100/seed2026/relation_D/validation_epoch_85.json
best_J,2026,V_select,167,5,97,85,8,8,0.011185855604708195,0.012339618057012558,0.0011537624523043633,0.016934117302298546,0.020334457978606224,0.0034003406763076782,0.019652914255857468,0.02250684704631567,0.0028539327904582024,project/results/qgat_extend100/seed2026/gnn/validation_epoch_97.json,project/results/qgat_extend100/seed2026/relation_D/validation_epoch_85.json
best_J,2026,V_select,167,10,97,85,8,8,0.011186206713318825,0.012339616194367409,0.001153409481048584,0.016934659332036972,0.020334511995315552,0.0033998526632785797,0.01965353637933731,0.022506872192025185,0.002853335812687874,project/results/qgat_extend100/seed2026/gnn/validation_epoch_97.json,project/results/qgat_extend100/seed2026/relation_D/validation_epoch_85.json
best_J,2026,V_select,167,15,97,85,8,8,0.011187582276761532,0.012342909350991249,0.0011553270742297173,0.016933783888816833,0.020342625677585602,0.0034088417887687683,0.01965447422116995,0.02251422218978405,0.0028597479686141014,project/results/qgat_extend100/seed2026/gnn/validation_epoch_97.json,project/results/qgat_extend100/seed2026/relation_D/validation_epoch_85.json
best_J,2026,V_select,167,20,97,85,8,8,0.012957311235368252,0.014174098148941994,0.001216786913573742,0.019930411130189896,0.02261488512158394,0.002684473991394043,0.0229225168004632,0.025481540709733963,0.0025590239092707634,project/results/qgat_extend100/seed2026/gnn/validation_epoch_97.json,project/results/qgat_extend100/seed2026/relation_D/validation_epoch_85.json
best_J,2026,V_select,168,5,97,85,8,8,0.013386235572397709,0.013816735707223415,0.0004305001348257065,0.018978441134095192,0.020472340285778046,0.0014938991516828537,0.022875456139445305,0.024052905850112438,0.0011774497106671333,project/results/qgat_extend100/seed2026/gnn/validation_epoch_97.json,project/results/qgat_extend100/seed2026/relation_D/validation_epoch_85.json
best_J,2026,V_select,168,10,97,85,8,8,0.012670166790485382,0.013280329294502735,0.0006101625040173531,0.0183030404150486,0.01992259919643402,0.0016195587813854218,0.02182168699800968,0.023241628892719746,0.001419941894710064,project/results/qgat_extend100/seed2026/gnn/validation_epoch_97.json,project/results/qgat_extend100/seed2026/relation_D/validation_epoch_85.json
best_J,2026,V_select,168,15,97,85,8,8,0.01314666960388422,0.014528720639646053,0.0013820510357618332,0.018411926925182343,0.02125668153166771,0.002844754606485367,0.02235263306647539,0.025157061405479908,0.0028044283390045166,project/results/qgat_extend100/seed2026/gnn/validation_epoch_97.json,project/results/qgat_extend100/seed2026/relation_D/validation_epoch_85.json
best_J,2026,V_select,168,20,97,85,8,8,0.013144467025995255,0.014528554864227772,0.0013840878382325172,0.018406061455607414,0.021257292479276657,0.002851231023669243,0.02234749775379896,0.0251572011038661,0.0028097033500671387,project/results/qgat_extend100/seed2026/gnn/validation_epoch_97.json,project/results/qgat_extend100/seed2026/relation_D/validation_epoch_85.json
best_J,2026,V_select,169,5,97,85,8,8,0.013229820877313614,0.013911201618611813,0.0006813807412981987,0.01730876788496971,0.019705455750226974,0.002396687865257263,0.02188420481979847,0.0237639294937253,0.0018797246739268303,project/results/qgat_extend100/seed2026/gnn/validation_epoch_97.json,project/results/qgat_extend100/seed2026/relation_D/validation_epoch_85.json
best_J,2026,V_select,169,10,97,85,8,8,0.013233257457613945,0.013911319896578789,0.0006780624389648438,0.017312122508883476,0.019705260172486305,0.002393137663602829,0.021889318712055683,0.02376394998282194,0.0018746312707662582,project/results/qgat_extend100/seed2026/gnn/validation_epoch_97.json,project/results/qgat_extend100/seed2026/relation_D/validation_epoch_85.json
best_J,2026,V_select,169,15,97,85,8,8,0.011860575526952744,0.012585701420903206,0.0007251258939504623,0.014732027426362038,0.016975801438093185,0.0022437740117311478,0.019226589240133762,0.0210736021399498,0.0018470128998160362,project/results/qgat_extend100/seed2026/gnn/validation_epoch_97.json,project/results/qgat_extend100/seed2026/relation_D/validation_epoch_85.json
best_J,2026,V_select,169,20,97,85,8,8,0.011860521510243416,0.012585701420903206,0.00072517991065979,0.014732408337295055,0.016975780948996544,0.0022433726117014885,0.019226725678890944,0.021073591895401478,0.0018468662165105343,project/results/qgat_extend100/seed2026/gnn/validation_epoch_97.json,project/results/qgat_extend100/seed2026/relation_D/validation_epoch_85.json
best_J,2026,V_select,170,5,97,85,8,8,0.013507626950740814,0.014294532127678394,0.0007869051769375801,0.018767070025205612,0.020533040165901184,0.001765970140695572,0.02289116196334362,0.024561052210628986,0.001669890247285366,project/results/qgat_extend100/seed2026/gnn/validation_epoch_97.json,project/results/qgat_extend100/seed2026/relation_D/validation_epoch_85.json
best_J,2026,V_select,170,10,97,85,8,8,0.014621971175074577,0.015443231910467148,0.0008212607353925705,0.02041243202984333,0.022722195833921432,0.002309763804078102,0.024828187189996243,0.026804329827427864,0.0019761426374316216,project/results/qgat_extend100/seed2026/gnn/validation_epoch_97.json,project/results/qgat_extend100/seed2026/relation_D/validation_epoch_85.json
best_J,2026,V_select,170,15,97,85,8,8,0.014623039402067661,0.015443484298884869,0.0008204448968172073,0.020407242700457573,0.022722020745277405,0.002314778044819832,0.024826660752296448,0.02680449467152357,0.0019778339192271233,project/results/qgat_extend100/seed2026/gnn/validation_epoch_97.json,project/results/qgat_extend100/seed2026/relation_D/validation_epoch_85.json
best_J,2026,V_select,170,20,97,85,8,8,0.014623135328292847,0.015443464741110802,0.000820329412817955,0.02040984109044075,0.022721894085407257,0.002312052994966507,0.024828055873513222,0.02680441178381443,0.0019763559103012085,project/results/qgat_extend100/seed2026/gnn/validation_epoch_97.json,project/results/qgat_extend100/seed2026/relation_D/validation_epoch_85.json
best_J,2026,V_select,171,5,97,85,8,8,0.017592543736100197,0.018801644444465637,0.0012091007083654404,0.02873467467725277,0.030550438910722733,0.001815764233469963,0.03195988107472658,0.034076863899827003,0.002116982825100422,project/results/qgat_extend100/seed2026/gnn/validation_epoch_97.json,project/results/qgat_extend100/seed2026/relation_D/validation_epoch_85.json
best_J,2026,V_select,171,10,97,85,8,8,0.01759348437190056,0.01880025491118431,0.0012067705392837524,0.028732433915138245,0.03054891526699066,0.001816481351852417,0.03195970132946968,0.03407471254467964,0.002115011215209961,project/results/qgat_extend100/seed2026/gnn/validation_epoch_97.json,project/results/qgat_extend100/seed2026/relation_D/validation_epoch_85.json
best_J,2026,V_select,171,15,97,85,8,8,0.017593178898096085,0.01880038157105446,0.001207202672958374,0.028733568266034126,0.030548717826604843,0.0018151495605707169,0.03195996303111315,0.03407474048435688,0.0021147774532437325,project/results/qgat_extend100/seed2026/gnn/validation_epoch_97.json,project/results/qgat_extend100/seed2026/relation_D/validation_epoch_85.json
best_J,2026,V_select,171,20,97,85,8,8,0.017592191696166992,0.01880034990608692,0.0012081582099199295,0.028731968253850937,0.030548717826604843,0.0018167495727539062,0.03195817582309246,0.03407470881938934,0.0021165329962968826,project/results/qgat_extend100/seed2026/gnn/validation_epoch_97.json,project/results/qgat_extend100/seed2026/relation_D/validation_epoch_85.json
best_J,2026,V_select,172,5,97,85,8,8,0.011888548731803894,0.01272395346313715,0.0008354047313332558,0.015305452980101109,0.017198633402585983,0.0018931804224848747,0.01954127522185445,0.02132327016443014,0.0017819949425756931,project/results/qgat_extend100/seed2026/gnn/validation_epoch_97.json,project/results/qgat_extend100/seed2026/relation_D/validation_epoch_85.json
best_J,2026,V_select,172,10,97,85,8,8,0.011884978041052818,0.012719893828034401,0.0008349157869815826,0.015276424586772919,0.017188701778650284,0.0019122771918773651,0.019523190334439278,0.021314244717359543,0.0017910543829202652,project/results/qgat_extend100/seed2026/gnn/validation_epoch_97.json,project/results/qgat_extend100/seed2026/relation_D/validation_epoch_85.json
best_J,2026,V_select,172,15,97,85,8,8,0.011884997598826885,0.012719840742647648,0.0008348431438207626,0.015276459977030754,0.017188675701618195,0.0019122157245874405,0.019523227587342262,0.021314178593456745,0.0017909510061144829,project/results/qgat_extend100/seed2026/gnn/validation_epoch_97.json,project/results/qgat_extend100/seed2026/relation_D/validation_epoch_85.json
best_J,2026,V_select,172,20,97,85,8,8,0.011884840205311775,0.012719793245196342,0.0008349530398845673,0.01527584157884121,0.017188701778650284,0.0019128601998090744,0.01952276099473238,0.021314144134521484,0.0017913831397891045,project/results/qgat_extend100/seed2026/gnn/validation_epoch_97.json,project/results/qgat_extend100/seed2026/relation_D/validation_epoch_85.json
best_J,2026,V_select,173,5,97,85,8,8,0.011827515438199043,0.013252537697553635,0.0014250222593545914,0.0160876102745533,0.018987268209457397,0.0028996579349040985,0.019871320575475693,0.022746171802282333,0.0028748512268066406,project/results/qgat_extend100/seed2026/gnn/validation_epoch_97.json,project/results/qgat_extend100/seed2026/relation_D/validation_epoch_85.json
best_J,2026,V_select,173,10,97,85,8,8,0.013602672144770622,0.01518972311168909,0.0015870509669184685,0.018057866021990776,0.020980529487133026,0.00292266346514225,0.02263160515576601,0.025679987855255604,0.0030483826994895935,project/results/qgat_extend100/seed2026/gnn/validation_epoch_97.json,project/results/qgat_extend100/seed2026/relation_D/validation_epoch_85.json
best_J,2026,V_select,173,15,97,85,8,8,0.013603015802800655,0.015189729630947113,0.0015867138281464577,0.018057968467473984,0.020980630069971085,0.002922661602497101,0.022632000036537647,0.025680044665932655,0.003048044629395008,project/results/qgat_extend100/seed2026/gnn/validation_epoch_97.json,project/results/qgat_extend100/seed2026/relation_D/validation_epoch_85.json
best_J,2026,V_select,173,20,97,85,8,8,0.013602102175354958,0.015189725905656815,0.001587623730301857,0.018056213855743408,0.020980678498744965,0.0029244646430015564,0.02263020910322666,0.025680065155029297,0.003049856051802635,project/results/qgat_extend100/seed2026/gnn/validation_epoch_97.json,project/results/qgat_extend100/seed2026/relation_D/validation_epoch_85.json
best_J,2026,V_select,174,5,97,85,8,8,0.013808093965053558,0.014989619143307209,0.0011815251782536507,0.017589369788765907,0.019970864057540894,0.0023814942687749863,0.022602778859436512,0.024975051172077656,0.002372272312641144,project/results/qgat_extend100/seed2026/gnn/validation_epoch_97.json,project/results/qgat_extend100/seed2026/relation_D/validation_epoch_85.json
best_J,2026,V_select,174,10,97,85,8,8,0.015399481169879436,0.017254415899515152,0.0018549347296357155,0.02049010619521141,0.023822495713829994,0.0033323895186185837,0.025644534267485142,0.02916566375643015,0.0035211294889450073,project/results/qgat_extend100/seed2026/gnn/validation_epoch_97.json,project/results/qgat_extend100/seed2026/relation_D/validation_epoch_85.json
best_J,2026,V_select,174,15,97,85,8,8,0.015399613417685032,0.01725449040532112,0.0018548769876360893,0.020490579307079315,0.023822512477636337,0.003331933170557022,0.02564490307122469,0.02916574664413929,0.0035208435729146004,project/results/qgat_extend100/seed2026/gnn/validation_epoch_97.json,project/results/qgat_extend100/seed2026/relation_D/validation_epoch_85.json
best_J,2026,V_select,174,20,97,85,8,8,0.015398494899272919,0.017254507169127464,0.0018560122698545456,0.020488416776061058,0.023822495713829994,0.003334078937768936,0.025642703287303448,0.02916575502604246,0.0035230517387390137,project/results/qgat_extend100/seed2026/gnn/validation_epoch_97.json,project/results/qgat_extend100/seed2026/relation_D/validation_epoch_85.json
best_J,2026,V_select,175,5,97,85,8,8,0.015595879405736923,0.016321079805493355,0.0007252003997564316,0.0189136303961277,0.020739641040563583,0.0018260106444358826,0.025052694603800774,0.026690900325775146,0.0016382057219743729,project/results/qgat_extend100/seed2026/gnn/validation_epoch_97.json,project/results/qgat_extend100/seed2026/relation_D/validation_epoch_85.json
best_J,2026,V_select,175,10,97,85,8,8,0.01167948730289936,0.01159769855439663,-8.178874850273132e-05,0.012529762461781502,0.013699229806661606,0.001169467344880104,0.01794436853379011,0.018447313457727432,0.0005029449239373207,project/results/qgat_extend100/seed2026/gnn/validation_epoch_97.json,project/results/qgat_extend100/seed2026/relation_D/validation_epoch_85.json
best_J,2026,V_select,175,15,97,85,8,8,0.01168004609644413,0.01159762591123581,-8.242018520832062e-05,0.012530403211712837,0.013699375092983246,0.0011689718812704086,0.01794524770230055,0.018447313457727432,0.0005020657554268837,project/results/qgat_extend100/seed2026/gnn/validation_epoch_97.json,project/results/qgat_extend100/seed2026/relation_D/validation_epoch_85.json
best_J,2026,V_select,175,20,97,85,8,8,0.01168004609644413,0.01159762591123581,-8.242018520832062e-05,0.012530403211712837,0.013699375092983246,0.0011689718812704086,0.01794524770230055,0.018447313457727432,0.0005020657554268837,project/results/qgat_extend100/seed2026/gnn/validation_epoch_97.json,project/results/qgat_extend100/seed2026/relation_D/validation_epoch_85.json
best_J,2026,V_select,176,5,97,85,8,8,0.3770735561847687,0.4002762734889984,0.023202717304229736,0.7313938736915588,0.7739022970199585,0.04250842332839966,0.7427704930305481,0.7872274219989777,0.044456928968429565,project/results/qgat_extend100/seed2026/gnn/validation_epoch_97.json,project/results/qgat_extend100/seed2026/relation_D/validation_epoch_85.json
best_J,2026,V_select,176,10,97,85,8,8,0.37740156054496765,0.40034356713294983,0.022942006587982178,0.7316702008247375,0.7740752100944519,0.042405009269714355,0.7432366609573364,0.7873811721801758,0.044144511222839355,project/results/qgat_extend100/seed2026/gnn/validation_epoch_97.json,project/results/qgat_extend100/seed2026/relation_D/validation_epoch_85.json
best_J,2026,V_select,176,15,97,85,8,8,0.3727334439754486,0.3999672532081604,0.027233809232711792,0.7163644433021545,0.7737006545066833,0.05733621120452881,0.7309156656265259,0.7868175804615021,0.055901914834976196,project/results/qgat_extend100/seed2026/gnn/validation_epoch_97.json,project/results/qgat_extend100/seed2026/relation_D/validation_epoch_85.json
best_J,2026,V_select,176,20,97,85,8,8,0.3724302351474762,0.399967223405838,0.027536988258361816,0.7153985500335693,0.7737007737159729,0.058302223682403564,0.7301295101642609,0.7868176102638245,0.0566881000995636,project/results/qgat_extend100/seed2026/gnn/validation_epoch_97.json,project/results/qgat_extend100/seed2026/relation_D/validation_epoch_85.json
best_J,2026,V_select,177,5,97,85,8,8,0.06209086626768112,0.05975290760397911,-0.002337958663702011,0.0457175076007843,0.04613756015896797,0.00042005255818367004,0.08494962006807327,0.0828216876834631,-0.002127932384610176,project/results/qgat_extend100/seed2026/gnn/validation_epoch_97.json,project/results/qgat_extend100/seed2026/relation_D/validation_epoch_85.json
best_J,2026,V_select,177,10,97,85,8,8,0.06210077553987503,0.05974974483251572,-0.002351030707359314,0.04575780779123306,0.0461268313229084,0.00036902353167533875,0.08497967943549156,0.08281316049396992,-0.0021665189415216446,project/results/qgat_extend100/seed2026/gnn/validation_epoch_97.json,project/results/qgat_extend100/seed2026/relation_D/validation_epoch_85.json
best_J,2026,V_select,177,15,97,85,8,8,0.06395786255598068,0.06139271706342697,-0.002565145492553711,0.047664135694503784,0.048075951635837555,0.00041181594133377075,0.08778993040323257,0.08543069288134575,-0.0023592375218868256,project/results/qgat_extend100/seed2026/gnn/validation_epoch_97.json,project/results/qgat_extend100/seed2026/relation_D/validation_epoch_85.json
best_J,2026,V_select,177,20,97,85,8,8,0.06395753473043442,0.061390072107315063,-0.0025674626231193542,0.04766625165939331,0.04807928949594498,0.00041303783655166626,0.08779066056013107,0.08542971685528755,-0.002360943704843521,project/results/qgat_extend100/seed2026/gnn/validation_epoch_97.json,project/results/qgat_extend100/seed2026/relation_D/validation_epoch_85.json
best_J,2026,V_select,178,5,97,85,8,8,0.1990356594324112,0.19919712841510773,0.0001614689826965332,0.5380300283432007,0.5394404530525208,0.0014104247093200684,0.46805067360401154,0.4689173549413681,0.0008666813373565674,project/results/qgat_extend100/seed2026/gnn/validation_epoch_97.json,project/results/qgat_extend100/seed2026/relation_D/validation_epoch_85.json
best_J,2026,V_select,178,10,97,85,8,8,0.19704888761043549,0.1972609907388687,0.00021210312843322754,0.5349177122116089,0.5364351272583008,0.0015174150466918945,0.46450774371623993,0.4654785543680191,0.0009708106517791748,project/results/qgat_extend100/seed2026/gnn/validation_epoch_97.json,project/results/qgat_extend100/seed2026/relation_D/validation_epoch_85.json
best_J,2026,V_select,178,15,97,85,8,8,0.19704513251781464,0.19726234674453735,0.00021721422672271729,0.5349085330963135,0.5364329218864441,0.0015243887901306152,0.4644993990659714,0.4654788076877594,0.000979408621788025,project/results/qgat_extend100/seed2026/gnn/validation_epoch_97.json,project/results/qgat_extend100/seed2026/relation_D/validation_epoch_85.json
best_J,2026,V_select,178,20,97,85,8,8,0.19704420864582062,0.19726356863975525,0.00021935999393463135,0.5349057912826538,0.5364338159561157,0.001528024673461914,0.4644971042871475,0.4654804766178131,0.0009833723306655884,project/results/qgat_extend100/seed2026/gnn/validation_epoch_97.json,project/results/qgat_extend100/seed2026/relation_D/validation_epoch_85.json
best_J,2026,V_select,179,5,97,85,8,8,0.19624629616737366,0.19360624253749847,-0.002640053629875183,0.454741895198822,0.4500157833099365,-0.004726111888885498,0.42361724376678467,0.41861413419246674,-0.005003109574317932,project/results/qgat_extend100/seed2026/gnn/validation_epoch_97.json,project/results/qgat_extend100/seed2026/relation_D/validation_epoch_85.json
best_J,2026,V_select,179,10,97,85,8,8,0.1960146427154541,0.19297552108764648,-0.003039121627807617,0.4551283121109009,0.4485897421836853,-0.006538569927215576,0.42357879877090454,0.41727039217948914,-0.006308406591415405,project/results/qgat_extend100/seed2026/gnn/validation_epoch_97.json,project/results/qgat_extend100/seed2026/relation_D/validation_epoch_85.json
best_J,2026,V_select,179,15,97,85,8,8,0.1960192620754242,0.1929745376110077,-0.003044724464416504,0.4551338851451874,0.44858628511428833,-0.006547600030899048,0.4235862046480179,0.41726768016815186,-0.006318524479866028,project/results/qgat_extend100/seed2026/gnn/validation_epoch_97.json,project/results/qgat_extend100/seed2026/relation_D/validation_epoch_85.json
best_J,2026,V_select,179,20,97,85,8,8,0.19690647721290588,0.19466805458068848,-0.0022384226322174072,0.45331066846847534,0.4506423771381378,-0.0026682913303375244,0.42356181144714355,0.4199892431497574,-0.0035725682973861694,project/results/qgat_extend100/seed2026/gnn/validation_epoch_97.json,project/results/qgat_extend100/seed2026/relation_D/validation_epoch_85.json
best_J,2026,V_select,180,5,97,85,8,7,0.204442098736763,0.20153789222240448,-0.0029042065143585205,0.019445879384875298,0.017835183069109917,-0.0016106963157653809,0.21416503842920065,0.21045548375695944,-0.003709554672241211,project/results/qgat_extend100/seed2026/gnn/validation_epoch_97.json,project/results/qgat_extend100/seed2026/relation_D/validation_epoch_85.json
best_J,2026,V_select,180,10,97,85,8,7,0.20210713148117065,0.19952340424060822,-0.002583727240562439,0.01495402492582798,0.01412919070571661,-0.0008248342201113701,0.20958414394408464,0.20658799959346652,-0.002996144350618124,project/results/qgat_extend100/seed2026/gnn/validation_epoch_97.json,project/results/qgat_extend100/seed2026/relation_D/validation_epoch_85.json
best_J,2026,V_select,180,15,97,85,8,7,0.20340096950531006,0.20118333399295807,-0.0022176355123519897,0.01527912076562643,0.016336610540747643,0.001057489775121212,0.21104052988812327,0.2093516392633319,-0.0016888906247913837,project/results/qgat_extend100/seed2026/gnn/validation_epoch_97.json,project/results/qgat_extend100/seed2026/relation_D/validation_epoch_85.json
best_J,2026,V_select,180,20,97,85,8,7,0.20340268313884735,0.20118263363838196,-0.002220049500465393,0.015276789665222168,0.01634214073419571,0.0010653510689735413,0.21104107797145844,0.2093537040054798,-0.0016873739659786224,project/results/qgat_extend100/seed2026/gnn/validation_epoch_97.json,project/results/qgat_extend100/seed2026/relation_D/validation_epoch_85.json
best_J,2026,V_select,181,5,97,85,8,7,0.11737202852964401,0.10947093367576599,-0.007901094853878021,0.01914800889790058,0.015081395395100117,-0.004066613502800465,0.1269460329785943,0.11701163137331605,-0.009934401605278254,project/results/qgat_extend100/seed2026/gnn/validation_epoch_97.json,project/results/qgat_extend100/seed2026/relation_D/validation_epoch_85.json
best_J,2026,V_select,181,10,97,85,8,7,0.11737379431724548,0.10946274548768997,-0.007911048829555511,0.019147437065839767,0.015080394223332405,-0.004067042842507362,0.12694751285016537,0.11700294259935617,-0.009944570250809193,project/results/qgat_extend100/seed2026/gnn/validation_epoch_97.json,project/results/qgat_extend100/seed2026/relation_D/validation_epoch_85.json
best_J,2026,V_select,181,15,97,85,8,7,0.11581642180681229,0.10822901129722595,-0.007587410509586334,0.01580146513879299,0.013029483146965504,-0.002771981991827488,0.12371715437620878,0.1147437528707087,-0.008973401505500078,project/results/qgat_extend100/seed2026/gnn/validation_epoch_97.json,project/results/qgat_extend100/seed2026/relation_D/validation_epoch_85.json
best_J,2026,V_select,181,20,97,85,8,7,0.11581642925739288,0.10822600871324539,-0.0075904205441474915,0.015802226960659027,0.013028397224843502,-0.002773829735815525,0.1237175427377224,0.11474020732566714,-0.008977335412055254,project/results/qgat_extend100/seed2026/gnn/validation_epoch_97.json,project/results/qgat_extend100/seed2026/relation_D/validation_epoch_85.json
best_J,2026,V_select,182,5,97,85,7,7,0.009965566918253899,0.009224563837051392,-0.000741003081202507,0.014120242558419704,0.011345808394253254,-0.0027744341641664505,0.01702568819746375,0.014897468034178019,-0.0021282201632857323,project/results/qgat_extend100/seed2026/gnn/validation_epoch_97.json,project/results/qgat_extend100/seed2026/relation_D/validation_epoch_85.json
best_J,2026,V_select,182,10,97,85,7,7,0.010538066737353802,0.009321913123130798,-0.0012161536142230034,0.01549782045185566,0.011483659036457539,-0.004014161415398121,0.01828697696328163,0.015063742641359568,-0.003223234321922064,project/results/qgat_extend100/seed2026/gnn/validation_epoch_97.json,project/results/qgat_extend100/seed2026/relation_D/validation_epoch_85.json
best_J,2026,V_select,182,15,97,85,7,7,0.010538690723478794,0.009320092387497425,-0.001218598335981369,0.015496117994189262,0.011480352841317654,-0.004015765152871609,0.018286749720573425,0.015060268808156252,-0.0032264809124171734,project/results/qgat_extend100/seed2026/gnn/validation_epoch_97.json,project/results/qgat_extend100/seed2026/relation_D/validation_epoch_85.json
best_J,2026,V_select,182,20,97,85,7,7,0.01135382242500782,0.010440642945468426,-0.0009131794795393944,0.015389014966785908,0.012630238197743893,-0.002758776769042015,0.019048329908400774,0.016755762044340372,-0.002292567864060402,project/results/qgat_extend100/seed2026/gnn/validation_epoch_97.json,project/results/qgat_extend100/seed2026/relation_D/validation_epoch_85.json
best_J,2026,V_select,183,5,97,85,7,7,0.014608300291001797,0.01415320672094822,-0.0004550935700535774,0.020899683237075806,0.016457747668027878,-0.004441935569047928,0.0250581419095397,0.022382080554962158,-0.0026760613545775414,project/results/qgat_extend100/seed2026/gnn/validation_epoch_97.json,project/results/qgat_extend100/seed2026/relation_D/validation_epoch_85.json
best_J,2026,V_select,183,10,97,85,7,7,0.014607761986553669,0.014146221801638603,-0.00046154018491506577,0.020900601521134377,0.016451386734843254,-0.0044492147862911224,0.025058062747120857,0.02237191516906023,-0.002686147578060627,project/results/qgat_extend100/seed2026/gnn/validation_epoch_97.json,project/results/qgat_extend100/seed2026/relation_D/validation_epoch_85.json
best_J,2026,V_select,183,15,97,85,7,7,0.014607529155910015,0.014145707711577415,-0.00046182144433259964,0.020898818969726562,0.016453038901090622,-0.0044457800686359406,0.025056938640773296,0.022372227162122726,-0.00268471147865057,project/results/qgat_extend100/seed2026/gnn/validation_epoch_97.json,project/results/qgat_extend100/seed2026/relation_D/validation_epoch_85.json
best_J,2026,V_select,183,20,97,85,7,7,0.012297757901251316,0.012147895060479641,-0.0001498628407716751,0.017394913360476494,0.014094614423811436,-0.003300298936665058,0.020995214581489563,0.01919520227238536,-0.0018000123091042042,project/results/qgat_extend100/seed2026/gnn/validation_epoch_97.json,project/results/qgat_extend100/seed2026/relation_D/validation_epoch_85.json
best_J,2026,V_select,184,5,97,85,7,7,0.016146225854754448,0.014735915698111057,-0.0014103101566433907,0.023388812318444252,0.01786297932267189,-0.005525832995772362,0.027840632013976574,0.023667405359447002,-0.0041732266545295715,project/results/qgat_extend100/seed2026/gnn/validation_epoch_97.json,project/results/qgat_extend100/seed2026/relation_D/validation_epoch_85.json
best_J,2026,V_select,184,10,97,85,7,7,0.013949520885944366,0.012362531386315823,-0.0015869894996285439,0.020145531743764877,0.014420164749026299,-0.005725366994738579,0.024022286757826805,0.019572613760828972,-0.004449672996997833,project/results/qgat_extend100/seed2026/gnn/validation_epoch_97.json,project/results/qgat_extend100/seed2026/relation_D/validation_epoch_85.json
best_J,2026,V_select,184,15,97,85,7,7,0.013538723811507225,0.012885494157671928,-0.0006532296538352966,0.01787775196135044,0.01596331223845482,-0.0019144397228956223,0.022477599792182446,0.020867150276899338,-0.0016104495152831078,project/results/qgat_extend100/seed2026/gnn/validation_epoch_97.json,project/results/qgat_extend100/seed2026/relation_D/validation_epoch_85.json
best_J,2026,V_select,184,20,97,85,7,7,0.013538907282054424,0.012885897420346737,-0.0006530098617076874,0.01787812076508999,0.015964791178703308,-0.0019133295863866806,0.02247796766459942,0.02086829300969839,-0.0016096746549010277,project/results/qgat_extend100/seed2026/gnn/validation_epoch_97.json,project/results/qgat_extend100/seed2026/relation_D/validation_epoch_85.json
best_J,2026,V_select,185,5,97,85,7,7,0.013521947897970676,0.01281670667231083,-0.0007052412256598473,0.020578281953930855,0.01666187308728695,-0.003916408866643906,0.023811088874936104,0.021147643215954304,-0.0026634456589818,project/results/qgat_extend100/seed2026/gnn/validation_epoch_97.json,project/results/qgat_extend100/seed2026/relation_D/validation_epoch_85.json
best_J,2026,V_select,185,10,97,85,7,7,0.013512769713997841,0.012813149020075798,-0.0006996206939220428,0.020563865080475807,0.016676845028996468,-0.0038870200514793396,0.023794702254235744,0.021151571534574032,-0.0026431307196617126,project/results/qgat_extend100/seed2026/gnn/validation_epoch_97.json,project/results/qgat_extend100/seed2026/relation_D/validation_epoch_85.json
best_J,2026,V_select,185,15,97,85,7,7,0.013508530333638191,0.012813634239137173,-0.0006948960945010185,0.020556960254907608,0.01667921431362629,-0.0038777459412813187,0.023787010461091995,0.021153241395950317,-0.002633769065141678,project/results/qgat_extend100/seed2026/gnn/validation_epoch_97.json,project/results/qgat_extend100/seed2026/relation_D/validation_epoch_85.json
best_J,2026,V_select,185,20,97,85,7,7,0.013507584109902382,0.012813560664653778,-0.0006940234452486038,0.020555296912789345,0.016677994281053543,-0.0038773026317358017,0.023785232566297054,0.02115255780518055,-0.0026326747611165047,project/results/qgat_extend100/seed2026/gnn/validation_epoch_97.json,project/results/qgat_extend100/seed2026/relation_D/validation_epoch_85.json
best_J,2026,V_select,186,5,97,85,7,7,0.013442927040159702,0.012060304172337055,-0.001382622867822647,0.01986725814640522,0.013214371167123318,-0.006652886979281902,0.023376556113362312,0.018667489755898714,-0.004709066357463598,project/results/qgat_extend100/seed2026/gnn/validation_epoch_97.json,project/results/qgat_extend100/seed2026/relation_D/validation_epoch_85.json
best_J,2026,V_select,186,10,97,85,7,7,0.013442554511129856,0.012060301378369331,-0.0013822531327605247,0.019867034628987312,0.013215244747698307,-0.006651789881289005,0.023376071825623512,0.018667923752218485,-0.004708148073405027,project/results/qgat_extend100/seed2026/gnn/validation_epoch_97.json,project/results/qgat_extend100/seed2026/relation_D/validation_epoch_85.json
best_J,2026,V_select,186,15,97,85,7,7,0.013418217189610004,0.012062032707035542,-0.0013561844825744629,0.019843487069010735,0.013216197490692139,-0.006627289578318596,0.02333996072411537,0.01867013145238161,-0.004669829271733761,project/results/qgat_extend100/seed2026/gnn/validation_epoch_97.json,project/results/qgat_extend100/seed2026/relation_D/validation_epoch_85.json
best_J,2026,V_select,186,20,97,85,7,7,0.013411740772426128,0.012062549591064453,-0.0013491911813616753,0.019841503351926804,0.013219380751252174,-0.006622122600674629,0.02333249244838953,0.01867223996669054,-0.00466025248169899,project/results/qgat_extend100/seed2026/gnn/validation_epoch_97.json,project/results/qgat_extend100/seed2026/relation_D/validation_epoch_85.json
best_J,2026,V_select,187,5,97,85,7,7,0.010549205355346203,0.009053424932062626,-0.001495780423283577,0.016390684992074966,0.010105700232088566,-0.006284984759986401,0.018744547851383686,0.014106275048106909,-0.004638272803276777,project/results/qgat_extend100/seed2026/gnn/validation_epoch_97.json,project/results/qgat_extend100/seed2026/relation_D/validation_epoch_85.json
best_J,2026,V_select,187,10,97,85,7,7,0.010549272410571575,0.009054236114025116,-0.0014950362965464592,0.01639014109969139,0.010107167065143585,-0.006282974034547806,0.01874434296041727,0.014107819646596909,-0.004636523313820362,project/results/qgat_extend100/seed2026/gnn/validation_epoch_97.json,project/results/qgat_extend100/seed2026/relation_D/validation_epoch_85.json
best_J,2026,V_select,187,15,97,85,7,7,0.010501622222363949,0.00906654354184866,-0.0014350786805152893,0.016331110149621964,0.010111351497471333,-0.006219758652150631,0.01866717729717493,0.014122219290584326,-0.004544958006590605,project/results/qgat_extend100/seed2026/gnn/validation_epoch_97.json,project/results/qgat_extend100/seed2026/relation_D/validation_epoch_85.json
best_J,2026,V_select,187,20,97,85,7,7,0.010499313473701477,0.009066143073141575,-0.0014331704005599022,0.01632629707455635,0.010108775459229946,-0.006217521615326405,0.018662462010979652,0.014120530802756548,-0.0045419312082231045,project/results/qgat_extend100/seed2026/gnn/validation_epoch_97.json,project/results/qgat_extend100/seed2026/relation_D/validation_epoch_85.json
best_J,2026,V_select,188,5,97,85,7,7,0.012249822728335857,0.011797149665653706,-0.0004526730626821518,0.018930861726403236,0.01605379953980446,-0.0028770621865987778,0.021715253591537476,0.019824049435555935,-0.0018912041559815407,project/results/qgat_extend100/seed2026/gnn/validation_epoch_97.json,project/results/qgat_extend100/seed2026/relation_D/validation_epoch_85.json
best_J,2026,V_select,188,10,97,85,7,7,0.013559688813984394,0.013645592145621777,8.590333163738251e-05,0.018573228269815445,0.018226778134703636,-0.0003464501351118088,0.022846302948892117,0.022758981212973595,-8.732173591852188e-05,project/results/qgat_extend100/seed2026/gnn/validation_epoch_97.json,project/results/qgat_extend100/seed2026/relation_D/validation_epoch_85.json
best_J,2026,V_select,188,15,97,85,7,7,0.013560561463236809,0.01364415418356657,8.35927203297615e-05,0.01857748068869114,0.01822436787188053,-0.0003531128168106079,0.02284930180758238,0.022756338119506836,-9.296368807554245e-05,project/results/qgat_extend100/seed2026/gnn/validation_epoch_97.json,project/results/qgat_extend100/seed2026/relation_D/validation_epoch_85.json
best_J,2026,V_select,188,20,97,85,7,7,0.01356072723865509,0.01365180779248476,9.108055382966995e-05,0.01857719197869301,0.01825525239109993,-0.0003219395875930786,0.022849323228001595,0.022779433988034725,-6.988923996686935e-05,project/results/qgat_extend100/seed2026/gnn/validation_epoch_97.json,project/results/qgat_extend100/seed2026/relation_D/validation_epoch_85.json
best_J,2026,V_select,189,5,97,85,7,7,0.015356629155576229,0.014356719329953194,-0.0009999098256230354,0.023884477093815804,0.019967887550592422,-0.003916589543223381,0.02729886770248413,0.024340663105249405,-0.002958204597234726,project/results/qgat_extend100/seed2026/gnn/validation_epoch_97.json,project/results/qgat_extend100/seed2026/relation_D/validation_epoch_85.json
best_J,2026,V_select,189,10,97,85,7,7,0.015356932766735554,0.014356362633407116,-0.0010005701333284378,0.023884793743491173,0.019967736676335335,-0.003917057067155838,0.02729932963848114,0.024340230971574783,-0.002959098666906357,project/results/qgat_extend100/seed2026/gnn/validation_epoch_97.json,project/results/qgat_extend100/seed2026/relation_D/validation_epoch_85.json
best_J,2026,V_select,189,15,97,85,7,7,0.01494749914854765,0.01487425621598959,-7.324293255805969e-05,0.02162436954677105,0.02150771953165531,-0.00011665001511573792,0.025759683921933174,0.025628115981817245,-0.00013156794011592865,project/results/qgat_extend100/seed2026/gnn/validation_epoch_97.json,project/results/qgat_extend100/seed2026/relation_D/validation_epoch_85.json
best_J,2026,V_select,189,20,97,85,7,7,0.014947601594030857,0.01487438939511776,-7.321219891309738e-05,0.021624255925416946,0.021507753059267998,-0.00011650286614894867,0.02575972955673933,0.02562826592475176,-0.00013146363198757172,project/results/qgat_extend100/seed2026/gnn/validation_epoch_97.json,project/results/qgat_extend100/seed2026/relation_D/validation_epoch_85.json
best_J,2026,V_select,190,5,97,85,7,7,0.01216523814946413,0.011299909092485905,-0.0008653290569782257,0.016986753791570663,0.014415500685572624,-0.0025712531059980392,0.020658615045249462,0.018507659435272217,-0.0021509556099772453,project/results/qgat_extend100/seed2026/gnn/validation_epoch_97.json,project/results/qgat_extend100/seed2026/relation_D/validation_epoch_85.json
best_J,2026,V_select,190,10,97,85,7,7,0.01216502208262682,0.011300052516162395,-0.0008649695664644241,0.01698535867035389,0.014415756799280643,-0.002569601871073246,0.020657701417803764,0.018507930915802717,-0.002149770502001047,project/results/qgat_extend100/seed2026/gnn/validation_epoch_97.json,project/results/qgat_extend100/seed2026/relation_D/validation_epoch_85.json
best_J,2026,V_select,190,15,97,85,7,7,0.012166460044682026,0.011301499791443348,-0.000864960253238678,0.0169883631169796,0.014422823674976826,-0.0025655394420027733,0.020660641603171825,0.01851291162893176,-0.0021477299742400646,project/results/qgat_extend100/seed2026/gnn/validation_epoch_97.json,project/results/qgat_extend100/seed2026/relation_D/validation_epoch_85.json
best_J,2026,V_select,190,20,97,85,7,7,0.013473933562636375,0.013139641843736172,-0.0003342917189002037,0.016642151400446892,0.01659286580979824,-4.928559064865112e-05,0.02179500926285982,0.021436074748635292,-0.00035893451422452927,project/results/qgat_extend100/seed2026/gnn/validation_epoch_97.json,project/results/qgat_extend100/seed2026/relation_D/validation_epoch_85.json
best_J,2026,V_select,191,5,97,85,7,7,0.015031850896775723,0.015215104445815086,0.00018325354903936386,0.018610740080475807,0.020241456106305122,0.0016307160258293152,0.024337220937013626,0.025335832498967648,0.0009986115619540215,project/results/qgat_extend100/seed2026/gnn/validation_epoch_97.json,project/results/qgat_extend100/seed2026/relation_D/validation_epoch_85.json
best_J,2026,V_select,191,10,97,85,7,7,0.015032283030450344,0.015215602703392506,0.00018331967294216156,0.01861090585589409,0.02024160511791706,0.001630699262022972,0.02433773595839739,0.025336405262351036,0.0009986693039536476,project/results/qgat_extend100/seed2026/gnn/validation_epoch_97.json,project/results/qgat_extend100/seed2026/relation_D/validation_epoch_85.json
best_J,2026,V_select,191,15,97,85,7,7,0.013868187554180622,0.013237557373940945,-0.0006306301802396774,0.0173747930675745,0.016721414402127266,-0.0006533786654472351,0.022555584087967873,0.021598264575004578,-0.000957319512963295,project/results/qgat_extend100/seed2026/gnn/validation_epoch_97.json,project/results/qgat_extend100/seed2026/relation_D/validation_epoch_85.json
best_J,2026,V_select,191,20,97,85,7,7,0.013871910981833935,0.013238855637609959,-0.0006330553442239761,0.01738174632191658,0.0167215745896101,-0.0006601717323064804,0.022562784142792225,0.02159964293241501,-0.0009631412103772163,project/results/qgat_extend100/seed2026/gnn/validation_epoch_97.json,project/results/qgat_extend100/seed2026/relation_D/validation_epoch_85.json
best_J,2026,V_select,192,5,97,85,8,8,0.014187837950885296,0.013633640483021736,-0.0005541974678635597,0.01841696724295616,0.018438175320625305,2.1208077669143677e-05,0.023396321572363377,0.02285272814333439,-0.0005435934290289879,project/results/qgat_extend100/seed2026/gnn/validation_epoch_97.json,project/results/qgat_extend100/seed2026/relation_D/validation_epoch_85.json
best_J,2026,V_select,192,10,97,85,8,8,0.015272162854671478,0.015428848564624786,0.0001566857099533081,0.020050175487995148,0.021333612501621246,0.0012834370136260986,0.025297250598669052,0.02609565481543541,0.0007984042167663574,project/results/qgat_extend100/seed2026/gnn/validation_epoch_97.json,project/results/qgat_extend100/seed2026/relation_D/validation_epoch_85.json
best_J,2026,V_select,192,15,97,85,8,8,0.015264429152011871,0.015426324680447578,0.0001618955284357071,0.020026104524731636,0.02132737636566162,0.001301271840929985,0.02527748141437769,0.02609001286327839,0.0008125314489006996,project/results/qgat_extend100/seed2026/gnn/validation_epoch_97.json,project/results/qgat_extend100/seed2026/relation_D/validation_epoch_85.json
best_J,2026,V_select,192,20,97,85,8,8,0.015264391899108887,0.01542670838534832,0.0001623164862394333,0.02002410590648651,0.0213282760232687,0.0013041701167821884,0.025276444852352142,0.02609084639698267,0.0008144015446305275,project/results/qgat_extend100/seed2026/gnn/validation_epoch_97.json,project/results/qgat_extend100/seed2026/relation_D/validation_epoch_85.json
best_J,2026,V_select,193,5,97,85,8,8,0.01563405990600586,0.015191811136901379,-0.00044224876910448074,0.020636186003684998,0.02041763812303543,-0.00021854788064956665,0.025952152907848358,0.025400630198419094,-0.0005515227094292641,project/results/qgat_extend100/seed2026/gnn/validation_epoch_97.json,project/results/qgat_extend100/seed2026/relation_D/validation_epoch_85.json
best_J,2026,V_select,193,10,97,85,8,8,0.01563182845711708,0.015192308463156223,-0.0004395199939608574,0.02063019573688507,0.02042248472571373,-0.00020771101117134094,0.025946926325559616,0.025403550826013088,-0.0005433754995465279,project/results/qgat_extend100/seed2026/gnn/validation_epoch_97.json,project/results/qgat_extend100/seed2026/relation_D/validation_epoch_85.json
best_J,2026,V_select,193,15,97,85,8,8,0.015733007341623306,0.015619060955941677,-0.00011394638568162918,0.01993536949157715,0.021386591717600822,0.001451222226023674,0.02570069208741188,0.02631235681474209,0.0006116647273302078,project/results/qgat_extend100/seed2026/gnn/validation_epoch_97.json,project/results/qgat_extend100/seed2026/relation_D/validation_epoch_85.json
best_J,2026,V_select,193,20,97,85,8,8,0.015731973573565483,0.01562038715928793,-0.00011158641427755356,0.01992998644709587,0.021389659494161606,0.0014596730470657349,0.02569696679711342,0.026315216906368732,0.0006182501092553139,project/results/qgat_extend100/seed2026/gnn/validation_epoch_97.json,project/results/qgat_extend100/seed2026/relation_D/validation_epoch_85.json
best_J,2026,V_select,194,5,97,85,8,8,0.016109991818666458,0.016297396272420883,0.00018740445375442505,0.021665893495082855,0.02229364961385727,0.0006277561187744141,0.026942938566207886,0.027444221079349518,0.0005012825131416321,project/results/qgat_extend100/seed2026/gnn/validation_epoch_97.json,project/results/qgat_extend100/seed2026/relation_D/validation_epoch_85.json
best_J,2026,V_select,194,10,97,85,8,8,0.0171666257083416,0.017169484868645668,2.859160304069519e-06,0.02278900146484375,0.023928191512823105,0.0011391900479793549,0.028561126440763474,0.02913358062505722,0.000572454184293747,project/results/qgat_extend100/seed2026/gnn/validation_epoch_97.json,project/results/qgat_extend100/seed2026/relation_D/validation_epoch_85.json
best_J,2026,V_select,194,15,97,85,8,8,0.015616441145539284,0.015291258692741394,-0.0003251824527978897,0.020040933042764664,0.0206142570823431,0.0005733240395784378,0.025636907666921616,0.025598387233912945,-3.852043300867081e-05,project/results/qgat_extend100/seed2026/gnn/validation_epoch_97.json,project/results/qgat_extend100/seed2026/relation_D/validation_epoch_85.json
best_J,2026,V_select,194,20,97,85,8,8,0.01561756618320942,0.015290730632841587,-0.0003268355503678322,0.020039040595293045,0.020614754408597946,0.0005757138133049011,0.025637086480855942,0.02559810783714056,-3.897864371538162e-05,project/results/qgat_extend100/seed2026/gnn/validation_epoch_97.json,project/results/qgat_extend100/seed2026/relation_D/validation_epoch_85.json
best_J,2026,V_select,195,5,97,85,8,8,0.01556302048265934,0.01649337261915207,0.0009303521364927292,0.021672960370779037,0.0227692611515522,0.0010963007807731628,0.02639950066804886,0.02787800319492817,0.0014785025268793106,project/results/qgat_extend100/seed2026/gnn/validation_epoch_97.json,project/results/qgat_extend100/seed2026/relation_D/validation_epoch_85.json
best_J,2026,V_select,195,10,97,85,8,8,0.015492121689021587,0.01581130549311638,0.0003191838040947914,0.02165837585926056,0.022167354822158813,0.0005089789628982544,0.026321309618651867,0.026894982904195786,0.0005736732855439186,project/results/qgat_extend100/seed2026/gnn/validation_epoch_97.json,project/results/qgat_extend100/seed2026/relation_D/validation_epoch_85.json
best_J,2026,V_select,195,15,97,85,8,8,0.015111212618649006,0.01511150598526001,2.9336661100387573e-07,0.020610593259334564,0.02128889411687851,0.0006783008575439453,0.025416509248316288,0.025755953043699265,0.00033944379538297653,project/results/qgat_extend100/seed2026/gnn/validation_epoch_97.json,project/results/qgat_extend100/seed2026/relation_D/validation_epoch_85.json
best_J,2026,V_select,195,20,97,85,8,8,0.01511602196842432,0.01511167362332344,-4.348345100879669e-06,0.02061300352215767,0.021288586780428886,0.0006755832582712173,0.025422523729503155,0.025755967013537884,0.000333443284034729,project/results/qgat_extend100/seed2026/gnn/validation_epoch_97.json,project/results/qgat_extend100/seed2026/relation_D/validation_epoch_85.json
best_J,2026,V_select,196,5,97,85,8,8,0.015346548520028591,0.015329517424106598,-1.7031095921993256e-05,0.02060391753911972,0.0207594595849514,0.0001555420458316803,0.02564850728958845,0.0257092472165823,6.073992699384689e-05,project/results/qgat_extend100/seed2026/gnn/validation_epoch_97.json,project/results/qgat_extend100/seed2026/relation_D/validation_epoch_85.json
best_J,2026,V_select,196,10,97,85,8,8,0.01642489805817604,0.01620018109679222,-0.00022471696138381958,0.02181156538426876,0.02238631248474121,0.0005747471004724503,0.02733068075031042,0.027393337339162827,6.265658885240555e-05,project/results/qgat_extend100/seed2026/gnn/validation_epoch_97.json,project/results/qgat_extend100/seed2026/relation_D/validation_epoch_85.json
best_J,2026,V_select,196,15,97,85,8,8,0.016409844160079956,0.01619844138622284,-0.0002114027738571167,0.021787019446492195,0.02238188125193119,0.0005948618054389954,0.027303353883326054,0.027389382012188435,8.602812886238098e-05,project/results/qgat_extend100/seed2026/gnn/validation_epoch_97.json,project/results/qgat_extend100/seed2026/relation_D/validation_epoch_85.json
best_J,2026,V_select,196,20,97,85,8,8,0.01641431450843811,0.01619880087673664,-0.00021551363170146942,0.0217951238155365,0.022382354363799095,0.0005872305482625961,0.02731187641620636,0.02738997805863619,7.810164242982864e-05,project/results/qgat_extend100/seed2026/gnn/validation_epoch_97.json,project/results/qgat_extend100/seed2026/relation_D/validation_epoch_85.json
best_J,2026,V_select,197,5,97,85,8,8,0.016377735882997513,0.015219473280012608,-0.0011582626029849052,0.02177584171295166,0.021433360874652863,-0.0003424808382987976,0.027265656739473343,0.02593615371733904,-0.001329503022134304,project/results/qgat_extend100/seed2026/gnn/validation_epoch_97.json,project/results/qgat_extend100/seed2026/relation_D/validation_epoch_85.json
best_J,2026,V_select,197,10,97,85,8,8,0.016634836792945862,0.01583925634622574,-0.0007955804467201233,0.022162631154060364,0.021908024325966835,-0.00025460682809352875,0.027716152369976044,0.026793268509209156,-0.0009228838607668877,project/results/qgat_extend100/seed2026/gnn/validation_epoch_97.json,project/results/qgat_extend100/seed2026/relation_D/validation_epoch_85.json
best_J,2026,V_select,197,15,97,85,8,8,0.016624748706817627,0.015841834247112274,-0.0007829144597053528,0.02215750515460968,0.021915778517723083,-0.00024172663688659668,0.027703501284122467,0.026799723505973816,-0.0009037777781486511,project/results/qgat_extend100/seed2026/gnn/validation_epoch_97.json,project/results/qgat_extend100/seed2026/relation_D/validation_epoch_85.json
best_J,2026,V_select,197,20,97,85,8,8,0.016622936353087425,0.015842266380786896,-0.0007806699723005295,0.022158116102218628,0.02191522717475891,-0.0002428889274597168,0.02770199440419674,0.02679987996816635,-0.0009021144360303879,project/results/qgat_extend100/seed2026/gnn/validation_epoch_97.json,project/results/qgat_extend100/seed2026/relation_D/validation_epoch_85.json
best_J,2026,V_select,198,5,97,85,8,8,0.01905764453113079,0.018041010946035385,-0.0010166335850954056,0.04064111411571503,0.04048244282603264,-0.0001586712896823883,0.039378201588988304,0.038282232359051704,-0.0010959692299365997,project/results/qgat_extend100/seed2026/gnn/validation_epoch_97.json,project/results/qgat_extend100/seed2026/relation_D/validation_epoch_85.json
best_J,2026,V_select,198,10,97,85,8,8,0.019057586789131165,0.01804199442267418,-0.0010155923664569855,0.04064212366938591,0.04048336297273636,-0.0001587606966495514,0.03937864862382412,0.03828367590904236,-0.0010949727147817612,project/results/qgat_extend100/seed2026/gnn/validation_epoch_97.json,project/results/qgat_extend100/seed2026/relation_D/validation_epoch_85.json
best_J,2026,V_select,198,15,97,85,8,8,0.019053909927606583,0.0180441252887249,-0.0010097846388816833,0.04063527286052704,0.04048675298690796,-0.0001485198736190796,0.0393715463578701,0.03828750178217888,-0.0010840445756912231,project/results/qgat_extend100/seed2026/gnn/validation_epoch_97.json,project/results/qgat_extend100/seed2026/relation_D/validation_epoch_85.json
best_J,2026,V_select,198,20,97,85,8,8,0.01764497347176075,0.017455516383051872,-0.00018945708870887756,0.039359427988529205,0.040051672607660294,0.0006922446191310883,0.03732468746602535,0.03748135268688202,0.00015666522085666656,project/results/qgat_extend100/seed2026/gnn/validation_epoch_97.json,project/results/qgat_extend100/seed2026/relation_D/validation_epoch_85.json
best_J,2026,V_select,199,5,97,85,8,8,0.03720227628946304,0.03718985617160797,-1.2420117855072021e-05,0.06583109498023987,0.06584672629833221,1.563131809234619e-05,0.07011782377958298,0.07011321932077408,-4.604458808898926e-06,project/results/qgat_extend100/seed2026/gnn/validation_epoch_97.json,project/results/qgat_extend100/seed2026/relation_D/validation_epoch_85.json
best_J,2026,V_select,199,10,97,85,8,8,0.03720199316740036,0.03718916326761246,-1.2829899787902832e-05,0.06582049280405045,0.06584320962429047,2.2716820240020752e-05,0.07011223956942558,0.07011076807975769,-1.471489667892456e-06,project/results/qgat_extend100/seed2026/gnn/validation_epoch_97.json,project/results/qgat_extend100/seed2026/relation_D/validation_epoch_85.json
best_J,2026,V_select,199,15,97,85,8,8,0.03719738870859146,0.03718870133161545,-8.687376976013184e-06,0.06581147015094757,0.0658436268568039,3.215670585632324e-05,0.07010312378406525,0.0701105147600174,7.3909759521484375e-06,project/results/qgat_extend100/seed2026/gnn/validation_epoch_97.json,project/results/qgat_extend100/seed2026/relation_D/validation_epoch_85.json
best_J,2026,V_select,199,20,97,85,8,8,0.03719388693571091,0.03718816116452217,-5.725771188735962e-06,0.06580504029989243,0.06584299355745316,3.795325756072998e-05,0.07009640708565712,0.07010965794324875,1.3250857591629028e-05,project/results/qgat_extend100/seed2026/gnn/validation_epoch_97.json,project/results/qgat_extend100/seed2026/relation_D/validation_epoch_85.json
best_J,2026,V_select,200,5,97,85,8,8,0.018326932564377785,0.018085217103362083,-0.0002417154610157013,0.02774825692176819,0.02768358215689659,-6.467476487159729e-05,0.03220106102526188,0.03192700818181038,-0.00027405284345149994,project/results/qgat_extend100/seed2026/gnn/validation_epoch_97.json,project/results/qgat_extend100/seed2026/relation_D/validation_epoch_85.json
best_J,2026,V_select,200,10,97,85,8,8,0.018330689519643784,0.018086716532707214,-0.00024397298693656921,0.027754586189985275,0.027689535170793533,-6.505101919174194e-05,0.03220798261463642,0.03193148411810398,-0.0002764984965324402,project/results/qgat_extend100/seed2026/gnn/validation_epoch_97.json,project/results/qgat_extend100/seed2026/relation_D/validation_epoch_85.json
best_J,2026,V_select,200,15,97,85,8,8,0.018334154039621353,0.018086664378643036,-0.00024748966097831726,0.02775483950972557,0.027688389644026756,-6.644986569881439e-05,0.03221157379448414,0.031930859200656414,-0.00028071459382772446,project/results/qgat_extend100/seed2026/gnn/validation_epoch_97.json,project/results/qgat_extend100/seed2026/relation_D/validation_epoch_85.json
best_J,2026,V_select,200,20,97,85,8,8,0.01834014058113098,0.01808716356754303,-0.00025297701358795166,0.027762506157159805,0.027688253670930862,-7.425248622894287e-05,0.032221393659710884,0.03193129040300846,-0.0002901032567024231,project/results/qgat_extend100/seed2026/gnn/validation_epoch_97.json,project/results/qgat_extend100/seed2026/relation_D/validation_epoch_85.json
best_J,2026,V_select,201,5,97,85,8,8,0.016155391931533813,0.015258478000760078,-0.000896913930773735,0.025359101593494415,0.025061853229999542,-0.00029724836349487305,0.02883494272828102,0.02778940461575985,-0.0010455381125211716,project/results/qgat_extend100/seed2026/gnn/validation_epoch_97.json,project/results/qgat_extend100/seed2026/relation_D/validation_epoch_85.json
best_J,2026,V_select,201,10,97,85,8,8,0.016155924648046494,0.015259403735399246,-0.0008965209126472473,0.025361016392707825,0.025064293295145035,-0.0002967230975627899,0.028836432844400406,0.027791550382971764,-0.0010448824614286423,project/results/qgat_extend100/seed2026/gnn/validation_epoch_97.json,project/results/qgat_extend100/seed2026/relation_D/validation_epoch_85.json
best_J,2026,V_select,201,15,97,85,8,8,0.014920205809175968,0.014001044444739819,-0.0009191613644361496,0.023053709417581558,0.022542916238307953,-0.0005107931792736053,0.026447060517966747,0.025272502563893795,-0.0011745579540729523,project/results/qgat_extend100/seed2026/gnn/validation_epoch_97.json,project/results/qgat_extend100/seed2026/relation_D/validation_epoch_85.json
best_J,2026,V_select,201,20,97,85,8,8,0.015913359820842743,0.015772156417369843,-0.0001412034034729004,0.024350542575120926,0.024453535676002502,0.00010299310088157654,0.028088631108403206,0.027998924255371094,-8.970685303211212e-05,project/results/qgat_extend100/seed2026/gnn/validation_epoch_97.json,project/results/qgat_extend100/seed2026/relation_D/validation_epoch_85.json
best_J,2026,V_select,202,5,97,85,8,8,0.01345110684633255,0.013980199582874775,0.0005290927365422249,0.018878690898418427,0.018122175708413124,-0.0007565151900053024,0.022890452295541763,0.023041287437081337,0.00015083514153957367,project/results/qgat_extend100/seed2026/gnn/validation_epoch_97.json,project/results/qgat_extend100/seed2026/relation_D/validation_epoch_85.json
best_J,2026,V_select,202,10,97,85,8,8,0.013454856351017952,0.013980647549033165,0.000525791198015213,0.01888374797999859,0.01812267117202282,-0.000761076807975769,0.022896730341017246,0.023041983135044575,0.0001452527940273285,project/results/qgat_extend100/seed2026/gnn/validation_epoch_97.json,project/results/qgat_extend100/seed2026/relation_D/validation_epoch_85.json
best_J,2026,V_select,202,15,97,85,8,8,0.015577074140310287,0.016084548085927963,0.0005074739456176758,0.02268899418413639,0.022047806531190872,-0.0006411876529455185,0.026921571232378483,0.0271084513515234,0.00018688011914491653,project/results/qgat_extend100/seed2026/gnn/validation_epoch_97.json,project/results/qgat_extend100/seed2026/relation_D/validation_epoch_85.json
best_J,2026,V_select,202,20,97,85,8,8,0.016742728650569916,0.01692688837647438,0.00018415972590446472,0.024077704176306725,0.023663830012083054,-0.00041387416422367096,0.028781580738723278,0.028758803382515907,-2.2777356207370758e-05,project/results/qgat_extend100/seed2026/gnn/validation_epoch_97.json,project/results/qgat_extend100/seed2026/relation_D/validation_epoch_85.json
best_J,2026,V_select,203,5,97,85,8,8,0.01692853309214115,0.016455192118883133,-0.0004733409732580185,0.023113179951906204,0.023243336006999016,0.00013015605509281158,0.028485123068094254,0.02807686012238264,-0.0004082629457116127,project/results/qgat_extend100/seed2026/gnn/validation_epoch_97.json,project/results/qgat_extend100/seed2026/relation_D/validation_epoch_85.json
best_J,2026,V_select,203,10,97,85,8,8,0.018696745857596397,0.01888423040509224,0.00018748454749584198,0.025818970054388046,0.025771204382181168,-4.776567220687866e-05,0.03160623088479042,0.03176983259618282,0.00016360171139240265,project/results/qgat_extend100/seed2026/gnn/validation_epoch_97.json,project/results/qgat_extend100/seed2026/relation_D/validation_epoch_85.json
best_J,2026,V_select,203,15,97,85,8,8,0.018699347972869873,0.01888376846909523,0.00018442049622535706,0.025822719559073448,0.02577042393386364,-5.229562520980835e-05,0.0316107077524066,0.03176898043602705,0.00015827268362045288,project/results/qgat_extend100/seed2026/gnn/validation_epoch_97.json,project/results/qgat_extend100/seed2026/relation_D/validation_epoch_85.json
best_J,2026,V_select,203,20,97,85,8,8,0.018693868070840836,0.01888391375541687,0.00019004568457603455,0.025817878544330597,0.025769252330064774,-4.8626214265823364e-05,0.031602807343006134,0.03176853992044926,0.00016573257744312286,project/results/qgat_extend100/seed2026/gnn/validation_epoch_97.json,project/results/qgat_extend100/seed2026/relation_D/validation_epoch_85.json
best_J,2026,V_select,204,5,97,85,8,8,0.01309424452483654,0.0131455073133111,5.1262788474559784e-05,0.01987389102578163,0.02001185715198517,0.000137966126203537,0.023031190037727356,0.023151435889303684,0.00012024585157632828,project/results/qgat_extend100/seed2026/gnn/validation_epoch_97.json,project/results/qgat_extend100/seed2026/relation_D/validation_epoch_85.json
best_J,2026,V_select,204,10,97,85,8,8,0.014275799505412579,0.013996286317706108,-0.0002795131877064705,0.021315718069672585,0.02163984254002571,0.0003241244703531265,0.02493365854024887,0.024816207587718964,-0.00011745095252990723,project/results/qgat_extend100/seed2026/gnn/validation_epoch_97.json,project/results/qgat_extend100/seed2026/relation_D/validation_epoch_85.json
best_J,2026,V_select,204,15,97,85,8,8,0.014275934547185898,0.013996359892189503,-0.0002795746549963951,0.021315425634384155,0.021639831364154816,0.0003244057297706604,0.024933647364377975,0.02481627557426691,-0.00011737179011106491,project/results/qgat_extend100/seed2026/gnn/validation_epoch_97.json,project/results/qgat_extend100/seed2026/relation_D/validation_epoch_85.json
best_J,2026,V_select,204,20,97,85,8,8,0.012546839192509651,0.01253183837980032,-1.5000812709331512e-05,0.019378069788217545,0.01940906047821045,3.099068999290466e-05,0.022235874086618423,0.022236368618905544,4.945322871208191e-07,project/results/qgat_extend100/seed2026/gnn/validation_epoch_97.json,project/results/qgat_extend100/seed2026/relation_D/validation_epoch_85.json
best_J,2026,V_select,205,5,97,85,8,8,0.025558723136782646,0.025503043085336685,-5.5680051445961e-05,0.05515596270561218,0.05550102889537811,0.0003450661897659302,0.05313670448958874,0.05325355753302574,0.00011685304343700409,project/results/qgat_extend100/seed2026/gnn/validation_epoch_97.json,project/results/qgat_extend100/seed2026/relation_D/validation_epoch_85.json
best_J,2026,V_select,205,10,97,85,8,8,0.02555953338742256,0.025503002107143402,-5.6531280279159546e-05,0.05515659600496292,0.0555005744099617,0.0003439784049987793,0.05313783138990402,0.05325328931212425,0.0001154579222202301,project/results/qgat_extend100/seed2026/gnn/validation_epoch_97.json,project/results/qgat_extend100/seed2026/relation_D/validation_epoch_85.json
best_J,2026,V_select,205,15,97,85,8,8,0.0255623459815979,0.025502627715468407,-5.971826612949371e-05,0.055161237716674805,0.055499669164419174,0.0003384314477443695,0.0531429648399353,0.053252462297677994,0.00010949745774269104,project/results/qgat_extend100/seed2026/gnn/validation_epoch_97.json,project/results/qgat_extend100/seed2026/relation_D/validation_epoch_85.json
best_J,2026,V_select,205,20,97,85,8,8,0.025562413036823273,0.025502581149339676,-5.98318874835968e-05,0.05516134947538376,0.05549967288970947,0.0003383234143257141,0.05314308777451515,0.05325241759419441,0.00010932981967926025,project/results/qgat_extend100/seed2026/gnn/validation_epoch_97.json,project/results/qgat_extend100/seed2026/relation_D/validation_epoch_85.json
best_J,2026,V_select,206,5,97,85,8,8,0.030359476804733276,0.030334526672959328,-2.495013177394867e-05,0.05169457942247391,0.052425041794776917,0.000730462372303009,0.05620676651597023,0.056547047570347786,0.00034028105437755585,project/results/qgat_extend100/seed2026/gnn/validation_epoch_97.json,project/results/qgat_extend100/seed2026/relation_D/validation_epoch_85.json
best_J,2026,V_select,206,10,97,85,8,8,0.03035772405564785,0.030334560200572014,-2.316385507583618e-05,0.051693663001060486,0.05242759734392166,0.0007339343428611755,0.05620455555617809,0.056548358872532845,0.0003438033163547516,project/results/qgat_extend100/seed2026/gnn/validation_epoch_97.json,project/results/qgat_extend100/seed2026/relation_D/validation_epoch_85.json
best_J,2026,V_select,206,15,97,85,8,8,0.03171512484550476,0.03151039779186249,-0.00020472705364227295,0.05445081740617752,0.05434435233473778,-0.00010646507143974304,0.05894053354859352,0.05868257395923138,-0.00025795958936214447,project/results/qgat_extend100/seed2026/gnn/validation_epoch_97.json,project/results/qgat_extend100/seed2026/relation_D/validation_epoch_85.json
best_J,2026,V_select,206,20,97,85,8,8,0.031715188175439835,0.03151039406657219,-0.00020479410886764526,0.0544503778219223,0.05434434860944748,-0.000106029212474823,0.058940377086400986,0.05868256837129593,-0.00025780871510505676,project/results/qgat_extend100/seed2026/gnn/validation_epoch_97.json,project/results/qgat_extend100/seed2026/relation_D/validation_epoch_85.json
best_J,2026,V_select,207,5,97,85,8,8,0.11372796446084976,0.11310061067342758,-0.0006273537874221802,0.48584121465682983,0.48389172554016113,-0.0019494891166687012,0.3566485717892647,0.35504647344350815,-0.0016020983457565308,project/results/qgat_extend100/seed2026/gnn/validation_epoch_97.json,project/results/qgat_extend100/seed2026/relation_D/validation_epoch_85.json
best_J,2026,V_select,207,10,97,85,8,8,0.11372973769903183,0.11310099810361862,-0.000628739595413208,0.4858398735523224,0.4838937819004059,-0.001946091651916504,0.356649674475193,0.35504788905382156,-0.00160178542137146,project/results/qgat_extend100/seed2026/gnn/validation_epoch_97.json,project/results/qgat_extend100/seed2026/relation_D/validation_epoch_85.json
best_J,2026,V_select,207,15,97,85,8,8,0.11372652649879456,0.11310134083032608,-0.0006251856684684753,0.4858350157737732,0.4838932752609253,-0.0019417405128479004,0.35664403438568115,0.3550479784607887,-0.0015960559248924255,project/results/qgat_extend100/seed2026/gnn/validation_epoch_97.json,project/results/qgat_extend100/seed2026/relation_D/validation_epoch_85.json
best_J,2026,V_select,207,20,97,85,8,8,0.11372668296098709,0.1131012961268425,-0.0006253868341445923,0.48583537340164185,0.4838932454586029,-0.0019421279430389404,0.356644369661808,0.35504791885614395,-0.0015964508056640625,project/results/qgat_extend100/seed2026/gnn/validation_epoch_97.json,project/results/qgat_extend100/seed2026/relation_D/validation_epoch_85.json
best_J,2026,V_select,208,5,97,85,8,8,0.20104876160621643,0.3094787299633026,0.10842996835708618,0.5195958614349365,0.8139302134513855,0.294334352016449,0.4608466923236847,0.7164438366889954,0.25559714436531067,project/results/qgat_extend100/seed2026/gnn/validation_epoch_97.json,project/results/qgat_extend100/seed2026/relation_D/validation_epoch_85.json
best_J,2026,V_select,208,10,97,85,8,8,0.20096924901008606,0.3125959038734436,0.11162665486335754,0.5194301009178162,0.8209033012390137,0.3014732003211975,0.46068429946899414,0.7230475544929504,0.2623632550239563,project/results/qgat_extend100/seed2026/gnn/validation_epoch_97.json,project/results/qgat_extend100/seed2026/relation_D/validation_epoch_85.json
best_J,2026,V_select,208,15,97,85,8,8,0.20096009969711304,0.3134271800518036,0.11246708035469055,0.5194219946861267,0.8227508068084717,0.30332881212234497,0.4606710970401764,0.7248025834560394,0.26413148641586304,project/results/qgat_extend100/seed2026/gnn/validation_epoch_97.json,project/results/qgat_extend100/seed2026/relation_D/validation_epoch_85.json
best_J,2026,V_select,208,20,97,85,8,8,0.199508398771286,0.3089979290962219,0.10948953032493591,0.5121666789054871,0.8109481930732727,0.29878151416778564,0.45559173822402954,0.7144720256328583,0.25888028740882874,project/results/qgat_extend100/seed2026/gnn/validation_epoch_97.json,project/results/qgat_extend100/seed2026/relation_D/validation_epoch_85.json
best_J,2026,V_select,209,5,97,85,8,8,0.27184396982192993,0.3948170244693756,0.12297305464744568,0.7101273536682129,0.9347577691078186,0.2246304154396057,0.6269076466560364,0.8621959090232849,0.23528826236724854,project/results/qgat_extend100/seed2026/gnn/validation_epoch_97.json,project/results/qgat_extend100/seed2026/relation_D/validation_epoch_85.json
best_J,2026,V_select,209,10,97,85,8,8,0.27178338170051575,0.394845575094223,0.12306219339370728,0.7099687457084656,0.9348104000091553,0.2248416543006897,0.6267677545547485,0.8622507750988007,0.23548302054405212,project/results/qgat_extend100/seed2026/gnn/validation_epoch_97.json,project/results/qgat_extend100/seed2026/relation_D/validation_epoch_85.json
best_J,2026,V_select,209,15,97,85,8,8,0.2722488045692444,0.39532431960105896,0.12307551503181458,0.7109553813934326,0.9353893995285034,0.2244340181350708,0.6277264952659607,0.8630190193653107,0.23529252409934998,project/results/qgat_extend100/seed2026/gnn/validation_epoch_97.json,project/results/qgat_extend100/seed2026/relation_D/validation_epoch_85.json
best_J,2026,V_select,209,20,97,85,8,8,0.2718420624732971,0.3953539729118347,0.1235119104385376,0.7099046111106873,0.9354775547981262,0.22557294368743896,0.6267943680286407,0.8630927503108978,0.23629838228225708,project/results/qgat_extend100/seed2026/gnn/validation_epoch_97.json,project/results/qgat_extend100/seed2026/relation_D/validation_epoch_85.json
best_J,2026,V_select,210,5,97,85,8,7,0.24645666778087616,0.2548643946647644,0.008407726883888245,0.0182958971709013,0.014012803323566914,-0.004283093847334385,0.2556046163663268,0.26187079632654786,0.006266179960221052,project/results/qgat_extend100/seed2026/gnn/validation_epoch_97.json,project/results/qgat_extend100/seed2026/relation_D/validation_epoch_85.json
best_J,2026,V_select,210,10,97,85,8,7,0.24647551774978638,0.2548673152923584,0.008391797542572021,0.01830197311937809,0.014007129706442356,-0.004294843412935734,0.2556265043094754,0.2618708801455796,0.006244375836104155,project/results/qgat_extend100/seed2026/gnn/validation_epoch_97.json,project/results/qgat_extend100/seed2026/relation_D/validation_epoch_85.json
best_J,2026,V_select,210,15,97,85,8,7,0.24647584557533264,0.25487175583839417,0.008395910263061523,0.018300319090485573,0.014010199345648289,-0.004290119744837284,0.25562600512057543,0.2618768555112183,0.006250850390642881,project/results/qgat_extend100/seed2026/gnn/validation_epoch_97.json,project/results/qgat_extend100/seed2026/relation_D/validation_epoch_85.json
best_J,2026,V_select,210,20,97,85,8,7,0.24814103543758392,0.25623083114624023,0.008089795708656311,0.019869523122906685,0.015828872099518776,-0.004040651023387909,0.25807579699903727,0.2641452671959996,0.006069470196962357,project/results/qgat_extend100/seed2026/gnn/validation_epoch_97.json,project/results/qgat_extend100/seed2026/relation_D/validation_epoch_85.json
best_J,2026,V_select,211,5,97,85,8,7,0.11339876055717468,0.10229413956403732,-0.01110462099313736,0.0189542043954134,0.014216264709830284,-0.004737939685583115,0.12287586275488138,0.10940227191895247,-0.013473590835928917,project/results/qgat_extend100/seed2026/gnn/validation_epoch_97.json,project/results/qgat_extend100/seed2026/relation_D/validation_epoch_85.json
best_J,2026,V_select,211,10,97,85,8,7,0.11340043693780899,0.10229481011629105,-0.011105626821517944,0.018952861428260803,0.014217500574886799,-0.004735360853374004,0.12287686765193939,0.10940356040373445,-0.013473307248204947,project/results/qgat_extend100/seed2026/gnn/validation_epoch_97.json,project/results/qgat_extend100/seed2026/relation_D/validation_epoch_85.json
best_J,2026,V_select,211,15,97,85,8,7,0.11340059340000153,0.10229485481977463,-0.011105738580226898,0.018952783197164536,0.014217623509466648,-0.004735159687697887,0.1228769849985838,0.10940366657450795,-0.013473318424075842,project/results/qgat_extend100/seed2026/gnn/validation_epoch_97.json,project/results/qgat_extend100/seed2026/relation_D/validation_epoch_85.json
best_J,2026,V_select,211,20,97,85,8,7,0.11339522898197174,0.10229641199111938,-0.011098816990852356,0.01895507238805294,0.01421793457120657,-0.004737137816846371,0.12287276517599821,0.10940537927672267,-0.013467385899275541,project/results/qgat_extend100/seed2026/gnn/validation_epoch_97.json,project/results/qgat_extend100/seed2026/relation_D/validation_epoch_85.json
best_J,2026,V_select,212,5,97,85,7,7,0.014392024837434292,0.01282502245157957,-0.001567002385854721,0.018529385328292847,0.015389013104140759,-0.003140372224152088,0.023656717501580715,0.02051952900364995,-0.003137188497930765,project/results/qgat_extend100/seed2026/gnn/validation_epoch_97.json,project/results/qgat_extend100/seed2026/relation_D/validation_epoch_85.json
best_J,2026,V_select,212,10,97,85,7,7,0.014392849989235401,0.012826220132410526,-0.0015666298568248749,0.01852816343307495,0.015393642708659172,-0.003134520724415779,0.023656931705772877,0.020523041486740112,-0.0031338902190327644,project/results/qgat_extend100/seed2026/gnn/validation_epoch_97.json,project/results/qgat_extend100/seed2026/relation_D/validation_epoch_85.json
best_J,2026,V_select,212,15,97,85,7,7,0.014393162913620472,0.01282744761556387,-0.0015657152980566025,0.018526362255215645,0.015397044830024242,-0.0031293174251914024,0.023656344041228294,0.02052597003057599,-0.0031303740106523037,project/results/qgat_extend100/seed2026/gnn/validation_epoch_97.json,project/results/qgat_extend100/seed2026/relation_D/validation_epoch_85.json
best_J,2026,V_select,212,20,97,85,7,7,0.014393200166523457,0.012827591970562935,-0.0015656081959605217,0.018527867272496223,0.015398742631077766,-0.003129124641418457,0.02365713380277157,0.020526963286101818,-0.00313017051666975,project/results/qgat_extend100/seed2026/gnn/validation_epoch_97.json,project/results/qgat_extend100/seed2026/relation_D/validation_epoch_85.json
best_J,2026,V_select,213,5,97,85,7,7,0.013669236563146114,0.01299444679170847,-0.000674789771437645,0.01831064000725746,0.01574360951781273,-0.0025670304894447327,0.022824556566774845,0.020866251550614834,-0.0019583050161600113,project/results/qgat_extend100/seed2026/gnn/validation_epoch_97.json,project/results/qgat_extend100/seed2026/relation_D/validation_epoch_85.json
best_J,2026,V_select,213,10,97,85,7,7,0.013668729923665524,0.012994607910513878,-0.0006741220131516457,0.01830645464360714,0.015743879601359367,-0.002562575042247772,0.022821957245469093,0.02086654771119356,-0.0019554095342755318,project/results/qgat_extend100/seed2026/gnn/validation_epoch_97.json,project/results/qgat_extend100/seed2026/relation_D/validation_epoch_85.json
best_J,2026,V_select,213,15,97,85,7,7,0.013667918741703033,0.012996391393244267,-0.0006715273484587669,0.01830567792057991,0.015750739723443985,-0.0025549381971359253,0.02282075770199299,0.02087176125496626,-0.0019489964470267296,project/results/qgat_extend100/seed2026/gnn/validation_epoch_97.json,project/results/qgat_extend100/seed2026/relation_D/validation_epoch_85.json
best_J,2026,V_select,213,20,97,85,7,7,0.014999338425695896,0.014488116838037968,-0.0005112215876579285,0.018121065571904182,0.017685214057564735,-0.000435851514339447,0.024059871211647987,0.023330723866820335,-0.000729147344827652,project/results/qgat_extend100/seed2026/gnn/validation_epoch_97.json,project/results/qgat_extend100/seed2026/relation_D/validation_epoch_85.json
best_J,2026,V_select,214,5,97,85,7,7,0.013327141292393208,0.012289643287658691,-0.0010374980047345161,0.01869630441069603,0.012831492349505424,-0.005864812061190605,0.022675293497741222,0.018705389462411404,-0.003969904035329819,project/results/qgat_extend100/seed2026/gnn/validation_epoch_97.json,project/results/qgat_extend100/seed2026/relation_D/validation_epoch_85.json
best_J,2026,V_select,214,10,97,85,7,7,0.012893496081233025,0.01267568115144968,-0.00021781492978334427,0.01608978770673275,0.014174767769873142,-0.0019150199368596077,0.0209383899345994,0.01976306503638625,-0.0011753248982131481,project/results/qgat_extend100/seed2026/gnn/validation_epoch_97.json,project/results/qgat_extend100/seed2026/relation_D/validation_epoch_85.json
best_J,2026,V_select,214,15,97,85,7,7,0.012889840640127659,0.01267958153039217,-0.0002102591097354889,0.016083892434835434,0.014187227003276348,-0.0018966654315590858,0.020931786857545376,0.019773195032030344,-0.0011585918255150318,project/results/qgat_extend100/seed2026/gnn/validation_epoch_97.json,project/results/qgat_extend100/seed2026/relation_D/validation_epoch_85.json
best_J,2026,V_select,214,20,97,85,7,7,0.01288991142064333,0.012679480947554111,-0.00021043047308921814,0.01608382724225521,0.014185541309416294,-0.0018982859328389168,0.020931825041770935,0.01977225160226226,-0.0011595734395086765,project/results/qgat_extend100/seed2026/gnn/validation_epoch_97.json,project/results/qgat_extend100/seed2026/relation_D/validation_epoch_85.json
best_J,2026,V_select,215,5,97,85,7,7,0.01150435209274292,0.011521583423018456,1.7231330275535583e-05,0.013261392712593079,0.013842561282217503,0.000581168569624424,0.01813504844903946,0.018442864064127207,0.0003078156150877476,project/results/qgat_extend100/seed2026/gnn/validation_epoch_97.json,project/results/qgat_extend100/seed2026/relation_D/validation_epoch_85.json
best_J,2026,V_select,215,10,97,85,7,7,0.013565829955041409,0.013361235149204731,-0.00020459480583667755,0.016583651304244995,0.01640458218753338,-0.00017906911671161652,0.021857655607163906,0.02156352624297142,-0.0002941293641924858,project/results/qgat_extend100/seed2026/gnn/validation_epoch_97.json,project/results/qgat_extend100/seed2026/relation_D/validation_epoch_85.json
best_J,2026,V_select,215,15,97,85,7,7,0.013562753796577454,0.0133614931255579,-0.00020126067101955414,0.016579199582338333,0.016406748443841934,-0.00017245113849639893,0.02185235358774662,0.021564867347478867,-0.0002874862402677536,project/results/qgat_extend100/seed2026/gnn/validation_epoch_97.json,project/results/qgat_extend100/seed2026/relation_D/validation_epoch_85.json
best_J,2026,V_select,215,20,97,85,7,7,0.01356214378029108,0.01336313784122467,-0.00019900593906641006,0.0165754072368145,0.01640830934047699,-0.00016709789633750916,0.02184984739869833,0.021567292511463165,-0.00028255488723516464,project/results/qgat_extend100/seed2026/gnn/validation_epoch_97.json,project/results/qgat_extend100/seed2026/relation_D/validation_epoch_85.json
best_J,2026,V_select,216,5,97,85,7,7,0.011173867620527744,0.010703114792704582,-0.0004707528278231621,0.015007362700998783,0.013436929322779179,-0.0015704333782196045,0.018677548971027136,0.01742157945409417,-0.0012559695169329643,project/results/qgat_extend100/seed2026/gnn/validation_epoch_97.json,project/results/qgat_extend100/seed2026/relation_D/validation_epoch_85.json
best_J,2026,V_select,216,10,97,85,7,7,0.011173276230692863,0.010703928768634796,-0.0004693474620580673,0.015003347769379616,0.013436931185424328,-0.001566416583955288,0.01867495011538267,0.01742239436134696,-0.0012525557540357113,project/results/qgat_extend100/seed2026/gnn/validation_epoch_97.json,project/results/qgat_extend100/seed2026/relation_D/validation_epoch_85.json
best_J,2026,V_select,216,15,97,85,7,7,0.011169987730681896,0.010705383494496346,-0.0004646042361855507,0.01499907672405243,0.013441006653010845,-0.001558070071041584,0.01866952609270811,0.017425886821001768,-0.0012436392717063427,project/results/qgat_extend100/seed2026/gnn/validation_epoch_97.json,project/results/qgat_extend100/seed2026/relation_D/validation_epoch_85.json
best_J,2026,V_select,216,20,97,85,7,7,0.012435197830200195,0.012482826597988605,4.762876778841019e-05,0.014366021379828453,0.01555575616657734,0.001189734786748886,0.019618208520114422,0.020260704681277275,0.0006424961611628532,project/results/qgat_extend100/seed2026/gnn/validation_epoch_97.json,project/results/qgat_extend100/seed2026/relation_D/validation_epoch_85.json
best_J,2026,V_select,217,5,97,85,7,7,0.02055133320391178,0.019842015579342842,-0.0007093176245689392,0.04145147278904915,0.036923859268426895,-0.004527613520622253,0.041277069598436356,0.03830394521355629,-0.002973124384880066,project/results/qgat_extend100/seed2026/gnn/validation_epoch_97.json,project/results/qgat_extend100/seed2026/relation_D/validation_epoch_85.json
best_J,2026,V_select,217,10,97,85,7,7,0.020550966262817383,0.019843947142362595,-0.0007070191204547882,0.04145030304789543,0.03692847117781639,-0.0045218318700790405,0.0412761177867651,0.03830818273127079,-0.0029679350554943085,project/results/qgat_extend100/seed2026/gnn/validation_epoch_97.json,project/results/qgat_extend100/seed2026/relation_D/validation_epoch_85.json
best_J,2026,V_select,217,15,97,85,7,7,0.02055077627301216,0.019844243302941322,-0.0007065329700708389,0.04145359247922897,0.03692882880568504,-0.00452476367354393,0.04127757251262665,0.038308657705783844,-0.002968914806842804,project/results/qgat_extend100/seed2026/gnn/validation_epoch_97.json,project/results/qgat_extend100/seed2026/relation_D/validation_epoch_85.json
best_J,2026,V_select,217,20,97,85,7,7,0.021815583109855652,0.021621227264404297,-0.00019435584545135498,0.04081325978040695,0.039043452590703964,-0.0017698071897029877,0.04222221300005913,0.04114295355975628,-0.0010792594403028488,project/results/qgat_extend100/seed2026/gnn/validation_epoch_97.json,project/results/qgat_extend100/seed2026/relation_D/validation_epoch_85.json
best_J,2026,V_select,218,5,97,85,7,7,0.03730738162994385,0.036218591034412384,-0.0010887905955314636,0.04896149784326553,0.043766606599092484,-0.00519489124417305,0.061788130551576614,0.058101894333958626,-0.0036862362176179886,project/results/qgat_extend100/seed2026/gnn/validation_epoch_97.json,project/results/qgat_extend100/seed2026/relation_D/validation_epoch_85.json
best_J,2026,V_select,218,10,97,85,7,7,0.0373084731400013,0.03621966391801834,-0.001088809221982956,0.04896628111600876,0.043764952570199966,-0.005201328545808792,0.061791613698005676,0.058102140203118324,-0.003689473494887352,project/results/qgat_extend100/seed2026/gnn/validation_epoch_97.json,project/results/qgat_extend100/seed2026/relation_D/validation_epoch_85.json
best_J,2026,V_select,218,15,97,85,7,7,0.03687439113855362,0.03659607842564583,-0.00027831271290779114,0.04636189714074135,0.045091960579156876,-0.0012699365615844727,0.060055339708924294,0.059142058715224266,-0.0009132809937000275,project/results/qgat_extend100/seed2026/gnn/validation_epoch_97.json,project/results/qgat_extend100/seed2026/relation_D/validation_epoch_85.json
best_J,2026,V_select,218,20,97,85,7,7,0.036874257028102875,0.03659595176577568,-0.0002783052623271942,0.046361327171325684,0.04508966952562332,-0.001271657645702362,0.06005492061376572,0.05914078652858734,-0.0009141340851783752,project/results/qgat_extend100/seed2026/gnn/validation_epoch_97.json,project/results/qgat_extend100/seed2026/relation_D/validation_epoch_85.json
best_J,2026,V_select,219,5,97,85,7,7,0.011220993474125862,0.011047168634831905,-0.00017382483929395676,0.012834521010518074,0.011266276240348816,-0.0015682447701692581,0.0176382539793849,0.016680306755006313,-0.0009579472243785858,project/results/qgat_extend100/seed2026/gnn/validation_epoch_97.json,project/results/qgat_extend100/seed2026/relation_D/validation_epoch_85.json
best_J,2026,V_select,219,10,97,85,7,7,0.011194596067070961,0.011345763690769672,0.0001511676236987114,0.01272225845605135,0.01299688033759594,0.00027462188154459,0.017555725295096636,0.017844203859567642,0.0002884785644710064,project/results/qgat_extend100/seed2026/gnn/validation_epoch_97.json,project/results/qgat_extend100/seed2026/relation_D/validation_epoch_85.json
best_J,2026,V_select,219,15,97,85,7,7,0.01119755394756794,0.0113465441390872,0.0001489901915192604,0.012727990746498108,0.013000988401472569,0.0002729976549744606,0.017561549320816994,0.017847038339823484,0.0002854890190064907,project/results/qgat_extend100/seed2026/gnn/validation_epoch_97.json,project/results/qgat_extend100/seed2026/relation_D/validation_epoch_85.json
best_J,2026,V_select,219,20,97,85,7,7,0.011198696680366993,0.01134607382118702,0.0001473771408200264,0.01273016445338726,0.012998662889003754,0.0002684984356164932,0.017563778907060623,0.017845405265688896,0.000281626358628273,project/results/qgat_extend100/seed2026/gnn/validation_epoch_97.json,project/results/qgat_extend100/seed2026/relation_D/validation_epoch_85.json
best_J,2026,V_select,220,5,97,85,7,7,0.008851324208080769,0.008519447408616543,-0.00033187679946422577,0.011456264182925224,0.008503868244588375,-0.002952395938336849,0.01457945629954338,0.01277138153091073,-0.0018080747686326504,project/results/qgat_extend100/seed2026/gnn/validation_epoch_97.json,project/results/qgat_extend100/seed2026/relation_D/validation_epoch_85.json
best_J,2026,V_select,220,10,97,85,7,7,0.008850029669702053,0.008519129827618599,-0.00033089984208345413,0.011463576927781105,0.008503586985170841,-0.002959989942610264,0.014581818133592606,0.01277092332020402,-0.001810894813388586,project/results/qgat_extend100/seed2026/gnn/validation_epoch_97.json,project/results/qgat_extend100/seed2026/relation_D/validation_epoch_85.json
best_J,2026,V_select,220,15,97,85,7,7,0.00884996633976698,0.008518845774233341,-0.000331120565533638,0.011463592760264874,0.008504826575517654,-0.002958766184747219,0.014581762719899416,0.012771259061992168,-0.0018105036579072475,project/results/qgat_extend100/seed2026/gnn/validation_epoch_97.json,project/results/qgat_extend100/seed2026/relation_D/validation_epoch_85.json
best_J,2026,V_select,220,20,97,85,7,7,0.00884996633976698,0.008518845774233341,-0.000331120565533638,0.011463592760264874,0.008504826575517654,-0.002958766184747219,0.014581762719899416,0.012771259061992168,-0.0018105036579072475,project/results/qgat_extend100/seed2026/gnn/validation_epoch_97.json,project/results/qgat_extend100/seed2026/relation_D/validation_epoch_85.json
best_J,2026,V_select,221,5,97,85,7,7,0.010676960460841656,0.010221964679658413,-0.0004549957811832428,0.01290703471750021,0.011261125095188618,-0.001645909622311592,0.01713047781959176,0.015852527227252722,-0.0012779505923390388,project/results/qgat_extend100/seed2026/gnn/validation_epoch_97.json,project/results/qgat_extend100/seed2026/relation_D/validation_epoch_85.json
best_J,2026,V_select,221,10,97,85,7,7,0.010677071288228035,0.010221431031823158,-0.0004556402564048767,0.012907111085951328,0.011260845698416233,-0.0016462653875350952,0.0171306268312037,0.015851853881031275,-0.0012787729501724243,project/results/qgat_extend100/seed2026/gnn/validation_epoch_97.json,project/results/qgat_extend100/seed2026/relation_D/validation_epoch_85.json
best_J,2026,V_select,221,15,97,85,7,7,0.01067712064832449,0.010221430100500584,-0.00045569054782390594,0.012907865457236767,0.011260882019996643,-0.0016469834372401237,0.017131053376942873,0.015851871110498905,-0.0012791822664439678,project/results/qgat_extend100/seed2026/gnn/validation_epoch_97.json,project/results/qgat_extend100/seed2026/relation_D/validation_epoch_85.json
best_J,2026,V_select,221,20,97,85,7,7,0.01067712064832449,0.010221430100500584,-0.00045569054782390594,0.012907865457236767,0.011260882019996643,-0.0016469834372401237,0.017131053376942873,0.015851871110498905,-0.0012791822664439678,project/results/qgat_extend100/seed2026/gnn/validation_epoch_97.json,project/results/qgat_extend100/seed2026/relation_D/validation_epoch_85.json
best_J,2026,V_select,222,5,97,85,7,7,0.011006108485162258,0.010659734718501568,-0.0003463737666606903,0.013157187029719353,0.012493020854890347,-0.0006641661748290062,0.017584702000021935,0.01690624514594674,-0.0006784568540751934,project/results/qgat_extend100/seed2026/gnn/validation_epoch_97.json,project/results/qgat_extend100/seed2026/relation_D/validation_epoch_85.json
best_J,2026,V_select,222,10,97,85,7,7,0.01100595947355032,0.010659984312951565,-0.0003459751605987549,0.013156943023204803,0.012494146823883057,-0.0006627961993217468,0.01758443098515272,0.016907057724893093,-0.0006773732602596283,project/results/qgat_extend100/seed2026/gnn/validation_epoch_97.json,project/results/qgat_extend100/seed2026/relation_D/validation_epoch_85.json
best_J,2026,V_select,222,15,97,85,7,7,0.01100554596632719,0.01066022552549839,-0.0003453204408288002,0.013156892731785774,0.012492736801505089,-0.0006641559302806854,0.017583992332220078,0.016906593926250935,-0.0006773984059691429,project/results/qgat_extend100/seed2026/gnn/validation_epoch_97.json,project/results/qgat_extend100/seed2026/relation_D/validation_epoch_85.json
best_J,2026,V_select,222,20,97,85,7,7,0.011005326174199581,0.010660233907401562,-0.0003450922667980194,0.013156892731785774,0.012492736801505089,-0.0006641559302806854,0.017583772540092468,0.016906602308154106,-0.0006771702319383621,project/results/qgat_extend100/seed2026/gnn/validation_epoch_97.json,project/results/qgat_extend100/seed2026/relation_D/validation_epoch_85.json
best_J,2026,V_select,223,5,97,85,7,7,0.010637878440320492,0.010091021656990051,-0.0005468567833304405,0.014633052982389927,0.013676479458808899,-0.000956573523581028,0.017954404931515455,0.0169292613863945,-0.0010251435451209545,project/results/qgat_extend100/seed2026/gnn/validation_epoch_97.json,project/results/qgat_extend100/seed2026/relation_D/validation_epoch_85.json
best_J,2026,V_select,223,10,97,85,7,7,0.010637902654707432,0.01009084191173315,-0.0005470607429742813,0.01463089045137167,0.013673083856701851,-0.0009578065946698189,0.017953347880393267,0.016927383840084076,-0.0010259640403091908,project/results/qgat_extend100/seed2026/gnn/validation_epoch_97.json,project/results/qgat_extend100/seed2026/relation_D/validation_epoch_85.json
best_J,2026,V_select,223,15,97,85,7,7,0.010637870989739895,0.010090830735862255,-0.0005470402538776398,0.014630928635597229,0.013673009350895882,-0.0009579192847013474,0.01795333530753851,0.016927335411310196,-0.0010259998962283134,project/results/qgat_extend100/seed2026/gnn/validation_epoch_97.json,project/results/qgat_extend100/seed2026/relation_D/validation_epoch_85.json
best_J,2026,V_select,223,20,97,85,7,7,0.011893464252352715,0.011877276934683323,-1.6187317669391632e-05,0.013978893868625164,0.015798958018422127,0.0018200641497969627,0.018882911186665297,0.019776755943894386,0.0008938447572290897,project/results/qgat_extend100/seed2026/gnn/validation_epoch_97.json,project/results/qgat_extend100/seed2026/relation_D/validation_epoch_85.json
best_J,2026,V_select,224,5,97,85,8,8,0.010740429162979126,0.010213579051196575,-0.0005268501117825508,0.011625256389379501,0.011341748759150505,-0.0002835076302289963,0.016553057357668877,0.015884453430771828,-0.000668603926897049,project/results/qgat_extend100/seed2026/gnn/validation_epoch_97.json,project/results/qgat_extend100/seed2026/relation_D/validation_epoch_85.json
best_J,2026,V_select,224,10,97,85,8,8,0.011748343706130981,0.011729959398508072,-1.8384307622909546e-05,0.012512246146798134,0.013232078403234482,0.000719832256436348,0.01800446677953005,0.018345998600125313,0.00034153182059526443,project/results/qgat_extend100/seed2026/gnn/validation_epoch_97.json,project/results/qgat_extend100/seed2026/relation_D/validation_epoch_85.json
best_J,2026,V_select,224,15,97,85,8,8,0.011981634423136711,0.011719295755028725,-0.00026233866810798645,0.01380483340471983,0.012732308357954025,-0.0010725250467658043,0.018884051125496626,0.018085449934005737,-0.0007986011914908886,project/results/qgat_extend100/seed2026/gnn/validation_epoch_97.json,project/results/qgat_extend100/seed2026/relation_D/validation_epoch_85.json
best_J,2026,V_select,224,20,97,85,8,8,0.011269780807197094,0.011113589629530907,-0.00015619117766618729,0.012015807442367077,0.012327475473284721,0.0003116680309176445,0.017277684528380632,0.017277327366173267,-3.57162207365036e-07,project/results/qgat_extend100/seed2026/gnn/validation_epoch_97.json,project/results/qgat_extend100/seed2026/relation_D/validation_epoch_85.json
best_J,2026,V_select,225,5,97,85,8,8,0.011694276705384254,0.011360932141542435,-0.00033334456384181976,0.012708719819784164,0.013121645897626877,0.0004129260778427124,0.018048636615276337,0.017921755090355873,-0.00012688152492046356,project/results/qgat_extend100/seed2026/gnn/validation_epoch_97.json,project/results/qgat_extend100/seed2026/relation_D/validation_epoch_85.json
best_J,2026,V_select,225,10,97,85,8,8,0.011927857995033264,0.011348644271492958,-0.0005792137235403061,0.014001842588186264,0.012621477246284485,-0.0013803653419017792,0.018928779289126396,0.0176593828946352,-0.0012693963944911957,project/results/qgat_extend100/seed2026/gnn/validation_epoch_97.json,project/results/qgat_extend100/seed2026/relation_D/validation_epoch_85.json
best_J,2026,V_select,225,15,97,85,8,8,0.01155637577176094,0.011148269288241863,-0.0004081064835190773,0.012546832673251629,0.012552767060697079,5.934387445449829e-06,0.017829792108386755,0.017424652818590403,-0.0004051392897963524,project/results/qgat_extend100/seed2026/gnn/validation_epoch_97.json,project/results/qgat_extend100/seed2026/relation_D/validation_epoch_85.json
best_J,2026,V_select,225,20,97,85,8,8,0.011555984616279602,0.011148333549499512,-0.00040765106678009033,0.012546190991997719,0.012552903965115547,6.712973117828369e-06,0.01782908011227846,0.017424785532057285,-0.00040429458022117615,project/results/qgat_extend100/seed2026/gnn/validation_epoch_97.json,project/results/qgat_extend100/seed2026/relation_D/validation_epoch_85.json
best_J,2026,V_select,226,5,97,85,8,8,0.012200888246297836,0.012257818132638931,5.692988634109497e-05,0.013248773291707039,0.014804119244217873,0.0015553459525108337,0.018825274892151356,0.019659877754747868,0.0008346028625965118,project/results/qgat_extend100/seed2026/gnn/validation_epoch_97.json,project/results/qgat_extend100/seed2026/relation_D/validation_epoch_85.json
best_J,2026,V_select,226,10,97,85,8,8,0.012434912845492363,0.01224522478878498,-0.0001896880567073822,0.014540678821504116,0.01430547796189785,-0.00023520085960626602,0.01970525225624442,0.019397963769733906,-0.0003072884865105152,project/results/qgat_extend100/seed2026/gnn/validation_epoch_97.json,project/results/qgat_extend100/seed2026/relation_D/validation_epoch_85.json
best_J,2026,V_select,226,15,97,85,8,8,0.01243387721478939,0.012246128171682358,-0.00018774904310703278,0.014538563787937164,0.01430618017911911,-0.0002323836088180542,0.019703159108757973,0.019399218261241913,-0.0003039408475160599,project/results/qgat_extend100/seed2026/gnn/validation_epoch_97.json,project/results/qgat_extend100/seed2026/relation_D/validation_epoch_85.json
best_J,2026,V_select,226,20,97,85,8,8,0.012434367090463638,0.012246126309037209,-0.00018824078142642975,0.014539502561092377,0.014305828139185905,-0.00023367442190647125,0.019704118371009827,0.01939904037863016,-0.0003050779923796654,project/results/qgat_extend100/seed2026/gnn/validation_epoch_97.json,project/results/qgat_extend100/seed2026/relation_D/validation_epoch_85.json
best_J,2026,V_select,227,5,97,85,8,8,0.014565481804311275,0.014382870867848396,-0.00018261093646287918,0.017606761306524277,0.01634925790131092,-0.001257503405213356,0.023368862457573414,0.022557499818503857,-0.0008113626390695572,project/results/qgat_extend100/seed2026/gnn/validation_epoch_97.json,project/results/qgat_extend100/seed2026/relation_D/validation_epoch_85.json
best_J,2026,V_select,227,10,97,85,8,8,0.014512630179524422,0.014612211845815182,9.958166629076004e-05,0.017087014392018318,0.01705271005630493,-3.4304335713386536e-05,0.02305613737553358,0.023138566873967648,8.242949843406677e-05,project/results/qgat_extend100/seed2026/gnn/validation_epoch_97.json,project/results/qgat_extend100/seed2026/relation_D/validation_epoch_85.json
best_J,2026,V_select,227,15,97,85,8,8,0.01451309584081173,0.014612067490816116,9.89716500043869e-05,0.01708618924021721,0.017052575945854187,-3.361329436302185e-05,0.023056190460920334,0.02313835546374321,8.216500282287598e-05,project/results/qgat_extend100/seed2026/gnn/validation_epoch_97.json,project/results/qgat_extend100/seed2026/relation_D/validation_epoch_85.json
best_J,2026,V_select,227,20,97,85,8,8,0.01380196027457714,0.01400771550834179,0.00020575523376464844,0.015301141887903214,0.0166491512209177,0.0013480093330144882,0.021452531218528748,0.02233229111880064,0.0008797599002718925,project/results/qgat_extend100/seed2026/gnn/validation_epoch_97.json,project/results/qgat_extend100/seed2026/relation_D/validation_epoch_85.json
best_J,2026,V_select,228,5,97,85,8,8,0.010527968406677246,0.010828642174601555,0.0003006737679243088,0.012269018217921257,0.012544223107397556,0.0002752048894762993,0.016662477515637875,0.017100753728300333,0.0004382762126624584,project/results/qgat_extend100/seed2026/gnn/validation_epoch_97.json,project/results/qgat_extend100/seed2026/relation_D/validation_epoch_85.json
best_J,2026,V_select,228,10,97,85,8,8,0.010528046637773514,0.010829145088791847,0.00030109845101833344,0.012271113693714142,0.012546342797577381,0.0002752291038632393,0.016663603484630585,0.017102316487580538,0.0004387130029499531,project/results/qgat_extend100/seed2026/gnn/validation_epoch_97.json,project/results/qgat_extend100/seed2026/relation_D/validation_epoch_85.json
best_J,2026,V_select,228,15,97,85,8,8,0.010526355355978012,0.010830286890268326,0.0003039315342903137,0.012264139018952847,0.012549861334264278,0.0002857223153114319,0.016658424865454435,0.017105217557400465,0.00044679269194602966,project/results/qgat_extend100/seed2026/gnn/validation_epoch_97.json,project/results/qgat_extend100/seed2026/relation_D/validation_epoch_85.json
best_J,2026,V_select,228,20,97,85,8,8,0.010762848891317844,0.010817254893481731,5.4406002163887024e-05,0.013557499274611473,0.012047259137034416,-0.0015102401375770569,0.01754159852862358,0.01684088446199894,-0.0007007140666246414,project/results/qgat_extend100/seed2026/gnn/validation_epoch_97.json,project/results/qgat_extend100/seed2026/relation_D/validation_epoch_85.json
best_J,2026,V_select,229,5,97,85,8,8,0.012774424627423286,0.012812224216759205,3.7799589335918427e-05,0.015731655061244965,0.01491809356957674,-0.0008135614916682243,0.02064025215804577,0.020271271001547575,-0.00036898115649819374,project/results/qgat_extend100/seed2026/gnn/validation_epoch_97.json,project/results/qgat_extend100/seed2026/relation_D/validation_epoch_85.json
best_J,2026,V_select,229,10,97,85,8,8,0.012773707509040833,0.012811381369829178,3.767386078834534e-05,0.015730779618024826,0.014917107298970222,-0.0008136723190546036,0.020639097318053246,0.02026993501931429,-0.00036916229873895645,project/results/qgat_extend100/seed2026/gnn/validation_epoch_97.json,project/results/qgat_extend100/seed2026/relation_D/validation_epoch_85.json
best_J,2026,V_select,229,15,97,85,8,8,0.012773995287716389,0.01281094178557396,3.694649785757065e-05,0.01573042944073677,0.014915320090949535,-0.0008151093497872353,0.020639210008084774,0.020268601831048727,-0.000370608177036047,project/results/qgat_extend100/seed2026/gnn/validation_epoch_97.json,project/results/qgat_extend100/seed2026/relation_D/validation_epoch_85.json
best_J,2026,V_select,229,20,97,85,8,8,0.012773626483976841,0.012811556458473206,3.7929974496364594e-05,0.015727516263723373,0.014916639775037766,-0.0008108764886856079,0.020637384615838528,0.02026987634599209,-0.00036750826984643936,project/results/qgat_extend100/seed2026/gnn/validation_epoch_97.json,project/results/qgat_extend100/seed2026/relation_D/validation_epoch_85.json
best_J,2026,V_select,230,5,97,85,8,8,0.013026687316596508,0.012329397723078728,-0.0006972895935177803,0.016085484996438026,0.013212325051426888,-0.002873159945011139,0.02106942981481552,0.01893556024879217,-0.0021338695660233498,project/results/qgat_extend100/seed2026/gnn/validation_epoch_97.json,project/results/qgat_extend100/seed2026/relation_D/validation_epoch_85.json
best_J,2026,V_select,230,10,97,85,8,8,0.01403452455997467,0.01384588424116373,-0.0001886403188109398,0.016972068697214127,0.015099636279046535,-0.001872432418167591,0.022520558908581734,0.021395702380687,-0.0011248565278947353,project/results/qgat_extend100/seed2026/gnn/validation_epoch_97.json,project/results/qgat_extend100/seed2026/relation_D/validation_epoch_85.json
best_J,2026,V_select,230,15,97,85,8,8,0.014033762738108635,0.013845653273165226,-0.00018810946494340897,0.01697227917611599,0.015100150369107723,-0.0018721288070082664,0.02251990232616663,0.021395728457719088,-0.0011241738684475422,project/results/qgat_extend100/seed2026/gnn/validation_epoch_97.json,project/results/qgat_extend100/seed2026/relation_D/validation_epoch_85.json
best_J,2026,V_select,230,20,97,85,8,8,0.014033918268978596,0.013845471665263176,-0.00018844660371541977,0.016972189769148827,0.015100543387234211,-0.0018716463819146156,0.02252001315355301,0.02139574335888028,-0.0011242697946727276,project/results/qgat_extend100/seed2026/gnn/validation_epoch_97.json,project/results/qgat_extend100/seed2026/relation_D/validation_epoch_85.json
best_J,2026,V_select,231,5,97,85,8,8,0.012863845564424992,0.013113858178257942,0.0002500126138329506,0.017629627138376236,0.015102588571608067,-0.0025270385667681694,0.02167865913361311,0.020665152464061975,-0.0010135066695511341,project/results/qgat_extend100/seed2026/gnn/validation_epoch_97.json,project/results/qgat_extend100/seed2026/relation_D/validation_epoch_85.json
best_J,2026,V_select,231,10,97,85,8,8,0.01286599412560463,0.013113472610712051,0.0002474784851074219,0.01763426512479782,0.015102291479706764,-0.002531973645091057,0.02168312668800354,0.020664618350565434,-0.0010185083374381065,project/results/qgat_extend100/seed2026/gnn/validation_epoch_97.json,project/results/qgat_extend100/seed2026/relation_D/validation_epoch_85.json
best_J,2026,V_select,231,15,97,85,8,8,0.012864612974226475,0.013112913817167282,0.00024830084294080734,0.017633896321058273,0.015102813020348549,-0.0025310833007097244,0.02168156113475561,0.020664320327341557,-0.0010172408074140549,project/results/qgat_extend100/seed2026/gnn/validation_epoch_97.json,project/results/qgat_extend100/seed2026/relation_D/validation_epoch_85.json
best_J,2026,V_select,231,20,97,85,8,8,0.01215364784002304,0.012507935985922813,0.00035428814589977264,0.015849154442548752,0.014698442071676254,-0.0011507123708724976,0.020078225061297417,0.01985715702176094,-0.00022106803953647614,project/results/qgat_extend100/seed2026/gnn/validation_epoch_97.json,project/results/qgat_extend100/seed2026/relation_D/validation_epoch_85.json
best_J,2026,V_select,232,5,97,85,8,8,0.022032681852579117,0.021653834730386734,-0.0003788471221923828,0.033685699105262756,0.030557405203580856,-0.0031282939016819,0.038875531405210495,0.03693253733217716,-0.0019429940730333328,project/results/qgat_extend100/seed2026/gnn/validation_epoch_97.json,project/results/qgat_extend100/seed2026/relation_D/validation_epoch_85.json
best_J,2026,V_select,232,10,97,85,8,8,0.022033371031284332,0.021654030308127403,-0.000379340723156929,0.033686138689517975,0.030557341873645782,-0.0031287968158721924,0.03887644037604332,0.036932701244950294,-0.0019437391310930252,project/results/qgat_extend100/seed2026/gnn/validation_epoch_97.json,project/results/qgat_extend100/seed2026/relation_D/validation_epoch_85.json
best_J,2026,V_select,232,15,97,85,8,8,0.022032039240002632,0.021653426811099052,-0.0003786124289035797,0.03368273377418518,0.030557315796613693,-0.0031254179775714874,0.03887340612709522,0.0369320847094059,-0.0019413214176893234,project/results/qgat_extend100/seed2026/gnn/validation_epoch_97.json,project/results/qgat_extend100/seed2026/relation_D/validation_epoch_85.json
best_J,2026,V_select,232,20,97,85,8,8,0.022031016647815704,0.02165401726961136,-0.0003769993782043457,0.033677149564027786,0.030557021498680115,-0.0031201280653476715,0.0388695914298296,0.036932528018951416,-0.0019370634108781815,project/results/qgat_extend100/seed2026/gnn/validation_epoch_97.json,project/results/qgat_extend100/seed2026/relation_D/validation_epoch_85.json
best_J,2026,V_select,233,5,97,85,8,8,0.027136096730828285,0.02704281359910965,-9.328313171863556e-05,0.02017577737569809,0.01824890822172165,-0.0019268691539764404,0.03722398541867733,0.036167267709970474,-0.0010567177087068558,project/results/qgat_extend100/seed2026/gnn/validation_epoch_97.json,project/results/qgat_extend100/seed2026/relation_D/validation_epoch_85.json
best_J,2026,V_select,233,10,97,85,8,8,0.02713744342327118,0.027043446898460388,-9.399652481079102e-05,0.020179443061351776,0.01825142651796341,-0.0019280165433883667,0.03722716495394707,0.03616916015744209,-0.0010580047965049744,project/results/qgat_extend100/seed2026/gnn/validation_epoch_97.json,project/results/qgat_extend100/seed2026/relation_D/validation_epoch_85.json
best_J,2026,V_select,233,15,97,85,8,8,0.027136102318763733,0.027043551206588745,-9.255111217498779e-05,0.02017679065465927,0.01825168915092945,-0.0019251015037298203,0.03722449764609337,0.03616939578205347,-0.001055101864039898,project/results/qgat_extend100/seed2026/gnn/validation_epoch_97.json,project/results/qgat_extend100/seed2026/relation_D/validation_epoch_85.json
best_J,2026,V_select,233,20,97,85,8,8,0.02713487669825554,0.027043547481298447,-9.132921695709229e-05,0.020172763615846634,0.018251845613121986,-0.0019209180027246475,0.037221258506178856,0.03616947028785944,-0.001051788218319416,project/results/qgat_extend100/seed2026/gnn/validation_epoch_97.json,project/results/qgat_extend100/seed2026/relation_D/validation_epoch_85.json
best_J,2026,V_select,234,5,97,85,8,8,0.03212832286953926,0.031184060499072075,-0.000944262370467186,0.07404149323701859,0.06936489045619965,-0.004676602780818939,0.06914906948804855,0.0658665057271719,-0.0032825637608766556,project/results/qgat_extend100/seed2026/gnn/validation_epoch_97.json,project/results/qgat_extend100/seed2026/relation_D/validation_epoch_85.json
best_J,2026,V_select,234,10,97,85,8,8,0.03212960436940193,0.03118361160159111,-0.0009459927678108215,0.07404448837041855,0.06936472654342651,-0.004679761826992035,0.0691518485546112,0.06586597487330437,-0.003285873681306839,project/results/qgat_extend100/seed2026/gnn/validation_epoch_97.json,project/results/qgat_extend100/seed2026/relation_D/validation_epoch_85.json
best_J,2026,V_select,234,15,97,85,8,8,0.031375668942928314,0.030551668256521225,-0.0008240006864070892,0.07222505658864975,0.06894086301326752,-0.0032841935753822327,0.06748819723725319,0.06502209976315498,-0.0024660974740982056,project/results/qgat_extend100/seed2026/gnn/validation_epoch_97.json,project/results/qgat_extend100/seed2026/relation_D/validation_epoch_85.json
best_J,2026,V_select,234,20,97,85,8,8,0.03137163072824478,0.03055199608206749,-0.0008196346461772919,0.07221342623233795,0.06894119083881378,-0.00327223539352417,0.06747834384441376,0.06502259150147438,-0.002455752342939377,project/results/qgat_extend100/seed2026/gnn/validation_epoch_97.json,project/results/qgat_extend100/seed2026/relation_D/validation_epoch_85.json
best_J,2026,V_select,235,5,97,85,8,8,0.06162487342953682,0.06136162579059601,-0.00026324763894081116,0.0945519432425499,0.09121589362621307,-0.0033360496163368225,0.10890084505081177,0.10696957260370255,-0.0019312724471092224,project/results/qgat_extend100/seed2026/gnn/validation_epoch_97.json,project/results/qgat_extend100/seed2026/relation_D/validation_epoch_85.json
best_J,2026,V_select,235,10,97,85,8,8,0.061626262962818146,0.061361219733953476,-0.0002650432288646698,0.09455852210521698,0.09121447056531906,-0.0033440515398979187,0.10890552401542664,0.106968455016613,-0.0019370689988136292,project/results/qgat_extend100/seed2026/gnn/validation_epoch_97.json,project/results/qgat_extend100/seed2026/relation_D/validation_epoch_85.json
best_J,2026,V_select,235,15,97,85,8,8,0.06162187084555626,0.06136072799563408,-0.0002611428499221802,0.09454718977212906,0.09121549874544144,-0.003331691026687622,0.10889546573162079,0.1069684773683548,-0.0019269883632659912,project/results/qgat_extend100/seed2026/gnn/validation_epoch_97.json,project/results/qgat_extend100/seed2026/relation_D/validation_epoch_85.json
best_J,2026,V_select,235,20,97,85,8,8,0.06161665543913841,0.06135588139295578,-0.00026077404618263245,0.09453513473272324,0.09120672941207886,-0.0033284053206443787,0.10888422280550003,0.10695924609899521,-0.0019249767065048218,project/results/qgat_extend100/seed2026/gnn/validation_epoch_97.json,project/results/qgat_extend100/seed2026/relation_D/validation_epoch_85.json
best_J,2026,V_select,236,5,97,85,8,8,0.013675540685653687,0.012803375720977783,-0.0008721649646759033,0.018365036696195602,0.015142085961997509,-0.0032229507341980934,0.022858059033751488,0.020374418701976538,-0.00248364033177495,project/results/qgat_extend100/seed2026/gnn/validation_epoch_97.json,project/results/qgat_extend100/seed2026/relation_D/validation_epoch_85.json
best_J,2026,V_select,236,10,97,85,8,8,0.013676450587809086,0.012803452089428902,-0.0008729984983801842,0.018366429954767227,0.01514461450278759,-0.003221815451979637,0.0228596655651927,0.020375759340822697,-0.0024839062243700027,project/results/qgat_extend100/seed2026/gnn/validation_epoch_97.json,project/results/qgat_extend100/seed2026/relation_D/validation_epoch_85.json
best_J,2026,V_select,236,15,97,85,8,8,0.013675190508365631,0.012803537771105766,-0.0008716527372598648,0.0183600801974535,0.01514383964240551,-0.003216240555047989,0.02285523060709238,0.02037545759230852,-0.0024797730147838593,project/results/qgat_extend100/seed2026/gnn/validation_epoch_97.json,project/results/qgat_extend100/seed2026/relation_D/validation_epoch_85.json
best_J,2026,V_select,236,20,97,85,8,8,0.013673292472958565,0.012803690508008003,-0.0008696019649505615,0.018354229629039764,0.015144324861466885,-0.00320990476757288,0.022850407287478447,0.020375852938741446,-0.0024745543487370014,project/results/qgat_extend100/seed2026/gnn/validation_epoch_97.json,project/results/qgat_extend100/seed2026/relation_D/validation_epoch_85.json
best_J,2026,V_select,237,5,97,85,8,8,0.013550957664847374,0.013255340978503227,-0.00029561668634414673,0.015654152259230614,0.013329368084669113,-0.0023247841745615005,0.02137803379446268,0.019920025020837784,-0.001458008773624897,project/results/qgat_extend100/seed2026/gnn/validation_epoch_97.json,project/results/qgat_extend100/seed2026/relation_D/validation_epoch_85.json
best_J,2026,V_select,237,10,97,85,8,8,0.013323208317160606,0.01305360533297062,-0.0002696029841899872,0.015682950615882874,0.014676427468657494,-0.00100652314722538,0.021164683625102043,0.020391819067299366,-0.0007728645578026772,project/results/qgat_extend100/seed2026/gnn/validation_epoch_97.json,project/results/qgat_extend100/seed2026/relation_D/validation_epoch_85.json
best_J,2026,V_select,237,15,97,85,8,8,0.01359169278293848,0.013030091300606728,-0.0005616014823317528,0.017019888386130333,0.014195241034030914,-0.0028246473520994186,0.022101636976003647,0.020127711817622185,-0.001973925158381462,project/results/qgat_extend100/seed2026/gnn/validation_epoch_97.json,project/results/qgat_extend100/seed2026/relation_D/validation_epoch_85.json
best_J,2026,V_select,237,20,97,85,8,8,0.012872977182269096,0.012417327612638474,-0.00045564956963062286,0.015234424732625484,0.01374584436416626,-0.0014885803684592247,0.02049018954858184,0.019290249794721603,-0.0011999397538602352,project/results/qgat_extend100/seed2026/gnn/validation_epoch_97.json,project/results/qgat_extend100/seed2026/relation_D/validation_epoch_85.json
best_J,2026,V_select,238,5,97,85,8,8,0.012714263051748276,0.012314647436141968,-0.000399615615606308,0.014165290631353855,0.014060956425964832,-0.00010433420538902283,0.019796908367425203,0.019345125649124384,-0.0004517827183008194,project/results/qgat_extend100/seed2026/gnn/validation_epoch_97.json,project/results/qgat_extend100/seed2026/relation_D/validation_epoch_85.json
best_J,2026,V_select,238,10,97,85,8,8,0.012959126383066177,0.012298746965825558,-0.0006603794172406197,0.01548212394118309,0.01356109231710434,-0.0019210316240787506,0.020700188353657722,0.019079293124377728,-0.001620895229279995,project/results/qgat_extend100/seed2026/gnn/validation_epoch_97.json,project/results/qgat_extend100/seed2026/relation_D/validation_epoch_85.json
best_J,2026,V_select,238,15,97,85,8,8,0.012958373874425888,0.012298701331019402,-0.0006596725434064865,0.0154788289219141,0.013559414073824883,-0.0019194148480892181,0.02069778833538294,0.019078408367931843,-0.0016193799674510956,project/results/qgat_extend100/seed2026/gnn/validation_epoch_97.json,project/results/qgat_extend100/seed2026/relation_D/validation_epoch_85.json
best_J,2026,V_select,238,20,97,85,8,8,0.012956712394952774,0.01229875162243843,-0.0006579607725143433,0.015474389307200909,0.013559563085436821,-0.0019148262217640877,0.02069390704855323,0.01907853316515684,-0.001615373883396387,project/results/qgat_extend100/seed2026/gnn/validation_epoch_97.json,project/results/qgat_extend100/seed2026/relation_D/validation_epoch_85.json
best_J,2026,V_select,239,5,97,85,8,8,0.013716641813516617,0.013683831319212914,-3.281049430370331e-05,0.015963351354002953,0.015600621700286865,-0.00036272965371608734,0.021698317490518093,0.021484142169356346,-0.00021417532116174698,project/results/qgat_extend100/seed2026/gnn/validation_epoch_97.json,project/results/qgat_extend100/seed2026/relation_D/validation_epoch_85.json
best_J,2026,V_select,239,10,97,85,8,8,0.013714948669075966,0.013683751225471497,-3.11974436044693e-05,0.015962257981300354,0.015600491315126419,-0.00036176666617393494,0.021696077659726143,0.021483996883034706,-0.00021208077669143677,project/results/qgat_extend100/seed2026/gnn/validation_epoch_97.json,project/results/qgat_extend100/seed2026/relation_D/validation_epoch_85.json
best_J,2026,V_select,239,15,97,85,8,8,0.013715292327105999,0.013683775439858437,-3.151688724756241e-05,0.015959667041897774,0.015600653365254402,-0.0003590136766433716,0.021695125848054886,0.021484102122485638,-0.0002110237255692482,project/results/qgat_extend100/seed2026/gnn/validation_epoch_97.json,project/results/qgat_extend100/seed2026/relation_D/validation_epoch_85.json
best_J,2026,V_select,239,20,97,85,8,8,0.01371470745652914,0.01368401013314724,-3.069732338190079e-05,0.015957556664943695,0.015600721351802349,-0.000356835313141346,0.021693485789000988,0.021484370809048414,-0.00020911497995257378,project/results/qgat_extend100/seed2026/gnn/validation_epoch_97.json,project/results/qgat_extend100/seed2026/relation_D/validation_epoch_85.json
best_J,2026,V_select,240,5,97,85,8,8,0.27601534128189087,0.26872518658638,-0.007290154695510864,1.1614083051681519,1.1457438468933105,-0.01566445827484131,0.8567194938659668,0.8415971100330353,-0.015122383832931519,project/results/qgat_extend100/seed2026/gnn/validation_epoch_97.json,project/results/qgat_extend100/seed2026/relation_D/validation_epoch_85.json
best_J,2026,V_select,240,10,97,85,8,8,0.2746647596359253,0.26850205659866333,-0.006162703037261963,1.159467101097107,1.1460771560668945,-0.013389945030212402,0.8543983101844788,0.8415406346321106,-0.012857675552368164,project/results/qgat_extend100/seed2026/gnn/validation_epoch_97.json,project/results/qgat_extend100/seed2026/relation_D/validation_epoch_85.json
best_J,2026,V_select,240,15,97,85,8,8,0.2747921347618103,0.2678534984588623,-0.006938636302947998,1.1574352979660034,1.144109845161438,-0.01332545280456543,0.853509783744812,0.8399084210395813,-0.013601362705230713,project/results/qgat_extend100/seed2026/gnn/validation_epoch_97.json,project/results/qgat_extend100/seed2026/relation_D/validation_epoch_85.json
best_J,2026,V_select,240,20,97,85,8,8,0.2747925817966461,0.26785337924957275,-0.006939202547073364,1.1574369668960571,1.144109845161438,-0.01332712173461914,0.8535110652446747,0.8399083018302917,-0.013602763414382935,project/results/qgat_extend100/seed2026/gnn/validation_epoch_97.json,project/results/qgat_extend100/seed2026/relation_D/validation_epoch_85.json
best_J,2026,V_select,241,5,97,85,8,8,1.4096676111221313,1.4208475351333618,0.011179924011230469,3.5679845809936523,3.5980758666992188,0.030091285705566406,3.1936599016189575,3.219885468482971,0.026225566864013672,project/results/qgat_extend100/seed2026/gnn/validation_epoch_97.json,project/results/qgat_extend100/seed2026/relation_D/validation_epoch_85.json
best_J,2026,V_select,241,10,97,85,8,8,1.4086887836456299,1.419681191444397,0.01099240779876709,3.566683292388916,3.5960867404937744,0.0294034481048584,3.192030429840088,3.217724561691284,0.02569413185119629,project/results/qgat_extend100/seed2026/gnn/validation_epoch_97.json,project/results/qgat_extend100/seed2026/relation_D/validation_epoch_85.json
best_J,2026,V_select,241,15,97,85,8,8,1.4077928066253662,1.4193320274353027,0.011539220809936523,3.566025733947754,3.5955798625946045,0.029554128646850586,3.190805673599243,3.217121958732605,0.026316285133361816,project/results/qgat_extend100/seed2026/gnn/validation_epoch_97.json,project/results/qgat_extend100/seed2026/relation_D/validation_epoch_85.json
best_J,2026,V_select,241,20,97,85,8,8,1.407555341720581,1.4190279245376587,0.011472582817077637,3.566157341003418,3.5956642627716064,0.029506921768188477,3.19063401222229,3.216860055923462,0.026226043701171875,project/results/qgat_extend100/seed2026/gnn/validation_epoch_97.json,project/results/qgat_extend100/seed2026/relation_D/validation_epoch_85.json
best_J,2026,V_select,242,5,97,85,8,8,0.8975656032562256,1.4156577587127686,0.518092155456543,1.955308437347412,3.2018089294433594,1.2465004920959473,1.8752198219299316,3.0165622234344482,1.1413424015045166,project/results/qgat_extend100/seed2026/gnn/validation_epoch_97.json,project/results/qgat_extend100/seed2026/relation_D/validation_epoch_85.json
best_J,2026,V_select,242,10,97,85,8,8,0.8984209299087524,1.4155999422073364,0.517179012298584,1.957825779914856,3.2017064094543457,1.2438806295394897,1.8773338198661804,3.0164531469345093,1.1391193270683289,project/results/qgat_extend100/seed2026/gnn/validation_epoch_97.json,project/results/qgat_extend100/seed2026/relation_D/validation_epoch_85.json
best_J,2026,V_select,242,15,97,85,8,8,0.9031026363372803,1.4079546928405762,0.5048520565032959,1.9691561460494995,3.1824846267700195,1.21332848072052,1.88768070936203,2.999197006225586,1.111516296863556,project/results/qgat_extend100/seed2026/gnn/validation_epoch_97.json,project/results/qgat_extend100/seed2026/relation_D/validation_epoch_85.json
best_J,2026,V_select,242,20,97,85,8,8,0.9027808904647827,1.4080015420913696,0.5052206516265869,1.9684340953826904,3.182619094848633,1.2141849994659424,1.886997938156128,2.999311089515686,1.112313151359558,project/results/qgat_extend100/seed2026/gnn/validation_epoch_97.json,project/results/qgat_extend100/seed2026/relation_D/validation_epoch_85.json
best_J,2026,V_select,243,5,97,85,8,8,0.8560474514961243,0.656465470790863,-0.19958198070526123,1.7827088832855225,1.30182945728302,-0.48087942600250244,1.7474018931388855,1.307380199432373,-0.44002169370651245,project/results/qgat_extend100/seed2026/gnn/validation_epoch_97.json,project/results/qgat_extend100/seed2026/relation_D/validation_epoch_85.json
best_J,2026,V_select,243,10,97,85,8,8,0.8509997129440308,0.6517131328582764,-0.1992865800857544,1.773639440536499,1.296917200088501,-0.47672224044799805,1.7378194332122803,1.3001717329025269,-0.4376477003097534,project/results/qgat_extend100/seed2026/gnn/validation_epoch_97.json,project/results/qgat_extend100/seed2026/relation_D/validation_epoch_85.json
best_J,2026,V_select,243,15,97,85,8,8,0.8504092693328857,0.6502188444137573,-0.20019042491912842,1.7729026079177856,1.2939212322235107,-0.4789813756942749,1.7368605732917786,1.2971794605255127,-0.43968111276626587,project/results/qgat_extend100/seed2026/gnn/validation_epoch_97.json,project/results/qgat_extend100/seed2026/relation_D/validation_epoch_85.json
best_J,2026,V_select,243,20,97,85,8,8,0.8504647016525269,0.6504567265510559,-0.20000797510147095,1.773439645767212,1.2944755554199219,-0.47896409034729004,1.7371845245361328,1.2976945042610168,-0.43949002027511597,project/results/qgat_extend100/seed2026/gnn/validation_epoch_97.json,project/results/qgat_extend100/seed2026/relation_D/validation_epoch_85.json
best_J,2026,V_select,244,5,97,85,8,8,0.8855570554733276,0.6878707408905029,-0.1976863145828247,1.7793936729431152,1.3131945133209229,-0.4661991596221924,1.7752538919448853,1.3444679975509644,-0.4307858943939209,project/results/qgat_extend100/seed2026/gnn/validation_epoch_97.json,project/results/qgat_extend100/seed2026/relation_D/validation_epoch_85.json
best_J,2026,V_select,244,10,97,85,8,8,0.884445309638977,0.6870716214179993,-0.19737368822097778,1.7787328958511353,1.3094617128372192,-0.469271183013916,1.7738117575645447,1.3418024778366089,-0.4320092797279358,project/results/qgat_extend100/seed2026/gnn/validation_epoch_97.json,project/results/qgat_extend100/seed2026/relation_D/validation_epoch_85.json
best_J,2026,V_select,244,15,97,85,8,8,0.8816660642623901,0.6868822574615479,-0.19478380680084229,1.7731198072433472,1.3110896348953247,-0.46203017234802246,1.7682259678840637,1.3424270749092102,-0.4257988929748535,project/results/qgat_extend100/seed2026/gnn/validation_epoch_97.json,project/results/qgat_extend100/seed2026/relation_D/validation_epoch_85.json
best_J,2026,V_select,244,20,97,85,8,8,0.881780743598938,0.6868711709976196,-0.19490957260131836,1.7733831405639648,1.3110332489013672,-0.46234989166259766,1.7684723138809204,1.3423877954483032,-0.4260845184326172,project/results/qgat_extend100/seed2026/gnn/validation_epoch_97.json,project/results/qgat_extend100/seed2026/relation_D/validation_epoch_85.json
best_J,2026,V_select,245,5,97,85,8,8,0.861124575138092,0.852034330368042,-0.009090244770050049,1.3155736923217773,1.577361822128296,0.26178812980651855,1.5189114212989807,1.64071524143219,0.12180382013320923,project/results/qgat_extend100/seed2026/gnn/validation_epoch_97.json,project/results/qgat_extend100/seed2026/relation_D/validation_epoch_85.json
best_J,2026,V_select,245,10,97,85,8,8,0.8613676428794861,0.8518850803375244,-0.00948256254196167,1.3126811981201172,1.5786806344985962,0.265999436378479,1.5177082419395447,1.6412253975868225,0.12351715564727783,project/results/qgat_extend100/seed2026/gnn/validation_epoch_97.json,project/results/qgat_extend100/seed2026/relation_D/validation_epoch_85.json
best_J,2026,V_select,245,15,97,85,8,8,0.8610329627990723,0.8522453308105469,-0.00878763198852539,1.3119587898254395,1.5796865224838257,0.26772773265838623,1.517012357711792,1.6420885920524597,0.12507623434066772,project/results/qgat_extend100/seed2026/gnn/validation_epoch_97.json,project/results/qgat_extend100/seed2026/relation_D/validation_epoch_85.json
best_J,2026,V_select,245,20,97,85,8,8,0.8612496852874756,0.852428674697876,-0.00882101058959961,1.3126171827316284,1.5802973508834839,0.26768016815185547,1.5175582766532898,1.642577350139618,0.12501907348632812,project/results/qgat_extend100/seed2026/gnn/validation_epoch_97.json,project/results/qgat_extend100/seed2026/relation_D/validation_epoch_85.json
best_J,2026,V_select,246,5,97,85,8,8,0.7143458127975464,0.9565053582191467,0.24215954542160034,1.1339505910873413,1.301358938217163,0.16740834712982178,1.281321108341217,1.6071848273277283,0.32586371898651123,project/results/qgat_extend100/seed2026/gnn/validation_epoch_97.json,project/results/qgat_extend100/seed2026/relation_D/validation_epoch_85.json
best_J,2026,V_select,246,10,97,85,8,8,0.7150763273239136,0.9564510583877563,0.24137473106384277,1.132846474647522,1.3027865886688232,0.16994011402130127,1.2814995646476746,1.607844352722168,0.3263447880744934,project/results/qgat_extend100/seed2026/gnn/validation_epoch_97.json,project/results/qgat_extend100/seed2026/relation_D/validation_epoch_85.json
best_J,2026,V_select,246,15,97,85,8,8,0.7142726182937622,0.9566694498062134,0.24239683151245117,1.131400227546692,1.3041704893112183,0.17277026176452637,1.2799727320671082,1.6087546944618225,0.32878196239471436,project/results/qgat_extend100/seed2026/gnn/validation_epoch_97.json,project/results/qgat_extend100/seed2026/relation_D/validation_epoch_85.json
best_J,2026,V_select,246,20,97,85,8,8,0.7147935628890991,0.9570701122283936,0.24227654933929443,1.1324920654296875,1.3048127889633179,0.17232072353363037,1.2810395956039429,1.6094765067100525,0.3284369111061096,project/results/qgat_extend100/seed2026/gnn/validation_epoch_97.json,project/results/qgat_extend100/seed2026/relation_D/validation_epoch_85.json
best_J,2026,V_select,247,5,97,85,8,8,0.913357138633728,1.5821025371551514,0.6687453985214233,1.4171305894851685,2.879255533218384,1.4621249437332153,1.6219224333763123,3.0217303037643433,1.399807870388031,project/results/qgat_extend100/seed2026/gnn/validation_epoch_97.json,project/results/qgat_extend100/seed2026/relation_D/validation_epoch_85.json
best_J,2026,V_select,247,10,97,85,8,8,0.9139688014984131,1.582963228225708,0.6689944267272949,1.4180715084075928,2.880251884460449,1.4621803760528564,1.6230045557022095,3.0230891704559326,1.4000846147537231,project/results/qgat_extend100/seed2026/gnn/validation_epoch_97.json,project/results/qgat_extend100/seed2026/relation_D/validation_epoch_85.json
best_J,2026,V_select,247,15,97,85,8,8,0.9116019606590271,1.5812201499938965,0.6696181893348694,1.4151561260223389,2.8775925636291504,1.4624364376068115,1.6191800236701965,3.0200164318084717,1.4008364081382751,project/results/qgat_extend100/seed2026/gnn/validation_epoch_97.json,project/results/qgat_extend100/seed2026/relation_D/validation_epoch_85.json
best_J,2026,V_select,247,20,97,85,8,8,0.9122370481491089,1.5821890830993652,0.6699520349502563,1.4168089628219604,2.8796355724334717,1.4628266096115112,1.6206415295600891,3.022006869316101,1.401365339756012,project/results/qgat_extend100/seed2026/gnn/validation_epoch_97.json,project/results/qgat_extend100/seed2026/relation_D/validation_epoch_85.json
best_J,2026,V_select,248,5,97,85,8,8,0.8952913880348206,1.2022595405578613,0.30696815252304077,1.6579031944274902,2.2591943740844727,0.6012911796569824,1.7242429852485657,2.3318567276000977,0.607613742351532,project/results/qgat_extend100/seed2026/gnn/validation_epoch_97.json,project/results/qgat_extend100/seed2026/relation_D/validation_epoch_85.json
best_J,2026,V_select,248,10,97,85,8,8,0.8958499431610107,1.2029893398284912,0.30713939666748047,1.658686637878418,2.260957956314087,0.602271318435669,1.7251932621002197,2.3334683179855347,0.6082750558853149,project/results/qgat_extend100/seed2026/gnn/validation_epoch_97.json,project/results/qgat_extend100/seed2026/relation_D/validation_epoch_85.json
best_J,2026,V_select,248,15,97,85,8,8,0.896230161190033,1.2031720876693726,0.3069419264793396,1.6595306396484375,2.2610650062561035,0.601534366607666,1.7259954810142517,2.3337045907974243,0.6077091097831726,project/results/qgat_extend100/seed2026/gnn/validation_epoch_97.json,project/results/qgat_extend100/seed2026/relation_D/validation_epoch_85.json
best_J,2026,V_select,248,20,97,85,8,8,0.895653247833252,1.2034538984298706,0.30780065059661865,1.6584656238555908,2.261608839035034,0.6031432151794434,1.7248860597610474,2.3342583179473877,0.6093722581863403,project/results/qgat_extend100/seed2026/gnn/validation_epoch_97.json,project/results/qgat_extend100/seed2026/relation_D/validation_epoch_85.json
best_J,2026,V_select,249,5,97,85,8,8,1.3935946226119995,1.57260000705719,0.17900538444519043,2.436368942260742,2.719669818878174,0.28330087661743164,2.6117790937423706,2.932434916496277,0.32065582275390625,project/results/qgat_extend100/seed2026/gnn/validation_epoch_97.json,project/results/qgat_extend100/seed2026/relation_D/validation_epoch_85.json
best_J,2026,V_select,249,10,97,85,8,8,1.3935742378234863,1.5717051029205322,0.1781308650970459,2.4358339309692383,2.7178597450256348,0.2820258140563965,2.6114912033081055,2.9306349754333496,0.31914377212524414,project/results/qgat_extend100/seed2026/gnn/validation_epoch_97.json,project/results/qgat_extend100/seed2026/relation_D/validation_epoch_85.json
best_J,2026,V_select,249,15,97,85,8,8,1.3924760818481445,1.5724856853485107,0.1800096035003662,2.4352378845214844,2.719923496246338,0.2846856117248535,2.6100950241088867,2.9324474334716797,0.32235240936279297,project/results/qgat_extend100/seed2026/gnn/validation_epoch_97.json,project/results/qgat_extend100/seed2026/relation_D/validation_epoch_85.json
best_J,2026,V_select,249,20,97,85,8,8,1.3923847675323486,1.572554349899292,0.18016958236694336,2.435025930404663,2.7200188636779785,0.28499293327331543,2.60989773273468,2.9325637817382812,0.3226660490036011,project/results/qgat_extend100/seed2026/gnn/validation_epoch_97.json,project/results/qgat_extend100/seed2026/relation_D/validation_epoch_85.json
best_J,2026,V_select,250,5,97,85,8,8,0.7164860963821411,1.1536781787872314,0.43719208240509033,1.2417254447937012,1.941368579864502,0.6996431350708008,1.3373488187789917,2.1243624687194824,0.7870136499404907,project/results/qgat_extend100/seed2026/gnn/validation_epoch_97.json,project/results/qgat_extend100/seed2026/relation_D/validation_epoch_85.json
best_J,2026,V_select,250,10,97,85,8,8,0.7159463167190552,1.153828501701355,0.4378821849822998,1.240890622138977,1.9407217502593994,0.6998311281204224,1.3363916277885437,2.1241893768310547,0.787797749042511,project/results/qgat_extend100/seed2026/gnn/validation_epoch_97.json,project/results/qgat_extend100/seed2026/relation_D/validation_epoch_85.json
best_J,2026,V_select,250,15,97,85,8,8,0.7158373594284058,1.153752326965332,0.43791496753692627,1.2405500411987305,1.9403210878372192,0.6997710466384888,1.336112380027771,2.1239128708839417,0.7878004908561707,project/results/qgat_extend100/seed2026/gnn/validation_epoch_97.json,project/results/qgat_extend100/seed2026/relation_D/validation_epoch_85.json
best_J,2026,V_select,250,20,97,85,8,8,0.7118474245071411,1.150457501411438,0.4386100769042969,1.2355200052261353,1.9373905658721924,0.7018705606460571,1.3296074271202087,2.119152784347534,0.7895453572273254,project/results/qgat_extend100/seed2026/gnn/validation_epoch_97.json,project/results/qgat_extend100/seed2026/relation_D/validation_epoch_85.json
best_J,2026,V_select,251,5,97,85,8,8,1.2282514572143555,1.2153279781341553,-0.012923479080200195,2.168119430541992,2.0204968452453613,-0.14762258529663086,2.3123111724853516,2.225576400756836,-0.08673477172851562,project/results/qgat_extend100/seed2026/gnn/validation_epoch_97.json,project/results/qgat_extend100/seed2026/relation_D/validation_epoch_85.json
best_J,2026,V_select,251,10,97,85,8,8,1.2298598289489746,1.2163519859313965,-0.013507843017578125,2.170466899871826,2.0221469402313232,-0.14831995964050293,2.3150932788848877,2.227425456047058,-0.08766782283782959,project/results/qgat_extend100/seed2026/gnn/validation_epoch_97.json,project/results/qgat_extend100/seed2026/relation_D/validation_epoch_85.json
best_J,2026,V_select,251,15,97,85,8,8,1.2297446727752686,1.2156145572662354,-0.014130115509033203,2.1703062057495117,2.020606517791748,-0.14969968795776367,2.3148977756500244,2.2259178161621094,-0.08897995948791504,project/results/qgat_extend100/seed2026/gnn/validation_epoch_97.json,project/results/qgat_extend100/seed2026/relation_D/validation_epoch_85.json
best_J,2026,V_select,251,20,97,85,8,8,1.2297574281692505,1.2155909538269043,-0.014166474342346191,2.1702523231506348,2.0205183029174805,-0.1497340202331543,2.314883589744568,2.2258501052856445,-0.08903348445892334,project/results/qgat_extend100/seed2026/gnn/validation_epoch_97.json,project/results/qgat_extend100/seed2026/relation_D/validation_epoch_85.json
best_J,2026,V_select,252,5,97,85,8,8,1.2978603839874268,1.1780591011047363,-0.11980128288269043,2.7398250102996826,2.4171295166015625,-0.3226954936981201,2.667772889137268,2.3866238594055176,-0.2811490297317505,project/results/qgat_extend100/seed2026/gnn/validation_epoch_97.json,project/results/qgat_extend100/seed2026/relation_D/validation_epoch_85.json
best_J,2026,V_select,252,10,97,85,8,8,1.297924518585205,1.181126356124878,-0.11679816246032715,2.73840594291687,2.4186062812805176,-0.31979966163635254,2.66712749004364,2.3904294967651367,-0.2766979932785034,project/results/qgat_extend100/seed2026/gnn/validation_epoch_97.json,project/results/qgat_extend100/seed2026/relation_D/validation_epoch_85.json
best_J,2026,V_select,252,15,97,85,8,8,1.2980241775512695,1.1811439990997314,-0.11688017845153809,2.73862361907959,2.418490409851074,-0.3201332092285156,2.6673359870910645,2.3903892040252686,-0.2769467830657959,project/results/qgat_extend100/seed2026/gnn/validation_epoch_97.json,project/results/qgat_extend100/seed2026/relation_D/validation_epoch_85.json
best_J,2026,V_select,252,20,97,85,8,8,1.2982027530670166,1.1810836791992188,-0.11711907386779785,2.738571882247925,2.418588638305664,-0.31998324394226074,2.667488694190979,2.390377998352051,-0.2771106958389282,project/results/qgat_extend100/seed2026/gnn/validation_epoch_97.json,project/results/qgat_extend100/seed2026/relation_D/validation_epoch_85.json
best_J,2026,V_select,253,5,97,85,8,8,0.9613950252532959,1.3296208381652832,0.3682258129119873,1.3177409172058105,2.090249538421631,0.7725086212158203,1.6202654838562012,2.3747456073760986,0.7544801235198975,project/results/qgat_extend100/seed2026/gnn/validation_epoch_97.json,project/results/qgat_extend100/seed2026/relation_D/validation_epoch_85.json
best_J,2026,V_select,253,10,97,85,8,8,0.9640746116638184,1.3321810960769653,0.368106484413147,1.3212218284606934,2.0933303833007812,0.7721085548400879,1.624685525894165,2.378846287727356,0.7541607618331909,project/results/qgat_extend100/seed2026/gnn/validation_epoch_97.json,project/results/qgat_extend100/seed2026/relation_D/validation_epoch_85.json
best_J,2026,V_select,253,15,97,85,8,8,0.962956428527832,1.330464482307434,0.36750805377960205,1.3184549808502197,2.089647054672241,0.7711920738220215,1.622183918952942,2.3752880096435547,0.7531040906906128,project/results/qgat_extend100/seed2026/gnn/validation_epoch_97.json,project/results/qgat_extend100/seed2026/relation_D/validation_epoch_85.json
best_J,2026,V_select,253,20,97,85,8,8,0.9628804922103882,1.3304494619369507,0.3675689697265625,1.3184928894042969,2.0896389484405518,0.7711460590362549,1.6221269369125366,2.3752689361572266,0.7531419992446899,project/results/qgat_extend100/seed2026/gnn/validation_epoch_97.json,project/results/qgat_extend100/seed2026/relation_D/validation_epoch_85.json
best_J,2026,V_select,254,5,97,85,8,8,0.9171072244644165,1.2107250690460205,0.293617844581604,1.4766652584075928,2.178265333175659,0.7016000747680664,1.655439853668213,2.29985773563385,0.6444178819656372,project/results/qgat_extend100/seed2026/gnn/validation_epoch_97.json,project/results/qgat_extend100/seed2026/relation_D/validation_epoch_85.json
best_J,2026,V_select,254,10,97,85,8,8,0.9166037440299988,1.2136809825897217,0.2970772385597229,1.4774198532104492,2.185084342956543,0.7076644897460938,1.6553136706352234,2.306223154067993,0.6509094834327698,project/results/qgat_extend100/seed2026/gnn/validation_epoch_97.json,project/results/qgat_extend100/seed2026/relation_D/validation_epoch_85.json
best_J,2026,V_select,254,15,97,85,8,8,0.9192864894866943,1.2184580564498901,0.2991715669631958,1.4807536602020264,2.193747043609619,0.7129933834075928,1.6596633195877075,2.3153315782546997,0.6556682586669922,project/results/qgat_extend100/seed2026/gnn/validation_epoch_97.json,project/results/qgat_extend100/seed2026/relation_D/validation_epoch_85.json
best_J,2026,V_select,254,20,97,85,8,8,0.9192665219306946,1.2184516191482544,0.2991850972175598,1.4806840419769287,2.193735122680664,0.7130510807037354,1.659608542919159,2.3153191804885864,0.6557106375694275,project/results/qgat_extend100/seed2026/gnn/validation_epoch_97.json,project/results/qgat_extend100/seed2026/relation_D/validation_epoch_85.json
best_J,2026,V_select,255,5,97,85,8,8,0.6606873869895935,1.0436046123504639,0.38291722536087036,1.3939542770385742,2.1314592361450195,0.7375049591064453,1.3576645255088806,2.1093342304229736,0.751669704914093,project/results/qgat_extend100/seed2026/gnn/validation_epoch_97.json,project/results/qgat_extend100/seed2026/relation_D/validation_epoch_85.json
best_J,2026,V_select,255,10,97,85,8,8,0.6603536605834961,1.0439939498901367,0.3836402893066406,1.3934990167617798,2.1318249702453613,0.7383259534835815,1.357103168964386,2.1099064350128174,0.7528032660484314,project/results/qgat_extend100/seed2026/gnn/validation_epoch_97.json,project/results/qgat_extend100/seed2026/relation_D/validation_epoch_85.json
best_J,2026,V_select,255,15,97,85,8,8,0.6598840355873108,1.0435540676116943,0.38367003202438354,1.3925418853759766,2.1314303874969482,0.7388885021209717,1.356154978275299,2.1092692613601685,0.7531142830848694,project/results/qgat_extend100/seed2026/gnn/validation_epoch_97.json,project/results/qgat_extend100/seed2026/relation_D/validation_epoch_85.json
best_J,2026,V_select,255,20,97,85,8,8,0.6591154336929321,1.0430426597595215,0.38392722606658936,1.394247055053711,2.133604049682617,0.7393569946289062,1.3562389612197876,2.10984468460083,0.7536057233810425,project/results/qgat_extend100/seed2026/gnn/validation_epoch_97.json,project/results/qgat_extend100/seed2026/relation_D/validation_epoch_85.json
best_J,2026,V_select,256,5,97,85,8,8,1.5441293716430664,1.7026853561401367,0.1585559844970703,3.3153223991394043,3.657799243927002,0.34247684478759766,3.2017905712127686,3.5315849781036377,0.32979440689086914,project/results/qgat_extend100/seed2026/gnn/validation_epoch_97.json,project/results/qgat_extend100/seed2026/relation_D/validation_epoch_85.json
best_J,2026,V_select,256,10,97,85,8,8,1.5421645641326904,1.701686143875122,0.15952157974243164,3.3124756813049316,3.6556053161621094,0.34312963485717773,3.1984024047851562,3.5294888019561768,0.3310863971710205,project/results/qgat_extend100/seed2026/gnn/validation_epoch_97.json,project/results/qgat_extend100/seed2026/relation_D/validation_epoch_85.json
best_J,2026,V_select,256,15,97,85,8,8,1.541887640953064,1.7019352912902832,0.16004765033721924,3.3117432594299316,3.6559882164001465,0.34424495697021484,3.19775927066803,3.5299293994903564,0.33217012882232666,project/results/qgat_extend100/seed2026/gnn/validation_epoch_97.json,project/results/qgat_extend100/seed2026/relation_D/validation_epoch_85.json
best_J,2026,V_select,256,20,97,85,8,8,1.5420913696289062,1.7021329402923584,0.16004157066345215,3.3119144439697266,3.656189441680908,0.34427499771118164,3.1980485916137695,3.5302276611328125,0.33217906951904297,project/results/qgat_extend100/seed2026/gnn/validation_epoch_97.json,project/results/qgat_extend100/seed2026/relation_D/validation_epoch_85.json
best_J,2026,V_select,257,5,97,85,8,8,0.9621391296386719,1.2333754301071167,0.2712363004684448,1.8395847082138062,2.126920700073242,0.28733599185943604,1.881931483745575,2.296835780143738,0.41490429639816284,project/results/qgat_extend100/seed2026/gnn/validation_epoch_97.json,project/results/qgat_extend100/seed2026/relation_D/validation_epoch_85.json
best_J,2026,V_select,257,10,97,85,8,8,0.9611179828643799,1.2329845428466797,0.2718665599822998,1.8392136096954346,2.1281163692474365,0.28890275955200195,1.8807247877120972,2.297042727470398,0.4163179397583008,project/results/qgat_extend100/seed2026/gnn/validation_epoch_97.json,project/results/qgat_extend100/seed2026/relation_D/validation_epoch_85.json
best_J,2026,V_select,257,15,97,85,8,8,0.961424708366394,1.2328897714614868,0.2714650630950928,1.8382668495178223,2.1225104331970215,0.2842435836791992,1.8805581331253052,2.2941449880599976,0.4135868549346924,project/results/qgat_extend100/seed2026/gnn/validation_epoch_97.json,project/results/qgat_extend100/seed2026/relation_D/validation_epoch_85.json
best_J,2026,V_select,257,20,97,85,8,8,0.9614117741584778,1.2329702377319336,0.2715584635734558,1.8380560874938965,2.1224074363708496,0.2843513488769531,1.880439817905426,2.2941739559173584,0.4137341380119324,project/results/qgat_extend100/seed2026/gnn/validation_epoch_97.json,project/results/qgat_extend100/seed2026/relation_D/validation_epoch_85.json
best_J,2026,V_select,258,5,97,85,8,8,0.6712164282798767,0.6670529842376709,-0.0041634440422058105,1.4385976791381836,1.3009183406829834,-0.1376793384552002,1.3905152678489685,1.3175121545791626,-0.07300311326980591,project/results/qgat_extend100/seed2026/gnn/validation_epoch_97.json,project/results/qgat_extend100/seed2026/relation_D/validation_epoch_85.json
best_J,2026,V_select,258,10,97,85,8,8,0.6706855297088623,0.6676864624023438,-0.0029990673065185547,1.4372695684432983,1.3018665313720703,-0.13540303707122803,1.3893203139305115,1.318619728088379,-0.07070058584213257,project/results/qgat_extend100/seed2026/gnn/validation_epoch_97.json,project/results/qgat_extend100/seed2026/relation_D/validation_epoch_85.json
best_J,2026,V_select,258,15,97,85,8,8,0.6702959537506104,0.6651301383972168,-0.005165815353393555,1.4418728351593018,1.3002959489822388,-0.141576886177063,1.3912323713302612,1.3152781128883362,-0.07595425844192505,project/results/qgat_extend100/seed2026/gnn/validation_epoch_97.json,project/results/qgat_extend100/seed2026/relation_D/validation_epoch_85.json
best_J,2026,V_select,258,20,97,85,8,8,0.670316219329834,0.6651389598846436,-0.00517725944519043,1.4418597221374512,1.3003973960876465,-0.1414623260498047,1.3912460803985596,1.3153376579284668,-0.07590842247009277,project/results/qgat_extend100/seed2026/gnn/validation_epoch_97.json,project/results/qgat_extend100/seed2026/relation_D/validation_epoch_85.json
best_J,2026,V_select,259,5,97,85,8,8,1.6121976375579834,1.587918996810913,-0.024278640747070312,3.0158958435058594,3.3818416595458984,0.36594581604003906,3.120145559310913,3.2788398265838623,0.15869426727294922,project/results/qgat_extend100/seed2026/gnn/validation_epoch_97.json,project/results/qgat_extend100/seed2026/relation_D/validation_epoch_85.json
best_J,2026,V_select,259,10,97,85,8,8,1.611418604850769,1.581688404083252,-0.02973020076751709,3.0135269165039062,3.3683128356933594,0.3547859191894531,3.118182063102722,3.2658448219299316,0.14766275882720947,project/results/qgat_extend100/seed2026/gnn/validation_epoch_97.json,project/results/qgat_extend100/seed2026/relation_D/validation_epoch_85.json
best_J,2026,V_select,259,15,97,85,8,8,1.6119710206985474,1.5817551612854004,-0.030215859413146973,3.0149290561676025,3.3684730529785156,0.3535439968109131,3.1194355487823486,3.265991687774658,0.14655613899230957,project/results/qgat_extend100/seed2026/gnn/validation_epoch_97.json,project/results/qgat_extend100/seed2026/relation_D/validation_epoch_85.json
best_J,2026,V_select,259,20,97,85,8,8,1.6124542951583862,1.5816515684127808,-0.03080272674560547,3.0156679153442383,3.3683276176452637,0.3526597023010254,3.1202882528305054,3.2658153772354126,0.14552712440490723,project/results/qgat_extend100/seed2026/gnn/validation_epoch_97.json,project/results/qgat_extend100/seed2026/relation_D/validation_epoch_85.json
best_J,2026,V_select,260,5,97,85,8,8,1.0964915752410889,1.6605429649353027,0.5640513896942139,2.2187037467956543,3.5109410285949707,1.2922372817993164,2.205843448638916,3.416013479232788,1.210170030593872,project/results/qgat_extend100/seed2026/gnn/validation_epoch_97.json,project/results/qgat_extend100/seed2026/relation_D/validation_epoch_85.json
best_J,2026,V_select,260,10,97,85,8,8,1.0963629484176636,1.6601552963256836,0.56379234790802,2.2185163497924805,3.5094635486602783,1.2909471988677979,2.205621123313904,3.4148870706558228,1.209265947341919,project/results/qgat_extend100/seed2026/gnn/validation_epoch_97.json,project/results/qgat_extend100/seed2026/relation_D/validation_epoch_85.json
best_J,2026,V_select,260,15,97,85,8,8,1.096308946609497,1.6599764823913574,0.5636675357818604,2.218324661254883,3.5089714527130127,1.2906467914581299,2.2054712772369385,3.4144622087478638,1.2089909315109253,project/results/qgat_extend100/seed2026/gnn/validation_epoch_97.json,project/results/qgat_extend100/seed2026/relation_D/validation_epoch_85.json
best_J,2026,V_select,260,20,97,85,8,8,1.0965825319290161,1.660220742225647,0.5636382102966309,2.218816041946411,3.5096263885498047,1.2908103466033936,2.2059905529022217,3.4150339365005493,1.2090433835983276,project/results/qgat_extend100/seed2026/gnn/validation_epoch_97.json,project/results/qgat_extend100/seed2026/relation_D/validation_epoch_85.json
best_J,2026,V_select,261,5,97,85,8,8,1.2420109510421753,1.229351282119751,-0.012659668922424316,2.6867785453796387,2.776913642883301,0.09013509750366211,2.5854002237319946,2.6178081035614014,0.03240787982940674,project/results/qgat_extend100/seed2026/gnn/validation_epoch_97.json,project/results/qgat_extend100/seed2026/relation_D/validation_epoch_85.json
best_J,2026,V_select,261,10,97,85,8,8,1.2418434619903564,1.2275605201721191,-0.014282941818237305,2.685396671295166,2.772880792617798,0.08748412132263184,2.5845417976379395,2.614000916481018,0.029459118843078613,project/results/qgat_extend100/seed2026/gnn/validation_epoch_97.json,project/results/qgat_extend100/seed2026/relation_D/validation_epoch_85.json
best_J,2026,V_select,261,15,97,85,8,8,1.242128849029541,1.2278573513031006,-0.01427149772644043,2.686389923095703,2.773484706878662,0.08709478378295898,2.5853238105773926,2.6145997047424316,0.029275894165039062,project/results/qgat_extend100/seed2026/gnn/validation_epoch_97.json,project/results/qgat_extend100/seed2026/relation_D/validation_epoch_85.json
best_J,2026,V_select,261,20,97,85,8,8,1.2421507835388184,1.2278645038604736,-0.014286279678344727,2.686493158340454,2.7735090255737305,0.08701586723327637,2.5853973627090454,2.614619016647339,0.029221653938293457,project/results/qgat_extend100/seed2026/gnn/validation_epoch_97.json,project/results/qgat_extend100/seed2026/relation_D/validation_epoch_85.json
best_J,2026,V_select,262,5,97,85,8,8,1.920125961303711,1.4140595197677612,-0.5060664415359497,4.247223377227783,3.1434707641601562,-1.103752613067627,4.0437376499176025,2.9857949018478394,-1.0579427480697632,project/results/qgat_extend100/seed2026/gnn/validation_epoch_97.json,project/results/qgat_extend100/seed2026/relation_D/validation_epoch_85.json
best_J,2026,V_select,262,10,97,85,8,8,1.9200921058654785,1.414113998413086,-0.5059781074523926,4.246880531311035,3.143470048904419,-1.1034104824066162,4.043532371520996,2.9858490228652954,-1.0576833486557007,project/results/qgat_extend100/seed2026/gnn/validation_epoch_97.json,project/results/qgat_extend100/seed2026/relation_D/validation_epoch_85.json
best_J,2026,V_select,262,15,97,85,8,8,1.920146107673645,1.4143717288970947,-0.5057743787765503,4.2470808029174805,3.144308090209961,-1.1027727127075195,4.043686509132385,2.986525774002075,-1.05716073513031,project/results/qgat_extend100/seed2026/gnn/validation_epoch_97.json,project/results/qgat_extend100/seed2026/relation_D/validation_epoch_85.json
best_J,2026,V_select,262,20,97,85,8,8,1.9200271368026733,1.4150159358978271,-0.5050112009048462,4.244470119476318,3.144540309906006,-1.0999298095703125,4.0422621965408325,2.98728609085083,-1.0549761056900024,project/results/qgat_extend100/seed2026/gnn/validation_epoch_97.json,project/results/qgat_extend100/seed2026/relation_D/validation_epoch_85.json
best_J,2026,V_select,263,5,97,85,8,7,1.2502403259277344,0.8999643921852112,-0.3502759337425232,2.8622515201568604,1.885826826095581,-0.9764246940612793,2.6813660860061646,1.8428778052330017,-0.8384882807731628,project/results/qgat_extend100/seed2026/gnn/validation_epoch_97.json,project/results/qgat_extend100/seed2026/relation_D/validation_epoch_85.json
best_J,2026,V_select,263,10,97,85,8,7,1.2500991821289062,0.8998556733131409,-0.3502435088157654,2.861768960952759,1.8855482339859009,-0.9762207269668579,2.6809836626052856,1.8426297903060913,-0.8383538722991943,project/results/qgat_extend100/seed2026/gnn/validation_epoch_97.json,project/results/qgat_extend100/seed2026/relation_D/validation_epoch_85.json
best_J,2026,V_select,263,15,97,85,8,7,1.2503807544708252,0.9000162482261658,-0.3503645062446594,2.86320161819458,1.8832520246505737,-0.9799495935440063,2.6819815635681152,1.8416422605514526,-0.8403393030166626,project/results/qgat_extend100/seed2026/gnn/validation_epoch_97.json,project/results/qgat_extend100/seed2026/relation_D/validation_epoch_85.json
best_J,2026,V_select,263,20,97,85,8,7,1.2505836486816406,0.9000073671340942,-0.3505762815475464,2.8637917041778564,1.883437156677246,-0.9803545475006104,2.682479500770569,1.8417259454727173,-0.8407535552978516,project/results/qgat_extend100/seed2026/gnn/validation_epoch_97.json,project/results/qgat_extend100/seed2026/relation_D/validation_epoch_85.json
best_J,2026,V_select,264,5,97,85,8,7,1.197988510131836,0.8680909276008606,-0.32989758253097534,3.1690919399261475,1.9900354146957397,-1.1790565252304077,2.7825344800949097,1.8631086349487305,-0.9194258451461792,project/results/qgat_extend100/seed2026/gnn/validation_epoch_97.json,project/results/qgat_extend100/seed2026/relation_D/validation_epoch_85.json
best_J,2026,V_select,264,10,97,85,8,7,1.197256326675415,0.8678675889968872,-0.32938873767852783,3.167163372039795,1.9895597696304321,-1.1776036024093628,2.7808380126953125,1.8626474738121033,-0.9181905388832092,project/results/qgat_extend100/seed2026/gnn/validation_epoch_97.json,project/results/qgat_extend100/seed2026/relation_D/validation_epoch_85.json
best_J,2026,V_select,264,15,97,85,8,7,1.199843406677246,0.8690282106399536,-0.3308151960372925,3.175016164779663,1.9925318956375122,-1.1824842691421509,2.7873514890670776,1.8652941584587097,-0.9220573306083679,project/results/qgat_extend100/seed2026/gnn/validation_epoch_97.json,project/results/qgat_extend100/seed2026/relation_D/validation_epoch_85.json
best_J,2026,V_select,264,20,97,85,8,7,1.2005746364593506,0.8688246011734009,-0.3317500352859497,3.177082061767578,1.991941213607788,-1.18514084815979,2.7891156673431396,1.864795207977295,-0.9243204593658447,project/results/qgat_extend100/seed2026/gnn/validation_epoch_97.json,project/results/qgat_extend100/seed2026/relation_D/validation_epoch_85.json
best_J,2026,V_select,265,5,97,85,7,7,1.194335699081421,0.8845157623291016,-0.30981993675231934,2.4221303462982178,1.631752610206604,-0.7903777360916138,2.40540087223053,1.7003920674324036,-0.7050088047981262,project/results/qgat_extend100/seed2026/gnn/validation_epoch_97.json,project/results/qgat_extend100/seed2026/relation_D/validation_epoch_85.json
best_J,2026,V_select,265,10,97,85,7,7,1.1977988481521606,0.8874645829200745,-0.3103342652320862,2.425041913986206,1.6351344585418701,-0.7899074554443359,2.4103198051452637,1.7050318121910095,-0.7052879929542542,project/results/qgat_extend100/seed2026/gnn/validation_epoch_97.json,project/results/qgat_extend100/seed2026/relation_D/validation_epoch_85.json
best_J,2026,V_select,265,15,97,85,7,7,1.1977596282958984,0.8876791000366211,-0.31008052825927734,2.4243452548980713,1.634857416152954,-0.7894878387451172,2.409932255744934,1.7051078081130981,-0.7048244476318359,project/results/qgat_extend100/seed2026/gnn/validation_epoch_97.json,project/results/qgat_extend100/seed2026/relation_D/validation_epoch_85.json
best_J,2026,V_select,265,20,97,85,7,7,1.197475552558899,0.8871361613273621,-0.31033939123153687,2.42397141456604,1.633937954902649,-0.7900334596633911,2.409461259841919,1.7041051387786865,-0.7053561210632324,project/results/qgat_extend100/seed2026/gnn/validation_epoch_97.json,project/results/qgat_extend100/seed2026/relation_D/validation_epoch_85.json
best_J,2026,V_select,266,5,97,85,7,7,0.9716047644615173,0.9350367784500122,-0.03656798601150513,2.043999433517456,2.4304025173187256,0.38640308380126953,1.9936044812202454,2.150238037109375,0.15663355588912964,project/results/qgat_extend100/seed2026/gnn/validation_epoch_97.json,project/results/qgat_extend100/seed2026/relation_D/validation_epoch_85.json
best_J,2026,V_select,266,10,97,85,7,7,0.9722481966018677,0.9350983500480652,-0.03714984655380249,2.0454773902893066,2.4300882816314697,0.3846108913421631,1.994986891746521,2.1501424908638,0.15515559911727905,project/results/qgat_extend100/seed2026/gnn/validation_epoch_97.json,project/results/qgat_extend100/seed2026/relation_D/validation_epoch_85.json
best_J,2026,V_select,266,15,97,85,7,7,0.9722394347190857,0.9352431893348694,-0.03699624538421631,2.0454518795013428,2.4304745197296143,0.3850226402282715,1.994965374469757,2.1504804491996765,0.15551507472991943,project/results/qgat_extend100/seed2026/gnn/validation_epoch_97.json,project/results/qgat_extend100/seed2026/relation_D/validation_epoch_85.json
best_J,2026,V_select,266,20,97,85,7,7,0.971675455570221,0.932404100894928,-0.03927135467529297,2.047825336456299,2.4248547554016113,0.3770294189453125,1.9955881237983704,2.1448314785957336,0.14924335479736328,project/results/qgat_extend100/seed2026/gnn/validation_epoch_97.json,project/results/qgat_extend100/seed2026/relation_D/validation_epoch_85.json
best_J,2026,V_select,267,5,97,85,7,6,1.276098370552063,1.2734633684158325,-0.0026350021362304688,2.3705053329467773,2.935838460922241,0.5653331279754639,2.4613510370254517,2.741382598876953,0.28003156185150146,project/results/qgat_extend100/seed2026/gnn/validation_epoch_97.json,project/results/qgat_extend100/seed2026/relation_D/validation_epoch_85.json
best_J,2026,V_select,267,10,97,85,7,6,1.2747036218643188,1.270224928855896,-0.0044786930084228516,2.3657028675079346,2.928995370864868,0.5632925033569336,2.457555055618286,2.73472261428833,0.27716755867004395,project/results/qgat_extend100/seed2026/gnn/validation_epoch_97.json,project/results/qgat_extend100/seed2026/relation_D/validation_epoch_85.json
best_J,2026,V_select,267,15,97,85,7,6,1.2747422456741333,1.2706197500228882,-0.004122495651245117,2.36623215675354,2.930194139480591,0.5639619827270508,2.4578583240509033,2.7357168197631836,0.2778584957122803,project/results/qgat_extend100/seed2026/gnn/validation_epoch_97.json,project/results/qgat_extend100/seed2026/relation_D/validation_epoch_85.json
best_J,2026,V_select,267,20,97,85,7,6,1.2747503519058228,1.2706273794174194,-0.00412297248840332,2.366190195083618,2.9301655292510986,0.5639753341674805,2.457845449447632,2.7357101440429688,0.2778646945953369,project/results/qgat_extend100/seed2026/gnn/validation_epoch_97.json,project/results/qgat_extend100/seed2026/relation_D/validation_epoch_85.json
best_J,2026,V_select,268,5,97,85,7,6,0.8348808288574219,0.9878320693969727,0.15295124053955078,1.8607698678970337,2.2443344593048096,0.3835645914077759,1.7652657628059387,2.1099992990493774,0.3447335362434387,project/results/qgat_extend100/seed2026/gnn/validation_epoch_97.json,project/results/qgat_extend100/seed2026/relation_D/validation_epoch_85.json
best_J,2026,V_select,268,10,97,85,7,6,0.834507405757904,0.9875614047050476,0.15305399894714355,1.860366940498352,2.24332857131958,0.382961630821228,1.76469087600708,2.1092256903648376,0.34453481435775757,project/results/qgat_extend100/seed2026/gnn/validation_epoch_97.json,project/results/qgat_extend100/seed2026/relation_D/validation_epoch_85.json
best_J,2026,V_select,268,15,97,85,7,6,0.8318652510643005,0.9896617531776428,0.15779650211334229,1.854690432548523,2.249084949493408,0.39439451694488525,1.759210467338562,2.114204227924347,0.3549937605857849,project/results/qgat_extend100/seed2026/gnn/validation_epoch_97.json,project/results/qgat_extend100/seed2026/relation_D/validation_epoch_85.json
best_J,2026,V_select,268,20,97,85,7,6,0.8317604064941406,0.9896618127822876,0.15790140628814697,1.8544292449951172,2.249027967453003,0.39459872245788574,1.7589750289916992,2.114175796508789,0.35520076751708984,project/results/qgat_extend100/seed2026/gnn/validation_epoch_97.json,project/results/qgat_extend100/seed2026/relation_D/validation_epoch_85.json
best_J,2026,V_select,269,5,97,85,6,6,1.0115251541137695,0.7816571593284607,-0.22986799478530884,2.716073989868164,2.2453997135162354,-0.4706742763519287,2.3695621490478516,1.9043570160865784,-0.4652051329612732,project/results/qgat_extend100/seed2026/gnn/validation_epoch_97.json,project/results/qgat_extend100/seed2026/relation_D/validation_epoch_85.json
best_J,2026,V_select,269,10,97,85,6,6,1.0117416381835938,0.7798765301704407,-0.23186510801315308,2.716268301010132,2.2401201725006104,-0.4761481285095215,2.3698757886886597,1.8999366164207458,-0.4699391722679138,project/results/qgat_extend100/seed2026/gnn/validation_epoch_97.json,project/results/qgat_extend100/seed2026/relation_D/validation_epoch_85.json
best_J,2026,V_select,269,15,97,85,6,6,1.0116275548934937,0.7797896265983582,-0.2318379282951355,2.7160043716430664,2.239689588546753,-0.4763147830963135,2.369629740715027,1.8996344208717346,-0.46999531984329224,project/results/qgat_extend100/seed2026/gnn/validation_epoch_97.json,project/results/qgat_extend100/seed2026/relation_D/validation_epoch_85.json
best_J,2026,V_select,269,20,97,85,6,6,1.0089008808135986,0.7792909741401672,-0.2296099066734314,2.7094786167144775,2.2383148670196533,-0.4711637496948242,2.3636401891708374,1.898448407649994,-0.4651917815208435,project/results/qgat_extend100/seed2026/gnn/validation_epoch_97.json,project/results/qgat_extend100/seed2026/relation_D/validation_epoch_85.json
best_J,2026,V_select,270,5,97,85,6,6,1.1607122421264648,1.0379120111465454,-0.12280023097991943,2.348634958267212,2.079838752746582,-0.2687962055206299,2.335029721260071,2.0778313875198364,-0.2571983337402344,project/results/qgat_extend100/seed2026/gnn/validation_epoch_97.json,project/results/qgat_extend100/seed2026/relation_D/validation_epoch_85.json
best_J,2026,V_select,270,10,97,85,6,6,1.162685513496399,1.0461360216140747,-0.11654949188232422,2.3527991771698,2.093003749847412,-0.2597954273223877,2.339085102081299,2.0926378965377808,-0.24644720554351807,project/results/qgat_extend100/seed2026/gnn/validation_epoch_97.json,project/results/qgat_extend100/seed2026/relation_D/validation_epoch_85.json
best_J,2026,V_select,270,15,97,85,6,6,1.1668001413345337,1.0524028539657593,-0.11439728736877441,2.361313819885254,2.1058743000030518,-0.25543951988220215,2.3474570512771606,2.105340003967285,-0.2421170473098755,project/results/qgat_extend100/seed2026/gnn/validation_epoch_97.json,project/results/qgat_extend100/seed2026/relation_D/validation_epoch_85.json
best_J,2026,V_select,270,20,97,85,6,6,1.1667976379394531,1.0527112483978271,-0.11408638954162598,2.3612029552459717,2.1068155765533447,-0.25438737869262695,2.347399115562439,2.1061190366744995,-0.24128007888793945,project/results/qgat_extend100/seed2026/gnn/validation_epoch_97.json,project/results/qgat_extend100/seed2026/relation_D/validation_epoch_85.json
best_J,2026,V_select,271,5,97,85,6,6,0.5860084295272827,0.7539442181587219,0.1679357886314392,1.4682987928390503,1.732556700706482,0.26425790786743164,1.3201578259468079,1.620222568511963,0.30006474256515503,project/results/qgat_extend100/seed2026/gnn/validation_epoch_97.json,project/results/qgat_extend100/seed2026/relation_D/validation_epoch_85.json
best_J,2026,V_select,271,10,97,85,6,6,0.5864927768707275,0.7508097290992737,0.16431695222854614,1.468420386314392,1.7276254892349243,0.2592051029205322,1.3207029700279236,1.6146224737167358,0.29391950368881226,project/results/qgat_extend100/seed2026/gnn/validation_epoch_97.json,project/results/qgat_extend100/seed2026/relation_D/validation_epoch_85.json
best_J,2026,V_select,271,15,97,85,6,6,0.5869138836860657,0.7507551312446594,0.16384124755859375,1.4672034978866577,1.7276490926742554,0.26044559478759766,1.3205156326293945,1.614579677581787,0.2940640449523926,project/results/qgat_extend100/seed2026/gnn/validation_epoch_97.json,project/results/qgat_extend100/seed2026/relation_D/validation_epoch_85.json
best_J,2026,V_select,271,20,97,85,6,6,0.5869877934455872,0.7513253688812256,0.16433757543563843,1.4677149057388306,1.7290393114089966,0.261324405670166,1.3208452463150024,1.6158450245857239,0.29499977827072144,project/results/qgat_extend100/seed2026/gnn/validation_epoch_97.json,project/results/qgat_extend100/seed2026/relation_D/validation_epoch_85.json
best_J,2026,V_select,272,5,97,85,8,7,1.2860376834869385,1.4162079095840454,0.13017022609710693,2.9847183227539062,2.6851019859313965,-0.29961633682250977,2.7783968448638916,2.7587589025497437,-0.01963794231414795,project/results/qgat_extend100/seed2026/gnn/validation_epoch_97.json,project/results/qgat_extend100/seed2026/relation_D/validation_epoch_85.json
best_J,2026,V_select,272,10,97,85,8,7,1.2874915599822998,1.4152097702026367,0.12771821022033691,2.986598491668701,2.683961868286133,-0.30263662338256836,2.7807908058166504,2.757190704345703,-0.023600101470947266,project/results/qgat_extend100/seed2026/gnn/validation_epoch_97.json,project/results/qgat_extend100/seed2026/relation_D/validation_epoch_85.json
best_J,2026,V_select,272,15,97,85,8,7,1.2871630191802979,1.4147000312805176,0.12753701210021973,2.9861419200897217,2.683300495147705,-0.3028414249420166,2.7802339792251587,2.75635027885437,-0.023883700370788574,project/results/qgat_extend100/seed2026/gnn/validation_epoch_97.json,project/results/qgat_extend100/seed2026/relation_D/validation_epoch_85.json
best_J,2026,V_select,272,20,97,85,8,7,1.287693738937378,1.4165334701538086,0.12883973121643066,2.9825797080993652,2.68367075920105,-0.29890894889831543,2.7789835929870605,2.7583688497543335,-0.02061474323272705,project/results/qgat_extend100/seed2026/gnn/validation_epoch_97.json,project/results/qgat_extend100/seed2026/relation_D/validation_epoch_85.json
best_J,2026,V_select,273,5,97,85,7,5,0.958922266960144,1.497505784034729,0.538583517074585,1.229682207107544,3.0441575050354004,1.8144752979278564,1.573763370513916,3.019584536552429,1.4458211660385132,project/results/qgat_extend100/seed2026/gnn/validation_epoch_97.json,project/results/qgat_extend100/seed2026/relation_D/validation_epoch_85.json
best_J,2026,V_select,273,10,97,85,7,5,0.9593473076820374,1.4972165822982788,0.5378692746162415,1.2295336723327637,3.042259693145752,1.8127260208129883,1.5741141438484192,3.018346428871155,1.4442322850227356,project/results/qgat_extend100/seed2026/gnn/validation_epoch_97.json,project/results/qgat_extend100/seed2026/relation_D/validation_epoch_85.json
best_J,2026,V_select,273,15,97,85,7,5,0.9611901640892029,1.49983811378479,0.5386479496955872,1.227367877960205,3.0423967838287354,1.8150289058685303,1.5748741030693054,3.0210365056991577,1.4461624026298523,project/results/qgat_extend100/seed2026/gnn/validation_epoch_97.json,project/results/qgat_extend100/seed2026/relation_D/validation_epoch_85.json
best_J,2026,V_select,273,20,97,85,7,5,0.962651789188385,1.5004183053970337,0.5377665162086487,1.2356160879135132,3.0456650257110596,1.8100489377975464,1.5804598331451416,3.0232508182525635,1.4427909851074219,project/results/qgat_extend100/seed2026/gnn/validation_epoch_97.json,project/results/qgat_extend100/seed2026/relation_D/validation_epoch_85.json
best_J,2026,V_select,274,5,97,85,6,3,0.8645870089530945,1.2102388143539429,0.3456518054008484,1.5785579681396484,2.3031795024871826,0.7246215343475342,1.6538659930229187,2.361828565597534,0.7079625725746155,project/results/qgat_extend100/seed2026/gnn/validation_epoch_97.json,project/results/qgat_extend100/seed2026/relation_D/validation_epoch_85.json
best_J,2026,V_select,274,10,97,85,6,3,0.8656056523323059,1.2103322744369507,0.3447266221046448,1.5788259506225586,2.302406072616577,0.7235801219940186,1.6550186276435852,2.3615353107452393,0.706516683101654,project/results/qgat_extend100/seed2026/gnn/validation_epoch_97.json,project/results/qgat_extend100/seed2026/relation_D/validation_epoch_85.json
best_J,2026,V_select,274,15,97,85,6,3,0.8660591244697571,1.2103158235549927,0.3442566990852356,1.5808271169662476,2.3004980087280273,0.7196708917617798,1.6564726829528809,2.3605648279190063,0.7040921449661255,project/results/qgat_extend100/seed2026/gnn/validation_epoch_97.json,project/results/qgat_extend100/seed2026/relation_D/validation_epoch_85.json
best_J,2026,V_select,274,20,97,85,6,3,0.8659865260124207,1.2102949619293213,0.34430843591690063,1.580906867980957,2.3004610538482666,0.7195541858673096,1.6564399600028992,2.3605254888534546,0.7040855288505554,project/results/qgat_extend100/seed2026/gnn/validation_epoch_97.json,project/results/qgat_extend100/seed2026/relation_D/validation_epoch_85.json
best_J,2026,V_select,275,5,97,85,5,3,0.7313691973686218,0.733595609664917,0.002226412296295166,2.262101411819458,2.2023794651031494,-0.059721946716308594,1.8624199032783508,1.8347853422164917,-0.02763456106185913,project/results/qgat_extend100/seed2026/gnn/validation_epoch_97.json,project/results/qgat_extend100/seed2026/relation_D/validation_epoch_85.json
best_J,2026,V_select,275,10,97,85,5,3,0.7312210202217102,0.7337206602096558,0.0024996399879455566,2.26153826713562,2.2026660442352295,-0.058872222900390625,1.8619901537895203,1.8350536823272705,-0.026936471462249756,project/results/qgat_extend100/seed2026/gnn/validation_epoch_97.json,project/results/qgat_extend100/seed2026/relation_D/validation_epoch_85.json
best_J,2026,V_select,275,15,97,85,5,3,0.7309138178825378,0.7336549758911133,0.0027411580085754395,2.260852813720703,2.202399253845215,-0.05845355987548828,1.8613402247428894,1.8348546028137207,-0.0264856219291687,project/results/qgat_extend100/seed2026/gnn/validation_epoch_97.json,project/results/qgat_extend100/seed2026/relation_D/validation_epoch_85.json
best_J,2026,V_select,275,20,97,85,5,3,0.7309114933013916,0.7335857152938843,0.0026742219924926758,2.260928153991699,2.2022831439971924,-0.058645009994506836,1.8613755702972412,1.8347272872924805,-0.026648283004760742,project/results/qgat_extend100/seed2026/gnn/validation_epoch_97.json,project/results/qgat_extend100/seed2026/relation_D/validation_epoch_85.json
best_J,2026,V_select,276,5,97,85,3,3,0.6194973587989807,1.2989600896835327,0.679462730884552,0.9986904263496399,2.462178945541382,1.463488519191742,1.1188425719738007,2.5300495624542236,1.411206990480423,project/results/qgat_extend100/seed2026/gnn/validation_epoch_97.json,project/results/qgat_extend100/seed2026/relation_D/validation_epoch_85.json
best_J,2026,V_select,276,10,97,85,3,3,0.6190464496612549,1.2994362115859985,0.6803897619247437,0.9979111552238464,2.463193655014038,1.4652824997901917,1.118002027273178,2.5310330390930176,1.4130310118198395,project/results/qgat_extend100/seed2026/gnn/validation_epoch_97.json,project/results/qgat_extend100/seed2026/relation_D/validation_epoch_85.json
best_J,2026,V_select,276,15,97,85,3,3,0.6187294721603394,1.299363136291504,0.6806336641311646,0.9972216486930847,2.463367223739624,1.4661455750465393,1.1173402965068817,2.531046748161316,1.4137064516544342,project/results/qgat_extend100/seed2026/gnn/validation_epoch_97.json,project/results/qgat_extend100/seed2026/relation_D/validation_epoch_85.json
best_J,2026,V_select,276,20,97,85,3,3,0.6182447075843811,1.2990453243255615,0.6808006167411804,0.9965707659721375,2.462444543838501,1.4658737778663635,1.1165300905704498,2.530267596244812,1.4137375056743622,project/results/qgat_extend100/seed2026/gnn/validation_epoch_97.json,project/results/qgat_extend100/seed2026/relation_D/validation_epoch_85.json
best_J,2026,V_select,277,5,97,85,3,3,0.6577520966529846,0.6907475590705872,0.03299546241760254,1.441248893737793,1.7335504293441772,0.2923015356063843,1.378376543521881,1.5575227737426758,0.17914623022079468,project/results/qgat_extend100/seed2026/gnn/validation_epoch_97.json,project/results/qgat_extend100/seed2026/relation_D/validation_epoch_85.json
best_J,2026,V_select,277,10,97,85,3,3,0.657654345035553,0.6906066536903381,0.032952308654785156,1.4409738779067993,1.7331489324569702,0.2921750545501709,1.3781412839889526,1.5571811199188232,0.1790398359298706,project/results/qgat_extend100/seed2026/gnn/validation_epoch_97.json,project/results/qgat_extend100/seed2026/relation_D/validation_epoch_85.json
best_J,2026,V_select,277,15,97,85,3,3,0.6572022438049316,0.6905419230461121,0.03333967924118042,1.440229892730713,1.733211874961853,0.29298198223114014,1.377317190170288,1.5571478605270386,0.1798306703567505,project/results/qgat_extend100/seed2026/gnn/validation_epoch_97.json,project/results/qgat_extend100/seed2026/relation_D/validation_epoch_85.json
best_J,2026,V_select,277,20,97,85,3,3,0.6571943759918213,0.6899946331977844,0.032800257205963135,1.4400701522827148,1.7327890396118164,0.29271888732910156,1.3772294521331787,1.5563891530036926,0.17915970087051392,project/results/qgat_extend100/seed2026/gnn/validation_epoch_97.json,project/results/qgat_extend100/seed2026/relation_D/validation_epoch_85.json
best_J,2026,V_select,278,5,97,85,3,3,0.8036496043205261,0.5743264555931091,-0.229323148727417,1.6037555932998657,0.8531010150909424,-0.7506545782089233,1.605527400970459,1.0008769631385803,-0.6046504378318787,project/results/qgat_extend100/seed2026/gnn/validation_epoch_97.json,project/results/qgat_extend100/seed2026/relation_D/validation_epoch_85.json
best_J,2026,V_select,278,10,97,85,3,3,0.8014523386955261,0.5782673954963684,-0.22318494319915771,1.599011778831482,0.8584693074226379,-0.740542471408844,1.600958228111267,1.0075020492076874,-0.5934561789035797,project/results/qgat_extend100/seed2026/gnn/validation_epoch_97.json,project/results/qgat_extend100/seed2026/relation_D/validation_epoch_85.json
best_J,2026,V_select,278,15,97,85,3,3,0.7989776730537415,0.5795547366142273,-0.21942293643951416,1.5947688817977905,0.8626198768615723,-0.7321490049362183,1.5963621139526367,1.0108646750450134,-0.5854974389076233,project/results/qgat_extend100/seed2026/gnn/validation_epoch_97.json,project/results/qgat_extend100/seed2026/relation_D/validation_epoch_85.json
best_J,2026,V_select,278,20,97,85,3,3,0.7989776730537415,0.5795547366142273,-0.21942293643951416,1.5947688817977905,0.8626198768615723,-0.7321490049362183,1.5963621139526367,1.0108646750450134,-0.5854974389076233,project/results/qgat_extend100/seed2026/gnn/validation_epoch_97.json,project/results/qgat_extend100/seed2026/relation_D/validation_epoch_85.json
best_J,2026,V_select,279,5,97,85,3,3,0.594139814376831,0.8770472407341003,0.2829074263572693,1.0120481252670288,1.705870509147644,0.6938223838806152,1.1001638770103455,1.7299824953079224,0.6298186182975769,project/results/qgat_extend100/seed2026/gnn/validation_epoch_97.json,project/results/qgat_extend100/seed2026/relation_D/validation_epoch_85.json
best_J,2026,V_select,279,10,97,85,3,3,0.593920111656189,0.877568244934082,0.28364813327789307,1.0114550590515137,1.7071709632873535,0.6957159042358398,1.0996476411819458,1.7311537265777588,0.631506085395813,project/results/qgat_extend100/seed2026/gnn/validation_epoch_97.json,project/results/qgat_extend100/seed2026/relation_D/validation_epoch_85.json
best_J,2026,V_select,279,15,97,85,3,3,0.5945961475372314,0.8763810992240906,0.28178495168685913,1.0130659341812134,1.7041960954666138,0.6911301612854004,1.1011291146278381,1.7284791469573975,0.6273500323295593,project/results/qgat_extend100/seed2026/gnn/validation_epoch_97.json,project/results/qgat_extend100/seed2026/relation_D/validation_epoch_85.json
best_J,2026,V_select,279,20,97,85,3,3,0.6022417545318604,0.8837335705757141,0.28149181604385376,1.020827293395996,1.710265040397644,0.689437747001648,1.1126554012298584,1.7388660907745361,0.6262106895446777,project/results/qgat_extend100/seed2026/gnn/validation_epoch_97.json,project/results/qgat_extend100/seed2026/relation_D/validation_epoch_85.json
best_J,2026,V_select,280,5,97,85,3,3,0.5625048875808716,0.510326623916626,-0.052178263664245605,1.1023554801940918,0.7550355792045593,-0.34731990098953247,1.1136826276779175,0.8878444135189056,-0.22583821415901184,project/results/qgat_extend100/seed2026/gnn/validation_epoch_97.json,project/results/qgat_extend100/seed2026/relation_D/validation_epoch_85.json
best_J,2026,V_select,280,10,97,85,3,3,0.5627303719520569,0.5105666518211365,-0.05216372013092041,1.1033134460449219,0.7563414573669434,-0.3469719886779785,1.1143870949745178,0.8887373805046082,-0.22564971446990967,project/results/qgat_extend100/seed2026/gnn/validation_epoch_97.json,project/results/qgat_extend100/seed2026/relation_D/validation_epoch_85.json
best_J,2026,V_select,280,15,97,85,3,3,0.561218798160553,0.5101369023323059,-0.05108189582824707,1.0991555452346802,0.7569127082824707,-0.3422428369522095,1.110796570777893,0.8885932564735413,-0.2222033143043518,project/results/qgat_extend100/seed2026/gnn/validation_epoch_97.json,project/results/qgat_extend100/seed2026/relation_D/validation_epoch_85.json
best_J,2026,V_select,280,20,97,85,3,3,0.5612130761146545,0.5100369453430176,-0.05117613077163696,1.0991346836090088,0.7563056945800781,-0.34282898902893066,1.110780417919159,0.8881897926330566,-0.2225906252861023,project/results/qgat_extend100/seed2026/gnn/validation_epoch_97.json,project/results/qgat_extend100/seed2026/relation_D/validation_epoch_85.json
best_J,2026,V_select,281,5,97,85,3,3,0.6186606287956238,0.6289224624633789,0.010261833667755127,0.9010286331176758,0.8559073805809021,-0.04512125253677368,1.0691749453544617,1.05687615275383,-0.012298792600631714,project/results/qgat_extend100/seed2026/gnn/validation_epoch_97.json,project/results/qgat_extend100/seed2026/relation_D/validation_epoch_85.json
best_J,2026,V_select,281,10,97,85,3,3,0.618817150592804,0.6286075711250305,0.009790420532226562,0.9016644358634949,0.8550994396209717,-0.04656499624252319,1.0696493685245514,1.0561572909355164,-0.013492077589035034,project/results/qgat_extend100/seed2026/gnn/validation_epoch_97.json,project/results/qgat_extend100/seed2026/relation_D/validation_epoch_85.json
best_J,2026,V_select,281,15,97,85,3,3,0.6187184453010559,0.6286191940307617,0.00990074872970581,0.9015191197395325,0.8553354144096375,-0.04618370532989502,1.0694780051708221,1.0562869012355804,-0.0131911039352417,project/results/qgat_extend100/seed2026/gnn/validation_epoch_97.json,project/results/qgat_extend100/seed2026/relation_D/validation_epoch_85.json
best_J,2026,V_select,281,20,97,85,3,3,0.6184834837913513,0.6281933784484863,0.00970989465713501,0.9007349014282227,0.8541671633720398,-0.04656773805618286,1.0688509345054626,1.0552769601345062,-0.013573974370956421,project/results/qgat_extend100/seed2026/gnn/validation_epoch_97.json,project/results/qgat_extend100/seed2026/relation_D/validation_epoch_85.json
best_J,2026,V_select,282,5,97,85,3,3,0.5197617411613464,0.7908921241760254,0.27113038301467896,0.8546932339668274,1.5932921171188354,0.7385988831520081,0.9471083581447601,1.5875381827354431,0.640429824590683,project/results/qgat_extend100/seed2026/gnn/validation_epoch_97.json,project/results/qgat_extend100/seed2026/relation_D/validation_epoch_85.json
best_J,2026,V_select,282,10,97,85,3,3,0.5198590159416199,0.7908141613006592,0.2709551453590393,0.8546140789985657,1.5940580368041992,0.7394439578056335,0.9471660554409027,1.5878431797027588,0.6406771242618561,project/results/qgat_extend100/seed2026/gnn/validation_epoch_97.json,project/results/qgat_extend100/seed2026/relation_D/validation_epoch_85.json
best_J,2026,V_select,282,15,97,85,3,3,0.5198780298233032,0.7908289432525635,0.27095091342926025,0.8546569347381592,1.5940351486206055,0.7393782138824463,0.9472064971923828,1.5878465175628662,0.6406400203704834,project/results/qgat_extend100/seed2026/gnn/validation_epoch_97.json,project/results/qgat_extend100/seed2026/relation_D/validation_epoch_85.json
best_J,2026,V_select,282,20,97,85,3,3,0.5202341675758362,0.7910980582237244,0.2708638906478882,0.8552365899085999,1.5945072174072266,0.7392706274986267,0.9478524625301361,1.5883516669273376,0.6404992043972015,project/results/qgat_extend100/seed2026/gnn/validation_epoch_97.json,project/results/qgat_extend100/seed2026/relation_D/validation_epoch_85.json
best_J,2026,V_select,283,5,97,85,3,3,0.3995448648929596,0.6023547649383545,0.2028099000453949,0.861762523651123,1.3985129594802856,0.5367504358291626,0.8304261267185211,1.3016112446784973,0.4711851179599762,project/results/qgat_extend100/seed2026/gnn/validation_epoch_97.json,project/results/qgat_extend100/seed2026/relation_D/validation_epoch_85.json
best_J,2026,V_select,283,10,97,85,3,3,0.3994586169719696,0.6025235056877136,0.20306488871574402,0.8614402413368225,1.3987294435501099,0.5372892022132874,0.8301787376403809,1.3018882274627686,0.4717094898223877,project/results/qgat_extend100/seed2026/gnn/validation_epoch_97.json,project/results/qgat_extend100/seed2026/relation_D/validation_epoch_85.json
best_J,2026,V_select,283,15,97,85,3,3,0.39692363142967224,0.6000053882598877,0.20308175683021545,0.8645007014274597,1.3950982093811035,0.5305975079536438,0.8291739821434021,1.2975544929504395,0.46838051080703735,project/results/qgat_extend100/seed2026/gnn/validation_epoch_97.json,project/results/qgat_extend100/seed2026/relation_D/validation_epoch_85.json
best_J,2026,V_select,283,20,97,85,3,3,0.4034982919692993,0.605552077293396,0.20205378532409668,0.8805561065673828,1.4033983945846558,0.522842288017273,0.8437763452529907,1.3072512745857239,0.46347492933273315,project/results/qgat_extend100/seed2026/gnn/validation_epoch_97.json,project/results/qgat_extend100/seed2026/relation_D/validation_epoch_85.json
best_J,2026,V_select,284,5,97,85,3,3,0.8359896540641785,1.0001343488693237,0.16414469480514526,1.9294694662094116,2.2272017002105713,0.29773223400115967,1.8007243871688843,2.1137351989746094,0.3130108118057251,project/results/qgat_extend100/seed2026/gnn/validation_epoch_97.json,project/results/qgat_extend100/seed2026/relation_D/validation_epoch_85.json
best_J,2026,V_select,284,10,97,85,3,3,0.8343599438667297,0.9974966049194336,0.16313666105270386,1.9309062957763672,2.2253148555755615,0.29440855979919434,1.7998130917549133,2.1101540327072144,0.310340940952301,project/results/qgat_extend100/seed2026/gnn/validation_epoch_97.json,project/results/qgat_extend100/seed2026/relation_D/validation_epoch_85.json
best_J,2026,V_select,284,15,97,85,3,3,0.8340702652931213,0.9969820976257324,0.16291183233261108,1.9315519332885742,2.2246646881103516,0.29311275482177734,1.7998462319374084,2.109314441680908,0.30946820974349976,project/results/qgat_extend100/seed2026/gnn/validation_epoch_97.json,project/results/qgat_extend100/seed2026/relation_D/validation_epoch_85.json
best_J,2026,V_select,284,20,97,85,3,3,0.8339405059814453,0.9966499209403992,0.16270941495895386,1.932008147239685,2.2240469455718994,0.29203879833221436,1.7999445796012878,2.108673393726349,0.30872881412506104,project/results/qgat_extend100/seed2026/gnn/validation_epoch_97.json,project/results/qgat_extend100/seed2026/relation_D/validation_epoch_85.json
best_J,2026,V_select,285,5,97,85,3,3,0.586664617061615,0.5592374801635742,-0.02742713689804077,1.2185102701187134,0.6934927105903625,-0.5250175595283508,1.1959197521209717,0.9059838354587555,-0.2899359166622162,project/results/qgat_extend100/seed2026/gnn/validation_epoch_97.json,project/results/qgat_extend100/seed2026/relation_D/validation_epoch_85.json
best_J,2026,V_select,285,10,97,85,3,3,0.5773209929466248,0.5538648366928101,-0.023456156253814697,1.2088676691055298,0.6912276744842529,-0.5176399946212769,1.1817548274993896,0.8994786739349365,-0.2822761535644531,project/results/qgat_extend100/seed2026/gnn/validation_epoch_97.json,project/results/qgat_extend100/seed2026/relation_D/validation_epoch_85.json
best_J,2026,V_select,285,15,97,85,3,3,0.5774791240692139,0.5538411736488342,-0.02363795042037964,1.209255337715149,0.6926698684692383,-0.5165854692459106,1.1821067929267883,0.9001761078834534,-0.28193068504333496,project/results/qgat_extend100/seed2026/gnn/validation_epoch_97.json,project/results/qgat_extend100/seed2026/relation_D/validation_epoch_85.json
best_J,2026,V_select,285,20,97,85,3,3,0.5775110125541687,0.5538331270217896,-0.02367788553237915,1.2093950510025024,0.6927046775817871,-0.5166903734207153,1.18220853805542,0.9001854658126831,-0.2820230722427368,project/results/qgat_extend100/seed2026/gnn/validation_epoch_97.json,project/results/qgat_extend100/seed2026/relation_D/validation_epoch_85.json
best_J,2026,V_select,286,5,97,85,3,3,0.6881153583526611,0.7175024151802063,0.029387056827545166,1.5655981302261353,1.5125740766525269,-0.0530240535736084,1.4709144234657288,1.4737894535064697,0.002875030040740967,project/results/qgat_extend100/seed2026/gnn/validation_epoch_97.json,project/results/qgat_extend100/seed2026/relation_D/validation_epoch_85.json
best_J,2026,V_select,286,10,97,85,3,3,0.6873636245727539,0.7174899578094482,0.030126333236694336,1.5641322135925293,1.5125502347946167,-0.0515819787979126,1.4694297313690186,1.4737650752067566,0.004335343837738037,project/results/qgat_extend100/seed2026/gnn/validation_epoch_97.json,project/results/qgat_extend100/seed2026/relation_D/validation_epoch_85.json
best_J,2026,V_select,286,15,97,85,3,3,0.6873087882995605,0.7174963355064392,0.030187547206878662,1.5639816522598267,1.5125595331192017,-0.051422119140625,1.4692996144294739,1.47377610206604,0.004476487636566162,project/results/qgat_extend100/seed2026/gnn/validation_epoch_97.json,project/results/qgat_extend100/seed2026/relation_D/validation_epoch_85.json
best_J,2026,V_select,286,20,97,85,3,3,0.6872771382331848,0.7173387408256531,0.03006160259246826,1.563883900642395,1.512165904045105,-0.05171799659729004,1.4692190885543823,1.4734216928482056,0.004202604293823242,project/results/qgat_extend100/seed2026/gnn/validation_epoch_97.json,project/results/qgat_extend100/seed2026/relation_D/validation_epoch_85.json
best_J,2026,V_select,287,5,97,85,3,3,1.3119232654571533,1.3840174674987793,0.07209420204162598,2.8358371257781982,3.018096923828125,0.18225979804992676,2.7298418283462524,2.893065929412842,0.16322410106658936,project/results/qgat_extend100/seed2026/gnn/validation_epoch_97.json,project/results/qgat_extend100/seed2026/relation_D/validation_epoch_85.json
best_J,2026,V_select,287,10,97,85,3,3,1.3118877410888672,1.384666919708252,0.07277917861938477,2.835308790206909,3.0195672512054443,0.18425846099853516,2.7295421361923218,2.894450545310974,0.16490840911865234,project/results/qgat_extend100/seed2026/gnn/validation_epoch_97.json,project/results/qgat_extend100/seed2026/relation_D/validation_epoch_85.json
best_J,2026,V_select,287,15,97,85,3,3,1.311348795890808,1.383773684501648,0.07242488861083984,2.833611249923706,3.0173895359039307,0.1837782859802246,2.728154420852661,2.8924684524536133,0.16431403160095215,project/results/qgat_extend100/seed2026/gnn/validation_epoch_97.json,project/results/qgat_extend100/seed2026/relation_D/validation_epoch_85.json
best_J,2026,V_select,287,20,97,85,3,3,1.3103413581848145,1.383443832397461,0.07310247421264648,2.830355405807495,3.0165278911590576,0.1861724853515625,2.725519061088562,2.8917077779769897,0.16618871688842773,project/results/qgat_extend100/seed2026/gnn/validation_epoch_97.json,project/results/qgat_extend100/seed2026/relation_D/validation_epoch_85.json
best_J,2026,V_select,288,5,97,85,8,8,1.3255797624588013,1.2745580673217773,-0.051021695137023926,2.4410486221313477,2.144209861755371,-0.29683876037597656,2.546104073524475,2.346662998199463,-0.1994410753250122,project/results/qgat_extend100/seed2026/gnn/validation_epoch_97.json,project/results/qgat_extend100/seed2026/relation_D/validation_epoch_85.json
best_J,2026,V_select,288,10,97,85,8,8,1.3253557682037354,1.2796756029129028,-0.04568016529083252,2.439781904220581,2.1552882194519043,-0.28449368476867676,2.545246720314026,2.357319712638855,-0.1879270076751709,project/results/qgat_extend100/seed2026/gnn/validation_epoch_97.json,project/results/qgat_extend100/seed2026/relation_D/validation_epoch_85.json
best_J,2026,V_select,288,15,97,85,8,8,1.3252055644989014,1.2797093391418457,-0.045496225357055664,2.439307451248169,2.155412197113037,-0.28389525413513184,2.544859290122986,2.3574154376983643,-0.18744385242462158,project/results/qgat_extend100/seed2026/gnn/validation_epoch_97.json,project/results/qgat_extend100/seed2026/relation_D/validation_epoch_85.json
best_J,2026,V_select,288,20,97,85,8,8,1.325884222984314,1.2798057794570923,-0.04607844352722168,2.4402942657470703,2.155320167541504,-0.2849740982055664,2.546031355857849,2.3574658632278442,-0.18856549263000488,project/results/qgat_extend100/seed2026/gnn/validation_epoch_97.json,project/results/qgat_extend100/seed2026/relation_D/validation_epoch_85.json
best_J,2026,V_select,289,5,97,85,8,7,1.0387057065963745,1.3472082614898682,0.30850255489349365,2.3759548664093018,2.702925443649292,0.32697057723999023,2.2266831398010254,2.698670983314514,0.47198784351348877,project/results/qgat_extend100/seed2026/gnn/validation_epoch_97.json,project/results/qgat_extend100/seed2026/relation_D/validation_epoch_85.json
best_J,2026,V_select,289,10,97,85,8,7,1.0384430885314941,1.3452012538909912,0.30675816535949707,2.376136064529419,2.698789119720459,0.32265305519104004,2.2265111207962036,2.6945958137512207,0.4680846929550171,project/results/qgat_extend100/seed2026/gnn/validation_epoch_97.json,project/results/qgat_extend100/seed2026/relation_D/validation_epoch_85.json
best_J,2026,V_select,289,15,97,85,8,7,1.0383052825927734,1.3451957702636719,0.30689048767089844,2.375255823135376,2.6983578205108643,0.3231019973754883,2.2259331941604614,2.694374680519104,0.4684414863586426,project/results/qgat_extend100/seed2026/gnn/validation_epoch_97.json,project/results/qgat_extend100/seed2026/relation_D/validation_epoch_85.json
best_J,2026,V_select,289,20,97,85,8,7,1.03916335105896,1.3455703258514404,0.30640697479248047,2.3764419555664062,2.6989171504974365,0.3224751949310303,2.227384328842163,2.6950289011001587,0.4676445722579956,project/results/qgat_extend100/seed2026/gnn/validation_epoch_97.json,project/results/qgat_extend100/seed2026/relation_D/validation_epoch_85.json
best_J,2026,V_select,290,5,97,85,7,5,1.1536667346954346,1.3011609315872192,0.14749419689178467,2.073486089706421,2.3791356086730957,0.3056495189666748,2.190409779548645,2.490728735923767,0.30031895637512207,project/results/qgat_extend100/seed2026/gnn/validation_epoch_97.json,project/results/qgat_extend100/seed2026/relation_D/validation_epoch_85.json
best_J,2026,V_select,290,10,97,85,7,5,1.1521539688110352,1.3032071590423584,0.15105319023132324,2.0752034187316895,2.3868775367736816,0.3116741180419922,2.18975567817688,2.496645927429199,0.30689024925231934,project/results/qgat_extend100/seed2026/gnn/validation_epoch_97.json,project/results/qgat_extend100/seed2026/relation_D/validation_epoch_85.json
best_J,2026,V_select,290,15,97,85,7,5,1.1534512042999268,1.3051496744155884,0.15169847011566162,2.079136610031128,2.3952908515930176,0.31615424156188965,2.1930195093154907,2.502795100212097,0.30977559089660645,project/results/qgat_extend100/seed2026/gnn/validation_epoch_97.json,project/results/qgat_extend100/seed2026/relation_D/validation_epoch_85.json
best_J,2026,V_select,290,20,97,85,7,5,1.1536725759506226,1.3050721883773804,0.1513996124267578,2.079326629638672,2.3949780464172363,0.31565141677856445,2.1933358907699585,2.5025612115859985,0.30922532081604004,project/results/qgat_extend100/seed2026/gnn/validation_epoch_97.json,project/results/qgat_extend100/seed2026/relation_D/validation_epoch_85.json
best_J,2026,V_select,291,5,97,85,7,5,0.6731046438217163,0.9603033661842346,0.2871987223625183,1.793578863143921,2.649662494659424,0.8560836315155029,1.5698940753936768,2.2851346135139465,0.7152405381202698,project/results/qgat_extend100/seed2026/gnn/validation_epoch_97.json,project/results/qgat_extend100/seed2026/relation_D/validation_epoch_85.json
best_J,2026,V_select,291,10,97,85,7,5,0.6734156608581543,0.9600175023078918,0.28660184144973755,1.794555902481079,2.6498234272003174,0.8552675247192383,1.5706936120986938,2.2849292159080505,0.7142356038093567,project/results/qgat_extend100/seed2026/gnn/validation_epoch_97.json,project/results/qgat_extend100/seed2026/relation_D/validation_epoch_85.json
best_J,2026,V_select,291,15,97,85,7,5,0.6732529997825623,0.9585771560668945,0.2853241562843323,1.7968924045562744,2.647679090499878,0.8507866859436035,1.5716992020606995,2.2824167013168335,0.710717499256134,project/results/qgat_extend100/seed2026/gnn/validation_epoch_97.json,project/results/qgat_extend100/seed2026/relation_D/validation_epoch_85.json
best_J,2026,V_select,291,20,97,85,7,5,0.6730591654777527,0.9583688378334045,0.28530967235565186,1.796661615371704,2.6470375061035156,0.8503758907318115,1.5713899731636047,2.2818875908851624,0.7104976177215576,project/results/qgat_extend100/seed2026/gnn/validation_epoch_97.json,project/results/qgat_extend100/seed2026/relation_D/validation_epoch_85.json
best_J,2026,V_select,292,5,97,85,5,5,1.021632194519043,1.67954421043396,0.657912015914917,2.0256381034851074,3.4952950477600098,1.4696569442749023,2.0344512462615967,3.427191734313965,1.3927404880523682,project/results/qgat_extend100/seed2026/gnn/validation_epoch_97.json,project/results/qgat_extend100/seed2026/relation_D/validation_epoch_85.json
best_J,2026,V_select,292,10,97,85,5,5,1.0215661525726318,1.6792656183242798,0.657699465751648,2.025355339050293,3.494640350341797,1.469285011291504,2.0342438220977783,3.4265857934951782,1.3923419713974,project/results/qgat_extend100/seed2026/gnn/validation_epoch_97.json,project/results/qgat_extend100/seed2026/relation_D/validation_epoch_85.json
best_J,2026,V_select,292,15,97,85,5,5,1.0219043493270874,1.6801303625106812,0.6582260131835938,2.0259082317352295,3.496729612350464,1.4708213806152344,2.034858465194702,3.428495168685913,1.393636703491211,project/results/qgat_extend100/seed2026/gnn/validation_epoch_97.json,project/results/qgat_extend100/seed2026/relation_D/validation_epoch_85.json
best_J,2026,V_select,292,20,97,85,5,5,1.0263941287994385,1.6827032566070557,0.6563091278076172,2.032245635986328,3.5007941722869873,1.4685485363006592,2.0425169467926025,3.4331003427505493,1.3905833959579468,project/results/qgat_extend100/seed2026/gnn/validation_epoch_97.json,project/results/qgat_extend100/seed2026/relation_D/validation_epoch_85.json
best_J,2026,V_select,293,5,97,85,5,4,1.0401204824447632,1.3220335245132446,0.28191304206848145,1.4688963890075684,1.7550725936889648,0.2861762046813965,1.7745686769485474,2.199569821357727,0.4250011444091797,project/results/qgat_extend100/seed2026/gnn/validation_epoch_97.json,project/results/qgat_extend100/seed2026/relation_D/validation_epoch_85.json
best_J,2026,V_select,293,10,97,85,5,4,1.0401833057403564,1.322805643081665,0.2826223373413086,1.4689488410949707,1.755314826965332,0.28636598587036133,1.7746577262878418,2.200463056564331,0.42580533027648926,project/results/qgat_extend100/seed2026/gnn/validation_epoch_97.json,project/results/qgat_extend100/seed2026/relation_D/validation_epoch_85.json
best_J,2026,V_select,293,15,97,85,5,4,1.039341926574707,1.3228394985198975,0.28349757194519043,1.4672396183013916,1.7551970481872559,0.28795742988586426,1.7729617357254028,2.2004380226135254,0.42747628688812256,project/results/qgat_extend100/seed2026/gnn/validation_epoch_97.json,project/results/qgat_extend100/seed2026/relation_D/validation_epoch_85.json
best_J,2026,V_select,293,20,97,85,5,4,1.0392954349517822,1.3230453729629517,0.28374993801116943,1.4672815799713135,1.7558884620666504,0.2886068820953369,1.772936224937439,2.200989603996277,0.4280533790588379,project/results/qgat_extend100/seed2026/gnn/validation_epoch_97.json,project/results/qgat_extend100/seed2026/relation_D/validation_epoch_85.json
best_J,2026,V_select,294,5,97,85,5,4,0.6523954272270203,0.7154684066772461,0.06307297945022583,1.629660725593567,1.4839742183685303,-0.14568650722503662,1.4672257900238037,1.4574555158615112,-0.00977027416229248,project/results/qgat_extend100/seed2026/gnn/validation_epoch_97.json,project/results/qgat_extend100/seed2026/relation_D/validation_epoch_85.json
best_J,2026,V_select,294,10,97,85,5,4,0.6543002128601074,0.7117947340011597,0.057494521141052246,1.6330657005310059,1.4815075397491455,-0.15155816078186035,1.4708330631256104,1.4525485038757324,-0.01828455924987793,project/results/qgat_extend100/seed2026/gnn/validation_epoch_97.json,project/results/qgat_extend100/seed2026/relation_D/validation_epoch_85.json
best_J,2026,V_select,294,15,97,85,5,4,0.6523299217224121,0.7079225182533264,0.05559259653091431,1.6282947063446045,1.4715441465377808,-0.15675055980682373,1.4664772748947144,1.4436945915222168,-0.02278268337249756,project/results/qgat_extend100/seed2026/gnn/validation_epoch_97.json,project/results/qgat_extend100/seed2026/relation_D/validation_epoch_85.json
best_J,2026,V_select,294,20,97,85,5,4,0.6523359417915344,0.7082553505897522,0.05591940879821777,1.6282727718353271,1.4720652103424072,-0.15620756149291992,1.466472327709198,1.4442879557609558,-0.022184371948242188,project/results/qgat_extend100/seed2026/gnn/validation_epoch_97.json,project/results/qgat_extend100/seed2026/relation_D/validation_epoch_85.json
best_J,2026,V_select,295,5,97,85,4,4,0.7058382630348206,0.781370997428894,0.07553273439407349,1.0935946702957153,1.299163818359375,0.20556914806365967,1.2526355981826782,1.4309529066085815,0.17831730842590332,project/results/qgat_extend100/seed2026/gnn/validation_epoch_97.json,project/results/qgat_extend100/seed2026/relation_D/validation_epoch_85.json
best_J,2026,V_select,295,10,97,85,4,4,0.7063101530075073,0.7823735475540161,0.07606339454650879,1.0974822044372559,1.3020756244659424,0.20459342002868652,1.2550512552261353,1.4334113597869873,0.17836010456085205,project/results/qgat_extend100/seed2026/gnn/validation_epoch_97.json,project/results/qgat_extend100/seed2026/relation_D/validation_epoch_85.json
best_J,2026,V_select,295,15,97,85,4,4,0.7062500715255737,0.7823861837387085,0.07613611221313477,1.0973235368728638,1.3021135330200195,0.20478999614715576,1.2549118399620056,1.4334429502487183,0.17853111028671265,project/results/qgat_extend100/seed2026/gnn/validation_epoch_97.json,project/results/qgat_extend100/seed2026/relation_D/validation_epoch_85.json
best_J,2026,V_select,295,20,97,85,4,4,0.7063178420066833,0.782400906085968,0.07608306407928467,1.097485065460205,1.3021374940872192,0.20465242862701416,1.2550603747367859,1.4334696531295776,0.17840927839279175,project/results/qgat_extend100/seed2026/gnn/validation_epoch_97.json,project/results/qgat_extend100/seed2026/relation_D/validation_epoch_85.json
best_J,2026,V_select,296,5,97,85,4,4,0.821149468421936,0.6350976228713989,-0.1860518455505371,1.5570906400680542,1.0612905025482178,-0.4958001375198364,1.5996947884559631,1.1657428741455078,-0.4339519143104553,project/results/qgat_extend100/seed2026/gnn/validation_epoch_97.json,project/results/qgat_extend100/seed2026/relation_D/validation_epoch_85.json
best_J,2026,V_select,296,10,97,85,4,4,0.8198021054267883,0.6314359903335571,-0.1883661150932312,1.5578632354736328,1.0532238483428955,-0.5046393871307373,1.5987337231636047,1.1580479145050049,-0.44068580865859985,project/results/qgat_extend100/seed2026/gnn/validation_epoch_97.json,project/results/qgat_extend100/seed2026/relation_D/validation_epoch_85.json
best_J,2026,V_select,296,15,97,85,4,4,0.8191090226173401,0.6317288875579834,-0.1873801350593567,1.5565738677978516,1.0529245138168335,-0.5036493539810181,1.5973959565162659,1.1581911444664001,-0.4392048120498657,project/results/qgat_extend100/seed2026/gnn/validation_epoch_97.json,project/results/qgat_extend100/seed2026/relation_D/validation_epoch_85.json
best_J,2026,V_select,296,20,97,85,4,4,0.8191874027252197,0.631709635257721,-0.18747776746749878,1.5566833019256592,1.0529413223266602,-0.503741979598999,1.5975290536880493,1.158180296421051,-0.4393487572669983,project/results/qgat_extend100/seed2026/gnn/validation_epoch_97.json,project/results/qgat_extend100/seed2026/relation_D/validation_epoch_85.json
best_J,2026,V_select,297,5,97,85,4,4,0.6233236193656921,0.49095261096954346,-0.13237100839614868,0.8046773672103882,0.554195761680603,-0.25048160552978516,1.0256623029708862,0.768050491809845,-0.25761181116104126,project/results/qgat_extend100/seed2026/gnn/validation_epoch_97.json,project/results/qgat_extend100/seed2026/relation_D/validation_epoch_85.json
best_J,2026,V_select,297,10,97,85,4,4,0.6221051216125488,0.4916382431983948,-0.13046687841415405,0.7999723553657532,0.5508385300636292,-0.24913382530212402,1.0220912992954254,0.7670575082302094,-0.25503379106521606,project/results/qgat_extend100/seed2026/gnn/validation_epoch_97.json,project/results/qgat_extend100/seed2026/relation_D/validation_epoch_85.json
best_J,2026,V_select,297,15,97,85,4,4,0.6218971014022827,0.4916340112686157,-0.130263090133667,0.799447238445282,0.551085352897644,-0.24836188554763794,1.0216207206249237,0.7671766877174377,-0.25444403290748596,project/results/qgat_extend100/seed2026/gnn/validation_epoch_97.json,project/results/qgat_extend100/seed2026/relation_D/validation_epoch_85.json
best_J,2026,V_select,297,20,97,85,4,4,0.6222935318946838,0.4911652207374573,-0.13112831115722656,0.7996046543121338,0.5525349378585815,-0.24706971645355225,1.0220958590507507,0.767432689666748,-0.2546631693840027,project/results/qgat_extend100/seed2026/gnn/validation_epoch_97.json,project/results/qgat_extend100/seed2026/relation_D/validation_epoch_85.json
best_J,2026,V_select,298,5,97,85,4,4,0.6630988717079163,0.7336796522140503,0.07058078050613403,1.2154148817062378,1.4155009984970093,0.20008611679077148,1.2708063125610352,1.441430151462555,0.17062383890151978,project/results/qgat_extend100/seed2026/gnn/validation_epoch_97.json,project/results/qgat_extend100/seed2026/relation_D/validation_epoch_85.json
best_J,2026,V_select,298,10,97,85,4,4,0.66349196434021,0.7318122386932373,0.06832027435302734,1.2152906656265259,1.412048101425171,0.19675743579864502,1.271137297153473,1.4378362894058228,0.16669899225234985,project/results/qgat_extend100/seed2026/gnn/validation_epoch_97.json,project/results/qgat_extend100/seed2026/relation_D/validation_epoch_85.json
best_J,2026,V_select,298,15,97,85,4,4,0.6637364029884338,0.7317684888839722,0.06803208589553833,1.2164772748947144,1.4125511646270752,0.19607388973236084,1.271975040435791,1.4380440711975098,0.16606903076171875,project/results/qgat_extend100/seed2026/gnn/validation_epoch_97.json,project/results/qgat_extend100/seed2026/relation_D/validation_epoch_85.json
best_J,2026,V_select,298,20,97,85,4,4,0.6637420654296875,0.731429934501648,0.06768786907196045,1.2165560722351074,1.4127953052520752,0.19623923301696777,1.2720201015472412,1.4378275871276855,0.16580748558044434,project/results/qgat_extend100/seed2026/gnn/validation_epoch_97.json,project/results/qgat_extend100/seed2026/relation_D/validation_epoch_85.json
best_J,2026,V_select,299,5,97,85,4,4,0.5792075991630554,0.7673991322517395,0.18819153308868408,1.3430256843566895,1.7348847389221191,0.3918590545654297,1.2507204413414001,1.634841501712799,0.3841210603713989,project/results/qgat_extend100/seed2026/gnn/validation_epoch_97.json,project/results/qgat_extend100/seed2026/relation_D/validation_epoch_85.json
best_J,2026,V_select,299,10,97,85,4,4,0.5824503898620605,0.770309567451477,0.1878591775894165,1.3521794080734253,1.7389971017837524,0.38681769371032715,1.2585400938987732,1.6398081183433533,0.3812680244445801,project/results/qgat_extend100/seed2026/gnn/validation_epoch_97.json,project/results/qgat_extend100/seed2026/relation_D/validation_epoch_85.json
best_J,2026,V_select,299,15,97,85,4,4,0.5820131301879883,0.7697354555130005,0.1877223253250122,1.350867509841919,1.7383105754852295,0.38744306564331055,1.2574468851089478,1.6388907432556152,0.3814438581466675,project/results/qgat_extend100/seed2026/gnn/validation_epoch_97.json,project/results/qgat_extend100/seed2026/relation_D/validation_epoch_85.json
best_J,2026,V_select,299,20,97,85,4,4,0.5827986598014832,0.7702231407165527,0.18742448091506958,1.3526073694229126,1.740657091140747,0.3880497217178345,1.2591023445129395,1.6405516862869263,0.3814493417739868,project/results/qgat_extend100/seed2026/gnn/validation_epoch_97.json,project/results/qgat_extend100/seed2026/relation_D/validation_epoch_85.json
best_J,2026,V_select,300,5,97,85,4,4,0.7602089643478394,0.5781911611557007,-0.18201780319213867,1.2037078142166138,1.2293707132339478,0.025662899017333984,1.3620628714561462,1.1928765177726746,-0.16918635368347168,project/results/qgat_extend100/seed2026/gnn/validation_epoch_97.json,project/results/qgat_extend100/seed2026/relation_D/validation_epoch_85.json
best_J,2026,V_select,300,10,97,85,4,4,0.7606232166290283,0.578123152256012,-0.18250006437301636,1.2044339179992676,1.2288804054260254,0.024446487426757812,1.362840175628662,1.1925633549690247,-0.17027682065963745,project/results/qgat_extend100/seed2026/gnn/validation_epoch_97.json,project/results/qgat_extend100/seed2026/relation_D/validation_epoch_85.json
best_J,2026,V_select,300,15,97,85,4,4,0.760892927646637,0.5781534314155579,-0.1827394962310791,1.2052276134490967,1.2291892766952515,0.023961663246154785,1.3635067343711853,1.1927480697631836,-0.1707586646080017,project/results/qgat_extend100/seed2026/gnn/validation_epoch_97.json,project/results/qgat_extend100/seed2026/relation_D/validation_epoch_85.json
best_J,2026,V_select,300,20,97,85,4,4,0.760892927646637,0.5781534314155579,-0.1827394962310791,1.2052276134490967,1.2291892766952515,0.023961663246154785,1.3635067343711853,1.1927480697631836,-0.1707586646080017,project/results/qgat_extend100/seed2026/gnn/validation_epoch_97.json,project/results/qgat_extend100/seed2026/relation_D/validation_epoch_85.json
best_J,2026,V_select,301,5,97,85,4,4,1.029152274131775,0.7203551530838013,-0.30879712104797363,1.7061052322387695,1.3373621702194214,-0.36874306201934814,1.8822048902511597,1.389036238193512,-0.4931686520576477,project/results/qgat_extend100/seed2026/gnn/validation_epoch_97.json,project/results/qgat_extend100/seed2026/relation_D/validation_epoch_85.json
best_J,2026,V_select,301,10,97,85,4,4,1.0289169549942017,0.7200096249580383,-0.30890733003616333,1.7047256231307983,1.3385900259017944,-0.3661355972290039,1.8812797665596008,1.3893046379089355,-0.4919751286506653,project/results/qgat_extend100/seed2026/gnn/validation_epoch_97.json,project/results/qgat_extend100/seed2026/relation_D/validation_epoch_85.json
best_J,2026,V_select,301,15,97,85,4,4,1.028668761253357,0.7177792191505432,-0.3108895421028137,1.7055473327636719,1.3360131978988647,-0.36953413486480713,1.8814424276351929,1.3857858180999756,-0.4956566095352173,project/results/qgat_extend100/seed2026/gnn/validation_epoch_97.json,project/results/qgat_extend100/seed2026/relation_D/validation_epoch_85.json
best_J,2026,V_select,301,20,97,85,4,4,1.028668761253357,0.7177792191505432,-0.3108895421028137,1.7055473327636719,1.3360131978988647,-0.36953413486480713,1.8814424276351929,1.3857858180999756,-0.4956566095352173,project/results/qgat_extend100/seed2026/gnn/validation_epoch_97.json,project/results/qgat_extend100/seed2026/relation_D/validation_epoch_85.json
best_J,2026,V_select,302,5,97,85,4,4,1.0101524591445923,0.8055235147476196,-0.20462894439697266,2.150273561477661,1.8276598453521729,-0.3226137161254883,2.085289239883423,1.719353437423706,-0.3659358024597168,project/results/qgat_extend100/seed2026/gnn/validation_epoch_97.json,project/results/qgat_extend100/seed2026/relation_D/validation_epoch_85.json
best_J,2026,V_select,302,10,97,85,4,4,1.0101962089538574,0.80707848072052,-0.2031177282333374,2.1505138874053955,1.8355203866958618,-0.3149935007095337,2.085453152656555,1.724838674068451,-0.36061447858810425,project/results/qgat_extend100/seed2026/gnn/validation_epoch_97.json,project/results/qgat_extend100/seed2026/relation_D/validation_epoch_85.json
best_J,2026,V_select,302,15,97,85,4,4,1.0102404356002808,0.8071278929710388,-0.20311254262924194,2.150582790374756,1.8358652591705322,-0.31471753120422363,2.0855318307876587,1.725060522556305,-0.36047130823135376,project/results/qgat_extend100/seed2026/gnn/validation_epoch_97.json,project/results/qgat_extend100/seed2026/relation_D/validation_epoch_85.json
best_J,2026,V_select,302,20,97,85,4,4,1.0103474855422974,0.8071316480636597,-0.2032158374786377,2.150779962539673,1.8360264301300049,-0.31475353240966797,2.085737466812134,1.725144863128662,-0.3605926036834717,project/results/qgat_extend100/seed2026/gnn/validation_epoch_97.json,project/results/qgat_extend100/seed2026/relation_D/validation_epoch_85.json
best_J,2026,V_select,303,5,97,85,4,4,0.7988758683204651,1.253465175628662,0.454589307308197,1.440069317817688,2.64741849899292,1.207349181175232,1.518910527229309,2.577174425125122,1.058263897895813,project/results/qgat_extend100/seed2026/gnn/validation_epoch_97.json,project/results/qgat_extend100/seed2026/relation_D/validation_epoch_85.json
best_J,2026,V_select,303,10,97,85,4,4,0.7921580076217651,1.2455494403839111,0.453391432762146,1.439103603363037,2.6410579681396484,1.2019543647766113,1.5117098093032837,2.5660784244537354,1.0543686151504517,project/results/qgat_extend100/seed2026/gnn/validation_epoch_97.json,project/results/qgat_extend100/seed2026/relation_D/validation_epoch_85.json
best_J,2026,V_select,303,15,97,85,4,4,0.7923234105110168,1.2459291219711304,0.4536057114601135,1.4381110668182373,2.641731023788452,1.2036199569702148,1.5113789439201355,2.5667946338653564,1.055415689945221,project/results/qgat_extend100/seed2026/gnn/validation_epoch_97.json,project/results/qgat_extend100/seed2026/relation_D/validation_epoch_85.json
best_J,2026,V_select,303,20,97,85,4,4,0.7923868894577026,1.245883584022522,0.45349669456481934,1.4382200241088867,2.6416189670562744,1.2033989429473877,1.511496901512146,2.566693067550659,1.0551961660385132,project/results/qgat_extend100/seed2026/gnn/validation_epoch_97.json,project/results/qgat_extend100/seed2026/relation_D/validation_epoch_85.json
best_J,2026,V_select,304,5,97,85,8,8,0.7739011645317078,0.6801532506942749,-0.09374791383743286,1.593412160873413,1.2933623790740967,-0.3000497817993164,1.5706072449684143,1.3268344402313232,-0.24377280473709106,project/results/qgat_extend100/seed2026/gnn/validation_epoch_97.json,project/results/qgat_extend100/seed2026/relation_D/validation_epoch_85.json
best_J,2026,V_select,304,10,97,85,8,8,0.7785599231719971,0.6861187219619751,-0.09244120121002197,1.5997707843780518,1.302760124206543,-0.2970106601715088,1.578445315361023,1.3374987840652466,-0.24094653129577637,project/results/qgat_extend100/seed2026/gnn/validation_epoch_97.json,project/results/qgat_extend100/seed2026/relation_D/validation_epoch_85.json
best_J,2026,V_select,304,15,97,85,8,8,0.778822124004364,0.6860785484313965,-0.09274357557296753,1.6003354787826538,1.3025312423706055,-0.29780423641204834,1.578989863395691,1.3373441696166992,-0.2416456937789917,project/results/qgat_extend100/seed2026/gnn/validation_epoch_97.json,project/results/qgat_extend100/seed2026/relation_D/validation_epoch_85.json
best_J,2026,V_select,304,20,97,85,8,8,0.7792465686798096,0.6861653327941895,-0.09308123588562012,1.6013219356536865,1.3027064800262451,-0.2986154556274414,1.5799075365066528,1.337518572807312,-0.24238896369934082,project/results/qgat_extend100/seed2026/gnn/validation_epoch_97.json,project/results/qgat_extend100/seed2026/relation_D/validation_epoch_85.json
best_J,2026,V_select,305,5,97,85,8,8,0.6601054668426514,0.5316457152366638,-0.12845975160598755,1.260279655456543,0.8376041650772095,-0.4226754903793335,1.2902452945709229,0.9504477977752686,-0.3397974967956543,project/results/qgat_extend100/seed2026/gnn/validation_epoch_97.json,project/results/qgat_extend100/seed2026/relation_D/validation_epoch_85.json
best_J,2026,V_select,305,10,97,85,8,8,0.6597723960876465,0.5334833860397339,-0.1262890100479126,1.2562260627746582,0.8382095098495483,-0.41801655292510986,1.2878854274749756,0.9525881409645081,-0.33529728651046753,project/results/qgat_extend100/seed2026/gnn/validation_epoch_97.json,project/results/qgat_extend100/seed2026/relation_D/validation_epoch_85.json
best_J,2026,V_select,305,15,97,85,8,8,0.6595093011856079,0.5333274006843567,-0.12618190050125122,1.2554612159729004,0.8376337885856628,-0.41782742738723755,1.287239909172058,0.9521442949771881,-0.33509561419487,project/results/qgat_extend100/seed2026/gnn/validation_epoch_97.json,project/results/qgat_extend100/seed2026/relation_D/validation_epoch_85.json
best_J,2026,V_select,305,20,97,85,8,8,0.6595379114151001,0.5333336591720581,-0.126204252243042,1.2555382251739502,0.8376592993736267,-0.4178789258003235,1.2873070240020752,0.9521633088588715,-0.33514371514320374,project/results/qgat_extend100/seed2026/gnn/validation_epoch_97.json,project/results/qgat_extend100/seed2026/relation_D/validation_epoch_85.json
best_J,2026,V_select,306,5,97,85,8,8,0.35056644678115845,0.29183369874954224,-0.05873274803161621,0.5947996377944946,0.5289074778556824,-0.06589215993881226,0.6479662656784058,0.5562874376773834,-0.09167882800102234,project/results/qgat_extend100/seed2026/gnn/validation_epoch_97.json,project/results/qgat_extend100/seed2026/relation_D/validation_epoch_85.json
best_J,2026,V_select,306,10,97,85,8,8,0.3506665527820587,0.29091283679008484,-0.05975371599197388,0.6004852056503296,0.5256748199462891,-0.07481038570404053,0.6509091556072235,0.5537502467632294,-0.09715890884399414,project/results/qgat_extend100/seed2026/gnn/validation_epoch_97.json,project/results/qgat_extend100/seed2026/relation_D/validation_epoch_85.json
best_J,2026,V_select,306,15,97,85,8,8,0.35048094391822815,0.29083845019340515,-0.059642493724823,0.6000630855560303,0.5255589485168457,-0.07450413703918457,0.6505124866962433,0.553617924451828,-0.09689456224441528,project/results/qgat_extend100/seed2026/gnn/validation_epoch_97.json,project/results/qgat_extend100/seed2026/relation_D/validation_epoch_85.json
best_J,2026,V_select,306,20,97,85,8,8,0.35051023960113525,0.29073721170425415,-0.059773027896881104,0.600165843963623,0.5253320932388306,-0.07483375072479248,0.6505931615829468,0.5534032583236694,-0.09718990325927734,project/results/qgat_extend100/seed2026/gnn/validation_epoch_97.json,project/results/qgat_extend100/seed2026/relation_D/validation_epoch_85.json
best_J,2026,V_select,307,5,97,85,8,8,0.3804311156272888,0.3915943205356598,0.011163204908370972,0.6382330656051636,0.6534020900726318,0.015169024467468262,0.6995476484298706,0.7182953655719757,0.018747717142105103,project/results/qgat_extend100/seed2026/gnn/validation_epoch_97.json,project/results/qgat_extend100/seed2026/relation_D/validation_epoch_85.json
best_J,2026,V_select,307,10,97,85,8,8,0.37959805130958557,0.3917807936668396,0.012182742357254028,0.6367660164833069,0.6538404226303101,0.017074406147003174,0.697981059551239,0.7187010049819946,0.020719945430755615,project/results/qgat_extend100/seed2026/gnn/validation_epoch_97.json,project/results/qgat_extend100/seed2026/relation_D/validation_epoch_85.json
best_J,2026,V_select,307,15,97,85,8,8,0.37951409816741943,0.39185982942581177,0.012345731258392334,0.6366469860076904,0.6539664268493652,0.017319440841674805,0.6978375911712646,0.7188430428504944,0.021005451679229736,project/results/qgat_extend100/seed2026/gnn/validation_epoch_97.json,project/results/qgat_extend100/seed2026/relation_D/validation_epoch_85.json
best_J,2026,V_select,307,20,97,85,8,8,0.379421591758728,0.3918347954750061,0.012413203716278076,0.6364507675170898,0.6538882851600647,0.017437517642974854,0.697646975517273,0.7187789380550385,0.021131962537765503,project/results/qgat_extend100/seed2026/gnn/validation_epoch_97.json,project/results/qgat_extend100/seed2026/relation_D/validation_epoch_85.json
best_J,2026,V_select,308,5,97,85,8,8,0.4213983416557312,0.3999101519584656,-0.021488189697265625,0.7785830497741699,0.9331552982330322,0.1545722484588623,0.8106898665428162,0.8664878010749817,0.05579793453216553,project/results/qgat_extend100/seed2026/gnn/validation_epoch_97.json,project/results/qgat_extend100/seed2026/relation_D/validation_epoch_85.json
best_J,2026,V_select,308,10,97,85,8,8,0.42047494649887085,0.39907100796699524,-0.02140393853187561,0.7772116661071777,0.9325141906738281,0.1553025245666504,0.8090807795524597,0.8653281033039093,0.056247323751449585,project/results/qgat_extend100/seed2026/gnn/validation_epoch_97.json,project/results/qgat_extend100/seed2026/relation_D/validation_epoch_85.json
best_J,2026,V_select,308,15,97,85,8,8,0.420448899269104,0.39932870864868164,-0.021120190620422363,0.7774398326873779,0.9330337047576904,0.1555938720703125,0.809168815612793,0.8658455610275269,0.05667674541473389,project/results/qgat_extend100/seed2026/gnn/validation_epoch_97.json,project/results/qgat_extend100/seed2026/relation_D/validation_epoch_85.json
best_J,2026,V_select,308,20,97,85,8,8,0.42061352729797363,0.3993867039680481,-0.021226823329925537,0.777969479560852,0.933181881904602,0.15521240234375,0.8095982670783997,0.8659776449203491,0.05637937784194946,project/results/qgat_extend100/seed2026/gnn/validation_epoch_97.json,project/results/qgat_extend100/seed2026/relation_D/validation_epoch_85.json
best_J,2026,V_select,309,5,97,85,8,8,0.5444538593292236,0.5450452566146851,0.0005913972854614258,1.0278847217559814,1.0245450735092163,-0.0033396482467651367,1.0583962202072144,1.0573177933692932,-0.0010784268379211426,project/results/qgat_extend100/seed2026/gnn/validation_epoch_97.json,project/results/qgat_extend100/seed2026/relation_D/validation_epoch_85.json
best_J,2026,V_select,309,10,97,85,8,8,0.5444085001945496,0.5450267791748047,0.000618278980255127,1.0276904106140137,1.0245106220245361,-0.003179788589477539,1.0582537055015564,1.0572820901870728,-0.0009716153144836426,project/results/qgat_extend100/seed2026/gnn/validation_epoch_97.json,project/results/qgat_extend100/seed2026/relation_D/validation_epoch_85.json
best_J,2026,V_select,309,15,97,85,8,8,0.5441522598266602,0.5449094772338867,0.0007572174072265625,1.027026653289795,1.0241621732711792,-0.0028644800186157227,1.0576655864715576,1.0569905638694763,-0.0006750226020812988,project/results/qgat_extend100/seed2026/gnn/validation_epoch_97.json,project/results/qgat_extend100/seed2026/relation_D/validation_epoch_85.json
best_J,2026,V_select,309,20,97,85,8,8,0.5444732904434204,0.5446251034736633,0.00015181303024291992,1.027858018875122,1.0234994888305664,-0.004358530044555664,1.0584022998809814,1.0563748478889465,-0.002027451992034912,project/results/qgat_extend100/seed2026/gnn/validation_epoch_97.json,project/results/qgat_extend100/seed2026/relation_D/validation_epoch_85.json
best_J,2026,V_select,310,5,97,85,8,8,0.8247714042663574,0.8972227573394775,0.07245135307312012,1.3817667961120605,1.6369374990463257,0.25517070293426514,1.5156548023223877,1.7156915068626404,0.20003670454025269,project/results/qgat_extend100/seed2026/gnn/validation_epoch_97.json,project/results/qgat_extend100/seed2026/relation_D/validation_epoch_85.json
best_J,2026,V_select,310,10,97,85,8,8,0.8251723051071167,0.8971542119979858,0.07198190689086914,1.383211374282837,1.6368299722671509,0.25361859798431396,1.5167779922485352,1.7155691981315613,0.19879120588302612,project/results/qgat_extend100/seed2026/gnn/validation_epoch_97.json,project/results/qgat_extend100/seed2026/relation_D/validation_epoch_85.json
best_J,2026,V_select,310,15,97,85,8,8,0.8251991868019104,0.8967362642288208,0.0715370774269104,1.3831775188446045,1.6358563899993896,0.25267887115478516,1.5167879462242126,1.7146644592285156,0.19787651300430298,project/results/qgat_extend100/seed2026/gnn/validation_epoch_97.json,project/results/qgat_extend100/seed2026/relation_D/validation_epoch_85.json
best_J,2026,V_select,310,20,97,85,8,8,0.8250519037246704,0.8972027897834778,0.07215088605880737,1.3827857971191406,1.636702299118042,0.25391650199890137,1.5164448022842407,1.7155539393424988,0.19910913705825806,project/results/qgat_extend100/seed2026/gnn/validation_epoch_97.json,project/results/qgat_extend100/seed2026/relation_D/validation_epoch_85.json
best_J,2026,V_select,311,5,97,85,8,8,0.4840056002140045,0.7256218791007996,0.24161627888679504,1.0439412593841553,1.5517065525054932,0.5077652931213379,1.0059762299060822,1.5014751553535461,0.495498925447464,project/results/qgat_extend100/seed2026/gnn/validation_epoch_97.json,project/results/qgat_extend100/seed2026/relation_D/validation_epoch_85.json
best_J,2026,V_select,311,10,97,85,8,8,0.4847800135612488,0.7256112098693848,0.240831196308136,1.0445570945739746,1.551680088043213,0.5071229934692383,1.007058560848236,1.5014512538909912,0.4943926930427551,project/results/qgat_extend100/seed2026/gnn/validation_epoch_97.json,project/results/qgat_extend100/seed2026/relation_D/validation_epoch_85.json
best_J,2026,V_select,311,15,97,85,8,8,0.48441553115844727,0.7251604795455933,0.240744948387146,1.0444295406341553,1.5504896640777588,0.5060601234436035,1.006630301475525,1.5004053115844727,0.49377501010894775,project/results/qgat_extend100/seed2026/gnn/validation_epoch_97.json,project/results/qgat_extend100/seed2026/relation_D/validation_epoch_85.json
best_J,2026,V_select,311,20,97,85,8,8,0.48477911949157715,0.7254855036735535,0.24070638418197632,1.0442168712615967,1.5512902736663818,0.5070734024047852,1.0068875551223755,1.5011306405067444,0.4942430853843689,project/results/qgat_extend100/seed2026/gnn/validation_epoch_97.json,project/results/qgat_extend100/seed2026/relation_D/validation_epoch_85.json
best_J,2026,V_select,312,5,97,85,8,8,0.3639068007469177,0.3695356249809265,0.005628824234008789,0.7988967895507812,0.7849587202072144,-0.013938069343566895,0.7633551955223083,0.7620149850845337,-0.0013402104377746582,project/results/qgat_extend100/seed2026/gnn/validation_epoch_97.json,project/results/qgat_extend100/seed2026/relation_D/validation_epoch_85.json
best_J,2026,V_select,312,10,97,85,8,8,0.3636162281036377,0.3707730174064636,0.007156789302825928,0.7982479333877563,0.7888164520263672,-0.00943148136138916,0.7627401947975159,0.7651812434196472,0.0024410486221313477,project/results/qgat_extend100/seed2026/gnn/validation_epoch_97.json,project/results/qgat_extend100/seed2026/relation_D/validation_epoch_85.json
best_J,2026,V_select,312,15,97,85,8,8,0.3637022376060486,0.37104377150535583,0.007341533899307251,0.7990312576293945,0.7892359495162964,-0.009795308113098145,0.7632178664207458,0.765661746263504,0.0024438798427581787,project/results/qgat_extend100/seed2026/gnn/validation_epoch_97.json,project/results/qgat_extend100/seed2026/relation_D/validation_epoch_85.json
best_J,2026,V_select,312,20,97,85,8,8,0.3639896810054779,0.37132805585861206,0.007338374853134155,0.8034651279449463,0.7863094806671143,-0.01715564727783203,0.765722244977951,0.7644827961921692,-0.0012394487857818604,project/results/qgat_extend100/seed2026/gnn/validation_epoch_97.json,project/results/qgat_extend100/seed2026/relation_D/validation_epoch_85.json
best_J,2026,V_select,313,5,97,85,8,6,0.2828753590583801,0.3524032235145569,0.06952786445617676,0.7862505912780762,0.8746721148490906,0.0884215235710144,0.6760006546974182,0.7897392809391022,0.11373862624168396,project/results/qgat_extend100/seed2026/gnn/validation_epoch_97.json,project/results/qgat_extend100/seed2026/relation_D/validation_epoch_85.json
best_J,2026,V_select,313,10,97,85,8,6,0.28430184721946716,0.3529740571975708,0.06867220997810364,0.7844946980476379,0.8739452958106995,0.08945059776306152,0.6765491962432861,0.7899467051029205,0.1133975088596344,project/results/qgat_extend100/seed2026/gnn/validation_epoch_97.json,project/results/qgat_extend100/seed2026/relation_D/validation_epoch_85.json
best_J,2026,V_select,313,15,97,85,8,6,0.28425413370132446,0.3526375889778137,0.06838345527648926,0.7849604487419128,0.8732531070709229,0.08829265832901001,0.6767343580722809,0.7892641425132751,0.11252978444099426,project/results/qgat_extend100/seed2026/gnn/validation_epoch_97.json,project/results/qgat_extend100/seed2026/relation_D/validation_epoch_85.json
best_J,2026,V_select,313,20,97,85,8,6,0.2846561372280121,0.3525114357471466,0.06785529851913452,0.7861588597297668,0.8725926280021667,0.0864337682723999,0.6777355670928955,0.78880774974823,0.11107218265533447,project/results/qgat_extend100/seed2026/gnn/validation_epoch_97.json,project/results/qgat_extend100/seed2026/relation_D/validation_epoch_85.json
best_J,2026,V_select,314,5,97,85,7,6,0.40376344323158264,0.3022138476371765,-0.10154959559440613,1.0217989683151245,0.8452185988426208,-0.17658036947250366,0.9146629273891449,0.7248231470584869,-0.18983978033065796,project/results/qgat_extend100/seed2026/gnn/validation_epoch_97.json,project/results/qgat_extend100/seed2026/relation_D/validation_epoch_85.json
best_J,2026,V_select,314,10,97,85,7,6,0.4045683443546295,0.30422332882881165,-0.10034501552581787,1.0229880809783936,0.8508484959602356,-0.17213958501815796,0.9160623848438263,0.7296475768089294,-0.18641480803489685,project/results/qgat_extend100/seed2026/gnn/validation_epoch_97.json,project/results/qgat_extend100/seed2026/relation_D/validation_epoch_85.json
best_J,2026,V_select,314,15,97,85,7,6,0.40465593338012695,0.3043968677520752,-0.10025906562805176,1.0232821702957153,0.8513399958610535,-0.17194217443466187,0.9162970185279846,0.7300668656826019,-0.1862301528453827,project/results/qgat_extend100/seed2026/gnn/validation_epoch_97.json,project/results/qgat_extend100/seed2026/relation_D/validation_epoch_85.json
best_J,2026,V_select,314,20,97,85,7,6,0.4042361080646515,0.3043200671672821,-0.09991604089736938,1.0218315124511719,0.8510313630104065,-0.17080014944076538,0.9151518642902374,0.7298357486724854,-0.18531611561775208,project/results/qgat_extend100/seed2026/gnn/validation_epoch_97.json,project/results/qgat_extend100/seed2026/relation_D/validation_epoch_85.json
best_J,2026,V_select,315,5,97,85,6,4,0.47445639967918396,0.4706004559993744,-0.0038559436798095703,1.283769130706787,1.1125388145446777,-0.17123031616210938,1.1163409650325775,1.0268698632717133,-0.08947110176086426,project/results/qgat_extend100/seed2026/gnn/validation_epoch_97.json,project/results/qgat_extend100/seed2026/relation_D/validation_epoch_85.json
best_J,2026,V_select,315,10,97,85,6,4,0.4705471098423004,0.46636316180229187,-0.004183948040008545,1.2744349241256714,1.105393886566162,-0.16904103755950928,1.107764571905136,1.019060105085373,-0.08870446681976318,project/results/qgat_extend100/seed2026/gnn/validation_epoch_97.json,project/results/qgat_extend100/seed2026/relation_D/validation_epoch_85.json
best_J,2026,V_select,315,15,97,85,6,4,0.4705495834350586,0.4649287760257721,-0.005620807409286499,1.2744301557540894,1.105393886566162,-0.16903626918792725,1.1077646613121033,1.0176257193088531,-0.09013894200325012,project/results/qgat_extend100/seed2026/gnn/validation_epoch_97.json,project/results/qgat_extend100/seed2026/relation_D/validation_epoch_85.json
best_J,2026,V_select,315,20,97,85,6,4,0.470451682806015,0.4648990333080292,-0.00555264949798584,1.274086594581604,1.105499029159546,-0.1685875654220581,1.107494980096817,1.0176485478878021,-0.08984643220901489,project/results/qgat_extend100/seed2026/gnn/validation_epoch_97.json,project/results/qgat_extend100/seed2026/relation_D/validation_epoch_85.json
best_J,2026,V_select,316,5,97,85,6,4,0.4922904074192047,0.4123251140117645,-0.07996529340744019,1.4007370471954346,0.8127432465553284,-0.5879938006401062,1.192658931016922,0.8186967372894287,-0.3739621937274933,project/results/qgat_extend100/seed2026/gnn/validation_epoch_97.json,project/results/qgat_extend100/seed2026/relation_D/validation_epoch_85.json
best_J,2026,V_select,316,10,97,85,6,4,0.49095284938812256,0.411533921957016,-0.07941892743110657,1.3968802690505981,0.8103439211845398,-0.5865363478660583,1.1893929839134216,0.8167058825492859,-0.37268710136413574,project/results/qgat_extend100/seed2026/gnn/validation_epoch_97.json,project/results/qgat_extend100/seed2026/relation_D/validation_epoch_85.json
best_J,2026,V_select,316,15,97,85,6,4,0.49097105860710144,0.4115186631679535,-0.07945239543914795,1.3968802690505981,0.8103439211845398,-0.5865363478660583,1.1894111931324005,0.8166906237602234,-0.3727205693721771,project/results/qgat_extend100/seed2026/gnn/validation_epoch_97.json,project/results/qgat_extend100/seed2026/relation_D/validation_epoch_85.json
best_J,2026,V_select,316,20,97,85,6,4,0.49097105860710144,0.4115186631679535,-0.07945239543914795,1.3968802690505981,0.8103439211845398,-0.5865363478660583,1.1894111931324005,0.8166906237602234,-0.3727205693721771,project/results/qgat_extend100/seed2026/gnn/validation_epoch_97.json,project/results/qgat_extend100/seed2026/relation_D/validation_epoch_85.json
best_J,2026,V_select,317,5,97,85,4,4,0.5664492845535278,0.411210298538208,-0.15523898601531982,1.0577490329742432,0.6838315725326538,-0.37391746044158936,1.0953238010406494,0.7531260848045349,-0.3421977162361145,project/results/qgat_extend100/seed2026/gnn/validation_epoch_97.json,project/results/qgat_extend100/seed2026/relation_D/validation_epoch_85.json
best_J,2026,V_select,317,10,97,85,4,4,0.5668962597846985,0.4113934338092804,-0.1555028259754181,1.0585658550262451,0.6842589974403381,-0.374306857585907,1.096179187297821,0.7535229325294495,-0.3426562547683716,project/results/qgat_extend100/seed2026/gnn/validation_epoch_97.json,project/results/qgat_extend100/seed2026/relation_D/validation_epoch_85.json
best_J,2026,V_select,317,15,97,85,4,4,0.5668894052505493,0.4113171398639679,-0.15557226538658142,1.058518648147583,0.6841534972190857,-0.3743651509284973,1.0961487293243408,0.7533938884735107,-0.3427548408508301,project/results/qgat_extend100/seed2026/gnn/validation_epoch_97.json,project/results/qgat_extend100/seed2026/relation_D/validation_epoch_85.json
best_J,2026,V_select,317,20,97,85,4,4,0.5668894052505493,0.4113171398639679,-0.15557226538658142,1.058518648147583,0.6841534972190857,-0.3743651509284973,1.0961487293243408,0.7533938884735107,-0.3427548408508301,project/results/qgat_extend100/seed2026/gnn/validation_epoch_97.json,project/results/qgat_extend100/seed2026/relation_D/validation_epoch_85.json
best_J,2026,V_select,318,5,97,85,4,4,0.3634578585624695,0.4990757703781128,0.1356179118156433,0.27460989356040955,0.7449111342430115,0.47030124068260193,0.5007628053426743,0.8715313374996185,0.3707685321569443,project/results/qgat_extend100/seed2026/gnn/validation_epoch_97.json,project/results/qgat_extend100/seed2026/relation_D/validation_epoch_85.json
best_J,2026,V_select,318,10,97,85,4,4,0.3685767352581024,0.5013631582260132,0.13278642296791077,0.28251543641090393,0.7482859492301941,0.46577051281929016,0.5098344534635544,0.8755061328411102,0.36567167937755585,project/results/qgat_extend100/seed2026/gnn/validation_epoch_97.json,project/results/qgat_extend100/seed2026/relation_D/validation_epoch_85.json
best_J,2026,V_select,318,15,97,85,4,4,0.3685538172721863,0.5013787746429443,0.13282495737075806,0.28230923414230347,0.7481068968772888,0.46579766273498535,0.509708434343338,0.8754322230815887,0.36572378873825073,project/results/qgat_extend100/seed2026/gnn/validation_epoch_97.json,project/results/qgat_extend100/seed2026/relation_D/validation_epoch_85.json
best_J,2026,V_select,318,20,97,85,4,4,0.3685538172721863,0.5013787746429443,0.13282495737075806,0.28230923414230347,0.7481068968772888,0.46579766273498535,0.509708434343338,0.8754322230815887,0.36572378873825073,project/results/qgat_extend100/seed2026/gnn/validation_epoch_97.json,project/results/qgat_extend100/seed2026/relation_D/validation_epoch_85.json
best_J,2026,V_select,319,5,97,85,4,4,0.3654940128326416,0.41376322507858276,0.04826921224594116,0.18324454128742218,0.31246742606163025,0.12922288477420807,0.4571162834763527,0.5699969381093979,0.1128806546330452,project/results/qgat_extend100/seed2026/gnn/validation_epoch_97.json,project/results/qgat_extend100/seed2026/relation_D/validation_epoch_85.json
best_J,2026,V_select,319,10,97,85,4,4,0.364816814661026,0.41347089409828186,0.04865407943725586,0.18200050294399261,0.31168463826179504,0.12968413531780243,0.4558170661330223,0.5693132132291794,0.11349614709615707,project/results/qgat_extend100/seed2026/gnn/validation_epoch_97.json,project/results/qgat_extend100/seed2026/relation_D/validation_epoch_85.json
best_J,2026,V_select,319,15,97,85,4,4,0.36545300483703613,0.41390955448150635,0.048456549644470215,0.18306681513786316,0.3128071129322052,0.12974029779434204,0.4569864124059677,0.570313110947609,0.11332669854164124,project/results/qgat_extend100/seed2026/gnn/validation_epoch_97.json,project/results/qgat_extend100/seed2026/relation_D/validation_epoch_85.json
best_J,2026,V_select,319,20,97,85,4,4,0.36545300483703613,0.41390955448150635,0.048456549644470215,0.18306681513786316,0.3128071129322052,0.12974029779434204,0.4569864124059677,0.570313110947609,0.11332669854164124,project/results/qgat_extend100/seed2026/gnn/validation_epoch_97.json,project/results/qgat_extend100/seed2026/relation_D/validation_epoch_85.json
best_J,2026,V_select,320,5,97,85,7,7,1.1561309099197388,1.068032145500183,-0.08809876441955566,2.3096072673797607,2.1720173358917236,-0.1375899314880371,2.310934543609619,2.154040813446045,-0.15689373016357422,project/results/qgat_extend100/seed2026/gnn/validation_epoch_97.json,project/results/qgat_extend100/seed2026/relation_D/validation_epoch_85.json
best_J,2026,V_select,320,10,97,85,7,7,1.1607673168182373,1.069521427154541,-0.09124588966369629,2.3193113803863525,2.176226854324341,-0.14308452606201172,2.3204230070114136,2.1576348543167114,-0.16278815269470215,project/results/qgat_extend100/seed2026/gnn/validation_epoch_97.json,project/results/qgat_extend100/seed2026/relation_D/validation_epoch_85.json
best_J,2026,V_select,320,15,97,85,7,7,1.1605415344238281,1.0694782733917236,-0.09106326103210449,2.3186447620391846,2.176110029220581,-0.14253473281860352,2.3198639154434204,2.157533288002014,-0.16233062744140625,project/results/qgat_extend100/seed2026/gnn/validation_epoch_97.json,project/results/qgat_extend100/seed2026/relation_D/validation_epoch_85.json
best_J,2026,V_select,320,20,97,85,7,7,1.160704493522644,1.0690058469772339,-0.09169864654541016,2.3190035820007324,2.1749844551086426,-0.14401912689208984,2.3202062845230103,2.156498074531555,-0.16370820999145508,project/results/qgat_extend100/seed2026/gnn/validation_epoch_97.json,project/results/qgat_extend100/seed2026/relation_D/validation_epoch_85.json
best_J,2026,V_select,321,5,97,85,7,7,0.6937424540519714,0.7510079145431519,0.05726546049118042,1.764829397201538,1.5149667263031006,-0.2498626708984375,1.5761571526527405,1.5084912776947021,-0.06766587495803833,project/results/qgat_extend100/seed2026/gnn/validation_epoch_97.json,project/results/qgat_extend100/seed2026/relation_D/validation_epoch_85.json
best_J,2026,V_select,321,10,97,85,7,7,0.6930686235427856,0.7511550784111023,0.05808645486831665,1.763312578201294,1.5152612924575806,-0.24805128574371338,1.5747249126434326,1.5087857246398926,-0.06593918800354004,project/results/qgat_extend100/seed2026/gnn/validation_epoch_97.json,project/results/qgat_extend100/seed2026/relation_D/validation_epoch_85.json
best_J,2026,V_select,321,15,97,85,7,7,0.6925843358039856,0.7515059113502502,0.05892157554626465,1.76204514503479,1.5154476165771484,-0.2465975284576416,1.5736069083213806,1.5092297196388245,-0.06437718868255615,project/results/qgat_extend100/seed2026/gnn/validation_epoch_97.json,project/results/qgat_extend100/seed2026/relation_D/validation_epoch_85.json
best_J,2026,V_select,321,20,97,85,7,7,0.6926600337028503,0.7513974905014038,0.05873745679855347,1.7625185251235962,1.5153484344482422,-0.247170090675354,1.5739192962646484,1.509071707725525,-0.06484758853912354,project/results/qgat_extend100/seed2026/gnn/validation_epoch_97.json,project/results/qgat_extend100/seed2026/relation_D/validation_epoch_85.json
best_J,2026,V_select,322,5,97,85,7,7,1.3494325876235962,1.128145456314087,-0.22128713130950928,2.2886016368865967,1.8749080896377563,-0.41369354724884033,2.4937334060668945,2.065599501132965,-0.42813390493392944,project/results/qgat_extend100/seed2026/gnn/validation_epoch_97.json,project/results/qgat_extend100/seed2026/relation_D/validation_epoch_85.json
best_J,2026,V_select,322,10,97,85,7,7,1.349395751953125,1.1280568838119507,-0.22133886814117432,2.288402557373047,1.8753454685211182,-0.4130570888519287,2.4935970306396484,2.0657296180725098,-0.42786741256713867,project/results/qgat_extend100/seed2026/gnn/validation_epoch_97.json,project/results/qgat_extend100/seed2026/relation_D/validation_epoch_85.json
best_J,2026,V_select,322,15,97,85,7,7,1.3497012853622437,1.1281567811965942,-0.22154450416564941,2.2893402576446533,1.8778008222579956,-0.4115394353866577,2.4943714141845703,2.067057192325592,-0.42731422185897827,project/results/qgat_extend100/seed2026/gnn/validation_epoch_97.json,project/results/qgat_extend100/seed2026/relation_D/validation_epoch_85.json
best_J,2026,V_select,322,20,97,85,7,7,1.350061297416687,1.1282395124435425,-0.22182178497314453,2.2901840209960938,1.8777402639389038,-0.41244375705718994,2.495153307914734,2.0671096444129944,-0.4280436635017395,project/results/qgat_extend100/seed2026/gnn/validation_epoch_97.json,project/results/qgat_extend100/seed2026/relation_D/validation_epoch_85.json
best_J,2026,V_select,323,5,97,85,7,7,0.8052095770835876,0.9188944697380066,0.11368489265441895,1.3726599216461182,1.5083789825439453,0.13571906089782715,1.4915395379066467,1.6730839610099792,0.18154442310333252,project/results/qgat_extend100/seed2026/gnn/validation_epoch_97.json,project/results/qgat_extend100/seed2026/relation_D/validation_epoch_85.json
best_J,2026,V_select,323,10,97,85,7,7,0.8053508400917053,0.9193091988563538,0.11395835876464844,1.3725205659866333,1.5093942880630493,0.13687372207641602,1.491611123085022,1.6740063428878784,0.18239521980285645,project/results/qgat_extend100/seed2026/gnn/validation_epoch_97.json,project/results/qgat_extend100/seed2026/relation_D/validation_epoch_85.json
best_J,2026,V_select,323,15,97,85,7,7,0.8046812415122986,0.9190875291824341,0.1144062876701355,1.370566487312317,1.5089550018310547,0.1383885145187378,1.489964485168457,1.6735650300979614,0.1836005449295044,project/results/qgat_extend100/seed2026/gnn/validation_epoch_97.json,project/results/qgat_extend100/seed2026/relation_D/validation_epoch_85.json
best_J,2026,V_select,323,20,97,85,7,7,0.8046198487281799,0.9190548658370972,0.11443501710891724,1.3701826333999634,1.5087844133377075,0.13860177993774414,1.4897111654281616,1.673447072505951,0.1837359070777893,project/results/qgat_extend100/seed2026/gnn/validation_epoch_97.json,project/results/qgat_extend100/seed2026/relation_D/validation_epoch_85.json
best_J,2026,V_select,324,5,97,85,7,7,0.5080819725990295,0.5455045700073242,0.03742259740829468,0.7476288676261902,1.321686029434204,0.5740571618080139,0.8818964064121246,1.2063475847244263,0.32445117831230164,project/results/qgat_extend100/seed2026/gnn/validation_epoch_97.json,project/results/qgat_extend100/seed2026/relation_D/validation_epoch_85.json
best_J,2026,V_select,324,10,97,85,7,7,0.5093673467636108,0.5451050996780396,0.03573775291442871,0.7504917979240417,1.319850206375122,0.5693584084510803,0.8846132457256317,1.2050302028656006,0.32041695713996887,project/results/qgat_extend100/seed2026/gnn/validation_epoch_97.json,project/results/qgat_extend100/seed2026/relation_D/validation_epoch_85.json
best_J,2026,V_select,324,15,97,85,7,7,0.5078044533729553,0.5462211966514587,0.03841674327850342,0.7480145692825317,1.3249903917312622,0.5769758224487305,0.8818117380142212,1.2087163925170898,0.32690465450286865,project/results/qgat_extend100/seed2026/gnn/validation_epoch_97.json,project/results/qgat_extend100/seed2026/relation_D/validation_epoch_85.json
best_J,2026,V_select,324,20,97,85,7,7,0.507696270942688,0.546295702457428,0.03859943151473999,0.7475155591964722,1.325230360031128,0.5777148008346558,0.8814540505409241,1.208910882472992,0.32745683193206787,project/results/qgat_extend100/seed2026/gnn/validation_epoch_97.json,project/results/qgat_extend100/seed2026/relation_D/validation_epoch_85.json
best_J,2026,V_select,325,5,97,85,7,7,0.7085037231445312,0.9508605599403381,0.24235683679580688,1.371774435043335,1.8892039060592651,0.5174294710159302,1.3943909406661987,1.8954625129699707,0.501071572303772,project/results/qgat_extend100/seed2026/gnn/validation_epoch_97.json,project/results/qgat_extend100/seed2026/relation_D/validation_epoch_85.json
best_J,2026,V_select,325,10,97,85,7,7,0.7085221409797668,0.9511489868164062,0.2426268458366394,1.372380256652832,1.8899002075195312,0.5175199508666992,1.3947122693061829,1.8960990905761719,0.501386821269989,project/results/qgat_extend100/seed2026/gnn/validation_epoch_97.json,project/results/qgat_extend100/seed2026/relation_D/validation_epoch_85.json
best_J,2026,V_select,325,15,97,85,7,7,0.7106475830078125,0.9516830444335938,0.24103546142578125,1.3732670545578003,1.8888274431228638,0.5155603885650635,1.3972811102867126,1.8960967659950256,0.498815655708313,project/results/qgat_extend100/seed2026/gnn/validation_epoch_97.json,project/results/qgat_extend100/seed2026/relation_D/validation_epoch_85.json
best_J,2026,V_select,325,20,97,85,7,7,0.7107130885124207,0.951572060585022,0.24085897207260132,1.3734012842178345,1.8885928392410278,0.5151915550231934,1.397413730621338,1.8958684802055359,0.498454749584198,project/results/qgat_extend100/seed2026/gnn/validation_epoch_97.json,project/results/qgat_extend100/seed2026/relation_D/validation_epoch_85.json
best_J,2026,V_select,326,5,97,85,7,7,0.6549238562583923,1.0768934488296509,0.42196959257125854,1.1407221555709839,2.0355098247528076,0.8947876691818237,1.2252849340438843,2.0946483612060547,0.8693634271621704,project/results/qgat_extend100/seed2026/gnn/validation_epoch_97.json,project/results/qgat_extend100/seed2026/relation_D/validation_epoch_85.json
best_J,2026,V_select,326,10,97,85,7,7,0.6544619202613831,1.074599027633667,0.42013710737228394,1.1382029056549072,2.0301928520202637,0.8919899463653564,1.2235633730888367,2.089695453643799,0.8661320805549622,project/results/qgat_extend100/seed2026/gnn/validation_epoch_97.json,project/results/qgat_extend100/seed2026/relation_D/validation_epoch_85.json
best_J,2026,V_select,326,15,97,85,7,7,0.6545432806015015,1.0746567249298096,0.4201134443283081,1.1383476257324219,2.030090093612671,0.891742467880249,1.2237170934677124,2.089701771736145,0.8659846782684326,project/results/qgat_extend100/seed2026/gnn/validation_epoch_97.json,project/results/qgat_extend100/seed2026/relation_D/validation_epoch_85.json
best_J,2026,V_select,326,20,97,85,7,7,0.6489425897598267,1.0706493854522705,0.42170679569244385,1.1274806261062622,2.022578716278076,0.895098090171814,1.2126829028129578,2.0819387435913086,0.8692558407783508,project/results/qgat_extend100/seed2026/gnn/validation_epoch_97.json,project/results/qgat_extend100/seed2026/relation_D/validation_epoch_85.json
best_J,2026,V_select,327,5,97,85,7,7,0.35634082555770874,0.37931880354881287,0.022977977991104126,0.6515483856201172,0.8783055543899536,0.22675716876983643,0.6821150183677673,0.8184715807437897,0.13635656237602234,project/results/qgat_extend100/seed2026/gnn/validation_epoch_97.json,project/results/qgat_extend100/seed2026/relation_D/validation_epoch_85.json
best_J,2026,V_select,327,10,97,85,7,7,0.3555903434753418,0.3795858919620514,0.023995548486709595,0.649300754070282,0.8791180849075317,0.22981733083724976,0.6802407205104828,0.8191449344158173,0.13890421390533447,project/results/qgat_extend100/seed2026/gnn/validation_epoch_97.json,project/results/qgat_extend100/seed2026/relation_D/validation_epoch_85.json
best_J,2026,V_select,327,15,97,85,7,7,0.3576087951660156,0.37877899408340454,0.021170198917388916,0.6511114239692688,0.8758562803268433,0.22474485635757446,0.68316450715065,0.8167071342468262,0.13354262709617615,project/results/qgat_extend100/seed2026/gnn/validation_epoch_97.json,project/results/qgat_extend100/seed2026/relation_D/validation_epoch_85.json
best_J,2026,V_select,327,20,97,85,7,7,0.3572275936603546,0.37863418459892273,0.021406590938568115,0.6499625444412231,0.8755632042884827,0.22560065984725952,0.6822088658809662,0.8164157867431641,0.13420692086219788,project/results/qgat_extend100/seed2026/gnn/validation_epoch_97.json,project/results/qgat_extend100/seed2026/relation_D/validation_epoch_85.json
best_J,2026,V_select,328,5,97,85,7,7,0.5165481567382812,0.48976030945777893,-0.02678784728050232,1.2171279191970825,0.7694559097290039,-0.4476720094680786,1.1251121163368225,0.8744882643222809,-0.2506238520145416,project/results/qgat_extend100/seed2026/gnn/validation_epoch_97.json,project/results/qgat_extend100/seed2026/relation_D/validation_epoch_85.json
best_J,2026,V_select,328,10,97,85,7,7,0.5167654752731323,0.4907127022743225,-0.026052772998809814,1.2174713611602783,0.7718973159790039,-0.4455740451812744,1.1255011558532715,0.8766613602638245,-0.24883979558944702,project/results/qgat_extend100/seed2026/gnn/validation_epoch_97.json,project/results/qgat_extend100/seed2026/relation_D/validation_epoch_85.json
best_J,2026,V_select,328,15,97,85,7,7,0.5167738795280457,0.4906044602394104,-0.026169419288635254,1.217514991760254,0.771692156791687,-0.4458228349685669,1.1255313754081726,0.8764505386352539,-0.2490808367729187,project/results/qgat_extend100/seed2026/gnn/validation_epoch_97.json,project/results/qgat_extend100/seed2026/relation_D/validation_epoch_85.json
best_J,2026,V_select,328,20,97,85,7,7,0.5166174173355103,0.49022966623306274,-0.02638775110244751,1.2171226739883423,0.7709792852401733,-0.44614338874816895,1.1251787543296814,0.8757193088531494,-0.24945944547653198,project/results/qgat_extend100/seed2026/gnn/validation_epoch_97.json,project/results/qgat_extend100/seed2026/relation_D/validation_epoch_85.json
best_J,2026,V_select,329,5,97,85,7,7,1.0824462175369263,0.6265485882759094,-0.45589762926101685,2.511516571044922,1.4019073247909546,-1.1096092462539673,2.338204503059387,1.3275022506713867,-1.0107022523880005,project/results/qgat_extend100/seed2026/gnn/validation_epoch_97.json,project/results/qgat_extend100/seed2026/relation_D/validation_epoch_85.json
best_J,2026,V_select,329,10,97,85,7,7,1.0825741291046143,0.625595211982727,-0.4569789171218872,2.511943817138672,1.4001978635787964,-1.1117459535598755,2.33854603767395,1.3256941437721252,-1.012851893901825,project/results/qgat_extend100/seed2026/gnn/validation_epoch_97.json,project/results/qgat_extend100/seed2026/relation_D/validation_epoch_85.json
best_J,2026,V_select,329,15,97,85,7,7,1.082316279411316,0.6249483227729797,-0.4573679566383362,2.511143207550049,1.399324655532837,-1.111818552017212,2.3378878831863403,1.3246106505393982,-1.0132772326469421,project/results/qgat_extend100/seed2026/gnn/validation_epoch_97.json,project/results/qgat_extend100/seed2026/relation_D/validation_epoch_85.json
best_J,2026,V_select,329,20,97,85,7,7,1.0820579528808594,0.6257647275924683,-0.4562932252883911,2.5103437900543213,1.401306390762329,-1.1090373992919922,2.33722984790802,1.3264179229736328,-1.0108119249343872,project/results/qgat_extend100/seed2026/gnn/validation_epoch_97.json,project/results/qgat_extend100/seed2026/relation_D/validation_epoch_85.json
best_J,2026,V_select,330,5,97,85,7,7,0.8049013018608093,0.9500937461853027,0.1451924443244934,1.4845553636550903,1.7006481885910034,0.21609282493591309,1.5471789836883545,1.8004178404808044,0.25323885679244995,project/results/qgat_extend100/seed2026/gnn/validation_epoch_97.json,project/results/qgat_extend100/seed2026/relation_D/validation_epoch_85.json
best_J,2026,V_select,330,10,97,85,7,7,0.8026179075241089,0.9509081244468689,0.14829021692276,1.4840528964996338,1.7022756338119507,0.2182227373123169,1.5446443557739258,1.8020459413528442,0.25740158557891846,project/results/qgat_extend100/seed2026/gnn/validation_epoch_97.json,project/results/qgat_extend100/seed2026/relation_D/validation_epoch_85.json
best_J,2026,V_select,330,15,97,85,7,7,0.8024231791496277,0.9513133764266968,0.1488901972770691,1.48422372341156,1.702728509902954,0.21850478649139404,1.5445350408554077,1.8026776313781738,0.2581425905227661,project/results/qgat_extend100/seed2026/gnn/validation_epoch_97.json,project/results/qgat_extend100/seed2026/relation_D/validation_epoch_85.json
best_J,2026,V_select,330,20,97,85,7,7,0.8024324178695679,0.9513177871704102,0.14888536930084229,1.4842671155929565,1.7027394771575928,0.21847236156463623,1.5445659756660461,1.8026875257492065,0.2581215500831604,project/results/qgat_extend100/seed2026/gnn/validation_epoch_97.json,project/results/qgat_extend100/seed2026/relation_D/validation_epoch_85.json
best_J,2026,V_select,331,5,97,85,7,7,0.5696712136268616,0.40224888920783997,-0.1674223244190216,1.2238126993179321,0.55172199010849,-0.6720907092094421,1.1815775632858276,0.678109884262085,-0.5034676790237427,project/results/qgat_extend100/seed2026/gnn/validation_epoch_97.json,project/results/qgat_extend100/seed2026/relation_D/validation_epoch_85.json
best_J,2026,V_select,331,10,97,85,7,7,0.5683684349060059,0.402355819940567,-0.16601261496543884,1.2200359106063843,0.5511330962181091,-0.6689028143882751,1.178386390209198,0.6779223680496216,-0.5004640221595764,project/results/qgat_extend100/seed2026/gnn/validation_epoch_97.json,project/results/qgat_extend100/seed2026/relation_D/validation_epoch_85.json
best_J,2026,V_select,331,15,97,85,7,7,0.5701919198036194,0.40383443236351013,-0.16635748744010925,1.2209192514419556,0.5539727210998535,-0.666946530342102,1.1806515455245972,0.6808207929134369,-0.4998307526111603,project/results/qgat_extend100/seed2026/gnn/validation_epoch_97.json,project/results/qgat_extend100/seed2026/relation_D/validation_epoch_85.json
best_J,2026,V_select,331,20,97,85,7,7,0.5701293349266052,0.40378332138061523,-0.16634601354599,1.2207456827163696,0.5539135336875916,-0.6668321490287781,1.18050217628479,0.680740088224411,-0.49976208806037903,project/results/qgat_extend100/seed2026/gnn/validation_epoch_97.json,project/results/qgat_extend100/seed2026/relation_D/validation_epoch_85.json
best_J,2026,V_select,332,5,97,85,7,7,0.6569455862045288,0.4681107997894287,-0.1888347864151001,1.0738991498947144,0.780094563961029,-0.2938045859336853,1.193895161151886,0.8581580817699432,-0.33573707938194275,project/results/qgat_extend100/seed2026/gnn/validation_epoch_97.json,project/results/qgat_extend100/seed2026/relation_D/validation_epoch_85.json
best_J,2026,V_select,332,10,97,85,7,7,0.6565185189247131,0.4673786759376526,-0.18913984298706055,1.0728504657745361,0.7784899473190308,-0.29436051845550537,1.1929437518119812,0.856623649597168,-0.33632010221481323,project/results/qgat_extend100/seed2026/gnn/validation_epoch_97.json,project/results/qgat_extend100/seed2026/relation_D/validation_epoch_85.json
best_J,2026,V_select,332,15,97,85,7,7,0.6568018794059753,0.4675298035144806,-0.18927207589149475,1.0732651948928833,0.7786411643028259,-0.2946240305900574,1.193434476852417,0.8568503856658936,-0.33658409118652344,project/results/qgat_extend100/seed2026/gnn/validation_epoch_97.json,project/results/qgat_extend100/seed2026/relation_D/validation_epoch_85.json
best_J,2026,V_select,332,20,97,85,7,7,0.6567837595939636,0.4675579369068146,-0.18922582268714905,1.0732578039169312,0.778713047504425,-0.2945447564125061,1.1934126615524292,0.8569144606590271,-0.3364982008934021,project/results/qgat_extend100/seed2026/gnn/validation_epoch_97.json,project/results/qgat_extend100/seed2026/relation_D/validation_epoch_85.json
best_J,2026,V_select,333,5,97,85,7,7,0.5433050394058228,0.6129401326179504,0.06963509321212769,1.02993643283844,1.261077642440796,0.23114120960235596,1.0582732558250427,1.2434789538383484,0.18520569801330566,project/results/qgat_extend100/seed2026/gnn/validation_epoch_97.json,project/results/qgat_extend100/seed2026/relation_D/validation_epoch_85.json
best_J,2026,V_select,333,10,97,85,7,7,0.5432401299476624,0.6129243969917297,0.06968426704406738,1.0298411846160889,1.260848045349121,0.23100686073303223,1.0581607222557068,1.2433484196662903,0.1851876974105835,project/results/qgat_extend100/seed2026/gnn/validation_epoch_97.json,project/results/qgat_extend100/seed2026/relation_D/validation_epoch_85.json
best_J,2026,V_select,333,15,97,85,7,7,0.5432565808296204,0.61317378282547,0.06991720199584961,1.0298513174057007,1.2615282535552979,0.23167693614959717,1.0581822395324707,1.243937909603119,0.1857556700706482,project/results/qgat_extend100/seed2026/gnn/validation_epoch_97.json,project/results/qgat_extend100/seed2026/relation_D/validation_epoch_85.json
best_J,2026,V_select,333,20,97,85,7,7,0.5432565808296204,0.61317378282547,0.06991720199584961,1.0298513174057007,1.2615282535552979,0.23167693614959717,1.0581822395324707,1.243937909603119,0.1857556700706482,project/results/qgat_extend100/seed2026/gnn/validation_epoch_97.json,project/results/qgat_extend100/seed2026/relation_D/validation_epoch_85.json
best_J,2026,V_select,334,5,97,85,7,6,0.36307239532470703,0.3604591190814972,-0.002613276243209839,0.5106869339942932,0.5818817019462585,0.07119476795196533,0.6184158623218536,0.6513999700546265,0.03298410773277283,project/results/qgat_extend100/seed2026/gnn/validation_epoch_97.json,project/results/qgat_extend100/seed2026/relation_D/validation_epoch_85.json
best_J,2026,V_select,334,10,97,85,7,6,0.3623929023742676,0.3632897734642029,0.0008968710899353027,0.508057177066803,0.5887066125869751,0.08064943552017212,0.6164214909076691,0.6576430797576904,0.04122158885002136,project/results/qgat_extend100/seed2026/gnn/validation_epoch_97.json,project/results/qgat_extend100/seed2026/relation_D/validation_epoch_85.json
best_J,2026,V_select,334,15,97,85,7,6,0.36237606406211853,0.36331143975257874,0.0009353756904602051,0.5080668926239014,0.5886954665184021,0.08062857389450073,0.6164095103740692,0.6576591730117798,0.04124966263771057,project/results/qgat_extend100/seed2026/gnn/validation_epoch_97.json,project/results/qgat_extend100/seed2026/relation_D/validation_epoch_85.json
best_J,2026,V_select,334,20,97,85,7,6,0.36237606406211853,0.36331143975257874,0.0009353756904602051,0.5080668926239014,0.5886954665184021,0.08062857389450073,0.6164095103740692,0.6576591730117798,0.04124966263771057,project/results/qgat_extend100/seed2026/gnn/validation_epoch_97.json,project/results/qgat_extend100/seed2026/relation_D/validation_epoch_85.json
best_J,2026,V_select,335,5,97,85,7,5,0.1978888213634491,0.24445877969264984,0.046569958329200745,0.19092223048210144,0.2551792860031128,0.06425705552101135,0.2933499366044998,0.37204842269420624,0.07869848608970642,project/results/qgat_extend100/seed2026/gnn/validation_epoch_97.json,project/results/qgat_extend100/seed2026/relation_D/validation_epoch_85.json
best_J,2026,V_select,335,10,97,85,7,5,0.19760234653949738,0.24405701458454132,0.046454668045043945,0.18791955709457397,0.2509360611438751,0.06301650404930115,0.29156212508678436,0.3695250451564789,0.07796292006969452,project/results/qgat_extend100/seed2026/gnn/validation_epoch_97.json,project/results/qgat_extend100/seed2026/relation_D/validation_epoch_85.json
best_J,2026,V_select,335,15,97,85,7,5,0.19752968847751617,0.24327489733695984,0.045745208859443665,0.18791955709457397,0.2509360611438751,0.06301650404930115,0.29148946702480316,0.3687429279088974,0.07725346088409424,project/results/qgat_extend100/seed2026/gnn/validation_epoch_97.json,project/results/qgat_extend100/seed2026/relation_D/validation_epoch_85.json
best_J,2026,V_select,335,20,97,85,7,5,0.19752812385559082,0.2432655245065689,0.04573740065097809,0.18791955709457397,0.2509360611438751,0.06301650404930115,0.2914879024028778,0.36873355507850647,0.07724565267562866,project/results/qgat_extend100/seed2026/gnn/validation_epoch_97.json,project/results/qgat_extend100/seed2026/relation_D/validation_epoch_85.json
best_J,2026,V_select,336,5,97,85,8,8,0.6511833667755127,0.8139569759368896,0.16277360916137695,1.214289665222168,1.6025211811065674,0.3882315158843994,1.2583281993865967,1.6152175664901733,0.35688936710357666,project/results/qgat_extend100/seed2026/gnn/validation_epoch_97.json,project/results/qgat_extend100/seed2026/relation_D/validation_epoch_85.json
best_J,2026,V_select,336,10,97,85,8,8,0.6497043371200562,0.8133615255355835,0.16365718841552734,1.2105295658111572,1.601228952407837,0.3906993865966797,1.2549691200256348,1.613976001739502,0.3590068817138672,project/results/qgat_extend100/seed2026/gnn/validation_epoch_97.json,project/results/qgat_extend100/seed2026/relation_D/validation_epoch_85.json
best_J,2026,V_select,336,15,97,85,8,8,0.6491802930831909,0.8121553659439087,0.16297507286071777,1.2102268934249878,1.6005510091781616,0.39032411575317383,1.2542937397956848,1.6124308705329895,0.3581371307373047,project/results/qgat_extend100/seed2026/gnn/validation_epoch_97.json,project/results/qgat_extend100/seed2026/relation_D/validation_epoch_85.json
best_J,2026,V_select,336,20,97,85,8,8,0.6491799354553223,0.8121557831764221,0.16297584772109985,1.2102267742156982,1.6005487442016602,0.3903219699859619,1.2542933225631714,1.6124301552772522,0.3581368327140808,project/results/qgat_extend100/seed2026/gnn/validation_epoch_97.json,project/results/qgat_extend100/seed2026/relation_D/validation_epoch_85.json
best_J,2026,V_select,337,5,97,85,8,8,0.8126169443130493,0.8844097852706909,0.0717928409576416,1.694636583328247,1.6969773769378662,0.0023407936096191406,1.6599352359771729,1.732898473739624,0.07296323776245117,project/results/qgat_extend100/seed2026/gnn/validation_epoch_97.json,project/results/qgat_extend100/seed2026/relation_D/validation_epoch_85.json
best_J,2026,V_select,337,10,97,85,8,8,0.8116807341575623,0.8838899731636047,0.07220923900604248,1.6939880847930908,1.6955819129943848,0.0015938282012939453,1.6586747765541077,1.7316809296607971,0.07300615310668945,project/results/qgat_extend100/seed2026/gnn/validation_epoch_97.json,project/results/qgat_extend100/seed2026/relation_D/validation_epoch_85.json
best_J,2026,V_select,337,15,97,85,8,8,0.8115382194519043,0.8838324546813965,0.07229423522949219,1.6940021514892578,1.6958231925964355,0.0018210411071777344,1.6585392951965332,1.7317440509796143,0.07320475578308105,project/results/qgat_extend100/seed2026/gnn/validation_epoch_97.json,project/results/qgat_extend100/seed2026/relation_D/validation_epoch_85.json
best_J,2026,V_select,337,20,97,85,8,8,0.8115565180778503,0.8837835788726807,0.07222706079483032,1.694171667098999,1.6957389116287231,0.001567244529724121,1.6586423516273499,1.7316530346870422,0.07301068305969238,project/results/qgat_extend100/seed2026/gnn/validation_epoch_97.json,project/results/qgat_extend100/seed2026/relation_D/validation_epoch_85.json
best_J,2026,V_select,338,5,97,85,8,8,0.7239300012588501,0.8792791366577148,0.15534913539886475,1.589020013809204,1.8171942234039307,0.22817420959472656,1.5184400081634521,1.7878762483596802,0.269436240196228,project/results/qgat_extend100/seed2026/gnn/validation_epoch_97.json,project/results/qgat_extend100/seed2026/relation_D/validation_epoch_85.json
best_J,2026,V_select,338,10,97,85,8,8,0.7245162129402161,0.879367470741272,0.1548512578010559,1.591040015220642,1.817665934562683,0.22662591934204102,1.520036220550537,1.7882004380226135,0.2681642174720764,project/results/qgat_extend100/seed2026/gnn/validation_epoch_97.json,project/results/qgat_extend100/seed2026/relation_D/validation_epoch_85.json
best_J,2026,V_select,338,15,97,85,8,8,0.727466344833374,0.881657600402832,0.154191255569458,1.5918842554092407,1.819759726524353,0.2278754711151123,1.5234084725379944,1.7915374636650085,0.26812899112701416,project/results/qgat_extend100/seed2026/gnn/validation_epoch_97.json,project/results/qgat_extend100/seed2026/relation_D/validation_epoch_85.json
best_J,2026,V_select,338,20,97,85,8,8,0.7274374961853027,0.8817715048789978,0.15433400869369507,1.5918831825256348,1.8199818134307861,0.22809863090515137,1.5233790874481201,1.7917624115943909,0.26838332414627075,project/results/qgat_extend100/seed2026/gnn/validation_epoch_97.json,project/results/qgat_extend100/seed2026/relation_D/validation_epoch_85.json
best_J,2026,V_select,339,5,97,85,8,8,0.8439254760742188,0.6389583945274353,-0.20496708154678345,1.871229887008667,1.3366568088531494,-0.5345730781555176,1.7795404195785522,1.30728679895401,-0.47225362062454224,project/results/qgat_extend100/seed2026/gnn/validation_epoch_97.json,project/results/qgat_extend100/seed2026/relation_D/validation_epoch_85.json
best_J,2026,V_select,339,10,97,85,8,8,0.8436212539672852,0.639517068862915,-0.20410418510437012,1.8705087900161743,1.3408900499343872,-0.5296187400817871,1.7788756489753723,1.3099620938301086,-0.46891355514526367,project/results/qgat_extend100/seed2026/gnn/validation_epoch_97.json,project/results/qgat_extend100/seed2026/relation_D/validation_epoch_85.json
best_J,2026,V_select,339,15,97,85,8,8,0.8421888947486877,0.6391671299934387,-0.20302176475524902,1.866849660873413,1.339680790901184,-0.527168869972229,1.7756137251853943,1.3090075254440308,-0.4666061997413635,project/results/qgat_extend100/seed2026/gnn/validation_epoch_97.json,project/results/qgat_extend100/seed2026/relation_D/validation_epoch_85.json
best_J,2026,V_select,339,20,97,85,8,8,0.8421444892883301,0.6391803026199341,-0.202964186668396,1.8667314052581787,1.3397841453552246,-0.5269472599029541,1.7755101919174194,1.3090723752975464,-0.46643781661987305,project/results/qgat_extend100/seed2026/gnn/validation_epoch_97.json,project/results/qgat_extend100/seed2026/relation_D/validation_epoch_85.json
best_J,2026,V_select,340,5,97,85,8,8,0.7959334850311279,0.8157249689102173,0.019791483879089355,1.5634245872497559,1.431685209274292,-0.13173937797546387,1.5776457786560059,1.5315675735473633,-0.04607820510864258,project/results/qgat_extend100/seed2026/gnn/validation_epoch_97.json,project/results/qgat_extend100/seed2026/relation_D/validation_epoch_85.json
best_J,2026,V_select,340,10,97,85,8,8,0.7950921058654785,0.8160984516143799,0.021006345748901367,1.5608420372009277,1.432831048965454,-0.12801098823547363,1.5755131244659424,1.532513976097107,-0.04299914836883545,project/results/qgat_extend100/seed2026/gnn/validation_epoch_97.json,project/results/qgat_extend100/seed2026/relation_D/validation_epoch_85.json
best_J,2026,V_select,340,15,97,85,8,8,0.796154797077179,0.8164613246917725,0.020306527614593506,1.563486099243164,1.4337782859802246,-0.12970781326293945,1.577897846698761,1.5333504676818848,-0.04454737901687622,project/results/qgat_extend100/seed2026/gnn/validation_epoch_97.json,project/results/qgat_extend100/seed2026/relation_D/validation_epoch_85.json
best_J,2026,V_select,340,20,97,85,8,8,0.7959873676300049,0.8167575597763062,0.02077019214630127,1.5628540515899658,1.4343173503875732,-0.12853670120239258,1.5774143934249878,1.5339162349700928,-0.04349815845489502,project/results/qgat_extend100/seed2026/gnn/validation_epoch_97.json,project/results/qgat_extend100/seed2026/relation_D/validation_epoch_85.json
best_J,2026,V_select,341,5,97,85,8,8,1.1524438858032227,0.9246923923492432,-0.2277514934539795,2.311367988586426,1.6995563507080078,-0.611811637878418,2.3081278800964355,1.774470567703247,-0.5336573123931885,project/results/qgat_extend100/seed2026/gnn/validation_epoch_97.json,project/results/qgat_extend100/seed2026/relation_D/validation_epoch_85.json
best_J,2026,V_select,341,10,97,85,8,8,1.152493953704834,0.924997091293335,-0.22749686241149902,2.310880184173584,1.6996946334838867,-0.6111855506896973,2.307934045791626,1.7748444080352783,-0.5330896377563477,project/results/qgat_extend100/seed2026/gnn/validation_epoch_97.json,project/results/qgat_extend100/seed2026/relation_D/validation_epoch_85.json
best_J,2026,V_select,341,15,97,85,8,8,1.1509571075439453,0.9250693321228027,-0.22588777542114258,2.306783676147461,1.6996033191680908,-0.6071803569793701,2.304348945617676,1.7748709917068481,-0.5294779539108276,project/results/qgat_extend100/seed2026/gnn/validation_epoch_97.json,project/results/qgat_extend100/seed2026/relation_D/validation_epoch_85.json
best_J,2026,V_select,341,20,97,85,8,8,1.151728630065918,0.9262646436691284,-0.22546398639678955,2.3067994117736816,1.6984283924102783,-0.6083710193634033,2.305128335952759,1.7754788398742676,-0.5296494960784912,project/results/qgat_extend100/seed2026/gnn/validation_epoch_97.json,project/results/qgat_extend100/seed2026/relation_D/validation_epoch_85.json
best_J,2026,V_select,342,5,97,85,8,8,0.5603936910629272,0.49272429943084717,-0.06766939163208008,1.0275428295135498,0.7420822381973267,-0.28546059131622314,1.0741651058197021,0.8637654185295105,-0.21039968729019165,project/results/qgat_extend100/seed2026/gnn/validation_epoch_97.json,project/results/qgat_extend100/seed2026/relation_D/validation_epoch_85.json
best_J,2026,V_select,342,10,97,85,8,8,0.5632897615432739,0.49893277883529663,-0.0643569827079773,1.025305151939392,0.7518056631088257,-0.2734994888305664,1.07594233751297,0.8748356103897095,-0.2011067271232605,project/results/qgat_extend100/seed2026/gnn/validation_epoch_97.json,project/results/qgat_extend100/seed2026/relation_D/validation_epoch_85.json
best_J,2026,V_select,342,15,97,85,8,8,0.5627269148826599,0.49791449308395386,-0.06481242179870605,1.0280393362045288,0.7480318546295166,-0.2800074815750122,1.0767465829849243,0.8719304203987122,-0.20481616258621216,project/results/qgat_extend100/seed2026/gnn/validation_epoch_97.json,project/results/qgat_extend100/seed2026/relation_D/validation_epoch_85.json
best_J,2026,V_select,342,20,97,85,8,8,0.563194751739502,0.4982067346572876,-0.06498801708221436,1.0289759635925293,0.7486460208892822,-0.28032994270324707,1.0776827335357666,0.8725297451019287,-0.2051529884338379,project/results/qgat_extend100/seed2026/gnn/validation_epoch_97.json,project/results/qgat_extend100/seed2026/relation_D/validation_epoch_85.json
best_J,2026,V_select,343,5,97,85,8,8,0.5255411863327026,0.8506484031677246,0.325107216835022,0.976365864276886,1.848961353302002,0.872595489025116,1.0137241184711456,1.7751290798187256,0.76140496134758,project/results/qgat_extend100/seed2026/gnn/validation_epoch_97.json,project/results/qgat_extend100/seed2026/relation_D/validation_epoch_85.json
best_J,2026,V_select,343,10,97,85,8,8,0.5253069996833801,0.8486607074737549,0.32335370779037476,0.9756736755371094,1.8432596921920776,0.8675860166549683,1.0131438374519348,1.7702905535697937,0.7571467161178589,project/results/qgat_extend100/seed2026/gnn/validation_epoch_97.json,project/results/qgat_extend100/seed2026/relation_D/validation_epoch_85.json
best_J,2026,V_select,343,15,97,85,8,8,0.5250778198242188,0.848587155342102,0.3235093355178833,0.9754049181938171,1.8443198204040527,0.8689149022102356,1.0127802789211273,1.7707470655441284,0.7579667866230011,project/results/qgat_extend100/seed2026/gnn/validation_epoch_97.json,project/results/qgat_extend100/seed2026/relation_D/validation_epoch_85.json
best_J,2026,V_select,343,20,97,85,8,8,0.5269902348518372,0.8520166873931885,0.3250264525413513,0.9763730764389038,1.8524644374847412,0.8760913610458374,1.015176773071289,1.778248906135559,0.76307213306427,project/results/qgat_extend100/seed2026/gnn/validation_epoch_97.json,project/results/qgat_extend100/seed2026/relation_D/validation_epoch_85.json
best_J,2026,V_select,344,5,97,85,8,8,0.5123025178909302,0.6207771301269531,0.10847461223602295,1.1313960552215576,1.548012137413025,0.4166160821914673,1.078000545501709,1.3947831988334656,0.3167826533317566,project/results/qgat_extend100/seed2026/gnn/validation_epoch_97.json,project/results/qgat_extend100/seed2026/relation_D/validation_epoch_85.json
best_J,2026,V_select,344,10,97,85,8,8,0.5129485130310059,0.6204010844230652,0.10745257139205933,1.1320856809616089,1.5486979484558105,0.41661226749420166,1.0789913535118103,1.3947500586509705,0.31575870513916016,project/results/qgat_extend100/seed2026/gnn/validation_epoch_97.json,project/results/qgat_extend100/seed2026/relation_D/validation_epoch_85.json
best_J,2026,V_select,344,15,97,85,8,8,0.5146914720535278,0.6229528188705444,0.1082613468170166,1.1353704929351807,1.5557456016540527,0.42037510871887207,1.0823767185211182,1.4008256196975708,0.31844890117645264,project/results/qgat_extend100/seed2026/gnn/validation_epoch_97.json,project/results/qgat_extend100/seed2026/relation_D/validation_epoch_85.json
best_J,2026,V_select,344,20,97,85,8,8,0.5145914554595947,0.6231908798217773,0.10859942436218262,1.135486125946045,1.556473731994629,0.420987606048584,1.0823345184326172,1.4014277458190918,0.3190932273864746,project/results/qgat_extend100/seed2026/gnn/validation_epoch_97.json,project/results/qgat_extend100/seed2026/relation_D/validation_epoch_85.json
best_J,2026,V_select,345,5,97,85,8,8,0.8294230699539185,1.2153151035308838,0.38589203357696533,1.610382318496704,2.558669328689575,0.9482870101928711,1.6346142292022705,2.4946497678756714,0.8600355386734009,project/results/qgat_extend100/seed2026/gnn/validation_epoch_97.json,project/results/qgat_extend100/seed2026/relation_D/validation_epoch_85.json
best_J,2026,V_select,345,10,97,85,8,8,0.8273925185203552,1.2128932476043701,0.3855007290840149,1.6066365242004395,2.554126739501953,0.9474902153015137,1.630710780620575,2.4899566173553467,0.8592458367347717,project/results/qgat_extend100/seed2026/gnn/validation_epoch_97.json,project/results/qgat_extend100/seed2026/relation_D/validation_epoch_85.json
best_J,2026,V_select,345,15,97,85,8,8,0.8245320916175842,1.2107460498809814,0.3862139582633972,1.6033151149749756,2.552250862121582,0.9489357471466064,1.626189649105072,2.4868714809417725,0.8606818318367004,project/results/qgat_extend100/seed2026/gnn/validation_epoch_97.json,project/results/qgat_extend100/seed2026/relation_D/validation_epoch_85.json
best_J,2026,V_select,345,20,97,85,8,8,0.8241292238235474,1.210286021232605,0.3861567974090576,1.6015799045562744,2.551342487335205,0.9497625827789307,1.6249191761016846,2.4859572649002075,0.861038088798523,project/results/qgat_extend100/seed2026/gnn/validation_epoch_97.json,project/results/qgat_extend100/seed2026/relation_D/validation_epoch_85.json
best_J,2026,V_select,346,5,97,85,8,8,0.47090134024620056,0.5299750566482544,0.05907371640205383,0.8614104986190796,0.9848207235336304,0.12341022491455078,0.9016065895557404,1.0223854184150696,0.12077882885932922,project/results/qgat_extend100/seed2026/gnn/validation_epoch_97.json,project/results/qgat_extend100/seed2026/relation_D/validation_epoch_85.json
best_J,2026,V_select,346,10,97,85,8,8,0.4707534909248352,0.5303837656974792,0.05963027477264404,0.8614135980606079,0.9860226511955261,0.12460905313491821,0.9014602899551392,1.0233950912952423,0.12193480134010315,project/results/qgat_extend100/seed2026/gnn/validation_epoch_97.json,project/results/qgat_extend100/seed2026/relation_D/validation_epoch_85.json
best_J,2026,V_select,346,15,97,85,8,8,0.4728194773197174,0.5296221375465393,0.0568026602268219,0.8711617588996887,0.9793851971626282,0.10822343826293945,0.9084003567695618,1.0193147361278534,0.11091437935829163,project/results/qgat_extend100/seed2026/gnn/validation_epoch_97.json,project/results/qgat_extend100/seed2026/relation_D/validation_epoch_85.json
best_J,2026,V_select,346,20,97,85,8,8,0.47106361389160156,0.5290718674659729,0.05800825357437134,0.868908703327179,0.9798592925071716,0.11095058917999268,0.905517965555191,1.0190015137195587,0.11348354816436768,project/results/qgat_extend100/seed2026/gnn/validation_epoch_97.json,project/results/qgat_extend100/seed2026/relation_D/validation_epoch_85.json
best_J,2026,V_select,347,5,97,85,8,8,0.7816235423088074,0.44101929664611816,-0.3406042456626892,1.6205260753631592,0.7676248550415039,-0.8529012203216553,1.591886579990387,0.8248317241668701,-0.7670548558235168,project/results/qgat_extend100/seed2026/gnn/validation_epoch_97.json,project/results/qgat_extend100/seed2026/relation_D/validation_epoch_85.json
best_J,2026,V_select,347,10,97,85,8,8,0.7825989723205566,0.4408647418022156,-0.34173423051834106,1.623141884803772,0.7687649726867676,-0.8543769121170044,1.5941699147224426,0.8252472281455994,-0.7689226865768433,project/results/qgat_extend100/seed2026/gnn/validation_epoch_97.json,project/results/qgat_extend100/seed2026/relation_D/validation_epoch_85.json
best_J,2026,V_select,347,15,97,85,8,8,0.7832881212234497,0.44077956676483154,-0.34250855445861816,1.624139666557312,0.7685421705245972,-0.8555974960327148,1.5953579545021057,0.8250506520271301,-0.7703073024749756,project/results/qgat_extend100/seed2026/gnn/validation_epoch_97.json,project/results/qgat_extend100/seed2026/relation_D/validation_epoch_85.json
best_J,2026,V_select,347,20,97,85,8,8,0.7827980518341064,0.44085070490837097,-0.3419473469257355,1.6227443218231201,0.7685331106185913,-0.8542112112045288,1.5941702127456665,0.8251172602176666,-0.7690529525279999,project/results/qgat_extend100/seed2026/gnn/validation_epoch_97.json,project/results/qgat_extend100/seed2026/relation_D/validation_epoch_85.json
best_J,2026,V_select,348,5,97,85,8,8,0.9138476848602295,0.8131633996963501,-0.1006842851638794,2.015688180923462,1.8092982769012451,-0.2063899040222168,1.9216917753219604,1.7178125381469727,-0.2038792371749878,project/results/qgat_extend100/seed2026/gnn/validation_epoch_97.json,project/results/qgat_extend100/seed2026/relation_D/validation_epoch_85.json
best_J,2026,V_select,348,10,97,85,8,8,0.9136329889297485,0.8123440146446228,-0.10128897428512573,2.015449047088623,1.8067725896835327,-0.20867645740509033,1.92135751247406,1.7157303094863892,-0.2056272029876709,project/results/qgat_extend100/seed2026/gnn/validation_epoch_97.json,project/results/qgat_extend100/seed2026/relation_D/validation_epoch_85.json
best_J,2026,V_select,348,15,97,85,8,8,0.9153926372528076,0.8144717812538147,-0.10092085599899292,2.0158557891845703,1.8079314231872559,-0.20792436599731445,1.9233205318450928,1.7184374928474426,-0.20488303899765015,project/results/qgat_extend100/seed2026/gnn/validation_epoch_97.json,project/results/qgat_extend100/seed2026/relation_D/validation_epoch_85.json
best_J,2026,V_select,348,20,97,85,8,8,0.9160273671150208,0.8149166107177734,-0.10111075639724731,2.017202615737915,1.8092000484466553,-0.20800256729125977,1.9246286749839783,1.719516634941101,-0.2051120400428772,project/results/qgat_extend100/seed2026/gnn/validation_epoch_97.json,project/results/qgat_extend100/seed2026/relation_D/validation_epoch_85.json
best_J,2026,V_select,349,5,97,85,8,8,0.9757659435272217,0.6219732761383057,-0.353792667388916,2.131155490875244,1.2946114540100098,-0.8365440368652344,2.0413436889648438,1.2692790031433105,-0.7720646858215332,project/results/qgat_extend100/seed2026/gnn/validation_epoch_97.json,project/results/qgat_extend100/seed2026/relation_D/validation_epoch_85.json
best_J,2026,V_select,349,10,97,85,8,8,0.978276252746582,0.6196601390838623,-0.3586161136627197,2.133531093597412,1.2938463687896729,-0.8396847248077393,2.045041799545288,1.2665833234786987,-0.7784584760665894,project/results/qgat_extend100/seed2026/gnn/validation_epoch_97.json,project/results/qgat_extend100/seed2026/relation_D/validation_epoch_85.json
best_J,2026,V_select,349,15,97,85,8,8,0.9790547490119934,0.6190517544746399,-0.3600029945373535,2.1351358890533447,1.2928251028060913,-0.8423107862472534,2.0466226935386658,1.2654643058776855,-0.7811583876609802,project/results/qgat_extend100/seed2026/gnn/validation_epoch_97.json,project/results/qgat_extend100/seed2026/relation_D/validation_epoch_85.json
best_J,2026,V_select,349,20,97,85,8,8,0.9791315793991089,0.619198203086853,-0.35993337631225586,2.1354546546936035,1.2931909561157227,-0.8422636985778809,2.0468589067459106,1.2657936811447144,-0.7810652256011963,project/results/qgat_extend100/seed2026/gnn/validation_epoch_97.json,project/results/qgat_extend100/seed2026/relation_D/validation_epoch_85.json
best_J,2026,V_select,350,5,97,85,8,8,1.0448198318481445,0.6845333576202393,-0.3602864742279053,2.575998067855835,1.2120872735977173,-1.3639107942581177,2.332818865776062,1.290576994419098,-1.0422418713569641,project/results/qgat_extend100/seed2026/gnn/validation_epoch_97.json,project/results/qgat_extend100/seed2026/relation_D/validation_epoch_85.json
best_J,2026,V_select,350,10,97,85,8,8,1.0464208126068115,0.686264157295227,-0.3601566553115845,2.5761876106262207,1.212713360786438,-1.3634742498397827,2.334514617919922,1.292620837688446,-1.0418937802314758,project/results/qgat_extend100/seed2026/gnn/validation_epoch_97.json,project/results/qgat_extend100/seed2026/relation_D/validation_epoch_85.json
best_J,2026,V_select,350,15,97,85,8,8,1.047975778579712,0.68867027759552,-0.3593055009841919,2.5769917964935303,1.2147332429885864,-1.3622585535049438,2.336471676826477,1.2960368990898132,-1.0404347777366638,project/results/qgat_extend100/seed2026/gnn/validation_epoch_97.json,project/results/qgat_extend100/seed2026/relation_D/validation_epoch_85.json
best_J,2026,V_select,350,20,97,85,8,8,1.0479881763458252,0.6886902451515198,-0.3592979311943054,2.5770351886749268,1.2147969007492065,-1.3622382879257202,2.3365057706832886,1.296088695526123,-1.0404170751571655,project/results/qgat_extend100/seed2026/gnn/validation_epoch_97.json,project/results/qgat_extend100/seed2026/relation_D/validation_epoch_85.json
best_J,2026,V_select,351,5,97,85,8,8,1.4339889287948608,0.5227694511413574,-0.9112194776535034,3.2265565395355225,1.0373352766036987,-2.1892212629318237,3.047267198562622,1.0414370894432068,-2.0058301091194153,project/results/qgat_extend100/seed2026/gnn/validation_epoch_97.json,project/results/qgat_extend100/seed2026/relation_D/validation_epoch_85.json
best_J,2026,V_select,351,10,97,85,8,8,1.4388513565063477,0.5241420269012451,-0.9147093296051025,3.236605644226074,1.0441287755966187,-2.1924768686294556,3.0571541786193848,1.0462064146995544,-2.0109477639198303,project/results/qgat_extend100/seed2026/gnn/validation_epoch_97.json,project/results/qgat_extend100/seed2026/relation_D/validation_epoch_85.json
best_J,2026,V_select,351,15,97,85,8,8,1.4390262365341187,0.5240616798400879,-0.9149645566940308,3.236884355545044,1.0440287590026855,-2.1928555965423584,3.0574684143066406,1.0460760593414307,-2.01139235496521,project/results/qgat_extend100/seed2026/gnn/validation_epoch_97.json,project/results/qgat_extend100/seed2026/relation_D/validation_epoch_85.json
best_J,2026,V_select,351,20,97,85,8,8,1.4390242099761963,0.5241148471832275,-0.9149093627929688,3.2368807792663574,1.0442535877227783,-2.192627191543579,3.057464599609375,1.0462416410446167,-2.0112229585647583,project/results/qgat_extend100/seed2026/gnn/validation_epoch_97.json,project/results/qgat_extend100/seed2026/relation_D/validation_epoch_85.json
best_J,2026,V_select,352,5,97,85,8,8,1.5175065994262695,1.2934784889221191,-0.2240281105041504,3.562060832977295,3.018589973449707,-0.5434708595275879,3.298537015914917,2.8027734756469727,-0.49576354026794434,project/results/qgat_extend100/seed2026/gnn/validation_epoch_97.json,project/results/qgat_extend100/seed2026/relation_D/validation_epoch_85.json
best_J,2026,V_select,352,10,97,85,8,8,1.5242705345153809,1.299678921699524,-0.22459161281585693,3.573420763015747,3.032179355621338,-0.5412414073944092,3.3109809160232544,2.815768599510193,-0.4952123165130615,project/results/qgat_extend100/seed2026/gnn/validation_epoch_97.json,project/results/qgat_extend100/seed2026/relation_D/validation_epoch_85.json
best_J,2026,V_select,352,15,97,85,8,8,1.5234639644622803,1.299638032913208,-0.22382593154907227,3.5715861320495605,3.0322983264923096,-0.539287805557251,3.3092570304870605,2.815787196159363,-0.49346983432769775,project/results/qgat_extend100/seed2026/gnn/validation_epoch_97.json,project/results/qgat_extend100/seed2026/relation_D/validation_epoch_85.json
best_J,2026,V_select,352,20,97,85,8,8,1.5233941078186035,1.299674153327942,-0.22371995449066162,3.571359395980835,3.0323262214660645,-0.5390331745147705,3.309073805809021,2.815837264060974,-0.4932365417480469,project/results/qgat_extend100/seed2026/gnn/validation_epoch_97.json,project/results/qgat_extend100/seed2026/relation_D/validation_epoch_85.json
best_J,2026,V_select,353,5,97,85,8,8,1.0546895265579224,0.8417754173278809,-0.2129141092300415,1.633144736289978,1.5187253952026367,-0.11441934108734131,1.8712618947029114,1.6011381149291992,-0.27012377977371216,project/results/qgat_extend100/seed2026/gnn/validation_epoch_97.json,project/results/qgat_extend100/seed2026/relation_D/validation_epoch_85.json
best_J,2026,V_select,353,10,97,85,8,8,1.0546212196350098,0.8420547246932983,-0.21256649494171143,1.6366262435913086,1.519991397857666,-0.11663484573364258,1.872934341430664,1.6020504236221313,-0.2708839178085327,project/results/qgat_extend100/seed2026/gnn/validation_epoch_97.json,project/results/qgat_extend100/seed2026/relation_D/validation_epoch_85.json
best_J,2026,V_select,353,15,97,85,8,8,1.0544047355651855,0.8417311310768127,-0.2126736044883728,1.63563871383667,1.5198547840118408,-0.1157839298248291,1.8722240924835205,1.6016585230827332,-0.27056556940078735,project/results/qgat_extend100/seed2026/gnn/validation_epoch_97.json,project/results/qgat_extend100/seed2026/relation_D/validation_epoch_85.json
best_J,2026,V_select,353,20,97,85,8,8,1.047839641571045,0.8371115922927856,-0.21072804927825928,1.622117280960083,1.4936339855194092,-0.12848329544067383,1.8588982820510864,1.5839285850524902,-0.2749696969985962,project/results/qgat_extend100/seed2026/gnn/validation_epoch_97.json,project/results/qgat_extend100/seed2026/relation_D/validation_epoch_85.json
best_J,2026,V_select,354,5,97,85,8,8,1.2424519062042236,1.403618335723877,0.16116642951965332,2.199101686477661,2.60017991065979,0.4010782241821289,2.342002749443054,2.703708291053772,0.3617055416107178,project/results/qgat_extend100/seed2026/gnn/validation_epoch_97.json,project/results/qgat_extend100/seed2026/relation_D/validation_epoch_85.json
best_J,2026,V_select,354,10,97,85,8,8,1.2417042255401611,1.4026119709014893,0.16090774536132812,2.1966676712036133,2.5968177318573,0.4001500606536865,2.3400380611419678,2.701020836830139,0.3609827756881714,project/results/qgat_extend100/seed2026/gnn/validation_epoch_97.json,project/results/qgat_extend100/seed2026/relation_D/validation_epoch_85.json
best_J,2026,V_select,354,15,97,85,8,8,1.2416247129440308,1.4034299850463867,0.16180527210235596,2.196406841278076,2.5985751152038574,0.40216827392578125,2.339828133583069,2.7027175426483154,0.3628894090652466,project/results/qgat_extend100/seed2026/gnn/validation_epoch_97.json,project/results/qgat_extend100/seed2026/relation_D/validation_epoch_85.json
best_J,2026,V_select,354,20,97,85,8,8,1.2404842376708984,1.4009883403778076,0.16050410270690918,2.193605899810791,2.5928544998168945,0.3992486000061035,2.337287187576294,2.697415590286255,0.36012840270996094,project/results/qgat_extend100/seed2026/gnn/validation_epoch_97.json,project/results/qgat_extend100/seed2026/relation_D/validation_epoch_85.json
best_J,2026,V_select,355,5,97,85,8,8,0.6544736623764038,0.6133593916893005,-0.04111427068710327,1.408818244934082,1.3565073013305664,-0.052310943603515625,1.3588827848434448,1.2916130423545837,-0.06726974248886108,project/results/qgat_extend100/seed2026/gnn/validation_epoch_97.json,project/results/qgat_extend100/seed2026/relation_D/validation_epoch_85.json
best_J,2026,V_select,355,10,97,85,8,8,0.6541938781738281,0.6138678789138794,-0.04032599925994873,1.4088985919952393,1.3564220666885376,-0.05247652530670166,1.3586431741714478,1.2920789122581482,-0.06656426191329956,project/results/qgat_extend100/seed2026/gnn/validation_epoch_97.json,project/results/qgat_extend100/seed2026/relation_D/validation_epoch_85.json
best_J,2026,V_select,355,15,97,85,8,8,0.6542711853981018,0.6139158010482788,-0.040355384349823,1.4090094566345215,1.3565611839294434,-0.052448272705078125,1.3587759137153625,1.2921963930130005,-0.06657952070236206,project/results/qgat_extend100/seed2026/gnn/validation_epoch_97.json,project/results/qgat_extend100/seed2026/relation_D/validation_epoch_85.json
best_J,2026,V_select,355,20,97,85,8,8,0.6542999744415283,0.613838255405426,-0.040461719036102295,1.409193992614746,1.3564131259918213,-0.052780866622924805,1.3588969707489014,1.2920448184013367,-0.0668521523475647,project/results/qgat_extend100/seed2026/gnn/validation_epoch_97.json,project/results/qgat_extend100/seed2026/relation_D/validation_epoch_85.json
best_J,2026,V_select,356,5,97,85,8,7,0.4254520535469055,0.5220593214035034,0.0966072678565979,0.44249227643013,0.6153689622879028,0.17287668585777283,0.6466981917619705,0.8297438025474548,0.18304561078548431,project/results/qgat_extend100/seed2026/gnn/validation_epoch_97.json,project/results/qgat_extend100/seed2026/relation_D/validation_epoch_85.json
best_J,2026,V_select,356,10,97,85,8,7,0.42556530237197876,0.5221365094184875,0.09657120704650879,0.4431817829608917,0.6156554818153381,0.1724736988544464,0.6471561938524246,0.8299642503261566,0.182808056473732,project/results/qgat_extend100/seed2026/gnn/validation_epoch_97.json,project/results/qgat_extend100/seed2026/relation_D/validation_epoch_85.json
best_J,2026,V_select,356,15,97,85,8,7,0.4198596477508545,0.5162432789802551,0.09638363122940063,0.43257781863212585,0.6057441830635071,0.17316636443138123,0.6361485570669174,0.8191153705120087,0.18296681344509125,project/results/qgat_extend100/seed2026/gnn/validation_epoch_97.json,project/results/qgat_extend100/seed2026/relation_D/validation_epoch_85.json
best_J,2026,V_select,356,20,97,85,8,7,0.41994595527648926,0.5162777900695801,0.09633183479309082,0.4327952563762665,0.6057208776473999,0.17292562127113342,0.6363435834646225,0.81913822889328,0.18279464542865753,project/results/qgat_extend100/seed2026/gnn/validation_epoch_97.json,project/results/qgat_extend100/seed2026/relation_D/validation_epoch_85.json
best_J,2026,V_select,357,5,97,85,8,7,0.2002038061618805,0.1998499482870102,-0.0003538578748703003,0.37051302194595337,0.40195393562316895,0.031440913677215576,0.3854603171348572,0.40082691609859467,0.015366598963737488,project/results/qgat_extend100/seed2026/gnn/validation_epoch_97.json,project/results/qgat_extend100/seed2026/relation_D/validation_epoch_85.json
best_J,2026,V_select,357,10,97,85,8,7,0.2000613510608673,0.19981011748313904,-0.0002512335777282715,0.37006625533103943,0.40178123116493225,0.03171497583389282,0.385094478726387,0.40070073306560516,0.01560625433921814,project/results/qgat_extend100/seed2026/gnn/validation_epoch_97.json,project/results/qgat_extend100/seed2026/relation_D/validation_epoch_85.json
best_J,2026,V_select,357,15,97,85,8,7,0.20001736283302307,0.19987386465072632,-0.00014349818229675293,0.3698902130126953,0.40186265110969543,0.03197243809700012,0.3849624693393707,0.40080519020557404,0.015842720866203308,project/results/qgat_extend100/seed2026/gnn/validation_epoch_97.json,project/results/qgat_extend100/seed2026/relation_D/validation_epoch_85.json
best_J,2026,V_select,357,20,97,85,8,7,0.2004881501197815,0.1989508867263794,-0.0015372633934020996,0.3724328875541687,0.4010213315486908,0.028588443994522095,0.38670459389686584,0.3994615525007248,0.012756958603858948,project/results/qgat_extend100/seed2026/gnn/validation_epoch_97.json,project/results/qgat_extend100/seed2026/relation_D/validation_epoch_85.json
best_J,2026,V_select,358,5,97,85,7,7,0.04478561878204346,0.05114701762795448,0.006361398845911026,0.09928102046251297,0.10664667189121246,0.007365651428699493,0.09442612901329994,0.10447035357356071,0.010044224560260773,project/results/qgat_extend100/seed2026/gnn/validation_epoch_97.json,project/results/qgat_extend100/seed2026/relation_D/validation_epoch_85.json
best_J,2026,V_select,358,10,97,85,7,7,0.04403699189424515,0.051091764122247696,0.007054772228002548,0.0972607284784317,0.10640512406826019,0.009144395589828491,0.092667356133461,0.10429432615637779,0.011626970022916794,project/results/qgat_extend100/seed2026/gnn/validation_epoch_97.json,project/results/qgat_extend100/seed2026/relation_D/validation_epoch_85.json
best_J,2026,V_select,358,15,97,85,7,7,0.043388932943344116,0.051178332418203354,0.007789399474859238,0.09518076479434967,0.10665915906429291,0.011478394269943237,0.09097931534051895,0.10450791195034981,0.013528596609830856,project/results/qgat_extend100/seed2026/gnn/validation_epoch_97.json,project/results/qgat_extend100/seed2026/relation_D/validation_epoch_85.json
best_J,2026,V_select,358,20,97,85,7,7,0.0434039905667305,0.05117741972208023,0.0077734291553497314,0.09521719068288803,0.10665743052959442,0.01144023984670639,0.09101258590817451,0.10450613498687744,0.013493549078702927,project/results/qgat_extend100/seed2026/gnn/validation_epoch_97.json,project/results/qgat_extend100/seed2026/relation_D/validation_epoch_85.json
best_J,2026,V_select,359,5,97,85,7,7,0.017538020387291908,0.016440315172076225,-0.001097705215215683,0.02822302095592022,0.02096358872950077,-0.007259432226419449,0.03164953086525202,0.02692210953682661,-0.004727421328425407,project/results/qgat_extend100/seed2026/gnn/validation_epoch_97.json,project/results/qgat_extend100/seed2026/relation_D/validation_epoch_85.json
best_J,2026,V_select,359,10,97,85,7,7,0.017535438761115074,0.016433756798505783,-0.001101681962609291,0.028211915865540504,0.020955966785550117,-0.007255949079990387,0.031641396693885326,0.026911740191280842,-0.0047296565026044846,project/results/qgat_extend100/seed2026/gnn/validation_epoch_97.json,project/results/qgat_extend100/seed2026/relation_D/validation_epoch_85.json
best_J,2026,V_select,359,15,97,85,7,7,0.017543211579322815,0.016454514116048813,-0.001088697463274002,0.028220927342772484,0.020998988300561905,-0.007221939042210579,0.03165367525070906,0.026954008266329765,-0.0046996669843792915,project/results/qgat_extend100/seed2026/gnn/validation_epoch_97.json,project/results/qgat_extend100/seed2026/relation_D/validation_epoch_85.json
best_J,2026,V_select,359,20,97,85,7,7,0.01754261925816536,0.016453607007861137,-0.001089012250304222,0.028218938037753105,0.020996281877160072,-0.007222656160593033,0.03165208827704191,0.026951747946441174,-0.0047003403306007385,project/results/qgat_extend100/seed2026/gnn/validation_epoch_97.json,project/results/qgat_extend100/seed2026/relation_D/validation_epoch_85.json
best_J,2026,V_select,360,5,97,85,7,7,0.01422145776450634,0.014095248654484749,-0.0001262091100215912,0.022165974602103233,0.019543299451470375,-0.0026226751506328583,0.025304445065557957,0.023866898380219936,-0.0014375466853380203,project/results/qgat_extend100/seed2026/gnn/validation_epoch_97.json,project/results/qgat_extend100/seed2026/relation_D/validation_epoch_85.json
best_J,2026,V_select,360,10,97,85,7,7,0.014216925017535686,0.014109932817518711,-0.0001069922000169754,0.022158265113830566,0.019568461924791336,-0.0025898031890392303,0.02529605757445097,0.02389416377991438,-0.0014018937945365906,project/results/qgat_extend100/seed2026/gnn/validation_epoch_97.json,project/results/qgat_extend100/seed2026/relation_D/validation_epoch_85.json
best_J,2026,V_select,360,15,97,85,7,7,0.014216914772987366,0.014109939336776733,-0.00010697543621063232,0.022158265113830566,0.01956852339208126,-0.0025897417217493057,0.02529604732990265,0.023894201032817364,-0.0014018462970852852,project/results/qgat_extend100/seed2026/gnn/validation_epoch_97.json,project/results/qgat_extend100/seed2026/relation_D/validation_epoch_85.json
best_J,2026,V_select,360,20,97,85,7,7,0.014219111762940884,0.01410976704210043,-0.0001093447208404541,0.022156596183776855,0.019568337127566338,-0.002588259056210518,0.02529740985482931,0.0238939356058836,-0.001403474248945713,project/results/qgat_extend100/seed2026/gnn/validation_epoch_97.json,project/results/qgat_extend100/seed2026/relation_D/validation_epoch_85.json
best_J,2026,V_select,361,5,97,85,7,7,0.014048601500689983,0.013184666633605957,-0.0008639348670840263,0.030164828523993492,0.02497432567179203,-0.005190502852201462,0.02913101576268673,0.025671829469501972,-0.0034591862931847572,project/results/qgat_extend100/seed2026/gnn/validation_epoch_97.json,project/results/qgat_extend100/seed2026/relation_D/validation_epoch_85.json
best_J,2026,V_select,361,10,97,85,7,7,0.015433420427143574,0.015471433289349079,3.801286220550537e-05,0.03176921233534813,0.02777811698615551,-0.003991095349192619,0.03131802659481764,0.029360491782426834,-0.0019575348123908043,project/results/qgat_extend100/seed2026/gnn/validation_epoch_97.json,project/results/qgat_extend100/seed2026/relation_D/validation_epoch_85.json
best_J,2026,V_select,361,15,97,85,7,7,0.015436621382832527,0.015474741347134113,3.811996430158615e-05,0.031773872673511505,0.027783887460827827,-0.003989985212683678,0.03132355771958828,0.029366685077548027,-0.0019568726420402527,project/results/qgat_extend100/seed2026/gnn/validation_epoch_97.json,project/results/qgat_extend100/seed2026/relation_D/validation_epoch_85.json
best_J,2026,V_select,361,20,97,85,7,7,0.015436599962413311,0.015474608168005943,3.8008205592632294e-05,0.03177374601364136,0.027783799916505814,-0.003989946097135544,0.03132347296923399,0.02936650812625885,-0.0019569648429751396,project/results/qgat_extend100/seed2026/gnn/validation_epoch_97.json,project/results/qgat_extend100/seed2026/relation_D/validation_epoch_85.json
best_J,2026,V_select,362,5,97,85,7,7,0.0470719151198864,0.0466751791536808,-0.0003967359662055969,0.20381426811218262,0.19914500415325165,-0.004669263958930969,0.1489790491759777,0.14624768123030663,-0.0027313679456710815,project/results/qgat_extend100/seed2026/gnn/validation_epoch_97.json,project/results/qgat_extend100/seed2026/relation_D/validation_epoch_85.json
best_J,2026,V_select,362,10,97,85,7,7,0.042558807879686356,0.04187547415494919,-0.0006833337247371674,0.19345390796661377,0.18896842002868652,-0.004485487937927246,0.13928576186299324,0.13635968416929245,-0.0029260776937007904,project/results/qgat_extend100/seed2026/gnn/validation_epoch_97.json,project/results/qgat_extend100/seed2026/relation_D/validation_epoch_85.json
best_J,2026,V_select,362,15,97,85,7,7,0.04197033867239952,0.040694016963243484,-0.0012763217091560364,0.1947663128376007,0.1864127665758133,-0.008353546261787415,0.13935349509119987,0.13390040025115013,-0.005453094840049744,project/results/qgat_extend100/seed2026/gnn/validation_epoch_97.json,project/results/qgat_extend100/seed2026/relation_D/validation_epoch_85.json
best_J,2026,V_select,362,20,97,85,7,7,0.04197032004594803,0.040693845599889755,-0.0012764744460582733,0.19476625323295593,0.18641063570976257,-0.00835561752319336,0.139353446662426,0.13389916345477104,-0.005454283207654953,project/results/qgat_extend100/seed2026/gnn/validation_epoch_97.json,project/results/qgat_extend100/seed2026/relation_D/validation_epoch_85.json
best_J,2026,V_select,363,5,97,85,7,7,0.36322566866874695,0.36210888624191284,-0.0011167824268341064,1.3879436254501343,1.3793747425079346,-0.008568882942199707,1.057197481393814,1.0517962574958801,-0.00540122389793396,project/results/qgat_extend100/seed2026/gnn/validation_epoch_97.json,project/results/qgat_extend100/seed2026/relation_D/validation_epoch_85.json
best_J,2026,V_select,363,10,97,85,7,7,0.36322298645973206,0.3621353507041931,-0.0010876357555389404,1.387931227684021,1.3794269561767578,-0.008504271507263184,1.0571886003017426,1.051848828792572,-0.005339771509170532,project/results/qgat_extend100/seed2026/gnn/validation_epoch_97.json,project/results/qgat_extend100/seed2026/relation_D/validation_epoch_85.json
best_J,2026,V_select,363,15,97,85,7,7,0.36322274804115295,0.36213549971580505,-0.0010872483253479004,1.3879311084747314,1.3794269561767578,-0.008504152297973633,1.0571883022785187,1.051848977804184,-0.005339324474334717,project/results/qgat_extend100/seed2026/gnn/validation_epoch_97.json,project/results/qgat_extend100/seed2026/relation_D/validation_epoch_85.json
best_J,2026,V_select,363,20,97,85,7,7,0.3608594834804535,0.35958459973335266,-0.00127488374710083,1.3843576908111572,1.3758586645126343,-0.00849902629852295,1.053038328886032,1.0475139319896698,-0.005524396896362305,project/results/qgat_extend100/seed2026/gnn/validation_epoch_97.json,project/results/qgat_extend100/seed2026/relation_D/validation_epoch_85.json
best_J,2026,V_select,364,5,97,85,7,7,0.3705645501613617,0.7842138409614563,0.4136492908000946,0.7383733987808228,1.740081548690796,1.0017081499099731,0.7397512495517731,1.6542546153068542,0.9145033657550812,project/results/qgat_extend100/seed2026/gnn/validation_epoch_97.json,project/results/qgat_extend100/seed2026/relation_D/validation_epoch_85.json
best_J,2026,V_select,364,10,97,85,7,7,0.3814148008823395,0.7743183970451355,0.392903596162796,0.7658929824829102,1.7110862731933594,0.9451932907104492,0.7643612921237946,1.6298615336418152,0.8655002415180206,project/results/qgat_extend100/seed2026/gnn/validation_epoch_97.json,project/results/qgat_extend100/seed2026/relation_D/validation_epoch_85.json
best_J,2026,V_select,364,15,97,85,7,7,0.38155072927474976,0.7742987275123596,0.39274799823760986,0.766208291053772,1.7110191583633423,0.9448108673095703,0.7646548748016357,1.6298083066940308,0.865153431892395,project/results/qgat_extend100/seed2026/gnn/validation_epoch_97.json,project/results/qgat_extend100/seed2026/relation_D/validation_epoch_85.json
best_J,2026,V_select,364,20,97,85,7,7,0.3815542161464691,0.774299144744873,0.39274492859840393,0.7662191987037659,1.7110192775726318,0.944800078868866,0.764663815498352,1.629808783531189,0.8651449680328369,project/results/qgat_extend100/seed2026/gnn/validation_epoch_97.json,project/results/qgat_extend100/seed2026/relation_D/validation_epoch_85.json
best_J,2026,V_select,365,5,97,85,7,7,0.615902841091156,0.3246477544307709,-0.29125508666038513,1.3520382642745972,0.6955361366271973,-0.6565021276473999,1.2919219732284546,0.6724158227443695,-0.6195061504840851,project/results/qgat_extend100/seed2026/gnn/validation_epoch_97.json,project/results/qgat_extend100/seed2026/relation_D/validation_epoch_85.json
best_J,2026,V_select,365,10,97,85,7,7,0.6137474775314331,0.3183595538139343,-0.2953879237174988,1.3511296510696411,0.6844730377197266,-0.6666566133499146,1.2893123030662537,0.6605960726737976,-0.628716230392456,project/results/qgat_extend100/seed2026/gnn/validation_epoch_97.json,project/results/qgat_extend100/seed2026/relation_D/validation_epoch_85.json
best_J,2026,V_select,365,15,97,85,7,7,0.6138091683387756,0.31828027963638306,-0.2955288887023926,1.351628303527832,0.6843569874763489,-0.6672713160514832,1.2896233201026917,0.6604587733745575,-0.6291645467281342,project/results/qgat_extend100/seed2026/gnn/validation_epoch_97.json,project/results/qgat_extend100/seed2026/relation_D/validation_epoch_85.json
best_J,2026,V_select,365,20,97,85,7,7,0.6132055521011353,0.3172623813152313,-0.29594317078590393,1.352933645248413,0.6821853518486023,-0.6707482933998108,1.2896723747253418,0.6583550572395325,-0.6313173174858093,project/results/qgat_extend100/seed2026/gnn/validation_epoch_97.json,project/results/qgat_extend100/seed2026/relation_D/validation_epoch_85.json
best_J,2026,V_select,366,5,97,85,7,7,0.21560785174369812,0.20983397960662842,-0.005773872137069702,0.48632505536079407,0.4387308657169342,-0.04759418964385986,0.45877037942409515,0.4291994124650955,-0.029570966958999634,project/results/qgat_extend100/seed2026/gnn/validation_epoch_97.json,project/results/qgat_extend100/seed2026/relation_D/validation_epoch_85.json
best_J,2026,V_select,366,10,97,85,7,7,0.21573662757873535,0.2096504122018814,-0.006086215376853943,0.486227422952652,0.43805381655693054,-0.048173606395721436,0.45885033905506134,0.4286773204803467,-0.03017301857471466,project/results/qgat_extend100/seed2026/gnn/validation_epoch_97.json,project/results/qgat_extend100/seed2026/relation_D/validation_epoch_85.json
best_J,2026,V_select,366,15,97,85,7,7,0.21512441337108612,0.20843493938446045,-0.006689473986625671,0.4874959886074066,0.4354028105735779,-0.052093178033828735,0.45887240767478943,0.4261363446712494,-0.03273606300354004,project/results/qgat_extend100/seed2026/gnn/validation_epoch_97.json,project/results/qgat_extend100/seed2026/relation_D/validation_epoch_85.json
best_J,2026,V_select,366,20,97,85,7,7,0.21512643992900848,0.20841732621192932,-0.006709113717079163,0.48750391602516174,0.43536117672920227,-0.05214273929595947,0.45887839794158936,0.42609791457653046,-0.0327804833650589,project/results/qgat_extend100/seed2026/gnn/validation_epoch_97.json,project/results/qgat_extend100/seed2026/relation_D/validation_epoch_85.json
best_J,2026,V_select,367,5,97,85,7,7,0.5008225440979004,0.6632096171379089,0.16238707304000854,0.9162980318069458,1.2861747741699219,0.3698767423629761,0.9589715600013733,1.3062970042228699,0.3473254442214966,project/results/qgat_extend100/seed2026/gnn/validation_epoch_97.json,project/results/qgat_extend100/seed2026/relation_D/validation_epoch_85.json
best_J,2026,V_select,367,10,97,85,7,7,0.5006875991821289,0.6627612709999084,0.16207367181777954,0.9156827926635742,1.2850313186645508,0.36934852600097656,0.958528995513916,1.3052769303321838,0.3467479348182678,project/results/qgat_extend100/seed2026/gnn/validation_epoch_97.json,project/results/qgat_extend100/seed2026/relation_D/validation_epoch_85.json
best_J,2026,V_select,367,15,97,85,7,7,0.5006970167160034,0.662783145904541,0.1620861291885376,0.9157170057296753,1.2849857807159424,0.3692687749862671,0.9585555195808411,1.3052760362625122,0.34672051668167114,project/results/qgat_extend100/seed2026/gnn/validation_epoch_97.json,project/results/qgat_extend100/seed2026/relation_D/validation_epoch_85.json
best_J,2026,V_select,367,20,97,85,7,7,0.5006742477416992,0.6628025770187378,0.16212832927703857,0.9156145453453064,1.2850420475006104,0.36942750215530396,0.9584815204143524,1.305323600769043,0.34684208035469055,project/results/qgat_extend100/seed2026/gnn/validation_epoch_97.json,project/results/qgat_extend100/seed2026/relation_D/validation_epoch_85.json
best_J,2026,V_select,368,5,97,85,8,8,0.26167771220207214,0.3789905309677124,0.11731281876564026,0.6739695072174072,0.867597222328186,0.1936277151107788,0.5986624658107758,0.8127891421318054,0.21412667632102966,project/results/qgat_extend100/seed2026/gnn/validation_epoch_97.json,project/results/qgat_extend100/seed2026/relation_D/validation_epoch_85.json
best_J,2026,V_select,368,10,97,85,8,8,0.26214632391929626,0.3789128065109253,0.11676648259162903,0.6751965880393982,0.8674790859222412,0.19228249788284302,0.5997446179389954,0.8126523494720459,0.21290773153305054,project/results/qgat_extend100/seed2026/gnn/validation_epoch_97.json,project/results/qgat_extend100/seed2026/relation_D/validation_epoch_85.json
best_J,2026,V_select,368,15,97,85,8,8,0.26293885707855225,0.37892264127731323,0.11598378419876099,0.6779049634933472,0.8672630786895752,0.18935811519622803,0.6018913388252258,0.8125541806221008,0.210662841796875,project/results/qgat_extend100/seed2026/gnn/validation_epoch_97.json,project/results/qgat_extend100/seed2026/relation_D/validation_epoch_85.json
best_J,2026,V_select,368,20,97,85,8,8,0.2631152868270874,0.3789340853691101,0.1158187985420227,0.6783111095428467,0.8672946691513062,0.18898355960845947,0.6022708415985107,0.8125814199447632,0.21031057834625244,project/results/qgat_extend100/seed2026/gnn/validation_epoch_97.json,project/results/qgat_extend100/seed2026/relation_D/validation_epoch_85.json
best_J,2026,V_select,369,5,97,85,8,8,0.1509569138288498,0.18511252105236053,0.03415560722351074,0.30798378586769104,0.4132554531097412,0.10527166724205017,0.3049488067626953,0.39174024760723114,0.08679144084453583,project/results/qgat_extend100/seed2026/gnn/validation_epoch_97.json,project/results/qgat_extend100/seed2026/relation_D/validation_epoch_85.json
best_J,2026,V_select,369,10,97,85,8,8,0.15152515470981598,0.18543553352355957,0.03391037881374359,0.3077825903892517,0.4160141348838806,0.1082315444946289,0.30541644990444183,0.3934426009654999,0.08802615106105804,project/results/qgat_extend100/seed2026/gnn/validation_epoch_97.json,project/results/qgat_extend100/seed2026/relation_D/validation_epoch_85.json
best_J,2026,V_select,369,15,97,85,8,8,0.15160934627056122,0.1853167712688446,0.033707424998283386,0.3085600733757019,0.41572535037994385,0.10716527700424194,0.30588938295841217,0.39317944645881653,0.08729006350040436,project/results/qgat_extend100/seed2026/gnn/validation_epoch_97.json,project/results/qgat_extend100/seed2026/relation_D/validation_epoch_85.json
best_J,2026,V_select,369,20,97,85,8,8,0.15167611837387085,0.18530908226966858,0.03363296389579773,0.30858612060546875,0.41570940613746643,0.10712328553199768,0.3059691786766052,0.3931637853384018,0.08719460666179657,project/results/qgat_extend100/seed2026/gnn/validation_epoch_97.json,project/results/qgat_extend100/seed2026/relation_D/validation_epoch_85.json
best_J,2026,V_select,370,5,97,85,8,8,0.18121106922626495,0.17047655582427979,-0.010734513401985168,0.4498123824596405,0.3810926675796509,-0.06871971487998962,0.4061172604560852,0.3610228896141052,-0.04509437084197998,project/results/qgat_extend100/seed2026/gnn/validation_epoch_97.json,project/results/qgat_extend100/seed2026/relation_D/validation_epoch_85.json
best_J,2026,V_select,370,10,97,85,8,8,0.1813759058713913,0.1714218705892563,-0.00995403528213501,0.45032429695129395,0.384014368057251,-0.06630992889404297,0.40653805434703827,0.3634290546178818,-0.043108999729156494,project/results/qgat_extend100/seed2026/gnn/validation_epoch_97.json,project/results/qgat_extend100/seed2026/relation_D/validation_epoch_85.json
best_J,2026,V_select,370,15,97,85,8,8,0.18146401643753052,0.17138773202896118,-0.010076284408569336,0.45054924488067627,0.38392317295074463,-0.06662607192993164,0.40673863887786865,0.3633493185043335,-0.043389320373535156,project/results/qgat_extend100/seed2026/gnn/validation_epoch_97.json,project/results/qgat_extend100/seed2026/relation_D/validation_epoch_85.json
best_J,2026,V_select,370,20,97,85,8,8,0.18143582344055176,0.1714070737361908,-0.010028749704360962,0.45044392347335815,0.3839983344078064,-0.06644558906555176,0.40665778517723083,0.363406240940094,-0.04325154423713684,project/results/qgat_extend100/seed2026/gnn/validation_epoch_97.json,project/results/qgat_extend100/seed2026/relation_D/validation_epoch_85.json
best_J,2026,V_select,371,5,97,85,8,8,0.2469814121723175,0.1826123595237732,-0.06436905264854431,0.5573832988739014,0.33947455883026123,-0.21790874004364014,0.5256730616092682,0.3523496389389038,-0.17332342267036438,project/results/qgat_extend100/seed2026/gnn/validation_epoch_97.json,project/results/qgat_extend100/seed2026/relation_D/validation_epoch_85.json
best_J,2026,V_select,371,10,97,85,8,8,0.2469417005777359,0.18231678009033203,-0.06462492048740387,0.5572681427001953,0.338725745677948,-0.21854239702224731,0.5255757719278336,0.35167965292930603,-0.17389611899852753,project/results/qgat_extend100/seed2026/gnn/validation_epoch_97.json,project/results/qgat_extend100/seed2026/relation_D/validation_epoch_85.json
best_J,2026,V_select,371,15,97,85,8,8,0.2471098005771637,0.18259787559509277,-0.06451192498207092,0.5577113032341003,0.3394315838813782,-0.21827971935272217,0.5259654521942139,0.35231366753578186,-0.173651784658432,project/results/qgat_extend100/seed2026/gnn/validation_epoch_97.json,project/results/qgat_extend100/seed2026/relation_D/validation_epoch_85.json
best_J,2026,V_select,371,20,97,85,8,8,0.24710914492607117,0.1825954169034958,-0.06451372802257538,0.5577062368392944,0.33942627906799316,-0.21827995777130127,0.5259622633457184,0.35230855643749237,-0.173653706908226,project/results/qgat_extend100/seed2026/gnn/validation_epoch_97.json,project/results/qgat_extend100/seed2026/relation_D/validation_epoch_85.json
best_J,2026,V_select,372,5,97,85,8,8,0.1303132176399231,0.09572601318359375,-0.034587204456329346,0.23439723253250122,0.10332310944795609,-0.13107412308454514,0.2475118339061737,0.1473875679075718,-0.10012426599860191,project/results/qgat_extend100/seed2026/gnn/validation_epoch_97.json,project/results/qgat_extend100/seed2026/relation_D/validation_epoch_85.json
best_J,2026,V_select,372,10,97,85,8,8,0.1339358389377594,0.09751708805561066,-0.03641875088214874,0.24094535410404205,0.11142972111701965,-0.1295156329870224,0.2544085159897804,0.15323194861412048,-0.10117656737565994,project/results/qgat_extend100/seed2026/gnn/validation_epoch_97.json,project/results/qgat_extend100/seed2026/relation_D/validation_epoch_85.json
best_J,2026,V_select,372,15,97,85,8,8,0.13331320881843567,0.09772446006536484,-0.03558874875307083,0.24055537581443787,0.11224305629730225,-0.12831231951713562,0.2535908967256546,0.15384598821401596,-0.09974490851163864,project/results/qgat_extend100/seed2026/gnn/validation_epoch_97.json,project/results/qgat_extend100/seed2026/relation_D/validation_epoch_85.json
best_J,2026,V_select,372,20,97,85,8,8,0.13331320881843567,0.09772446006536484,-0.03558874875307083,0.24055537581443787,0.11224305629730225,-0.12831231951713562,0.2535908967256546,0.15384598821401596,-0.09974490851163864,project/results/qgat_extend100/seed2026/gnn/validation_epoch_97.json,project/results/qgat_extend100/seed2026/relation_D/validation_epoch_85.json
best_J,2026,V_select,373,5,97,85,8,8,0.2708264887332916,0.3420146405696869,0.07118815183639526,0.5166375637054443,0.6501604914665222,0.13352292776107788,0.5291452705860138,0.667094886302948,0.1379496157169342,project/results/qgat_extend100/seed2026/gnn/validation_epoch_97.json,project/results/qgat_extend100/seed2026/relation_D/validation_epoch_85.json
best_J,2026,V_select,373,10,97,85,8,8,0.2709290385246277,0.3422003388404846,0.07127130031585693,0.516038179397583,0.649628758430481,0.13359057903289795,0.5289481282234192,0.6670147180557251,0.1380665898323059,project/results/qgat_extend100/seed2026/gnn/validation_epoch_97.json,project/results/qgat_extend100/seed2026/relation_D/validation_epoch_85.json
best_J,2026,V_select,373,15,97,85,8,8,0.2709978520870209,0.3421417474746704,0.07114389538764954,0.5161883234977722,0.6495389938354492,0.133350670337677,0.529092013835907,0.666911244392395,0.13781923055648804,project/results/qgat_extend100/seed2026/gnn/validation_epoch_97.json,project/results/qgat_extend100/seed2026/relation_D/validation_epoch_85.json
best_J,2026,V_select,373,20,97,85,8,8,0.27041953802108765,0.3415933847427368,0.07117384672164917,0.5157746076583862,0.6489977836608887,0.13322317600250244,0.5283068418502808,0.6660922765731812,0.1377854347229004,project/results/qgat_extend100/seed2026/gnn/validation_epoch_97.json,project/results/qgat_extend100/seed2026/relation_D/validation_epoch_85.json
best_J,2026,V_select,374,5,97,85,8,8,0.07701009511947632,0.2008916586637497,0.12388156354427338,0.10516444593667984,0.408497154712677,0.30333270877599716,0.12959231808781624,0.4051402360200882,0.27554791793227196,project/results/qgat_extend100/seed2026/gnn/validation_epoch_97.json,project/results/qgat_extend100/seed2026/relation_D/validation_epoch_85.json
best_J,2026,V_select,374,10,97,85,8,8,0.07704135775566101,0.20079608261585236,0.12375472486019135,0.10568642616271973,0.4093949496746063,0.3037085235118866,0.12988457083702087,0.4054935574531555,0.27560898661613464,project/results/qgat_extend100/seed2026/gnn/validation_epoch_97.json,project/results/qgat_extend100/seed2026/relation_D/validation_epoch_85.json
best_J,2026,V_select,374,15,97,85,8,8,0.0770648717880249,0.20077235996723175,0.12370748817920685,0.10572730004787445,0.4093712568283081,0.30364395678043365,0.12992852181196213,0.4054579883813858,0.2755294665694237,project/results/qgat_extend100/seed2026/gnn/validation_epoch_97.json,project/results/qgat_extend100/seed2026/relation_D/validation_epoch_85.json
best_J,2026,V_select,374,20,97,85,8,8,0.07706473022699356,0.20077237486839294,0.12370764464139938,0.1057278960943222,0.4093712568283081,0.3036433607339859,0.12992867827415466,0.405458003282547,0.27552932500839233,project/results/qgat_extend100/seed2026/gnn/validation_epoch_97.json,project/results/qgat_extend100/seed2026/relation_D/validation_epoch_85.json
best_J,2026,V_select,375,5,97,85,8,8,0.20507587492465973,0.0723034143447876,-0.13277246057987213,0.5065850019454956,0.18548569083213806,-0.32109931111335754,0.45836837589740753,0.16504625976085663,-0.2933221161365509,project/results/qgat_extend100/seed2026/gnn/validation_epoch_97.json,project/results/qgat_extend100/seed2026/relation_D/validation_epoch_85.json
best_J,2026,V_select,375,10,97,85,8,8,0.20498377084732056,0.07231047004461288,-0.13267330080270767,0.5063603520393372,0.1855958253145218,-0.32076452672481537,0.45816394686698914,0.16510838270187378,-0.29305556416511536,project/results/qgat_extend100/seed2026/gnn/validation_epoch_97.json,project/results/qgat_extend100/seed2026/relation_D/validation_epoch_85.json
best_J,2026,V_select,375,15,97,85,8,8,0.20459231734275818,0.07175292819738388,-0.1328393891453743,0.506229817867279,0.18499112129211426,-0.3212386965751648,0.4577072262763977,0.164248488843441,-0.2934587374329567,project/results/qgat_extend100/seed2026/gnn/validation_epoch_97.json,project/results/qgat_extend100/seed2026/relation_D/validation_epoch_85.json
best_J,2026,V_select,375,20,97,85,8,8,0.20459231734275818,0.07175292819738388,-0.1328393891453743,0.506229817867279,0.18499112129211426,-0.3212386965751648,0.4577072262763977,0.164248488843441,-0.2934587374329567,project/results/qgat_extend100/seed2026/gnn/validation_epoch_97.json,project/results/qgat_extend100/seed2026/relation_D/validation_epoch_85.json
best_J,2026,V_select,376,5,97,85,8,8,0.06946467608213425,0.07847470045089722,0.00901002436876297,0.17316532135009766,0.16179588437080383,-0.011369436979293823,0.15604733675718307,0.15937264263629913,0.0033253058791160583,project/results/qgat_extend100/seed2026/gnn/validation_epoch_97.json,project/results/qgat_extend100/seed2026/relation_D/validation_epoch_85.json
best_J,2026,V_select,376,10,97,85,8,8,0.06951244175434113,0.0784887969493866,0.008976355195045471,0.1732809692621231,0.16183994710445404,-0.011441022157669067,0.15615292638540268,0.15940877050161362,0.0032558441162109375,project/results/qgat_extend100/seed2026/gnn/validation_epoch_97.json,project/results/qgat_extend100/seed2026/relation_D/validation_epoch_85.json
best_J,2026,V_select,376,15,97,85,8,8,0.06948720663785934,0.07857894897460938,0.00909174233675003,0.17299161851406097,0.16205638647079468,-0.010935232043266296,0.15598301589488983,0.1596071422100067,0.0036241263151168823,project/results/qgat_extend100/seed2026/gnn/validation_epoch_97.json,project/results/qgat_extend100/seed2026/relation_D/validation_epoch_85.json
best_J,2026,V_select,376,20,97,85,8,8,0.06942193955183029,0.07841706275939941,0.008995123207569122,0.17307087779045105,0.16172194480895996,-0.011348932981491089,0.15595737844705582,0.1592780351638794,0.003320656716823578,project/results/qgat_extend100/seed2026/gnn/validation_epoch_97.json,project/results/qgat_extend100/seed2026/relation_D/validation_epoch_85.json
best_J,2026,V_select,377,5,97,85,8,8,0.07238662242889404,0.12067842483520508,0.048291802406311035,0.16882622241973877,0.24316124618053436,0.0743350237607956,0.15679973363876343,0.24225904792547226,0.08545931428670883,project/results/qgat_extend100/seed2026/gnn/validation_epoch_97.json,project/results/qgat_extend100/seed2026/relation_D/validation_epoch_85.json
best_J,2026,V_select,377,10,97,85,8,8,0.07228785008192062,0.12058385461568832,0.0482960045337677,0.16855517029762268,0.24304062128067017,0.07448545098304749,0.15656543523073196,0.2421041652560234,0.08553873002529144,project/results/qgat_extend100/seed2026/gnn/validation_epoch_97.json,project/results/qgat_extend100/seed2026/relation_D/validation_epoch_85.json
best_J,2026,V_select,377,15,97,85,8,8,0.07396696507930756,0.1218286007642746,0.04786163568496704,0.1710050106048584,0.2445429116487503,0.0735379010438919,0.15946947038173676,0.24410005658864975,0.084630586206913,project/results/qgat_extend100/seed2026/gnn/validation_epoch_97.json,project/results/qgat_extend100/seed2026/relation_D/validation_epoch_85.json
best_J,2026,V_select,377,20,97,85,8,8,0.07405353337526321,0.12179045379161835,0.04773692041635513,0.17124782502651215,0.24444732069969177,0.07319949567317963,0.1596774458885193,0.24401411414146423,0.08433666825294495,project/results/qgat_extend100/seed2026/gnn/validation_epoch_97.json,project/results/qgat_extend100/seed2026/relation_D/validation_epoch_85.json
best_J,2026,V_select,378,5,97,85,8,8,0.09014445543289185,0.08052830398082733,-0.009616151452064514,0.19026604294776917,0.17253777384757996,-0.01772826910018921,0.18527747690677643,0.1667971909046173,-0.01848028600215912,project/results/qgat_extend100/seed2026/gnn/validation_epoch_97.json,project/results/qgat_extend100/seed2026/relation_D/validation_epoch_85.json
best_J,2026,V_select,378,10,97,85,8,8,0.08944668620824814,0.0800606980919838,-0.009385988116264343,0.19023668766021729,0.17204445600509644,-0.01819223165512085,0.18456503003835678,0.166082926094532,-0.018482103943824768,project/results/qgat_extend100/seed2026/gnn/validation_epoch_97.json,project/results/qgat_extend100/seed2026/relation_D/validation_epoch_85.json
best_J,2026,V_select,378,15,97,85,8,8,0.09562204778194427,0.08582621812820435,-0.00979582965373993,0.1994987577199936,0.1803576648235321,-0.019141092896461487,0.19537142664194107,0.1760050505399704,-0.019366376101970673,project/results/qgat_extend100/seed2026/gnn/validation_epoch_97.json,project/results/qgat_extend100/seed2026/relation_D/validation_epoch_85.json
best_J,2026,V_select,378,20,97,85,8,8,0.09515147656202316,0.08526955544948578,-0.009881921112537384,0.19934706389904022,0.17975151538848877,-0.019595548510551453,0.19482500851154327,0.17514531314373016,-0.01967969536781311,project/results/qgat_extend100/seed2026/gnn/validation_epoch_97.json,project/results/qgat_extend100/seed2026/relation_D/validation_epoch_85.json
best_J,2026,V_select,379,5,97,85,8,8,0.01524495892226696,0.014939645305275917,-0.0003053136169910431,0.023394770920276642,0.02384823188185692,0.0004534609615802765,0.02694234438240528,0.026863761246204376,-7.858313620090485e-05,project/results/qgat_extend100/seed2026/gnn/validation_epoch_97.json,project/results/qgat_extend100/seed2026/relation_D/validation_epoch_85.json
best_J,2026,V_select,379,10,97,85,8,8,0.01524253748357296,0.014939404092729092,-0.00030313339084386826,0.023390168324112892,0.023845862597227097,0.0004556942731142044,0.026937621645629406,0.02686233539134264,-7.528625428676605e-05,project/results/qgat_extend100/seed2026/gnn/validation_epoch_97.json,project/results/qgat_extend100/seed2026/relation_D/validation_epoch_85.json
best_J,2026,V_select,379,15,97,85,8,8,0.015241733752191067,0.014924692921340466,-0.0003170408308506012,0.023387126624584198,0.02382119558751583,0.000434068962931633,0.026935297064483166,0.02683529071509838,-0.0001000063493847847,project/results/qgat_extend100/seed2026/gnn/validation_epoch_97.json,project/results/qgat_extend100/seed2026/relation_D/validation_epoch_85.json
best_J,2026,V_select,379,20,97,85,8,8,0.015239998698234558,0.01495293714106083,-0.00028706155717372894,0.023383410647511482,0.023902980610728264,0.0005195699632167816,0.0269317040219903,0.02690442744642496,-2.7276575565338135e-05,project/results/qgat_extend100/seed2026/gnn/validation_epoch_97.json,project/results/qgat_extend100/seed2026/relation_D/validation_epoch_85.json
best_J,2026,V_select,380,5,97,85,8,8,0.013493351638317108,0.013267401605844498,-0.00022595003247261047,0.027668289840221405,0.02727745845913887,-0.0003908313810825348,0.02732749655842781,0.026906130835413933,-0.00042136572301387787,project/results/qgat_extend100/seed2026/gnn/validation_epoch_97.json,project/results/qgat_extend100/seed2026/relation_D/validation_epoch_85.json
best_J,2026,V_select,380,10,97,85,8,8,0.013493007980287075,0.013267599046230316,-0.00022540893405675888,0.027667991816997528,0.027279028668999672,-0.00038896314799785614,0.02732700388878584,0.026907113380730152,-0.00041989050805568695,project/results/qgat_extend100/seed2026/gnn/validation_epoch_97.json,project/results/qgat_extend100/seed2026/relation_D/validation_epoch_85.json
best_J,2026,V_select,380,15,97,85,8,8,0.013493863865733147,0.013251419179141521,-0.00024244468659162521,0.027666810899972916,0.027234721928834915,-0.0004320889711380005,0.027327269315719604,0.02686878014355898,-0.00045848917216062546,project/results/qgat_extend100/seed2026/gnn/validation_epoch_97.json,project/results/qgat_extend100/seed2026/relation_D/validation_epoch_85.json
best_J,2026,V_select,380,20,97,85,8,8,0.01351079996675253,0.013255379162728786,-0.0002554208040237427,0.02771148458123207,0.02724611386656761,-0.00046537071466445923,0.027366542257368565,0.026878436096012592,-0.0004881061613559723,project/results/qgat_extend100/seed2026/gnn/validation_epoch_97.json,project/results/qgat_extend100/seed2026/relation_D/validation_epoch_85.json
best_J,2026,V_select,381,5,97,85,8,8,0.030323481187224388,0.029587583616375923,-0.000735897570848465,0.060551468282938004,0.05881249159574509,-0.0017389766871929169,0.06059921532869339,0.058993829414248466,-0.0016053859144449234,project/results/qgat_extend100/seed2026/gnn/validation_epoch_97.json,project/results/qgat_extend100/seed2026/relation_D/validation_epoch_85.json
best_J,2026,V_select,381,10,97,85,8,8,0.03032343089580536,0.02958765998482704,-0.0007357709109783173,0.06055120751261711,0.05881231278181076,-0.0017388947308063507,0.060599034652113914,0.05899381637573242,-0.0016052182763814926,project/results/qgat_extend100/seed2026/gnn/validation_epoch_97.json,project/results/qgat_extend100/seed2026/relation_D/validation_epoch_85.json
best_J,2026,V_select,381,15,97,85,8,8,0.02702111192047596,0.02633707784116268,-0.0006840340793132782,0.05733488127589226,0.0545223206281662,-0.002812560647726059,0.05568855255842209,0.05359823815524578,-0.0020903144031763077,project/results/qgat_extend100/seed2026/gnn/validation_epoch_97.json,project/results/qgat_extend100/seed2026/relation_D/validation_epoch_85.json
best_J,2026,V_select,381,20,97,85,8,8,0.027037691324949265,0.026343081146478653,-0.0006946101784706116,0.05736161768436432,0.05453799292445183,-0.002823624759912491,0.055718500167131424,0.05361207760870457,-0.002106422558426857,project/results/qgat_extend100/seed2026/gnn/validation_epoch_97.json,project/results/qgat_extend100/seed2026/relation_D/validation_epoch_85.json
best_J,2026,V_select,382,5,97,85,8,8,0.11169741302728653,0.1107892245054245,-0.00090818852186203,0.3487946689128876,0.34495556354522705,-0.0038391053676605225,0.2860947474837303,0.283267006278038,-0.0028277412056922913,project/results/qgat_extend100/seed2026/gnn/validation_epoch_97.json,project/results/qgat_extend100/seed2026/relation_D/validation_epoch_85.json
best_J,2026,V_select,382,10,97,85,8,8,0.108957439661026,0.10830315947532654,-0.0006542801856994629,0.34266120195388794,0.3386111557483673,-0.00405004620552063,0.28028804063796997,0.2776087373495102,-0.002679303288459778,project/results/qgat_extend100/seed2026/gnn/validation_epoch_97.json,project/results/qgat_extend100/seed2026/relation_D/validation_epoch_85.json
best_J,2026,V_select,382,15,97,85,8,8,0.10895713418722153,0.10830313712358475,-0.0006539970636367798,0.34266048669815063,0.33861103653907776,-0.004049450159072876,0.28028737753629684,0.2776086553931236,-0.0026787221431732178,project/results/qgat_extend100/seed2026/gnn/validation_epoch_97.json,project/results/qgat_extend100/seed2026/relation_D/validation_epoch_85.json
best_J,2026,V_select,382,20,97,85,8,8,0.10895483195781708,0.10831210017204285,-0.000642731785774231,0.34265249967575073,0.3386470377445221,-0.004005461931228638,0.28028108179569244,0.2776356190443039,-0.00264546275138855,project/results/qgat_extend100/seed2026/gnn/validation_epoch_97.json,project/results/qgat_extend100/seed2026/relation_D/validation_epoch_85.json
best_J,2026,V_select,383,5,97,85,8,8,0.36189332604408264,0.36071106791496277,-0.001182258129119873,0.7150799632072449,0.7117276787757874,-0.0033522844314575195,0.7194333076477051,0.7165749073028564,-0.002858400344848633,project/results/qgat_extend100/seed2026/gnn/validation_epoch_97.json,project/results/qgat_extend100/seed2026/relation_D/validation_epoch_85.json
best_J,2026,V_select,383,10,97,85,8,8,0.3608300983905792,0.3596307337284088,-0.0011993646621704102,0.7119575142860413,0.708594560623169,-0.0033629536628723145,0.7168088555335999,0.7139280140399933,-0.0028808414936065674,project/results/qgat_extend100/seed2026/gnn/validation_epoch_97.json,project/results/qgat_extend100/seed2026/relation_D/validation_epoch_85.json
best_J,2026,V_select,383,15,97,85,8,8,0.3608300983905792,0.3596307337284088,-0.0011993646621704102,0.7119575142860413,0.708594560623169,-0.0033629536628723145,0.7168088555335999,0.7139280140399933,-0.0028808414936065674,project/results/qgat_extend100/seed2026/gnn/validation_epoch_97.json,project/results/qgat_extend100/seed2026/relation_D/validation_epoch_85.json
best_J,2026,V_select,383,20,97,85,8,8,0.360830157995224,0.3596307039260864,-0.0011994540691375732,0.7119576334953308,0.7085945010185242,-0.0033631324768066406,0.7168089747428894,0.7139279544353485,-0.0028810203075408936,project/results/qgat_extend100/seed2026/gnn/validation_epoch_97.json,project/results/qgat_extend100/seed2026/relation_D/validation_epoch_85.json
best_J,2026,V_select,384,5,97,85,8,8,0.9035577774047852,0.605228066444397,-0.2983297109603882,2.064640998840332,1.5358184576034546,-0.5288225412368774,1.9358782768249512,1.3731372952461243,-0.5627409815788269,project/results/qgat_extend100/seed2026/gnn/validation_epoch_97.json,project/results/qgat_extend100/seed2026/relation_D/validation_epoch_85.json
best_J,2026,V_select,384,10,97,85,8,8,0.9014889001846313,0.6046466827392578,-0.29684221744537354,2.0610532760620117,1.541069746017456,-0.5199835300445557,1.9320155382156372,1.3751815557479858,-0.5568339824676514,project/results/qgat_extend100/seed2026/gnn/validation_epoch_97.json,project/results/qgat_extend100/seed2026/relation_D/validation_epoch_85.json
best_J,2026,V_select,384,15,97,85,8,8,0.9015361070632935,0.6046475172042847,-0.2968885898590088,2.0611531734466553,1.5410839319229126,-0.5200692415237427,1.932112693786621,1.375189483165741,-0.5569232106208801,project/results/qgat_extend100/seed2026/gnn/validation_epoch_97.json,project/results/qgat_extend100/seed2026/relation_D/validation_epoch_85.json
best_J,2026,V_select,384,20,97,85,8,8,0.9013784527778625,0.6046561598777771,-0.29672229290008545,2.060814142227173,1.5410960912704468,-0.5197180509567261,1.931785523891449,1.3752042055130005,-0.5565813183784485,project/results/qgat_extend100/seed2026/gnn/validation_epoch_97.json,project/results/qgat_extend100/seed2026/relation_D/validation_epoch_85.json
best_J,2026,V_select,385,5,97,85,8,8,0.6124070286750793,0.571069598197937,-0.041337430477142334,1.26608407497406,1.0050585269927979,-0.2610255479812622,1.2454490661621094,1.073598861694336,-0.17185020446777344,project/results/qgat_extend100/seed2026/gnn/validation_epoch_97.json,project/results/qgat_extend100/seed2026/relation_D/validation_epoch_85.json
best_J,2026,V_select,385,10,97,85,8,8,0.6178449392318726,0.577681303024292,-0.040163636207580566,1.2773981094360352,1.0201404094696045,-0.25725769996643066,1.2565439939498901,1.0877515077590942,-0.1687924861907959,project/results/qgat_extend100/seed2026/gnn/validation_epoch_97.json,project/results/qgat_extend100/seed2026/relation_D/validation_epoch_85.json
best_J,2026,V_select,385,15,97,85,8,8,0.6178449392318726,0.577681303024292,-0.040163636207580566,1.2773981094360352,1.0201404094696045,-0.25725769996643066,1.2565439939498901,1.0877515077590942,-0.1687924861907959,project/results/qgat_extend100/seed2026/gnn/validation_epoch_97.json,project/results/qgat_extend100/seed2026/relation_D/validation_epoch_85.json
best_J,2026,V_select,385,20,97,85,8,8,0.6178449392318726,0.577681303024292,-0.040163636207580566,1.2773981094360352,1.0201404094696045,-0.25725769996643066,1.2565439939498901,1.0877515077590942,-0.1687924861907959,project/results/qgat_extend100/seed2026/gnn/validation_epoch_97.json,project/results/qgat_extend100/seed2026/relation_D/validation_epoch_85.json
best_J,2026,V_select,386,5,97,85,8,8,0.5250357389450073,0.48406118154525757,-0.040974557399749756,1.165260910987854,0.9255751371383667,-0.2396857738494873,1.1076661944389343,0.9468487501144409,-0.1608174443244934,project/results/qgat_extend100/seed2026/gnn/validation_epoch_97.json,project/results/qgat_extend100/seed2026/relation_D/validation_epoch_85.json
best_J,2026,V_select,386,10,97,85,8,8,0.5248485803604126,0.4841282069683075,-0.0407203733921051,1.1649024486541748,0.9257813692092896,-0.23912107944488525,1.1072998046875,0.9470188915729523,-0.16028091311454773,project/results/qgat_extend100/seed2026/gnn/validation_epoch_97.json,project/results/qgat_extend100/seed2026/relation_D/validation_epoch_85.json
best_J,2026,V_select,386,15,97,85,8,8,0.5227522850036621,0.48090603947639465,-0.041846245527267456,1.1612950563430786,0.9196539521217346,-0.241641104221344,1.1033998131752014,0.940733015537262,-0.16266679763793945,project/results/qgat_extend100/seed2026/gnn/validation_epoch_97.json,project/results/qgat_extend100/seed2026/relation_D/validation_epoch_85.json
best_J,2026,V_select,386,20,97,85,8,8,0.5227183103561401,0.4808412492275238,-0.04187706112861633,1.161192536354065,0.9194819927215576,-0.24171054363250732,1.1033145785331726,0.9405822455883026,-0.16273233294487,project/results/qgat_extend100/seed2026/gnn/validation_epoch_97.json,project/results/qgat_extend100/seed2026/relation_D/validation_epoch_85.json
best_J,2026,V_select,387,5,97,85,8,8,0.5839917659759521,0.5927724838256836,0.008780717849731445,1.2214546203613281,1.3923265933990479,0.17087197303771973,1.1947190761566162,1.2889357805252075,0.09421670436859131,project/results/qgat_extend100/seed2026/gnn/validation_epoch_97.json,project/results/qgat_extend100/seed2026/relation_D/validation_epoch_85.json
best_J,2026,V_select,387,10,97,85,8,8,0.5839834213256836,0.5927694439888,0.008786022663116455,1.2214417457580566,1.392322301864624,0.17088055610656738,1.194704294204712,1.288930594921112,0.09422630071640015,project/results/qgat_extend100/seed2026/gnn/validation_epoch_97.json,project/results/qgat_extend100/seed2026/relation_D/validation_epoch_85.json
best_J,2026,V_select,387,15,97,85,8,8,0.5824083089828491,0.5910724401473999,0.008664131164550781,1.2199174165725708,1.3897089958190918,0.169791579246521,1.1923670172691345,1.2859269380569458,0.09355992078781128,project/results/qgat_extend100/seed2026/gnn/validation_epoch_97.json,project/results/qgat_extend100/seed2026/relation_D/validation_epoch_85.json
best_J,2026,V_select,387,20,97,85,8,8,0.5823297500610352,0.5910579562187195,0.008728206157684326,1.2197721004486084,1.3896832466125488,0.16991114616394043,1.1922158002853394,1.285899579524994,0.09368377923965454,project/results/qgat_extend100/seed2026/gnn/validation_epoch_97.json,project/results/qgat_extend100/seed2026/relation_D/validation_epoch_85.json
best_J,2026,V_select,388,5,97,85,8,7,0.4444238841533661,0.5411118865013123,0.09668800234794617,1.0551425218582153,1.36272132396698,0.30757880210876465,0.9719951450824738,1.2224725484848022,0.2504774034023285,project/results/qgat_extend100/seed2026/gnn/validation_epoch_97.json,project/results/qgat_extend100/seed2026/relation_D/validation_epoch_85.json
best_J,2026,V_select,388,10,97,85,8,7,0.4449181854724884,0.5413215160369873,0.0964033305644989,1.0566251277923584,1.3637133836746216,0.3070882558822632,0.9732307493686676,1.223178207874298,0.2499474585056305,project/results/qgat_extend100/seed2026/gnn/validation_epoch_97.json,project/results/qgat_extend100/seed2026/relation_D/validation_epoch_85.json
best_J,2026,V_select,388,15,97,85,8,7,0.4449174404144287,0.5413214564323425,0.09640401601791382,1.0566245317459106,1.363713264465332,0.3070887327194214,0.973229706287384,1.2231780886650085,0.2499483823776245,project/results/qgat_extend100/seed2026/gnn/validation_epoch_97.json,project/results/qgat_extend100/seed2026/relation_D/validation_epoch_85.json
best_J,2026,V_select,388,20,97,85,8,7,0.44485267996788025,0.5413111448287964,0.09645846486091614,1.0564221143722534,1.3636678457260132,0.30724573135375977,0.973063737154007,1.223145067691803,0.250081330537796,project/results/qgat_extend100/seed2026/gnn/validation_epoch_97.json,project/results/qgat_extend100/seed2026/relation_D/validation_epoch_85.json
best_J,2026,V_select,389,5,97,85,8,7,0.5021063685417175,0.5464600324630737,0.0443536639213562,1.1292188167572021,1.3587936162948608,0.2295747995376587,1.0667157769203186,1.2258568406105042,0.15914106369018555,project/results/qgat_extend100/seed2026/gnn/validation_epoch_97.json,project/results/qgat_extend100/seed2026/relation_D/validation_epoch_85.json
best_J,2026,V_select,389,10,97,85,8,7,0.5011534690856934,0.5478172302246094,0.046663761138916016,1.1261874437332153,1.3630540370941162,0.23686659336090088,1.064247190952301,1.2293442487716675,0.16509705781936646,project/results/qgat_extend100/seed2026/gnn/validation_epoch_97.json,project/results/qgat_extend100/seed2026/relation_D/validation_epoch_85.json
best_J,2026,V_select,389,15,97,85,8,7,0.5008829236030579,0.5478050708770752,0.046922147274017334,1.1254470348358154,1.363014817237854,0.23756778240203857,1.0636064410209656,1.2293124794960022,0.16570603847503662,project/results/qgat_extend100/seed2026/gnn/validation_epoch_97.json,project/results/qgat_extend100/seed2026/relation_D/validation_epoch_85.json
best_J,2026,V_select,389,20,97,85,8,7,0.500868558883667,0.5477866530418396,0.04691809415817261,1.1254311800003052,1.3629379272460938,0.23750674724578857,1.0635841488838196,1.2292556166648865,0.1656714677810669,project/results/qgat_extend100/seed2026/gnn/validation_epoch_97.json,project/results/qgat_extend100/seed2026/relation_D/validation_epoch_85.json
best_J,2026,V_select,390,5,97,85,7,7,0.23213379085063934,0.5252219438552856,0.2930881530046463,0.3257754147052765,1.3131040334701538,0.9873286187648773,0.3950214982032776,1.1817739605903625,0.786752462387085,project/results/qgat_extend100/seed2026/gnn/validation_epoch_97.json,project/results/qgat_extend100/seed2026/relation_D/validation_epoch_85.json
best_J,2026,V_select,390,10,97,85,7,7,0.23139694333076477,0.5247867703437805,0.29338982701301575,0.32276031374931335,1.3119841814041138,0.9892238676548004,0.39277710020542145,1.1807788610458374,0.788001760840416,project/results/qgat_extend100/seed2026/gnn/validation_epoch_97.json,project/results/qgat_extend100/seed2026/relation_D/validation_epoch_85.json
best_J,2026,V_select,390,15,97,85,7,7,0.22749073803424835,0.5257373452186584,0.2982466071844101,0.31570616364479065,1.3156912326812744,0.9999850690364838,0.3853438198566437,1.1835829615592957,0.798239141702652,project/results/qgat_extend100/seed2026/gnn/validation_epoch_97.json,project/results/qgat_extend100/seed2026/relation_D/validation_epoch_85.json
best_J,2026,V_select,390,20,97,85,7,7,0.2249470055103302,0.5233613848686218,0.2984143793582916,0.31269553303718567,1.3122360706329346,0.9995405375957489,0.38129477202892303,1.1794794201850891,0.7981846481561661,project/results/qgat_extend100/seed2026/gnn/validation_epoch_97.json,project/results/qgat_extend100/seed2026/relation_D/validation_epoch_85.json
best_J,2026,V_select,391,5,97,85,7,7,0.2136470079421997,0.4157891869544983,0.20214217901229858,0.5128318667411804,0.9431412816047668,0.4303094148635864,0.4700629413127899,0.8873598277568817,0.4172968864440918,project/results/qgat_extend100/seed2026/gnn/validation_epoch_97.json,project/results/qgat_extend100/seed2026/relation_D/validation_epoch_85.json
best_J,2026,V_select,391,10,97,85,7,7,0.21313121914863586,0.4160330593585968,0.20290184020996094,0.5113815069198608,0.9439688920974731,0.4325873851776123,0.4688219726085663,0.8880175054073334,0.4191955327987671,project/results/qgat_extend100/seed2026/gnn/validation_epoch_97.json,project/results/qgat_extend100/seed2026/relation_D/validation_epoch_85.json
best_J,2026,V_select,391,15,97,85,7,7,0.21305084228515625,0.41610559821128845,0.2030547559261322,0.5111683011054993,0.944118320941925,0.4329500198364258,0.4686349928379059,0.888164758682251,0.4195297658443451,project/results/qgat_extend100/seed2026/gnn/validation_epoch_97.json,project/results/qgat_extend100/seed2026/relation_D/validation_epoch_85.json
best_J,2026,V_select,391,20,97,85,7,7,0.21304896473884583,0.4161042273044586,0.2030552625656128,0.5111629366874695,0.9441165924072266,0.4329536557197571,0.46863043308258057,0.8881625235080719,0.41953209042549133,project/results/qgat_extend100/seed2026/gnn/validation_epoch_97.json,project/results/qgat_extend100/seed2026/relation_D/validation_epoch_85.json
best_J,2026,V_select,392,5,97,85,7,7,0.25969982147216797,0.22290237247943878,-0.03679744899272919,0.6033895611763,0.5654716491699219,-0.037917912006378174,0.561394602060318,0.5056381970643997,-0.055756404995918274,project/results/qgat_extend100/seed2026/gnn/validation_epoch_97.json,project/results/qgat_extend100/seed2026/relation_D/validation_epoch_85.json
best_J,2026,V_select,392,10,97,85,7,7,0.25961068272590637,0.22300471365451813,-0.036605969071388245,0.6030331254005432,0.5654546618461609,-0.037578463554382324,0.561127245426178,0.5057320445775986,-0.05539520084857941,project/results/qgat_extend100/seed2026/gnn/validation_epoch_97.json,project/results/qgat_extend100/seed2026/relation_D/validation_epoch_85.json
best_J,2026,V_select,392,15,97,85,7,7,0.25960877537727356,0.2229761928319931,-0.03663258254528046,0.6030367016792297,0.5654000043869019,-0.03763669729232788,0.5611271262168884,0.505676195025444,-0.0554509311914444,project/results/qgat_extend100/seed2026/gnn/validation_epoch_97.json,project/results/qgat_extend100/seed2026/relation_D/validation_epoch_85.json
best_J,2026,V_select,392,20,97,85,7,7,0.2596205174922943,0.223030224442482,-0.03659029304981232,0.6030725836753845,0.565453827381134,-0.03761875629425049,0.5611568093299866,0.505757138133049,-0.05539967119693756,project/results/qgat_extend100/seed2026/gnn/validation_epoch_97.json,project/results/qgat_extend100/seed2026/relation_D/validation_epoch_85.json
best_J,2026,V_select,393,5,97,85,7,7,0.3555010259151459,0.4057171046733856,0.050216078758239746,0.8261861205101013,1.0821247100830078,0.2559385895729065,0.7685940861701965,0.9467794597148895,0.178185373544693,project/results/qgat_extend100/seed2026/gnn/validation_epoch_97.json,project/results/qgat_extend100/seed2026/relation_D/validation_epoch_85.json
best_J,2026,V_select,393,10,97,85,7,7,0.35573810338974,0.4042622745037079,0.048524171113967896,0.8259826302528381,1.0786486864089966,0.25266605615615845,0.7687294185161591,0.9435866177082062,0.17485719919204712,project/results/qgat_extend100/seed2026/gnn/validation_epoch_97.json,project/results/qgat_extend100/seed2026/relation_D/validation_epoch_85.json
best_J,2026,V_select,393,15,97,85,7,7,0.3529054522514343,0.4022333025932312,0.049327850341796875,0.8227253556251526,1.0762311220169067,0.25350576639175415,0.7642681300640106,0.9403488636016846,0.17608073353767395,project/results/qgat_extend100/seed2026/gnn/validation_epoch_97.json,project/results/qgat_extend100/seed2026/relation_D/validation_epoch_85.json
best_J,2026,V_select,393,20,97,85,7,7,0.35293135046958923,0.40228208899497986,0.049350738525390625,0.8227133750915527,1.0763694047927856,0.2536560297012329,0.7642880380153656,0.9404667913913727,0.17617875337600708,project/results/qgat_extend100/seed2026/gnn/validation_epoch_97.json,project/results/qgat_extend100/seed2026/relation_D/validation_epoch_85.json
best_J,2026,V_select,394,5,97,85,7,7,0.15833337604999542,0.27807772159576416,0.11974434554576874,0.13827809691429138,0.7087622880935669,0.5704841911792755,0.2274724245071411,0.6324588656425476,0.4049864411354065,project/results/qgat_extend100/seed2026/gnn/validation_epoch_97.json,project/results/qgat_extend100/seed2026/relation_D/validation_epoch_85.json
best_J,2026,V_select,394,10,97,85,7,7,0.15854622423648834,0.2775252163410187,0.11897899210453033,0.13903087377548218,0.7078257203102112,0.568794846534729,0.22806166112422943,0.6314380764961243,0.40337641537189484,project/results/qgat_extend100/seed2026/gnn/validation_epoch_97.json,project/results/qgat_extend100/seed2026/relation_D/validation_epoch_85.json
best_J,2026,V_select,394,15,97,85,7,7,0.1585235595703125,0.27794283628463745,0.11941927671432495,0.1389184147119522,0.7087380290031433,0.5698196142911911,0.2279827669262886,0.6323118507862091,0.4043290838599205,project/results/qgat_extend100/seed2026/gnn/validation_epoch_97.json,project/results/qgat_extend100/seed2026/relation_D/validation_epoch_85.json
best_J,2026,V_select,394,20,97,85,7,7,0.15852342545986176,0.27762216329574585,0.1190987378358841,0.13893301784992218,0.7080355882644653,0.5691025704145432,0.22798993438482285,0.6316399574279785,0.40365002304315567,project/results/qgat_extend100/seed2026/gnn/validation_epoch_97.json,project/results/qgat_extend100/seed2026/relation_D/validation_epoch_85.json
best_J,2026,V_select,395,5,97,85,7,7,0.22459776699543,0.3633037507534027,0.13870598375797272,0.4776948392391205,0.8944399952888489,0.4167451560497284,0.46344518661499023,0.8105237483978271,0.3470785617828369,project/results/qgat_extend100/seed2026/gnn/validation_epoch_97.json,project/results/qgat_extend100/seed2026/relation_D/validation_epoch_85.json
best_J,2026,V_select,395,10,97,85,7,7,0.22443269193172455,0.3636157810688019,0.13918308913707733,0.47668692469596863,0.8961161375045776,0.419429212808609,0.46277615427970886,0.8116738498210907,0.34889769554138184,project/results/qgat_extend100/seed2026/gnn/validation_epoch_97.json,project/results/qgat_extend100/seed2026/relation_D/validation_epoch_85.json
best_J,2026,V_select,395,15,97,85,7,7,0.22443269193172455,0.3636157810688019,0.13918308913707733,0.47668692469596863,0.8961161375045776,0.419429212808609,0.46277615427970886,0.8116738498210907,0.34889769554138184,project/results/qgat_extend100/seed2026/gnn/validation_epoch_97.json,project/results/qgat_extend100/seed2026/relation_D/validation_epoch_85.json
best_J,2026,V_select,395,20,97,85,7,7,0.22461329400539398,0.36340245604515076,0.13878916203975677,0.4776497185230255,0.8933038711547852,0.41565415263175964,0.46343815326690674,0.8100543916225433,0.3466162383556366,project/results/qgat_extend100/seed2026/gnn/validation_epoch_97.json,project/results/qgat_extend100/seed2026/relation_D/validation_epoch_85.json
best_J,2026,V_select,396,5,97,85,7,7,0.4101426303386688,0.39184150099754333,-0.01830112934112549,1.3197466135025024,1.3348462581634521,0.015099644660949707,1.07001593708992,1.0592646300792694,-0.010751307010650635,project/results/qgat_extend100/seed2026/gnn/validation_epoch_97.json,project/results/qgat_extend100/seed2026/relation_D/validation_epoch_85.json
best_J,2026,V_select,396,10,97,85,7,7,0.4089501202106476,0.3911796510219574,-0.017770469188690186,1.3170959949493408,1.333394169807434,0.01629817485809326,1.067498117685318,1.0578767359256744,-0.009621381759643555,project/results/qgat_extend100/seed2026/gnn/validation_epoch_97.json,project/results/qgat_extend100/seed2026/relation_D/validation_epoch_85.json
best_J,2026,V_select,396,15,97,85,7,7,0.41255900263786316,0.3947747051715851,-0.017784297466278076,1.3209162950515747,1.3370503187179565,0.016134023666381836,1.0730171501636505,1.0632998645305634,-0.009717285633087158,project/results/qgat_extend100/seed2026/gnn/validation_epoch_97.json,project/results/qgat_extend100/seed2026/relation_D/validation_epoch_85.json
best_J,2026,V_select,396,20,97,85,7,7,0.412994384765625,0.39457443356513977,-0.01841995120048523,1.3219242095947266,1.3366397619247437,0.01471555233001709,1.0739564895629883,1.0628943145275116,-0.011062175035476685,project/results/qgat_extend100/seed2026/gnn/validation_epoch_97.json,project/results/qgat_extend100/seed2026/relation_D/validation_epoch_85.json
best_J,2026,V_select,397,5,97,85,7,7,1.303911805152893,1.49305260181427,0.18914079666137695,2.9060511589050293,3.3937718868255615,0.4877207279205322,2.7569373846054077,3.189938545227051,0.43300116062164307,project/results/qgat_extend100/seed2026/gnn/validation_epoch_97.json,project/results/qgat_extend100/seed2026/relation_D/validation_epoch_85.json
best_J,2026,V_select,397,10,97,85,7,7,1.3060990571975708,1.4995139837265015,0.19341492652893066,2.911397695541382,3.405940532684326,0.49454283714294434,2.7617979049682617,3.2024842500686646,0.44068634510040283,project/results/qgat_extend100/seed2026/gnn/validation_epoch_97.json,project/results/qgat_extend100/seed2026/relation_D/validation_epoch_85.json
best_J,2026,V_select,397,15,97,85,7,7,1.306062936782837,1.4995371103286743,0.1934741735458374,2.9113733768463135,3.4059269428253174,0.4945535659790039,2.7617496252059937,3.202500581741333,0.44075095653533936,project/results/qgat_extend100/seed2026/gnn/validation_epoch_97.json,project/results/qgat_extend100/seed2026/relation_D/validation_epoch_85.json
best_J,2026,V_select,397,20,97,85,7,7,1.306062936782837,1.4995371103286743,0.1934741735458374,2.9113733768463135,3.4059269428253174,0.4945535659790039,2.7617496252059937,3.202500581741333,0.44075095653533936,project/results/qgat_extend100/seed2026/gnn/validation_epoch_97.json,project/results/qgat_extend100/seed2026/relation_D/validation_epoch_85.json
best_J,2026,V_select,398,5,97,85,7,7,0.9572651982307434,0.9210048317909241,-0.036260366439819336,1.3485532999038696,1.2512503862380981,-0.09730291366577148,1.6315418481826782,1.5466300249099731,-0.08491182327270508,project/results/qgat_extend100/seed2026/gnn/validation_epoch_97.json,project/results/qgat_extend100/seed2026/relation_D/validation_epoch_85.json
best_J,2026,V_select,398,10,97,85,7,7,0.9578911066055298,0.9221214056015015,-0.03576970100402832,1.3495773077011108,1.2522097826004028,-0.09736752510070801,1.6326797604560852,1.5482262969017029,-0.08445346355438232,project/results/qgat_extend100/seed2026/gnn/validation_epoch_97.json,project/results/qgat_extend100/seed2026/relation_D/validation_epoch_85.json
best_J,2026,V_select,398,15,97,85,7,7,0.9570657014846802,0.9224615097045898,-0.03460419178009033,1.347311019897461,1.251656174659729,-0.09565484523773193,1.6307212114334106,1.5482895970344543,-0.0824316143989563,project/results/qgat_extend100/seed2026/gnn/validation_epoch_97.json,project/results/qgat_extend100/seed2026/relation_D/validation_epoch_85.json
best_J,2026,V_select,398,20,97,85,7,7,0.9570545554161072,0.9224616289138794,-0.03459292650222778,1.3472901582717896,1.251656174659729,-0.09563398361206055,1.630699634552002,1.548289716243744,-0.08240991830825806,project/results/qgat_extend100/seed2026/gnn/validation_epoch_97.json,project/results/qgat_extend100/seed2026/relation_D/validation_epoch_85.json
best_J,2026,V_select,399,5,97,85,7,6,0.7755991816520691,0.5944666266441345,-0.18113255500793457,1.402200698852539,0.8213975429534912,-0.5808031558990479,1.4766995310783386,1.0051653981208801,-0.4715341329574585,project/results/qgat_extend100/seed2026/gnn/validation_epoch_97.json,project/results/qgat_extend100/seed2026/relation_D/validation_epoch_85.json
best_J,2026,V_select,399,10,97,85,7,6,0.7769710421562195,0.5942932963371277,-0.1826777458190918,1.4023672342300415,0.8196725249290466,-0.5826947093009949,1.4781546592712402,1.004129558801651,-0.47402510046958923,project/results/qgat_extend100/seed2026/gnn/validation_epoch_97.json,project/results/qgat_extend100/seed2026/relation_D/validation_epoch_85.json
best_J,2026,V_select,399,15,97,85,7,6,0.776859700679779,0.5941513180732727,-0.18270838260650635,1.4021037817001343,0.8210740089416504,-0.5810297727584839,1.4779115915298462,1.004688322544098,-0.4732232689857483,project/results/qgat_extend100/seed2026/gnn/validation_epoch_97.json,project/results/qgat_extend100/seed2026/relation_D/validation_epoch_85.json
best_J,2026,V_select,399,20,97,85,7,6,0.7772887349128723,0.5943360924720764,-0.1829526424407959,1.402109980583191,0.8210574984550476,-0.5810524821281433,1.4783437252044678,1.0048648416996002,-0.47347888350486755,project/results/qgat_extend100/seed2026/gnn/validation_epoch_97.json,project/results/qgat_extend100/seed2026/relation_D/validation_epoch_85.json
