split,scene_id,frame,station_id,target_snr_db,timestamp,vehicle_id,range_gt_m,radial_velocity_gt_mps,bearing_gt_deg,crowded_gt,nearest_rd_window_dbearing_deg,per_target_share_db,per_target_frame_snr_db,predicted_peak_margin_db
train,0,307,1,-10.0,30.73073073073073,7,65.24135885741161,-12.741353500595872,-18.57438306875931,False,,-44.20863157680724,-54.20863157680724,-29.565657451683876
train,0,307,1,-10.0,30.73073073073073,11,25.174835030503804,-11.299470371394177,-6.957994616632921,False,,-27.66637698908061,-37.66637698908061,-13.023402863957244
train,0,307,1,-10.0,30.73073073073073,12,5.122723106204014,-2.1303146130374553,50.72083225739194,False,,-0.0077469358973637145,-10.007746935897364,14.635227189226
train,0,307,1,-10.0,30.73073073073073,13,80.61256237133894,14.323573419366586,43.827384510294,False,,-47.883820694792824,-57.883820694792824,-33.24084656966946
train,0,307,1,-10.0,30.73073073073073,14,84.33716343748186,22.52590663573401,45.761753663911215,False,,-48.66847125760807,-58.66847125760807,-34.0254971324847
train,0,307,1,-10.0,30.73073073073073,15,126.98917986677179,19.147230441931185,41.42986449630122,False,,-55.7783803922073,-65.77838039220731,-41.135406267083944
train,0,307,1,-5.0,30.73073073073073,7,65.24135885741161,-12.741353500595872,-18.57438306875931,False,,-44.20863157680724,-49.20863157680724,-24.565657451683876
train,0,307,1,-5.0,30.73073073073073,11,25.174835030503804,-11.299470371394177,-6.957994616632921,False,,-27.66637698908061,-32.66637698908061,-8.023402863957244
train,0,307,1,-5.0,30.73073073073073,12,5.122723106204014,-2.1303146130374553,50.72083225739194,False,,-0.0077469358973637145,-5.007746935897364,19.635227189226
train,0,307,1,-5.0,30.73073073073073,13,80.61256237133894,14.323573419366586,43.827384510294,False,,-47.883820694792824,-52.883820694792824,-28.240846569669458
train,0,307,1,-5.0,30.73073073073073,14,84.33716343748186,22.52590663573401,45.761753663911215,False,,-48.66847125760807,-53.66847125760807,-29.025497132484702
train,0,307,1,-5.0,30.73073073073073,15,126.98917986677179,19.147230441931185,41.42986449630122,False,,-55.7783803922073,-60.7783803922073,-36.13540626708394
train,0,307,1,0.0,30.73073073073073,7,65.24135885741161,-12.741353500595872,-18.57438306875931,False,,-44.20863157680724,-44.20863157680724,-19.565657451683876
train,0,307,1,0.0,30.73073073073073,11,25.174835030503804,-11.299470371394177,-6.957994616632921,False,,-27.66637698908061,-27.66637698908061,-3.0234028639572443
train,0,307,1,0.0,30.73073073073073,12,5.122723106204014,-2.1303146130374553,50.72083225739194,False,,-0.0077469358973637145,-0.0077469358973637145,24.635227189226
train,0,307,1,0.0,30.73073073073073,13,80.61256237133894,14.323573419366586,43.827384510294,False,,-47.883820694792824,-47.883820694792824,-23.240846569669458
train,0,307,1,0.0,30.73073073073073,14,84.33716343748186,22.52590663573401,45.761753663911215,False,,-48.66847125760807,-48.66847125760807,-24.025497132484702
train,0,307,1,0.0,30.73073073073073,15,126.98917986677179,19.147230441931185,41.42986449630122,False,,-55.7783803922073,-55.7783803922073,-31.135406267083937
train,0,307,1,5.0,30.73073073073073,7,65.24135885741161,-12.741353500595872,-18.57438306875931,False,,-44.20863157680724,-39.20863157680724,-14.565657451683876
train,0,307,1,5.0,30.73073073073073,12,5.122723106204014,-2.1303146130374553,50.72083225739194,False,,-0.0077469358973637145,4.992253064102636,29.635227189226
train,0,307,1,5.0,30.73073073073073,13,80.61256237133894,14.323573419366586,43.827384510294,False,,-47.883820694792824,-42.883820694792824,-18.240846569669458
train,0,307,1,5.0,30.73073073073073,14,84.33716343748186,22.52590663573401,45.761753663911215,False,,-48.66847125760807,-43.66847125760807,-19.025497132484702
train,0,307,1,5.0,30.73073073073073,15,126.98917986677179,19.147230441931185,41.42986449630122,False,,-55.7783803922073,-50.7783803922073,-26.135406267083937
train,0,307,1,10.0,30.73073073073073,7,65.24135885741161,-12.741353500595872,-18.57438306875931,False,,-44.20863157680724,-34.20863157680724,-9.565657451683876
train,0,307,1,10.0,30.73073073073073,12,5.122723106204014,-2.1303146130374553,50.72083225739194,False,,-0.0077469358973637145,9.992253064102636,34.635227189226
train,0,307,1,10.0,30.73073073073073,13,80.61256237133894,14.323573419366586,43.827384510294,False,,-47.883820694792824,-37.883820694792824,-13.240846569669458
train,0,307,1,10.0,30.73073073073073,14,84.33716343748186,22.52590663573401,45.761753663911215,False,,-48.66847125760807,-38.66847125760807,-14.025497132484702
train,0,307,1,10.0,30.73073073073073,15,126.98917986677179,19.147230441931185,41.42986449630122,False,,-55.7783803922073,-45.7783803922073,-21.135406267083937
train,0,307,1,15.0,30.73073073073073,7,65.24135885741161,-12.741353500595872,-18.57438306875931,False,,-44.20863157680724,-29.208631576807242,-4.565657451683876
train,0,307,1,15.0,30.73073073073073,12,5.122723106204014,-2.1303146130374553,50.72083225739194,False,,-0.0077469358973637145,14.992253064102636,39.635227189226
train,0,307,1,15.0,30.73073073073073,13,80.61256237133894,14.323573419366586,43.827384510294,False,,-47.883820694792824,-32.883820694792824,-8.240846569669458
train,0,307,1,15.0,30.73073073073073,14,84.33716343748186,22.52590663573401,45.761753663911215,False,,-48.66847125760807,-33.66847125760807,-9.025497132484702
train,0,307,1,15.0,30.73073073073073,15,126.98917986677179,19.147230441931185,41.42986449630122,False,,-55.7783803922073,-40.7783803922073,-16.135406267083937
train,0,307,2,-10.0,30.73073073073073,13,69.04400227972938,7.770536585457103,-59.41550799751685,True,0.8833473924334,-10.23639941444122,-20.23639941444122,4.406574710682147
train,0,307,2,-10.0,30.73073073073073,14,73.55421153593923,11.605833276543251,-60.29885538995024,True,0.8833473924334,-11.33566286252714,-21.33566286252714,3.307311262596226
train,0,307,2,-5.0,30.73073073073073,13,69.04400227972938,7.770536585457103,-59.41550799751685,True,0.8833473924334,-10.23639941444122,-15.23639941444122,9.406574710682147
train,0,307,2,-5.0,30.73073073073073,14,73.55421153593923,11.605833276543251,-60.29885538995024,True,0.8833473924334,-11.33566286252714,-16.33566286252714,8.307311262596226
train,0,307,2,0.0,30.73073073073073,13,69.04400227972938,7.770536585457103,-59.41550799751685,True,0.8833473924334,-10.23639941444122,-10.23639941444122,14.40657471068215
train,0,307,2,0.0,30.73073073073073,14,73.55421153593923,11.605833276543251,-60.29885538995024,True,0.8833473924334,-11.33566286252714,-11.33566286252714,13.30731126259623
train,0,307,2,5.0,30.73073073073073,13,69.04400227972938,7.770536585457103,-59.41550799751685,True,0.8833473924334,-10.23639941444122,-5.23639941444122,19.40657471068215
train,0,307,2,5.0,30.73073073073073,14,73.55421153593923,11.605833276543251,-60.29885538995024,True,0.8833473924334,-11.33566286252714,-6.3356628625271405,18.30731126259623
train,0,307,2,10.0,30.73073073073073,13,69.04400227972938,7.770536585457103,-59.41550799751685,True,0.8833473924334,-10.23639941444122,-0.2363994144412196,24.40657471068215
train,0,307,2,10.0,30.73073073073073,14,73.55421153593923,11.605833276543251,-60.29885538995024,True,0.8833473924334,-11.33566286252714,-1.3356628625271405,23.30731126259623
train,0,307,2,15.0,30.73073073073073,13,69.04400227972938,7.770536585457103,-59.41550799751685,True,0.8833473924334,-10.23639941444122,4.76360058555878,29.40657471068215
train,0,307,2,15.0,30.73073073073073,14,73.55421153593923,11.605833276543251,-60.29885538995024,True,0.8833473924334,-11.33566286252714,3.6643371374728595,28.30731126259623
train,0,308,1,-10.0,30.83083083083083,7,66.52013515858911,-12.750922566967692,-18.723921344359383,False,,-43.371345443953864,-53.371345443953864,-28.728371318830497
train,0,308,1,-10.0,30.83083083083083,11,26.305777488721706,-11.38134817505301,-7.691623208687552,False,,-27.255266215288096,-37.255266215288096,-12.612292090164729
train,0,308,1,-10.0,30.83083083083083,13,79.18457467572877,14.166416454602203,43.92682007981209,False,,-46.39884405870166,-56.39884405870166,-31.755869933578296
train,0,308,1,-10.0,30.83083083083083,14,82.07179910308682,22.54634564560808,46.05625925900804,False,,-47.02097867465654,-57.02097867465654,-32.37800454953317
train,0,308,1,-10.0,30.83083083083083,15,125.07148513018232,19.174339380717804,41.55511184271574,False,,-54.33955279718682,-64.33955279718683,-39.69657867206346
train,0,308,1,-5.0,30.83083083083083,7,66.52013515858911,-12.750922566967692,-18.723921344359383,False,,-43.371345443953864,-48.371345443953864,-23.728371318830497
train,0,308,1,-5.0,30.83083083083083,11,26.305777488721706,-11.38134817505301,-7.691623208687552,False,,-27.255266215288096,-32.255266215288096,-7.612292090164729
train,0,308,1,-5.0,30.83083083083083,13,79.18457467572877,14.166416454602203,43.92682007981209,False,,-46.39884405870166,-51.39884405870166,-26.755869933578296
train,0,308,1,-5.0,30.83083083083083,14,82.07179910308682,22.54634564560808,46.05625925900804,False,,-47.02097867465654,-52.02097867465654,-27.378004549533173
train,0,308,1,-5.0,30.83083083083083,15,125.07148513018232,19.174339380717804,41.55511184271574,False,,-54.33955279718682,-59.33955279718682,-34.69657867206345
train,0,308,1,0.0,30.83083083083083,7,66.52013515858911,-12.750922566967692,-18.723921344359383,False,,-43.371345443953864,-43.371345443953864,-18.728371318830497
train,0,308,1,0.0,30.83083083083083,11,26.305777488721706,-11.38134817505301,-7.691623208687552,False,,-27.255266215288096,-27.255266215288096,-2.612292090164729
train,0,308,1,0.0,30.83083083083083,13,79.18457467572877,14.166416454602203,43.92682007981209,False,,-46.39884405870166,-46.39884405870166,-21.755869933578296
train,0,308,1,0.0,30.83083083083083,14,82.07179910308682,22.54634564560808,46.05625925900804,False,,-47.02097867465654,-47.02097867465654,-22.378004549533173
train,0,308,1,0.0,30.83083083083083,15,125.07148513018232,19.174339380717804,41.55511184271574,False,,-54.33955279718682,-54.33955279718682,-29.696578672063453
train,0,308,1,5.0,30.83083083083083,7,66.52013515858911,-12.750922566967692,-18.723921344359383,False,,-43.371345443953864,-38.371345443953864,-13.728371318830497
train,0,308,1,5.0,30.83083083083083,13,79.18457467572877,14.166416454602203,43.92682007981209,False,,-46.39884405870166,-41.39884405870166,-16.755869933578296
train,0,308,1,5.0,30.83083083083083,14,82.07179910308682,22.54634564560808,46.05625925900804,False,,-47.02097867465654,-42.02097867465654,-17.378004549533173
train,0,308,1,5.0,30.83083083083083,15,125.07148513018232,19.174339380717804,41.55511184271574,False,,-54.33955279718682,-49.33955279718682,-24.696578672063453
train,0,308,1,10.0,30.83083083083083,7,66.52013515858911,-12.750922566967692,-18.723921344359383,False,,-43.371345443953864,-33.371345443953864,-8.728371318830497
train,0,308,1,10.0,30.83083083083083,13,79.18457467572877,14.166416454602203,43.92682007981209,False,,-46.39884405870166,-36.39884405870166,-11.755869933578296
train,0,308,1,10.0,30.83083083083083,14,82.07179910308682,22.54634564560808,46.05625925900804,False,,-47.02097867465654,-37.02097867465654,-12.378004549533173
train,0,308,1,10.0,30.83083083083083,15,125.07148513018232,19.174339380717804,41.55511184271574,False,,-54.33955279718682,-44.33955279718682,-19.696578672063453
train,0,308,1,15.0,30.83083083083083,7,66.52013515858911,-12.750922566967692,-18.723921344359383,False,,-43.371345443953864,-28.371345443953864,-3.728371318830497
train,0,308,1,15.0,30.83083083083083,13,79.18457467572877,14.166416454602203,43.92682007981209,False,,-46.39884405870166,-31.398844058701663,-6.755869933578296
train,0,308,1,15.0,30.83083083083083,14,82.07179910308682,22.54634564560808,46.05625925900804,False,,-47.02097867465654,-32.02097867465654,-7.378004549533173
train,0,308,1,15.0,30.83083083083083,15,125.07148513018232,19.174339380717804,41.55511184271574,False,,-54.33955279718682,-39.33955279718682,-14.696578672063453
train,0,308,2,-10.0,30.83083083083083,13,68.27805056849473,7.483689621338628,-58.39879761946804,True,0.3230876949176858,-10.470302246635443,-20.47030224663544,4.172671878487925
train,0,308,2,-10.0,30.83083083083083,14,72.40918699348055,11.121540940511036,-58.72188531438573,True,0.3230876949176858,-11.49080458074759,-21.49080458074759,3.152169544375777
train,0,308,2,-5.0,30.83083083083083,13,68.27805056849473,7.483689621338628,-58.39879761946804,True,0.3230876949176858,-10.470302246635443,-15.470302246635443,9.172671878487925
train,0,308,2,-5.0,30.83083083083083,14,72.40918699348055,11.121540940511036,-58.72188531438573,True,0.3230876949176858,-11.49080458074759,-16.49080458074759,8.152169544375777
train,0,308,2,0.0,30.83083083083083,13,68.27805056849473,7.483689621338628,-58.39879761946804,True,0.3230876949176858,-10.470302246635443,-10.470302246635443,14.172671878487925
train,0,308,2,0.0,30.83083083083083,14,72.40918699348055,11.121540940511036,-58.72188531438573,True,0.3230876949176858,-11.49080458074759,-11.49080458074759,13.15216954437578
train,0,308,2,5.0,30.83083083083083,13,68.27805056849473,7.483689621338628,-58.39879761946804,True,0.3230876949176858,-10.470302246635443,-5.470302246635443,19.172671878487925
train,0,308,2,5.0,30.83083083083083,14,72.40918699348055,11.121540940511036,-58.72188531438573,True,0.3230876949176858,-11.49080458074759,-6.490804580747589,18.15216954437578
train,0,308,2,10.0,30.83083083083083,13,68.27805056849473,7.483689621338628,-58.39879761946804,True,0.3230876949176858,-10.470302246635443,-0.47030224663544296,24.172671878487925
train,0,308,2,10.0,30.83083083083083,14,72.40918699348055,11.121540940511036,-58.72188531438573,True,0.3230876949176858,-11.49080458074759,-1.4908045807475894,23.15216954437578
train,0,308,2,15.0,30.83083083083083,13,68.27805056849473,7.483689621338628,-58.39879761946804,True,0.3230876949176858,-10.470302246635443,4.529697753364557,29.172671878487925
train,0,308,2,15.0,30.83083083083083,14,72.40918699348055,11.121540940511036,-58.72188531438573,True,0.3230876949176858,-11.49080458074759,3.5091954192524106,28.15216954437578
train,0,309,1,-10.0,30.93093093093093,7,67.8035447580207,-12.755114904992732,-18.866035533529008,False,,-41.89751068600491,-51.89751068600491,-27.25453656088154
train,0,309,1,-10.0,30.93093093093093,11,27.448712505261774,-11.463868263713021,-8.401142075657786,False,,-26.188293852952395,-36.1882938529524,-11.545319727829032
train,0,309,1,-10.0,30.93093093093093,13,77.7727792777369,14.007491304766443,44.02679693724607,False,,-44.280519478756204,-54.280519478756204,-29.637545353632838
train,0,309,1,-10.0,30.93093093093093,14,79.80480139766453,22.556099250033256,46.36458733187115,False,,-44.72857555975568,-54.72857555975568,-30.085601434632316
train,0,309,1,-10.0,30.93093093093093,15,123.14901019702572,19.200497676341655,41.684201768222934,False,,-52.26465173676087,-62.26465173676087,-37.6216776116375
train,0,309,1,-5.0,30.93093093093093,7,67.8035447580207,-12.755114904992732,-18.866035533529008,False,,-41.89751068600491,-46.89751068600491,-22.25453656088154
train,0,309,1,-5.0,30.93093093093093,11,27.448712505261774,-11.463868263713021,-8.401142075657786,False,,-26.188293852952395,-31.188293852952395,-6.545319727829028
train,0,309,1,-5.0,30.93093093093093,13,77.7727792777369,14.007491304766443,44.02679693724607,False,,-44.280519478756204,-49.280519478756204,-24.637545353632838
train,0,309,1,-5.0,30.93093093093093,14,79.80480139766453,22.556099250033256,46.36458733187115,False,,-44.72857555975568,-49.72857555975568,-25.085601434632316
train,0,309,1,-5.0,30.93093093093093,15,123.14901019702572,19.200497676341655,41.684201768222934,False,,-52.26465173676087,-57.26465173676087,-32.6216776116375
train,0,309,1,0.0,30.93093093093093,7,67.8035447580207,-12.755114904992732,-18.866035533529008,False,,-41.89751068600491,-41.89751068600491,-17.25453656088154
train,0,309,1,0.0,30.93093093093093,11,27.448712505261774,-11.463868263713021,-8.401142075657786,False,,-26.188293852952395,-26.188293852952395,-1.5453197278290283
train,0,309,1,0.0,30.93093093093093,13,77.7727792777369,14.007491304766443,44.02679693724607,False,,-44.280519478756204,-44.280519478756204,-19.637545353632838
train,0,309,1,0.0,30.93093093093093,14,79.80480139766453,22.556099250033256,46.36458733187115,False,,-44.72857555975568,-44.72857555975568,-20.085601434632316
train,0,309,1,0.0,30.93093093093093,15,123.14901019702572,19.200497676341655,41.684201768222934,False,,-52.26465173676087,-52.26465173676087,-27.6216776116375
train,0,309,1,5.0,30.93093093093093,7,67.8035447580207,-12.755114904992732,-18.866035533529008,False,,-41.89751068600491,-36.89751068600491,-12.25453656088154
train,0,309,1,5.0,30.93093093093093,13,77.7727792777369,14.007491304766443,44.02679693724607,False,,-44.280519478756204,-39.280519478756204,-14.637545353632838
train,0,309,1,5.0,30.93093093093093,14,79.80480139766453,22.556099250033256,46.36458733187115,False,,-44.72857555975568,-39.72857555975568,-15.085601434632316
train,0,309,1,5.0,30.93093093093093,15,123.14901019702572,19.200497676341655,41.684201768222934,False,,-52.26465173676087,-47.26465173676087,-22.6216776116375
train,0,309,1,10.0,30.93093093093093,7,67.8035447580207,-12.755114904992732,-18.866035533529008,False,,-41.89751068600491,-31.897510686004907,-7.25453656088154
train,0,309,1,10.0,30.93093093093093,13,77.7727792777369,14.007491304766443,44.02679693724607,False,,-44.280519478756204,-34.280519478756204,-9.637545353632838
train,0,309,1,10.0,30.93093093093093,14,79.80480139766453,22.556099250033256,46.36458733187115,False,,-44.72857555975568,-34.72857555975568,-10.085601434632316
train,0,309,1,10.0,30.93093093093093,15,123.14901019702572,19.200497676341655,41.684201768222934,False,,-52.26465173676087,-42.26465173676087,-17.6216776116375
train,0,309,1,15.0,30.93093093093093,7,67.8035447580207,-12.755114904992732,-18.866035533529008,False,,-41.89751068600491,-26.897510686004907,-2.25453656088154
train,0,309,1,15.0,30.93093093093093,13,77.7727792777369,14.007491304766443,44.02679693724607,False,,-44.280519478756204,-29.280519478756204,-4.637545353632838
train,0,309,1,15.0,30.93093093093093,14,79.80480139766453,22.556099250033256,46.36458733187115,False,,-44.72857555975568,-29.728575559755683,-5.085601434632316
train,0,309,1,15.0,30.93093093093093,15,123.14901019702572,19.200497676341655,41.684201768222934,False,,-52.26465173676087,-37.26465173676087,-12.621677611637502
train,0,309,2,-10.0,30.93093093093093,13,67.54001634864427,7.194528647532843,-57.37223324178752,True,0.27752340796454295,-10.688609417132785,-20.688609417132785,3.9543647079905817
train,0,309,2,-10.0,30.93093093093093,14,71.31478759459628,10.604058824236974,-57.094709833822975,True,0.27752340796454295,-11.633346681505877,-21.633346681505877,3.0096274436174895
train,0,309,2,-5.0,30.93093093093093,13,67.54001634864427,7.194528647532843,-57.37223324178752,True,0.27752340796454295,-10.688609417132785,-15.688609417132785,8.954364707990582
train,0,309,2,-5.0,30.93093093093093,14,71.31478759459628,10.604058824236974,-57.094709833822975,True,0.27752340796454295,-11.633346681505877,-16.633346681505877,8.00962744361749
train,0,309,2,0.0,30.93093093093093,13,67.54001634864427,7.194528647532843,-57.37223324178752,True,0.27752340796454295,-10.688609417132785,-10.688609417132785,13.954364707990578
train,0,309,2,0.0,30.93093093093093,14,71.31478759459628,10.604058824236974,-57.094709833822975,True,0.27752340796454295,-11.633346681505877,-11.633346681505877,13.00962744361749
train,0,309,2,5.0,30.93093093093093,13,67.54001634864427,7.194528647532843,-57.37223324178752,True,0.27752340796454295,-10.688609417132785,-5.688609417132785,18.954364707990578
train,0,309,2,5.0,30.93093093093093,14,71.31478759459628,10.604058824236974,-57.094709833822975,True,0.27752340796454295,-11.633346681505877,-6.633346681505877,18.00962744361749
train,0,309,2,10.0,30.93093093093093,13,67.54001634864427,7.194528647532843,-57.37223324178752,True,0.27752340796454295,-10.688609417132785,-0.6886094171327848,23.954364707990578
train,0,309,2,10.0,30.93093093093093,14,71.31478759459628,10.604058824236974,-57.094709833822975,True,0.27752340796454295,-11.633346681505877,-1.633346681505877,23.00962744361749
train,0,309,2,15.0,30.93093093093093,13,67.54001634864427,7.194528647532843,-57.37223324178752,True,0.27752340796454295,-10.688609417132785,4.311390582867215,28.954364707990578
train,0,309,2,15.0,30.93093093093093,14,71.31478759459628,10.604058824236974,-57.094709833822975,True,0.27752340796454295,-11.633346681505877,3.366653318494123,28.00962744361749
train,0,310,1,-10.0,31.03103103103103,7,69.08388425582291,-12.753684837209253,-18.999717885943852,False,,-40.141958026664106,-50.141958026664106,-25.49898390154074
train,0,310,1,-10.0,31.03103103103103,11,28.595314647434744,-11.545881050910356,-9.065611957939963,False,,-24.818683297527496,-34.8186832975275,-10.175709172404133
train,0,310,1,-10.0,31.03103103103103,13,76.37860920928976,13.847777662885976,44.12673010848086,False,,-41.88575795024312,-51.88575795024312,-27.24278382511975
train,0,310,1,-10.0,31.03103103103103,14,77.53707971712586,22.55472205119191,46.68816999213552,False,,-42.14726571645418,-52.14726571645418,-27.504291591330812
train,0,310,1,-10.0,31.03103103103103,15,121.2241623937225,19.224596368007333,41.81745222982672,False,,-49.910455791941466,-59.910455791941466,-35.2674816668181
train,0,310,1,-5.0,31.03103103103103,7,69.08388425582291,-12.753684837209253,-18.999717885943852,False,,-40.141958026664106,-45.141958026664106,-20.49898390154074
train,0,310,1,-5.0,31.03103103103103,11,28.595314647434744,-11.545881050910356,-9.065611957939963,False,,-24.818683297527496,-29.818683297527496,-5.1757091724041295
train,0,310,1,-5.0,31.03103103103103,13,76.37860920928976,13.847777662885976,44.12673010848086,False,,-41.88575795024312,-46.88575795024312,-22.24278382511975
train,0,310,1,-5.0,31.03103103103103,14,77.53707971712586,22.55472205119191,46.68816999213552,False,,-42.14726571645418,-47.14726571645418,-22.504291591330812
train,0,310,1,-5.0,31.03103103103103,15,121.2241623937225,19.224596368007333,41.81745222982672,False,,-49.910455791941466,-54.910455791941466,-30.2674816668181
train,0,310,1,0.0,31.03103103103103,7,69.08388425582291,-12.753684837209253,-18.999717885943852,False,,-40.141958026664106,-40.141958026664106,-15.49898390154074
train,0,310,1,0.0,31.03103103103103,11,28.595314647434744,-11.545881050910356,-9.065611957939963,False,,-24.818683297527496,-24.818683297527496,-0.17570917240412953
train,0,310,1,0.0,31.03103103103103,13,76.37860920928976,13.847777662885976,44.12673010848086,False,,-41.88575795024312,-41.88575795024312,-17.24278382511975
train,0,310,1,0.0,31.03103103103103,14,77.53707971712586,22.55472205119191,46.68816999213552,False,,-42.14726571645418,-42.14726571645418,-17.504291591330812
train,0,310,1,0.0,31.03103103103103,15,121.2241623937225,19.224596368007333,41.81745222982672,False,,-49.910455791941466,-49.910455791941466,-25.2674816668181
train,0,310,1,5.0,31.03103103103103,7,69.08388425582291,-12.753684837209253,-18.999717885943852,False,,-40.141958026664106,-35.141958026664106,-10.49898390154074
train,0,310,1,5.0,31.03103103103103,13,76.37860920928976,13.847777662885976,44.12673010848086,False,,-41.88575795024312,-36.88575795024312,-12.242783825119751
train,0,310,1,5.0,31.03103103103103,14,77.53707971712586,22.55472205119191,46.68816999213552,False,,-42.14726571645418,-37.14726571645418,-12.504291591330812
train,0,310,1,5.0,31.03103103103103,15,121.2241623937225,19.224596368007333,41.81745222982672,False,,-49.910455791941466,-44.910455791941466,-20.2674816668181
train,0,310,1,10.0,31.03103103103103,7,69.08388425582291,-12.753684837209253,-18.999717885943852,False,,-40.141958026664106,-30.141958026664106,-5.49898390154074
train,0,310,1,10.0,31.03103103103103,13,76.37860920928976,13.847777662885976,44.12673010848086,False,,-41.88575795024312,-31.885757950243118,-7.242783825119751
train,0,310,1,10.0,31.03103103103103,14,77.53707971712586,22.55472205119191,46.68816999213552,False,,-42.14726571645418,-32.14726571645418,-7.504291591330812
train,0,310,1,10.0,31.03103103103103,15,121.2241623937225,19.224596368007333,41.81745222982672,False,,-49.910455791941466,-39.910455791941466,-15.2674816668181
train,0,310,1,15.0,31.03103103103103,7,69.08388425582291,-12.753684837209253,-18.999717885943852,False,,-40.141958026664106,-25.141958026664106,-0.4989839015407398
train,0,310,1,15.0,31.03103103103103,13,76.37860920928976,13.847777662885976,44.12673010848086,False,,-41.88575795024312,-26.885757950243118,-2.2427838251197514
train,0,310,1,15.0,31.03103103103103,14,77.53707971712586,22.55472205119191,46.68816999213552,False,,-42.14726571645418,-27.14726571645418,-2.504291591330812
train,0,310,1,15.0,31.03103103103103,15,121.2241623937225,19.224596368007333,41.81745222982672,False,,-49.910455791941466,-34.910455791941466,-10.2674816668181
train,0,310,2,-10.0,31.03103103103103,13,66.83002979263628,6.902752635172223,-56.33781767097618,True,0.920192615664183,-10.972575801109297,-20.972575801109297,3.6703983240140694
train,0,310,2,-10.0,31.03103103103103,14,70.2743589370537,10.053932456777963,-55.417625055311994,True,0.920192615664183,-11.845585313397343,-21.845585313397343,2.797388811726023
train,0,310,2,-5.0,31.03103103103103,13,66.83002979263628,6.902752635172223,-56.33781767097618,True,0.920192615664183,-10.972575801109297,-15.972575801109297,8.67039832401407
train,0,310,2,-5.0,31.03103103103103,14,70.2743589370537,10.053932456777963,-55.417625055311994,True,0.920192615664183,-11.845585313397343,-16.845585313397343,7.797388811726023
train,0,310,2,0.0,31.03103103103103,13,66.83002979263628,6.902752635172223,-56.33781767097618,True,0.920192615664183,-10.972575801109297,-10.972575801109297,13.670398324014073
train,0,310,2,0.0,31.03103103103103,14,70.2743589370537,10.053932456777963,-55.417625055311994,True,0.920192615664183,-11.845585313397343,-11.845585313397343,12.797388811726023
train,0,310,2,5.0,31.03103103103103,13,66.83002979263628,6.902752635172223,-56.33781767097618,True,0.920192615664183,-10.972575801109297,-5.972575801109297,18.670398324014073
train,0,310,2,5.0,31.03103103103103,14,70.2743589370537,10.053932456777963,-55.417625055311994,True,0.920192615664183,-11.845585313397343,-6.845585313397343,17.797388811726023
train,0,310,2,10.0,31.03103103103103,13,66.83002979263628,6.902752635172223,-56.33781767097618,True,0.920192615664183,-10.972575801109297,-0.9725758011092971,23.670398324014073
train,0,310,2,10.0,31.03103103103103,14,70.2743589370537,10.053932456777963,-55.417625055311994,True,0.920192615664183,-11.845585313397343,-1.8455853133973434,22.797388811726023
train,0,310,2,15.0,31.03103103103103,13,66.83002979263628,6.902752635172223,-56.33781767097618,True,0.920192615664183,-10.972575801109297,4.027424198890703,28.670398324014073
train,0,310,2,15.0,31.03103103103103,14,70.2743589370537,10.053932456777963,-55.417625055311994,True,0.920192615664183,-11.845585313397343,3.1544146866026566,27.797388811726023
train,0,311,1,-10.0,31.13113113113113,7,70.36199598496208,-12.749172061112457,-19.131140884204846,False,,-38.34572866913728,-48.34572866913728,-23.702754544013914
train,0,311,1,-10.0,31.13113113113113,11,29.7505073341089,-11.630305636775281,-9.688915179624107,False,,-23.391977684299725,-33.391977684299725,-8.749003559176359
train,0,311,1,-10.0,31.13113113113113,13,75.00066673144242,13.688231932251313,44.228767191820204,False,,-39.45480760479486,-49.45480760479486,-24.811833479671492
train,0,311,1,-10.0,31.13113113113113,14,75.27130935711934,22.542320013322612,47.02779177326317,False,,-39.517381468023046,-49.517381468023046,-24.87440734289968
train,0,311,1,-10.0,31.13113113113113,15,119.2968234009561,19.24669590213142,41.955199132469424,False,,-47.5173578215818,-57.5173578215818,-32.87438369645843
train,0,311,1,-5.0,31.13113113113113,7,70.36199598496208,-12.749172061112457,-19.131140884204846,False,,-38.34572866913728,-43.34572866913728,-18.702754544013914
train,0,311,1,-5.0,31.13113113113113,11,29.7505073341089,-11.630305636775281,-9.688915179624107,False,,-23.391977684299725,-28.391977684299725,-3.7490035591763586
train,0,311,1,-5.0,31.13113113113113,13,75.00066673144242,13.688231932251313,44.228767191820204,False,,-39.45480760479486,-44.45480760479486,-19.811833479671492
train,0,311,1,-5.0,31.13113113113113,14,75.27130935711934,22.542320013322612,47.02779177326317,False,,-39.517381468023046,-44.517381468023046,-19.87440734289968
train,0,311,1,-5.0,31.13113113113113,15,119.2968234009561,19.24669590213142,41.955199132469424,False,,-47.5173578215818,-52.5173578215818,-27.87438369645843
train,0,311,1,0.0,31.13113113113113,7,70.36199598496208,-12.749172061112457,-19.131140884204846,False,,-38.34572866913728,-38.34572866913728,-13.702754544013914
train,0,311,1,0.0,31.13113113113113,13,75.00066673144242,13.688231932251313,44.228767191820204,False,,-39.45480760479486,-39.45480760479486,-14.811833479671492
train,0,311,1,0.0,31.13113113113113,14,75.27130935711934,22.542320013322612,47.02779177326317,False,,-39.517381468023046,-39.517381468023046,-14.87440734289968
train,0,311,1,0.0,31.13113113113113,15,119.2968234009561,19.24669590213142,41.955199132469424,False,,-47.5173578215818,-47.5173578215818,-22.87438369645843
train,0,311,1,5.0,31.13113113113113,7,70.36199598496208,-12.749172061112457,-19.131140884204846,False,,-38.34572866913728,-33.34572866913728,-8.702754544013914
train,0,311,1,5.0,31.13113113113113,13,75.00066673144242,13.688231932251313,44.228767191820204,False,,-39.45480760479486,-34.45480760479486,-9.811833479671492
train,0,311,1,5.0,31.13113113113113,14,75.27130935711934,22.542320013322612,47.02779177326317,False,,-39.517381468023046,-34.517381468023046,-9.87440734289968
train,0,311,1,5.0,31.13113113113113,15,119.2968234009561,19.24669590213142,41.955199132469424,False,,-47.5173578215818,-42.5173578215818,-17.87438369645843
train,0,311,1,10.0,31.13113113113113,7,70.36199598496208,-12.749172061112457,-19.131140884204846,False,,-38.34572866913728,-28.34572866913728,-3.7027545440139136
train,0,311,1,10.0,31.13113113113113,13,75.00066673144242,13.688231932251313,44.228767191820204,False,,-39.45480760479486,-29.45480760479486,-4.811833479671492
train,0,311,1,10.0,31.13113113113113,14,75.27130935711934,22.542320013322612,47.02779177326317,False,,-39.517381468023046,-29.517381468023046,-4.87440734289968
train,0,311,1,10.0,31.13113113113113,15,119.2968234009561,19.24669590213142,41.955199132469424,False,,-47.5173578215818,-37.5173578215818,-12.87438369645843
train,0,311,1,15.0,31.13113113113113,14,75.27130935711934,22.542320013322612,47.02779177326317,False,,-39.517381468023046,-24.517381468023046,0.12559265710032008
train,0,311,1,15.0,31.13113113113113,15,119.2968234009561,19.24669590213142,41.955199132469424,False,,-47.5173578215818,-32.5173578215818,-7.87438369645843
train,0,311,2,-10.0,31.13113113113113,14,69.29139350667624,9.47266209314168,-53.69301683926896,True,1.6008309310732383,-12.07095232484438,-22.07095232484438,2.5720218002789856
train,0,311,2,-5.0,31.13113113113113,14,69.29139350667624,9.47266209314168,-53.69301683926896,True,1.6008309310732383,-12.07095232484438,-17.07095232484438,7.572021800278986
train,0,311,2,0.0,31.13113113113113,14,69.29139350667624,9.47266209314168,-53.69301683926896,True,1.6008309310732383,-12.07095232484438,-12.07095232484438,12.57202180027899
train,0,311,2,5.0,31.13113113113113,14,69.29139350667624,9.47266209314168,-53.69301683926896,True,1.6008309310732383,-12.07095232484438,-7.070952324844381,17.57202180027899
train,0,311,2,10.0,31.13113113113113,14,69.29139350667624,9.47266209314168,-53.69301683926896,True,1.6008309310732383,-12.07095232484438,-2.070952324844381,22.57202180027899
train,0,311,2,15.0,31.13113113113113,14,69.29139350667624,9.47266209314168,-53.69301683926896,True,1.6008309310732383,-12.07095232484438,2.929047675155619,27.57202180027899
train,0,312,1,-10.0,31.23123123123123,7,71.6348450239033,-12.745262289851956,-19.25511707186695,False,,-36.61867955211112,-46.61867955211112,-21.97570542698775
train,0,312,1,-10.0,31.23123123123123,11,30.91161749914932,-11.718012795455346,-10.278619346776011,False,,-22.01857575752877,-32.018575757528765,-7.375601632405399
train,0,312,1,-10.0,31.23123123123123,13,73.63763177596898,13.528095366606168,44.33600476046331,False,,-37.09769904238366,-47.09769904238366,-22.454724917260293
train,0,312,1,-10.0,31.23123123123123,14,73.00955727465924,22.520699926883548,47.38435860410731,False,,-36.94889512203757,-46.94889512203757,-22.305920996914203
train,0,312,1,-10.0,31.23123123123123,15,117.37206747172465,19.268491614556453,42.096648090480784,False,,-45.19629670984071,-55.19629670984071,-30.553322584717343
train,0,312,1,-5.0,31.23123123123123,7,71.6348450239033,-12.745262289851956,-19.25511707186695,False,,-36.61867955211112,-41.61867955211112,-16.97570542698775
train,0,312,1,-5.0,31.23123123123123,11,30.91161749914932,-11.718012795455346,-10.278619346776011,False,,-22.01857575752877,-27.01857575752877,-2.3756016324054023
train,0,312,1,-5.0,31.23123123123123,13,73.63763177596898,13.528095366606168,44.33600476046331,False,,-37.09769904238366,-42.09769904238366,-17.454724917260293
train,0,312,1,-5.0,31.23123123123123,14,73.00955727465924,22.520699926883548,47.38435860410731,False,,-36.94889512203757,-41.94889512203757,-17.305920996914203
train,0,312,1,-5.0,31.23123123123123,15,117.37206747172465,19.268491614556453,42.096648090480784,False,,-45.19629670984071,-50.19629670984071,-25.553322584717343
train,0,312,1,0.0,31.23123123123123,7,71.6348450239033,-12.745262289851956,-19.25511707186695,False,,-36.61867955211112,-36.61867955211112,-11.975705426987751
train,0,312,1,0.0,31.23123123123123,13,73.63763177596898,13.528095366606168,44.33600476046331,False,,-37.09769904238366,-37.09769904238366,-12.454724917260293
train,0,312,1,0.0,31.23123123123123,14,73.00955727465924,22.520699926883548,47.38435860410731,False,,-36.94889512203757,-36.94889512203757,-12.305920996914203
train,0,312,1,0.0,31.23123123123123,15,117.37206747172465,19.268491614556453,42.096648090480784,False,,-45.19629670984071,-45.19629670984071,-20.553322584717343
train,0,312,1,5.0,31.23123123123123,7,71.6348450239033,-12.745262289851956,-19.25511707186695,False,,-36.61867955211112,-31.618679552111118,-6.975705426987751
train,0,312,1,5.0,31.23123123123123,13,73.63763177596898,13.528095366606168,44.33600476046331,False,,-37.09769904238366,-32.09769904238366,-7.454724917260293
train,0,312,1,5.0,31.23123123123123,14,73.00955727465924,22.520699926883548,47.38435860410731,False,,-36.94889512203757,-31.94889512203757,-7.305920996914203
train,0,312,1,5.0,31.23123123123123,15,117.37206747172465,19.268491614556453,42.096648090480784,False,,-45.19629670984071,-40.19629670984071,-15.553322584717343
train,0,312,1,10.0,31.23123123123123,7,71.6348450239033,-12.745262289851956,-19.25511707186695,False,,-36.61867955211112,-26.618679552111118,-1.9757054269877514
train,0,312,1,10.0,31.23123123123123,13,73.63763177596898,13.528095366606168,44.33600476046331,False,,-37.09769904238366,-27.09769904238366,-2.454724917260293
train,0,312,1,10.0,31.23123123123123,14,73.00955727465924,22.520699926883548,47.38435860410731,False,,-36.94889512203757,-26.94889512203757,-2.305920996914203
train,0,312,1,10.0,31.23123123123123,15,117.37206747172465,19.268491614556453,42.096648090480784,False,,-45.19629670984071,-35.19629670984071,-10.553322584717343
train,0,312,1,15.0,31.23123123123123,15,117.37206747172465,19.268491614556453,42.096648090480784,False,,-45.19629670984071,-30.19629670984071,-5.553322584717343
train,0,312,2,-10.0,31.23123123123123,14,68.36882390174846,8.862159651130895,-51.92335306528603,True,2.314864074136165,-12.326101761795826,-22.326101761795826,2.3168723633275405
train,0,312,2,-5.0,31.23123123123123,14,68.36882390174846,8.862159651130895,-51.92335306528603,True,2.314864074136165,-12.326101761795826,-17.326101761795826,7.3168723633275405
train,0,312,2,0.0,31.23123123123123,14,68.36882390174846,8.862159651130895,-51.92335306528603,True,2.314864074136165,-12.326101761795826,-12.326101761795826,12.31687236332754
train,0,312,2,5.0,31.23123123123123,14,68.36882390174846,8.862159651130895,-51.92335306528603,True,2.314864074136165,-12.326101761795826,-7.326101761795826,17.31687236332754
train,0,312,2,10.0,31.23123123123123,14,68.36882390174846,8.862159651130895,-51.92335306528603,True,2.314864074136165,-12.326101761795826,-2.326101761795826,22.31687236332754
train,0,312,2,15.0,31.23123123123123,14,68.36882390174846,8.862159651130895,-51.92335306528603,True,2.314864074136165,-12.326101761795826,2.673898238204174,27.31687236332754
train,0,633,0,-10.0,63.36336336336337,20,31.383554693971824,0.09510037219071604,-40.495172421763804,False,,-23.927904471827055,-33.927904471827055,-9.284930346703689
train,0,633,0,-10.0,63.36336336336337,22,88.62117600463618,-16.61135417970018,-49.74661360829979,False,,-41.96131950921988,-51.96131950921988,-27.31834538409651
train,0,633,0,-10.0,63.36336336336337,24,66.32452266880925,-16.359056295856565,-49.39373907478118,False,,-36.9267844796411,-46.9267844796411,-22.283810354517733
train,0,633,0,-10.0,63.36336336336337,26,39.085158494641625,-15.834293541979795,-47.783141074432976,False,,-27.740294252391063,-37.74029425239107,-13.0973201272677
train,0,633,0,-10.0,63.36336336336337,28,34.982310194991435,14.4435207743336,-34.68715543357047,False,,-25.81375861366633,-35.81375861366633,-11.170784488542964
train,0,633,0,-10.0,63.36336336336337,31,51.54412248848438,3.501916308036841,4.439027989236064,False,,-32.546985171586556,-42.546985171586556,-17.90401104646319
train,0,633,0,-10.0,63.36336336336337,32,61.46260184125372,15.335917872316207,-42.57673998238424,False,,-35.60425679238309,-45.60425679238309,-20.961282667259724
train,0,633,0,-10.0,63.36336336336337,33,71.99883243797134,-7.067971739183562,19.813443640625483,False,,-38.352837307810226,-48.352837307810226,-23.70986318268686
train,0,633,0,-10.0,63.36336336336337,35,83.28410549186823,15.008385797090309,-45.20384065533793,False,,-40.882304179495804,-50.882304179495804,-26.239330054372438
train,0,633,0,-5.0,63.36336336336337,20,31.383554693971824,0.09510037219071604,-40.495172421763804,False,,-23.927904471827055,-28.927904471827055,-4.284930346703689
train,0,633,0,-5.0,63.36336336336337,22,88.62117600463618,-16.61135417970018,-49.74661360829979,False,,-41.96131950921988,-46.96131950921988,-22.31834538409651
train,0,633,0,-5.0,63.36336336336337,24,66.32452266880925,-16.359056295856565,-49.39373907478118,False,,-36.9267844796411,-41.9267844796411,-17.283810354517733
train,0,633,0,-5.0,63.36336336336337,26,39.085158494641625,-15.834293541979795,-47.783141074432976,False,,-27.740294252391063,-32.74029425239107,-8.0973201272677
train,0,633,0,-5.0,63.36336336336337,28,34.982310194991435,14.4435207743336,-34.68715543357047,False,,-25.81375861366633,-30.81375861366633,-6.170784488542964
train,0,633,0,-5.0,63.36336336336337,31,51.54412248848438,3.501916308036841,4.439027989236064,False,,-32.546985171586556,-37.546985171586556,-12.90401104646319
train,0,633,0,-5.0,63.36336336336337,32,61.46260184125372,15.335917872316207,-42.57673998238424,False,,-35.60425679238309,-40.60425679238309,-15.961282667259724
train,0,633,0,-5.0,63.36336336336337,33,71.99883243797134,-7.067971739183562,19.813443640625483,False,,-38.352837307810226,-43.352837307810226,-18.70986318268686
train,0,633,0,-5.0,63.36336336336337,35,83.28410549186823,15.008385797090309,-45.20384065533793,False,,-40.882304179495804,-45.882304179495804,-21.239330054372438
train,0,633,0,0.0,63.36336336336337,22,88.62117600463618,-16.61135417970018,-49.74661360829979,False,,-41.96131950921988,-41.96131950921988,-17.31834538409651
train,0,633,0,0.0,63.36336336336337,24,66.32452266880925,-16.359056295856565,-49.39373907478118,False,,-36.9267844796411,-36.9267844796411,-12.283810354517733
train,0,633,0,0.0,63.36336336336337,26,39.085158494641625,-15.834293541979795,-47.783141074432976,False,,-27.740294252391063,-27.740294252391063,-3.0973201272676967
train,0,633,0,0.0,63.36336336336337,28,34.982310194991435,14.4435207743336,-34.68715543357047,False,,-25.81375861366633,-25.81375861366633,-1.1707844885429637
train,0,633,0,0.0,63.36336336336337,31,51.54412248848438,3.501916308036841,4.439027989236064,False,,-32.546985171586556,-32.546985171586556,-7.904011046463189
train,0,633,0,0.0,63.36336336336337,32,61.46260184125372,15.335917872316207,-42.57673998238424,False,,-35.60425679238309,-35.60425679238309,-10.961282667259724
train,0,633,0,0.0,63.36336336336337,33,71.99883243797134,-7.067971739183562,19.813443640625483,False,,-38.352837307810226,-38.352837307810226,-13.70986318268686
train,0,633,0,0.0,63.36336336336337,35,83.28410549186823,15.008385797090309,-45.20384065533793,False,,-40.882304179495804,-40.882304179495804,-16.239330054372438
train,0,633,0,5.0,63.36336336336337,22,88.62117600463618,-16.61135417970018,-49.74661360829979,False,,-41.96131950921988,-36.96131950921988,-12.31834538409651
train,0,633,0,5.0,63.36336336336337,24,66.32452266880925,-16.359056295856565,-49.39373907478118,False,,-36.9267844796411,-31.9267844796411,-7.283810354517733
train,0,633,0,5.0,63.36336336336337,31,51.54412248848438,3.501916308036841,4.439027989236064,False,,-32.546985171586556,-27.546985171586556,-2.9040110464631894
train,0,633,0,5.0,63.36336336336337,32,61.46260184125372,15.335917872316207,-42.57673998238424,False,,-35.60425679238309,-30.60425679238309,-5.961282667259724
train,0,633,0,5.0,63.36336336336337,33,71.99883243797134,-7.067971739183562,19.813443640625483,False,,-38.352837307810226,-33.352837307810226,-8.70986318268686
train,0,633,0,5.0,63.36336336336337,35,83.28410549186823,15.008385797090309,-45.20384065533793,False,,-40.882304179495804,-35.882304179495804,-11.239330054372438
train,0,633,0,10.0,63.36336336336337,22,88.62117600463618,-16.61135417970018,-49.74661360829979,False,,-41.96131950921988,-31.961319509219877,-7.31834538409651
train,0,633,0,10.0,63.36336336336337,24,66.32452266880925,-16.359056295856565,-49.39373907478118,False,,-36.9267844796411,-26.9267844796411,-2.2838103545177333
train,0,633,0,10.0,63.36336336336337,32,61.46260184125372,15.335917872316207,-42.57673998238424,False,,-35.60425679238309,-25.60425679238309,-0.9612826672597237
train,0,633,0,10.0,63.36336336336337,33,71.99883243797134,-7.067971739183562,19.813443640625483,False,,-38.352837307810226,-28.352837307810226,-3.7098631826868598
train,0,633,0,10.0,63.36336336336337,35,83.28410549186823,15.008385797090309,-45.20384065533793,False,,-40.882304179495804,-30.882304179495804,-6.239330054372438
train,0,633,0,15.0,63.36336336336337,22,88.62117600463618,-16.61135417970018,-49.74661360829979,False,,-41.96131950921988,-26.961319509219877,-2.31834538409651
train,0,633,0,15.0,63.36336336336337,35,83.28410549186823,15.008385797090309,-45.20384065533793,False,,-40.882304179495804,-25.882304179495804,-1.239330054372438
train,0,633,1,-10.0,63.36336336336337,21,59.587542690424705,-0.11143827929110328,45.82050928771252,True,0.8151734157758197,-18.590378491040855,-28.590378491040855,-3.947404365917489
train,0,633,1,-10.0,63.36336336336337,23,65.19457376743503,-0.0013737365631955423,45.0053358719367,True,0.8151734157758197,-20.152617460689434,-30.152617460689434,-5.509643335566068
train,0,633,1,-10.0,63.36336336336337,25,70.52263301422197,-15.484488471212439,41.47759964191264,True,59.631516109256985,-21.517300193251664,-31.517300193251664,-6.874326068128298
train,0,633,1,-10.0,63.36336336336337,27,49.048650660450406,-15.132224069722218,43.18057678292549,False,,-15.209242021541387,-25.209242021541385,-0.5662678964180188
train,0,633,1,-10.0,63.36336336336337,29,84.47279285717448,6.4799537500422675,43.04382453907657,False,,-24.652833574139663,-34.65283357413966,-10.009859449016297
train,0,633,1,-10.0,63.36336336336337,30,79.92796733401771,15.41920737095789,46.33255700169292,False,,-23.692110186748515,-33.692110186748515,-9.049136061625148
train,0,633,1,-10.0,63.36336336336337,33,64.30564302431566,-10.132342273515967,-18.15391646734435,True,59.631516109256985,-19.914122860571478,-29.914122860571478,-5.2711487354481115
train,0,633,1,-10.0,63.36336336336337,34,95.00586766545621,15.409901264122757,44.02209145530641,False,,-26.69417659255447,-36.69417659255447,-12.051202467431104
train,0,633,1,-10.0,63.36336336336337,36,127.59416659639602,14.703380351986318,41.38283493660069,False,,-31.817392231205126,-41.817392231205126,-17.17441810608176
train,0,633,1,-5.0,63.36336336336337,23,65.19457376743503,-0.0013737365631955423,45.0053358719367,True,0.8151734157758197,-20.152617460689434,-25.152617460689434,-0.5096433355660679
train,0,633,1,-5.0,63.36336336336337,25,70.52263301422197,-15.484488471212439,41.47759964191264,True,59.631516109256985,-21.517300193251664,-26.517300193251664,-1.8743260681282976
train,0,633,1,-5.0,63.36336336336337,29,84.47279285717448,6.4799537500422675,43.04382453907657,False,,-24.652833574139663,-29.652833574139663,-5.009859449016297
train,0,633,1,-5.0,63.36336336336337,30,79.92796733401771,15.41920737095789,46.33255700169292,False,,-23.692110186748515,-28.692110186748515,-4.049136061625148
train,0,633,1,-5.0,63.36336336336337,33,64.30564302431566,-10.132342273515967,-18.15391646734435,True,59.631516109256985,-19.914122860571478,-24.914122860571478,-0.27114873544811147
train,0,633,1,-5.0,63.36336336336337,34,95.00586766545621,15.409901264122757,44.02209145530641,False,,-26.69417659255447,-31.69417659255447,-7.051202467431104
train,0,633,1,-5.0,63.36336336336337,36,127.59416659639602,14.703380351986318,41.38283493660069,False,,-31.817392231205126,-36.817392231205126,-12.17441810608176
train,0,633,1,0.0,63.36336336336337,34,95.00586766545621,15.409901264122757,44.02209145530641,False,,-26.69417659255447,-26.69417659255447,-2.0512024674311036
train,0,633,1,0.0,63.36336336336337,36,127.59416659639602,14.703380351986318,41.38283493660069,False,,-31.817392231205126,-31.817392231205126,-7.17441810608176
train,0,633,1,5.0,63.36336336336337,36,127.59416659639602,14.703380351986318,41.38283493660069,False,,-31.817392231205126,-26.817392231205126,-2.1744181060817596
train,0,633,2,-10.0,63.36336336336337,22,95.59345239414546,-12.553975385057049,21.189562630415406,False,,-23.823284612183716,-33.82328461218371,-9.180310487060346
train,0,633,2,-10.0,63.36336336336337,23,61.91068352139718,0.020047346076224527,-47.28142607302162,True,5.144722012532536,-16.276782701837426,-26.276782701837426,-1.6338085767140598
train,0,633,2,-10.0,63.36336336336337,24,80.13321054697771,-10.201229135319528,10.607657240203503,False,,-20.75866047418341,-30.75866047418341,-6.115686349060045
train,0,633,2,-10.0,63.36336336336337,25,60.82152546495961,-6.726857598796642,-53.54644563500832,True,6.2650195619867,-15.968451087581034,-25.968451087581034,-1.3254769624576674
train,0,633,2,-10.0,63.36336336336337,26,66.3382330424571,-5.479829905143404,-8.11725641247122,True,6.243535409726613,-17.476714734140543,-27.476714734140543,-2.833740609017177
train,0,633,2,-10.0,63.36336336336337,28,57.46768125992137,4.713107498086108,-10.710002541595058,True,3.650789280602775,-14.983105720754148,-24.983105720754146,-0.34013159563077977
train,0,633,2,-10.0,63.36336336336337,29,70.62496296196439,3.621270780724298,-62.46208163548499,True,5.267289523574714,-18.564488070890818,-28.564488070890818,-3.921513945767451
train,0,633,2,-10.0,63.36336336336337,30,71.35669150385255,7.325390518901319,-57.19479211191028,True,5.267289523574714,-18.743546968461406,-28.743546968461406,-4.100572843338039
train,0,633,2,-10.0,63.36336336336337,32,71.15016126188986,10.107642660233699,10.708872790670641,True,67.90366490258093,-18.693194298123185,-28.693194298123185,-4.050220172999818
train,0,633,2,-10.0,63.36336336336337,34,78.99227931872015,9.406620882382068,-67.52271284917047,True,10.327920737260197,-20.509544570299354,-30.509544570299354,-5.866570445175988
train,0,633,2,-10.0,63.36336336336337,35,87.03813743931732,11.995596900746632,21.92941847994112,False,,-22.194542301250696,-32.19454230125069,-7.551568176127326
train,0,633,2,-5.0,63.36336336336337,22,95.59345239414546,-12.553975385057049,21.189562630415406,False,,-23.823284612183716,-28.823284612183716,-4.18031048706035
train,0,633,2,-5.0,63.36336336336337,23,61.91068352139718,0.020047346076224527,-47.28142607302162,True,5.144722012532536,-16.276782701837426,-21.276782701837426,3.3661914232859402
train,0,633,2,-5.0,63.36336336336337,24,80.13321054697771,-10.201229135319528,10.607657240203503,False,,-20.75866047418341,-25.75866047418341,-1.115686349060045
train,0,633,2,-5.0,63.36336336336337,26,66.3382330424571,-5.479829905143404,-8.11725641247122,True,6.243535409726613,-17.476714734140543,-22.476714734140543,2.166259390982823
train,0,633,2,-5.0,63.36336336336337,28,57.46768125992137,4.713107498086108,-10.710002541595058,True,3.650789280602775,-14.983105720754148,-19.983105720754146,4.65986840436922
train,0,633,2,-5.0,63.36336336336337,29,70.62496296196439,3.621270780724298,-62.46208163548499,True,5.267289523574714,-18.564488070890818,-23.564488070890818,1.078486054232549
train,0,633,2,-5.0,63.36336336336337,34,78.99227931872015,9.406620882382068,-67.52271284917047,True,10.327920737260197,-20.509544570299354,-25.509544570299354,-0.8665704451759879
train,0,633,2,-5.0,63.36336336336337,35,87.03813743931732,11.995596900746632,21.92941847994112,False,,-22.194542301250696,-27.194542301250696,-2.5515681761273292
train,0,633,2,0.0,63.36336336336337,23,61.91068352139718,0.020047346076224527,-47.28142607302162,True,5.144722012532536,-16.276782701837426,-16.276782701837426,8.36619142328594
train,0,633,2,0.0,63.36336336336337,26,66.3382330424571,-5.479829905143404,-8.11725641247122,True,6.243535409726613,-17.476714734140543,-17.476714734140543,7.166259390982823
train,0,633,2,0.0,63.36336336336337,28,57.46768125992137,4.713107498086108,-10.710002541595058,True,3.650789280602775,-14.983105720754148,-14.983105720754148,9.65986840436922
train,0,633,2,0.0,63.36336336336337,30,71.35669150385255,7.325390518901319,-57.19479211191028,True,5.267289523574714,-18.743546968461406,-18.743546968461406,5.899427156661961
train,0,633,2,5.0,63.36336336336337,23,61.91068352139718,0.020047346076224527,-47.28142607302162,True,5.144722012532536,-16.276782701837426,-11.276782701837426,13.36619142328594
train,0,633,2,5.0,63.36336336336337,26,66.3382330424571,-5.479829905143404,-8.11725641247122,True,6.243535409726613,-17.476714734140543,-12.476714734140543,12.166259390982823
train,0,633,2,5.0,63.36336336336337,28,57.46768125992137,4.713107498086108,-10.710002541595058,True,3.650789280602775,-14.983105720754148,-9.983105720754148,14.65986840436922
train,0,633,2,5.0,63.36336336336337,30,71.35669150385255,7.325390518901319,-57.19479211191028,True,5.267289523574714,-18.743546968461406,-13.743546968461406,10.899427156661961
train,0,633,2,10.0,63.36336336336337,23,61.91068352139718,0.020047346076224527,-47.28142607302162,True,5.144722012532536,-16.276782701837426,-6.276782701837426,18.36619142328594
train,0,633,2,10.0,63.36336336336337,26,66.3382330424571,-5.479829905143404,-8.11725641247122,True,6.243535409726613,-17.476714734140543,-7.476714734140543,17.166259390982823
train,0,633,2,10.0,63.36336336336337,28,57.46768125992137,4.713107498086108,-10.710002541595058,True,3.650789280602775,-14.983105720754148,-4.983105720754148,19.65986840436922
train,0,633,2,10.0,63.36336336336337,30,71.35669150385255,7.325390518901319,-57.19479211191028,True,5.267289523574714,-18.743546968461406,-8.743546968461406,15.899427156661957
train,0,633,2,15.0,63.36336336336337,23,61.91068352139718,0.020047346076224527,-47.28142607302162,True,5.144722012532536,-16.276782701837426,-1.2767827018374263,23.36619142328594
train,0,633,2,15.0,63.36336336336337,26,66.3382330424571,-5.479829905143404,-8.11725641247122,True,6.243535409726613,-17.476714734140543,-2.4767147341405433,22.166259390982823
train,0,633,2,15.0,63.36336336336337,28,57.46768125992137,4.713107498086108,-10.710002541595058,True,3.650789280602775,-14.983105720754148,0.016894279245851962,24.65986840436922
train,0,633,2,15.0,63.36336336336337,30,71.35669150385255,7.325390518901319,-57.19479211191028,True,5.267289523574714,-18.743546968461406,-3.7435469684614056,20.899427156661957
train,0,634,0,-10.0,63.46346346346347,20,31.373222371562346,0.09832447188263065,-40.484717245412746,False,,-24.006913744234772,-34.00691374423477,-9.363939619111406
train,0,634,0,-10.0,63.46346346346347,22,90.28856570065903,-16.630722158556107,-49.76844616825523,False,,-42.369858793603385,-52.369858793603385,-27.726884668480018
train,0,634,0,-10.0,63.46346346346347,24,67.96179154640016,-16.37654066204714,-49.4301463695118,False,,-37.43514138661734,-47.43514138661734,-22.792167261493972
train,0,634,0,-10.0,63.46346346346347,26,40.676878969175526,-15.891718664137503,-47.919828046780616,False,,-28.518453563640552,-38.51845356364055,-13.875479438517182
train,0,634,0,-10.0,63.46346346346347,28,33.54281021775582,14.380870512378289,-33.904454404400944,False,,-25.1685264338115,-35.1685264338115,-10.525552308688134
train,0,634,0,-10.0,63.46346346346347,31,51.19834898388636,3.4381199486730605,3.9662044644064887,False,,-32.51478688630353,-42.51478688630353,-17.871812761180166
train,0,634,0,-10.0,63.46346346346347,32,59.92529998139128,15.34378332487071,-42.3113159208118,False,,-35.24895730401409,-45.24895730401409,-20.605983178890725
train,0,634,0,-10.0,63.46346346346347,33,72.70550840107752,-7.166719673275183,20.391048939594043,False,,-38.60724125938773,-48.60724125938773,-23.96426713426436
train,0,634,0,-10.0,63.46346346346347,35,81.78210532906978,15.020648507593254,-45.05253298135128,False,,-40.65088009261522,-50.65088009261522,-26.00790596749185
train,0,634,0,-5.0,63.46346346346347,20,31.373222371562346,0.09832447188263065,-40.484717245412746,False,,-24.006913744234772,-29.006913744234772,-4.363939619111406
train,0,634,0,-5.0,63.46346346346347,22,90.28856570065903,-16.630722158556107,-49.76844616825523,False,,-42.369858793603385,-47.369858793603385,-22.726884668480018
train,0,634,0,-5.0,63.46346346346347,24,67.96179154640016,-16.37654066204714,-49.4301463695118,False,,-37.43514138661734,-42.43514138661734,-17.792167261493972
train,0,634,0,-5.0,63.46346346346347,26,40.676878969175526,-15.891718664137503,-47.919828046780616,False,,-28.518453563640552,-33.51845356364055,-8.875479438517182
train,0,634,0,-5.0,63.46346346346347,28,33.54281021775582,14.380870512378289,-33.904454404400944,False,,-25.1685264338115,-30.1685264338115,-5.525552308688134
train,0,634,0,-5.0,63.46346346346347,31,51.19834898388636,3.4381199486730605,3.9662044644064887,False,,-32.51478688630353,-37.51478688630353,-12.871812761180166
train,0,634,0,-5.0,63.46346346346347,32,59.92529998139128,15.34378332487071,-42.3113159208118,False,,-35.24895730401409,-40.24895730401409,-15.605983178890725
train,0,634,0,-5.0,63.46346346346347,33,72.70550840107752,-7.166719673275183,20.391048939594043,False,,-38.60724125938773,-43.60724125938773,-18.96426713426436
train,0,634,0,-5.0,63.46346346346347,35,81.78210532906978,15.020648507593254,-45.05253298135128,False,,-40.65088009261522,-45.65088009261522,-21.00790596749185
train,0,634,0,0.0,63.46346346346347,22,90.28856570065903,-16.630722158556107,-49.76844616825523,False,,-42.369858793603385,-42.369858793603385,-17.726884668480018
train,0,634,0,0.0,63.46346346346347,24,67.96179154640016,-16.37654066204714,-49.4301463695118,False,,-37.43514138661734,-37.43514138661734,-12.792167261493972
train,0,634,0,0.0,63.46346346346347,26,40.676878969175526,-15.891718664137503,-47.919828046780616,False,,-28.518453563640552,-28.518453563640552,-3.8754794385171856
train,0,634,0,0.0,63.46346346346347,28,33.54281021775582,14.380870512378289,-33.904454404400944,False,,-25.1685264338115,-25.1685264338115,-0.525552308688134
train,0,634,0,0.0,63.46346346346347,31,51.19834898388636,3.4381199486730605,3.9662044644064887,False,,-32.51478688630353,-32.51478688630353,-7.871812761180166
train,0,634,0,0.0,63.46346346346347,32,59.92529998139128,15.34378332487071,-42.3113159208118,False,,-35.24895730401409,-35.24895730401409,-10.605983178890725
train,0,634,0,0.0,63.46346346346347,33,72.70550840107752,-7.166719673275183,20.391048939594043,False,,-38.60724125938773,-38.60724125938773,-13.964267134264361
train,0,634,0,0.0,63.46346346346347,35,81.78210532906978,15.020648507593254,-45.05253298135128,False,,-40.65088009261522,-40.65088009261522,-16.00790596749185
train,0,634,0,5.0,63.46346346346347,22,90.28856570065903,-16.630722158556107,-49.76844616825523,False,,-42.369858793603385,-37.369858793603385,-12.726884668480018
train,0,634,0,5.0,63.46346346346347,24,67.96179154640016,-16.37654066204714,-49.4301463695118,False,,-37.43514138661734,-32.43514138661734,-7.792167261493972
train,0,634,0,5.0,63.46346346346347,31,51.19834898388636,3.4381199486730605,3.9662044644064887,False,,-32.51478688630353,-27.514786886303533,-2.8718127611801663
train,0,634,0,5.0,63.46346346346347,32,59.92529998139128,15.34378332487071,-42.3113159208118,False,,-35.24895730401409,-30.24895730401409,-5.605983178890725
train,0,634,0,5.0,63.46346346346347,33,72.70550840107752,-7.166719673275183,20.391048939594043,False,,-38.60724125938773,-33.60724125938773,-8.964267134264361
train,0,634,0,5.0,63.46346346346347,35,81.78210532906978,15.020648507593254,-45.05253298135128,False,,-40.65088009261522,-35.65088009261522,-11.007905967491851
train,0,634,0,10.0,63.46346346346347,22,90.28856570065903,-16.630722158556107,-49.76844616825523,False,,-42.369858793603385,-32.369858793603385,-7.726884668480018
train,0,634,0,10.0,63.46346346346347,24,67.96179154640016,-16.37654066204714,-49.4301463695118,False,,-37.43514138661734,-27.43514138661734,-2.7921672614939723
train,0,634,0,10.0,63.46346346346347,32,59.92529998139128,15.34378332487071,-42.3113159208118,False,,-35.24895730401409,-25.24895730401409,-0.6059831788907246
train,0,634,0,10.0,63.46346346346347,33,72.70550840107752,-7.166719673275183,20.391048939594043,False,,-38.60724125938773,-28.607241259387727,-3.964267134264361
train,0,634,0,10.0,63.46346346346347,35,81.78210532906978,15.020648507593254,-45.05253298135128,False,,-40.65088009261522,-30.650880092615218,-6.007905967491851
train,0,634,0,15.0,63.46346346346347,22,90.28856570065903,-16.630722158556107,-49.76844616825523,False,,-42.369858793603385,-27.369858793603385,-2.726884668480018
train,0,634,0,15.0,63.46346346346347,35,81.78210532906978,15.020648507593254,-45.05253298135128,False,,-40.65088009261522,-25.650880092615218,-1.0079059674918511
train,0,634,1,-10.0,63.46346346346347,21,59.60049149154287,-0.11161770208492353,45.81796136899137,True,0.8146711830967694,-15.947065644841537,-25.947065644841537,-1.3040915197181704
train,0,634,1,-10.0,63.46346346346347,23,65.20282944264922,-0.027563156020862237,45.0032901858946,True,0.8146711830967694,-17.507729684304184,-27.507729684304184,-2.864755559180818
train,0,634,1,-10.0,63.46346346346347,25,72.07862947311253,-15.509121906416253,41.38299541456088,True,59.6603912559444,-19.249332808630218,-29.249332808630218,-4.606358683506851
train,0,634,1,-10.0,63.46346346346347,29,83.83575273869985,6.304651942442684,43.096004757276575,False,,-21.874242723505887,-31.874242723505887,-7.2312685983825205
train,0,634,1,-10.0,63.46346346346347,30,78.38206759949108,15.451535591310407,46.54388271963636,False,,-20.705740612193793,-30.705740612193793,-6.0627664870704265
train,0,634,1,-10.0,63.46346346346347,33,65.30855223422729,-10.142101284309861,-18.277395841383516,True,59.660391255944376,-17.53587425495973,-27.53587425495973,-2.892900129836363
train,0,634,1,-10.0,63.46346346346347,34,93.45977492980231,15.448200048477833,44.17991110976344,False,,-23.76206123219827,-33.76206123219827,-9.119087107074904
train,0,634,1,-10.0,63.46346346346347,36,126.12401616649453,14.68464525162871,41.47541202743648,False,,-28.968983660736896,-38.968983660736896,-14.32600953561353
train,0,634,1,-5.0,63.46346346346347,29,83.83575273869985,6.304651942442684,43.096004757276575,False,,-21.874242723505887,-26.874242723505887,-2.2312685983825205
train,0,634,1,-5.0,63.46346346346347,30,78.38206759949108,15.451535591310407,46.54388271963636,False,,-20.705740612193793,-25.705740612193793,-1.0627664870704265
train,0,634,1,-5.0,63.46346346346347,34,93.45977492980231,15.448200048477833,44.17991110976344,False,,-23.76206123219827,-28.76206123219827,-4.119087107074904
train,0,634,1,-5.0,63.46346346346347,36,126.12401616649453,14.68464525162871,41.47541202743648,False,,-28.968983660736896,-33.968983660736896,-9.32600953561353
train,0,634,1,0.0,63.46346346346347,36,126.12401616649453,14.68464525162871,41.47541202743648,False,,-28.968983660736896,-28.968983660736896,-4.3260095356135295
train,0,634,2,-10.0,63.46346346346347,22,96.85952273585166,-12.69270542764769,21.83801792334758,False,,-23.80037850312042,-33.80037850312042,-9.157404377997054
train,0,634,2,-10.0,63.46346346346347,23,61.91241635451184,0.01119226146568128,-47.289245383085266,True,5.140157647900867,-16.025795681785013,-26.025795681785013,-1.3828215566616464
train,0,634,2,-10.0,63.46346346346347,24,81.16249336920085,-10.41510634348069,11.517554089597363,False,,-20.728900727927325,-30.728900727927325,-6.0859266028039585
train,0,634,2,-10.0,63.46346346346347,25,61.513859454251424,-7.0638329264316875,-54.86373236132625,True,7.57448697824098,-15.913604553604353,-25.91360455360435,-1.2706304284809846
train,0,634,2,-10.0,63.46346346346347,26,66.90437218586008,-5.842385449412833,-6.8204838572678135,True,7.549928756439675,-17.37286550165649,-27.37286550165649,-2.729891376533125
train,0,634,2,-10.0,63.46346346346347,28,57.01170595049509,4.33125412463089,-12.173806000460358,True,2.1966066132471296,-14.593246972339834,-24.593246972339834,0.04972715278353235
train,0,634,2,-10.0,63.46346346346347,29,70.27100710785322,3.486847187558398,-62.025124262452465,True,4.577248444168409,-18.225732623534856,-28.225732623534856,-3.58275849841149
train,0,634,2,-10.0,63.46346346346347,30,70.63195717248715,7.078828296943011,-56.06311804240256,True,5.962006220049911,-18.314735131047748,-28.314735131047748,-3.671761005924381
train,0,634,2,-10.0,63.46346346346347,32,70.14708743505717,9.907678733223149,9.730916401064805,True,65.79403444346737,-18.19507125087282,-28.19507125087282,-3.552097125749455
train,0,634,2,-10.0,63.46346346346347,34,78.05614569212773,9.2475994982782,-66.60237270662088,True,4.577248444168409,-20.050969615737273,-30.050969615737273,-5.4079954906139065
train,0,634,2,-10.0,63.46346346346347,35,85.8435205453213,11.901656573180533,21.306657398479825,True,87.9090301051007,-21.702986322275937,-31.702986322275937,-7.06001219715257
train,0,634,2,-5.0,63.46346346346347,22,96.85952273585166,-12.69270542764769,21.83801792334758,False,,-23.80037850312042,-28.80037850312042,-4.157404377997054
train,0,634,2,-5.0,63.46346346346347,23,61.91241635451184,0.01119226146568128,-47.289245383085266,True,5.140157647900867,-16.025795681785013,-21.025795681785013,3.6171784433383536
train,0,634,2,-5.0,63.46346346346347,24,81.16249336920085,-10.41510634348069,11.517554089597363,False,,-20.728900727927325,-25.728900727927325,-1.0859266028039585
train,0,634,2,-5.0,63.46346346346347,28,57.01170595049509,4.33125412463089,-12.173806000460358,True,2.1966066132471296,-14.593246972339834,-19.593246972339834,5.049727152783532
train,0,634,2,-5.0,63.46346346346347,29,70.27100710785322,3.486847187558398,-62.025124262452465,True,4.577248444168409,-18.225732623534856,-23.225732623534856,1.41724150158851
train,0,634,2,-5.0,63.46346346346347,32,70.14708743505717,9.907678733223149,9.730916401064805,True,65.79403444346737,-18.19507125087282,-23.19507125087282,1.4479028742505449
train,0,634,2,-5.0,63.46346346346347,34,78.05614569212773,9.2475994982782,-66.60237270662088,True,4.577248444168409,-20.050969615737273,-25.050969615737273,-0.4079954906139065
train,0,634,2,-5.0,63.46346346346347,35,85.8435205453213,11.901656573180533,21.306657398479825,True,87.9090301051007,-21.702986322275937,-26.702986322275937,-2.0600121971525702
train,0,634,2,0.0,63.46346346346347,23,61.91241635451184,0.01119226146568128,-47.289245383085266,True,5.140157647900867,-16.025795681785013,-16.025795681785013,8.617178443338354
train,0,634,2,0.0,63.46346346346347,28,57.01170595049509,4.33125412463089,-12.173806000460358,True,2.1966066132471296,-14.593246972339834,-14.593246972339834,10.049727152783532
train,0,634,2,0.0,63.46346346346347,29,70.27100710785322,3.486847187558398,-62.025124262452465,True,4.577248444168409,-18.225732623534856,-18.225732623534856,6.41724150158851
train,0,634,2,0.0,63.46346346346347,30,70.63195717248715,7.078828296943011,-56.06311804240256,True,5.962006220049911,-18.314735131047748,-18.314735131047748,6.328238994075619
train,0,634,2,5.0,63.46346346346347,23,61.91241635451184,0.01119226146568128,-47.289245383085266,True,5.140157647900867,-16.025795681785013,-11.025795681785013,13.617178443338354
train,0,634,2,5.0,63.46346346346347,28,57.01170595049509,4.33125412463089,-12.173806000460358,True,2.1966066132471296,-14.593246972339834,-9.593246972339834,15.049727152783532
train,0,634,2,5.0,63.46346346346347,29,70.27100710785322,3.486847187558398,-62.025124262452465,True,4.577248444168409,-18.225732623534856,-13.225732623534856,11.41724150158851
train,0,634,2,5.0,63.46346346346347,30,70.63195717248715,7.078828296943011,-56.06311804240256,True,5.962006220049911,-18.314735131047748,-13.314735131047748,11.328238994075619
train,0,634,2,10.0,63.46346346346347,23,61.91241635451184,0.01119226146568128,-47.289245383085266,True,5.140157647900867,-16.025795681785013,-6.025795681785013,18.617178443338354
train,0,634,2,10.0,63.46346346346347,28,57.01170595049509,4.33125412463089,-12.173806000460358,True,2.1966066132471296,-14.593246972339834,-4.593246972339834,20.049727152783532
train,0,634,2,10.0,63.46346346346347,29,70.27100710785322,3.486847187558398,-62.025124262452465,True,4.577248444168409,-18.225732623534856,-8.225732623534856,16.417241501588506
train,0,634,2,10.0,63.46346346346347,30,70.63195717248715,7.078828296943011,-56.06311804240256,True,5.962006220049911,-18.314735131047748,-8.314735131047748,16.32823899407562
train,0,634,2,15.0,63.46346346346347,23,61.91241635451184,0.01119226146568128,-47.289245383085266,True,5.140157647900867,-16.025795681785013,-1.025795681785013,23.617178443338354
train,0,634,2,15.0,63.46346346346347,28,57.01170595049509,4.33125412463089,-12.173806000460358,True,2.1966066132471296,-14.593246972339834,0.40675302766016586,25.049727152783532
train,0,634,2,15.0,63.46346346346347,29,70.27100710785322,3.486847187558398,-62.025124262452465,True,4.577248444168409,-18.225732623534856,-3.2257326235348565,21.417241501588506
train,0,634,2,15.0,63.46346346346347,30,70.63195717248715,7.078828296943011,-56.06311804240256,True,5.962006220049911,-18.314735131047748,-3.3147351310477475,21.32823899407562
train,0,635,0,-10.0,63.56356356356357,20,31.361000239614036,0.10010073573155004,-40.47216605780207,False,,-24.104255041809623,-34.10425504180962,-9.461280916686256
train,0,635,0,-10.0,63.56356356356357,22,91.95424565051516,-16.648078537202355,-49.7901475387593,False,,-42.79153025013872,-52.79153025013872,-28.148556125015354
train,0,635,0,-10.0,63.56356356356357,24,69.60024935927545,-16.395200187016428,-49.46675090705435,False,,-37.95309063339508,-47.95309063339508,-23.31011650827171
train,0,635,0,-10.0,63.56356356356357,26,42.27514097989938,-15.943835103553608,-48.04826431339422,False,,-29.292061392982262,-39.29206139298226,-14.649087267858896
train,0,635,0,-10.0,63.56356356356357,28,32.108988028792496,14.311352765901969,-33.05218295433165,False,,-24.51372353949598,-34.513723539495984,-9.870749414372618
train,0,635,0,-10.0,63.56356356356357,31,50.857765505556614,3.377372365227778,3.5042572334609314,False,,-32.502949811617086,-42.502949811617086,-17.85997568649372
train,0,635,0,-10.0,63.56356356356357,32,58.38785480355789,15.348462951388742,-42.03322060291612,False,,-34.90155958504734,-44.90155958504734,-20.25858545992397
train,0,635,0,-10.0,63.56356356356357,33,73.43323666094179,-7.263021125818864,20.959033390729655,False,,-38.88436563826784,-48.88436563826784,-24.24139151314447
train,0,635,0,-10.0,63.56356356356357,35,80.27877090786332,15.03369010359936,-44.89585345207165,False,,-40.43268739785938,-50.43268739785938,-25.789713272736016
train,0,635,0,-5.0,63.56356356356357,20,31.361000239614036,0.10010073573155004,-40.47216605780207,False,,-24.104255041809623,-29.104255041809623,-4.461280916686256
train,0,635,0,-5.0,63.56356356356357,22,91.95424565051516,-16.648078537202355,-49.7901475387593,False,,-42.79153025013872,-47.79153025013872,-23.148556125015354
train,0,635,0,-5.0,63.56356356356357,24,69.60024935927545,-16.395200187016428,-49.46675090705435,False,,-37.95309063339508,-42.95309063339508,-18.31011650827171
train,0,635,0,-5.0,63.56356356356357,26,42.27514097989938,-15.943835103553608,-48.04826431339422,False,,-29.292061392982262,-34.29206139298226,-9.649087267858896
train,0,635,0,-5.0,63.56356356356357,28,32.108988028792496,14.311352765901969,-33.05218295433165,False,,-24.51372353949598,-29.51372353949598,-4.870749414372614
train,0,635,0,-5.0,63.56356356356357,31,50.857765505556614,3.377372365227778,3.5042572334609314,False,,-32.502949811617086,-37.502949811617086,-12.85997568649372
train,0,635,0,-5.0,63.56356356356357,32,58.38785480355789,15.348462951388742,-42.03322060291612,False,,-34.90155958504734,-39.90155958504734,-15.258585459923971
train,0,635,0,-5.0,63.56356356356357,33,73.43323666094179,-7.263021125818864,20.959033390729655,False,,-38.88436563826784,-43.88436563826784,-19.24139151314447
train,0,635,0,-5.0,63.56356356356357,35,80.27877090786332,15.03369010359936,-44.89585345207165,False,,-40.43268739785938,-45.43268739785938,-20.789713272736016
train,0,635,0,0.0,63.56356356356357,22,91.95424565051516,-16.648078537202355,-49.7901475387593,False,,-42.79153025013872,-42.79153025013872,-18.148556125015354
train,0,635,0,0.0,63.56356356356357,24,69.60024935927545,-16.395200187016428,-49.46675090705435,False,,-37.95309063339508,-37.95309063339508,-13.310116508271712
train,0,635,0,0.0,63.56356356356357,26,42.27514097989938,-15.943835103553608,-48.04826431339422,False,,-29.292061392982262,-29.292061392982262,-4.649087267858896
train,0,635,0,0.0,63.56356356356357,28,32.108988028792496,14.311352765901969,-33.05218295433165,False,,-24.51372353949598,-24.51372353949598,0.12925058562738556
train,0,635,0,0.0,63.56356356356357,31,50.857765505556614,3.377372365227778,3.5042572334609314,False,,-32.502949811617086,-32.502949811617086,-7.859975686493719
train,0,635,0,0.0,63.56356356356357,32,58.38785480355789,15.348462951388742,-42.03322060291612,False,,-34.90155958504734,-34.90155958504734,-10.258585459923971
train,0,635,0,0.0,63.56356356356357,33,73.43323666094179,-7.263021125818864,20.959033390729655,False,,-38.88436563826784,-38.88436563826784,-14.241391513144471
train,0,635,0,0.0,63.56356356356357,35,80.27877090786332,15.03369010359936,-44.89585345207165,False,,-40.43268739785938,-40.43268739785938,-15.789713272736016
train,0,635,0,5.0,63.56356356356357,22,91.95424565051516,-16.648078537202355,-49.7901475387593,False,,-42.79153025013872,-37.79153025013872,-13.148556125015354
train,0,635,0,5.0,63.56356356356357,24,69.60024935927545,-16.395200187016428,-49.46675090705435,False,,-37.95309063339508,-32.95309063339508,-8.310116508271712
train,0,635,0,5.0,63.56356356356357,31,50.857765505556614,3.377372365227778,3.5042572334609314,False,,-32.502949811617086,-27.502949811617086,-2.859975686493719
train,0,635,0,5.0,63.56356356356357,32,58.38785480355789,15.348462951388742,-42.03322060291612,False,,-34.90155958504734,-29.901559585047337,-5.258585459923971
train,0,635,0,5.0,63.56356356356357,33,73.43323666094179,-7.263021125818864,20.959033390729655,False,,-38.88436563826784,-33.88436563826784,-9.241391513144471
train,0,635,0,5.0,63.56356356356357,35,80.27877090786332,15.03369010359936,-44.89585345207165,False,,-40.43268739785938,-35.43268739785938,-10.789713272736016
train,0,635,0,10.0,63.56356356356357,22,91.95424565051516,-16.648078537202355,-49.7901475387593,False,,-42.79153025013872,-32.79153025013872,-8.148556125015354
train,0,635,0,10.0,63.56356356356357,24,69.60024935927545,-16.395200187016428,-49.46675090705435,False,,-37.95309063339508,-27.953090633395078,-3.3101165082717117
train,0,635,0,10.0,63.56356356356357,32,58.38785480355789,15.348462951388742,-42.03322060291612,False,,-34.90155958504734,-24.901559585047337,-0.258585459923971
train,0,635,0,10.0,63.56356356356357,33,73.43323666094179,-7.263021125818864,20.959033390729655,False,,-38.88436563826784,-28.884365638267838,-4.241391513144471
train,0,635,0,10.0,63.56356356356357,35,80.27877090786332,15.03369010359936,-44.89585345207165,False,,-40.43268739785938,-30.432687397859382,-5.789713272736016
train,0,635,0,15.0,63.56356356356357,22,91.95424565051516,-16.648078537202355,-49.7901475387593,False,,-42.79153025013872,-27.79153025013872,-3.1485561250153538
train,0,635,0,15.0,63.56356356356357,35,80.27877090786332,15.03369010359936,-44.89585345207165,False,,-40.43268739785938,-25.432687397859382,-0.7897132727360159
train,0,635,1,-10.0,63.56356356356357,21,59.61285925556327,-0.11029768045329333,45.81583268171552,True,0.8151161394156206,-15.60249800132544,-25.60249800132544,-0.9595238762020735
train,0,635,1,-10.0,63.56356356356357,23,65.21240045732534,-0.04775864497105311,45.0007165422999,True,0.8151161394156206,-17.162107364990224,-27.162107364990224,-2.519133239866857
train,0,635,1,-10.0,63.56356356356357,25,73.63449164316064,-15.530125584416405,41.29391125255924,True,59.69947459302822,-19.272151608267375,-29.272151608267375,-4.629177483144009
train,0,635,1,-10.0,63.56356356356357,29,83.21319979947701,6.130461573311405,43.14680072105534,False,,-21.396588783447925,-31.396588783447925,-6.753614658324558
train,0,635,1,-10.0,63.56356356356357,30,76.83247875684098,15.481906926037162,46.7652143131814,False,,-20.010693674754787,-30.010693674754787,-5.3677195496314205
train,0,635,1,-10.0,63.56356356356357,33,66.32185415625952,-10.159208845358423,-18.405563340468976,True,59.69947459302822,-17.45516626300471,-27.45516626300471,-2.8121921378813433
train,0,635,1,-10.0,63.56356356356357,34,91.91211863589281,15.485839735268373,44.34284878565568,False,,-23.123810972605398,-33.1238109726054,-8.480836847482031
train,0,635,1,-10.0,63.56356356356357,36,124.65822010159074,14.667719575931,41.56947787785991,False,,-28.41773675848944,-38.41773675848944,-13.774762633366073
train,0,635,1,-5.0,63.56356356356357,29,83.21319979947701,6.130461573311405,43.14680072105534,False,,-21.396588783447925,-26.396588783447925,-1.7536146583245582
train,0,635,1,-5.0,63.56356356356357,30,76.83247875684098,15.481906926037162,46.7652143131814,False,,-20.010693674754787,-25.010693674754787,-0.3677195496314205
train,0,635,1,-5.0,63.56356356356357,34,91.91211863589281,15.485839735268373,44.34284878565568,False,,-23.123810972605398,-28.123810972605398,-3.4808368474820313
train,0,635,1,-5.0,63.56356356356357,36,124.65822010159074,14.667719575931,41.56947787785991,False,,-28.41773675848944,-33.41773675848944,-8.774762633366073
train,0,635,1,0.0,63.56356356356357,36,124.65822010159074,14.667719575931,41.56947787785991,False,,-28.41773675848944,-28.41773675848944,-3.7747626333660733
train,0,635,2,-10.0,63.56356356356357,22,98.13700809827972,-12.825235129842632,22.468451518422356,False,,-23.832850637989043,-33.83285063798904,-9.189876512865673
train,0,635,2,-10.0,63.56356356356357,23,61.91422299553867,0.005243341132371789,-47.298407914269525,True,5.137610667821678,-15.83115517861393,-25.83115517861393,-1.1881810534905632
train,0,635,2,-10.0,63.56356356356357,24,82.21410610225362,-10.623433996353487,12.403858024923036,False,,-20.757391663549726,-30.757391663549726,-6.114417538426359
train,0,635,2,-10.0,63.56356356356357,25,62.2391752385077,-7.388251363024827,-56.1495072464551,True,8.851099332185582,-15.92209125625386,-25.92209125625386,-1.2791171311304943
train,0,635,2,-10.0,63.56356356356357,26,67.50734657581606,-6.199215353536132,-5.542348551362088,True,8.839443721244026,-17.33357962018858,-27.33357962018858,-2.6906054950652134
train,0,635,2,-10.0,63.56356356356357,27,55.18828536621278,-2.0856306489699463,-35.94082805213506,True,6.219969194312782,-13.833414147997251,-23.833414147997253,0.8095599771261135
train,0,635,2,-10.0,63.56356356356357,28,56.59456669280221,3.9361956626331325,-13.662799280647427,True,0.7189929919586864,-14.270527663876587,-24.270527663876585,0.37244646124678127
train,0,635,2,-10.0,63.56356356356357,29,69.9279428563394,3.3555467050868346,-61.59452005337499,True,4.064252645708167,-17.945568190604114,-27.945568190604114,-3.302594065480747
train,0,635,2,-10.0,63.56356356356357,30,69.93387560603645,6.818279930286971,-54.90411051627905,True,6.690409537095949,-17.947041965497547,-27.947041965497547,-3.3040678403741808
train,0,635,2,-10.0,63.56356356356357,32,69.16544021630524,9.696399907425594,8.722892290791654,True,63.6270028070707,-17.755103914609297,-27.755103914609297,-3.1121297894859303
train,0,635,2,-10.0,63.56356356356357,34,77.13869396896554,9.07913971902653,-65.65877269908316,True,4.064252645708167,-19.650429360374623,-29.650429360374623,-5.007455235251257
train,0,635,2,-10.0,63.56356356356357,35,84.658301924343,11.804318976768407,20.66512259334488,True,86.32389529242803,-21.266320223315432,-31.266320223315432,-6.623346098192066
train,0,635,2,-5.0,63.56356356356357,22,98.13700809827972,-12.825235129842632,22.468451518422356,False,,-23.832850637989043,-28.832850637989043,-4.189876512865677
train,0,635,2,-5.0,63.56356356356357,23,61.91422299553867,0.005243341132371789,-47.298407914269525,True,5.137610667821678,-15.83115517861393,-20.83115517861393,3.8118189465094368
train,0,635,2,-5.0,63.56356356356357,24,82.21410610225362,-10.623433996353487,12.403858024923036,False,,-20.757391663549726,-25.757391663549726,-1.114417538426359
train,0,635,2,-5.0,63.56356356356357,27,55.18828536621278,-2.0856306489699463,-35.94082805213506,True,6.219969194312782,-13.833414147997251,-18.833414147997253,5.8095599771261135
train,0,635,2,-5.0,63.56356356356357,28,56.59456669280221,3.9361956626331325,-13.662799280647427,True,0.7189929919586864,-14.270527663876587,-19.270527663876585,5.372446461246781
train,0,635,2,-5.0,63.56356356356357,29,69.9279428563394,3.3555467050868346,-61.59452005337499,True,4.064252645708167,-17.945568190604114,-22.945568190604114,1.697405934519253
train,0,635,2,-5.0,63.56356356356357,30,69.93387560603645,6.818279930286971,-54.90411051627905,True,6.690409537095949,-17.947041965497547,-22.947041965497547,1.6959321596258192
train,0,635,2,-5.0,63.56356356356357,35,84.658301924343,11.804318976768407,20.66512259334488,True,86.32389529242803,-21.266320223315432,-26.266320223315432,-1.6233460981920658
train,0,635,2,0.0,63.56356356356357,23,61.91422299553867,0.005243341132371789,-47.298407914269525,True,5.137610667821678,-15.83115517861393,-15.83115517861393,8.811818946509437
train,0,635,2,0.0,63.56356356356357,27,55.18828536621278,-2.0856306489699463,-35.94082805213506,True,6.219969194312782,-13.833414147997251,-13.833414147997251,10.809559977126113
train,0,635,2,0.0,63.56356356356357,28,56.59456669280221,3.9361956626331325,-13.662799280647427,True,0.7189929919586864,-14.270527663876587,-14.270527663876587,10.372446461246781
train,0,635,2,0.0,63.56356356356357,29,69.9279428563394,3.3555467050868346,-61.59452005337499,True,4.064252645708167,-17.945568190604114,-17.945568190604114,6.697405934519253
train,0,635,2,0.0,63.56356356356357,30,69.93387560603645,6.818279930286971,-54.90411051627905,True,6.690409537095949,-17.947041965497547,-17.947041965497547,6.695932159625819
train,0,635,2,5.0,63.56356356356357,23,61.91422299553867,0.005243341132371789,-47.298407914269525,True,5.137610667821678,-15.83115517861393,-10.83115517861393,13.811818946509433
train,0,635,2,5.0,63.56356356356357,27,55.18828536621278,-2.0856306489699463,-35.94082805213506,True,6.219969194312782,-13.833414147997251,-8.833414147997251,15.809559977126113
train,0,635,2,5.0,63.56356356356357,28,56.59456669280221,3.9361956626331325,-13.662799280647427,True,0.7189929919586864,-14.270527663876587,-9.270527663876587,15.372446461246781
train,0,635,2,5.0,63.56356356356357,29,69.9279428563394,3.3555467050868346,-61.59452005337499,True,4.064252645708167,-17.945568190604114,-12.945568190604114,11.697405934519253
train,0,635,2,5.0,63.56356356356357,30,69.93387560603645,6.818279930286971,-54.90411051627905,True,6.690409537095949,-17.947041965497547,-12.947041965497547,11.69593215962582
train,0,635,2,10.0,63.56356356356357,23,61.91422299553867,0.005243341132371789,-47.298407914269525,True,5.137610667821678,-15.83115517861393,-5.83115517861393,18.811818946509433
train,0,635,2,10.0,63.56356356356357,27,55.18828536621278,-2.0856306489699463,-35.94082805213506,True,6.219969194312782,-13.833414147997251,-3.833414147997251,20.809559977126113
train,0,635,2,10.0,63.56356356356357,28,56.59456669280221,3.9361956626331325,-13.662799280647427,True,0.7189929919586864,-14.270527663876587,-4.270527663876587,20.37244646124678
train,0,635,2,10.0,63.56356356356357,29,69.9279428563394,3.3555467050868346,-61.59452005337499,True,4.064252645708167,-17.945568190604114,-7.945568190604114,16.697405934519253
train,0,635,2,10.0,63.56356356356357,30,69.93387560603645,6.818279930286971,-54.90411051627905,True,6.690409537095949,-17.947041965497547,-7.947041965497547,16.69593215962582
train,0,635,2,15.0,63.56356356356357,23,61.91422299553867,0.005243341132371789,-47.298407914269525,True,5.137610667821678,-15.83115517861393,-0.8311551786139297,23.811818946509433
train,0,635,2,15.0,63.56356356356357,27,55.18828536621278,-2.0856306489699463,-35.94082805213506,True,6.219969194312782,-13.833414147997251,1.1665858520027488,25.809559977126113
train,0,635,2,15.0,63.56356356356357,28,56.59456669280221,3.9361956626331325,-13.662799280647427,True,0.7189929919586864,-14.270527663876587,0.729472336123413,25.37244646124678
train,0,635,2,15.0,63.56356356356357,29,69.9279428563394,3.3555467050868346,-61.59452005337499,True,4.064252645708167,-17.945568190604114,-2.9455681906041136,21.697405934519253
train,0,635,2,15.0,63.56356356356357,30,69.93387560603645,6.818279930286971,-54.90411051627905,True,6.690409537095949,-17.947041965497547,-2.9470419654975473,21.69593215962582
train,0,636,0,-10.0,63.66366366366367,20,31.347406720066076,0.09886706752067626,-40.45811519769751,False,,-24.22171695549489,-34.22171695549489,-9.578742830371525
train,0,636,0,-10.0,63.66366366366367,22,93.6201101657581,-16.666465580242953,-49.81095449518087,False,,-43.22841811983484,-53.22841811983484,-28.585443994711476
train,0,636,0,-10.0,63.66366366366367,24,71.24021691293783,-16.415689800392492,-49.501448597112145,False,,-38.482661531740455,-48.482661531740455,-23.839687406617088
train,0,636,0,-10.0,63.66366366366367,26,43.879950976093596,-15.989286530974523,-48.17091000828887,False,,-30.064297554122213,-40.06429755412221,-15.421323428998846
train,0,636,0,-10.0,63.66366366366367,28,30.681097949040012,14.231887286510759,-32.12532337949253,False,,-23.84848809225701,-33.848488092257014,-9.205513967133648
train,0,636,0,-10.0,63.66366366366367,31,50.521227891404315,3.3174570144223194,3.043976192838568,False,,-32.512608098501616,-42.512608098501616,-17.86963397337825
train,0,636,0,-10.0,63.66366366366367,32,56.85201349743826,15.351930976459784,-41.74071382432669,False,,-34.56348622512746,-44.56348622512746,-19.920512100004096
train,0,636,0,-10.0,63.66366366366367,33,74.17325822115734,-7.351140215401101,21.522913067134617,False,,-39.18354647653639,-49.18354647653639,-24.540572351413026
train,0,636,0,-10.0,63.66366366366367,35,78.77347964476881,15.046704930094638,-44.733542150344086,False,,-40.22885340200762,-50.22885340200762,-25.585879276884256
train,0,636,0,-10.0,63.66366366366367,37,98.55724774074771,14.342464826815824,-46.52650657495196,False,,-44.12119489041266,-54.12119489041266,-29.478220765289294
train,0,636,0,-5.0,63.66366366366367,20,31.347406720066076,0.09886706752067626,-40.45811519769751,False,,-24.22171695549489,-29.22171695549489,-4.5787428303715245
train,0,636,0,-5.0,63.66366366366367,22,93.6201101657581,-16.666465580242953,-49.81095449518087,False,,-43.22841811983484,-48.22841811983484,-23.585443994711476
train,0,636,0,-5.0,63.66366366366367,24,71.24021691293783,-16.415689800392492,-49.501448597112145,False,,-38.482661531740455,-43.482661531740455,-18.839687406617088
train,0,636,0,-5.0,63.66366366366367,26,43.879950976093596,-15.989286530974523,-48.17091000828887,False,,-30.064297554122213,-35.06429755412221,-10.421323428998846
train,0,636,0,-5.0,63.66366366366367,28,30.681097949040012,14.231887286510759,-32.12532337949253,False,,-23.84848809225701,-28.84848809225701,-4.205513967133644
train,0,636,0,-5.0,63.66366366366367,31,50.521227891404315,3.3174570144223194,3.043976192838568,False,,-32.512608098501616,-37.512608098501616,-12.86963397337825
train,0,636,0,-5.0,63.66366366366367,32,56.85201349743826,15.351930976459784,-41.74071382432669,False,,-34.56348622512746,-39.56348622512746,-14.920512100004096
train,0,636,0,-5.0,63.66366366366367,33,74.17325822115734,-7.351140215401101,21.522913067134617,False,,-39.18354647653639,-44.18354647653639,-19.540572351413026
train,0,636,0,-5.0,63.66366366366367,35,78.77347964476881,15.046704930094638,-44.733542150344086,False,,-40.22885340200762,-45.22885340200762,-20.585879276884256
train,0,636,0,-5.0,63.66366366366367,37,98.55724774074771,14.342464826815824,-46.52650657495196,False,,-44.12119489041266,-49.12119489041266,-24.478220765289294
train,0,636,0,0.0,63.66366366366367,22,93.6201101657581,-16.666465580242953,-49.81095449518087,False,,-43.22841811983484,-43.22841811983484,-18.585443994711476
train,0,636,0,0.0,63.66366366366367,24,71.24021691293783,-16.415689800392492,-49.501448597112145,False,,-38.482661531740455,-38.482661531740455,-13.839687406617088
train,0,636,0,0.0,63.66366366366367,26,43.879950976093596,-15.989286530974523,-48.17091000828887,False,,-30.064297554122213,-30.064297554122213,-5.421323428998846
train,0,636,0,0.0,63.66366366366367,31,50.521227891404315,3.3174570144223194,3.043976192838568,False,,-32.512608098501616,-32.512608098501616,-7.869633973378249
train,0,636,0,0.0,63.66366366366367,32,56.85201349743826,15.351930976459784,-41.74071382432669,False,,-34.56348622512746,-34.56348622512746,-9.920512100004096
train,0,636,0,0.0,63.66366366366367,33,74.17325822115734,-7.351140215401101,21.522913067134617,False,,-39.18354647653639,-39.18354647653639,-14.540572351413026
train,0,636,0,0.0,63.66366366366367,35,78.77347964476881,15.046704930094638,-44.733542150344086,False,,-40.22885340200762,-40.22885340200762,-15.585879276884256
train,0,636,0,0.0,63.66366366366367,37,98.55724774074771,14.342464826815824,-46.52650657495196,False,,-44.12119489041266,-44.12119489041266,-19.478220765289294
train,0,636,0,5.0,63.66366366366367,22,93.6201101657581,-16.666465580242953,-49.81095449518087,False,,-43.22841811983484,-38.22841811983484,-13.585443994711476
train,0,636,0,5.0,63.66366366366367,24,71.24021691293783,-16.415689800392492,-49.501448597112145,False,,-38.482661531740455,-33.482661531740455,-8.839687406617088
train,0,636,0,5.0,63.66366366366367,26,43.879950976093596,-15.989286530974523,-48.17091000828887,False,,-30.064297554122213,-25.064297554122213,-0.42132342899884634
train,0,636,0,5.0,63.66366366366367,31,50.521227891404315,3.3174570144223194,3.043976192838568,False,,-32.512608098501616,-27.512608098501616,-2.8696339733782494
train,0,636,0,5.0,63.66366366366367,32,56.85201349743826,15.351930976459784,-41.74071382432669,False,,-34.56348622512746,-29.563486225127463,-4.920512100004096
train,0,636,0,5.0,63.66366366366367,33,74.17325822115734,-7.351140215401101,21.522913067134617,False,,-39.18354647653639,-34.18354647653639,-9.540572351413026
train,0,636,0,5.0,63.66366366366367,35,78.77347964476881,15.046704930094638,-44.733542150344086,False,,-40.22885340200762,-35.22885340200762,-10.585879276884256
train,0,636,0,5.0,63.66366366366367,37,98.55724774074771,14.342464826815824,-46.52650657495196,False,,-44.12119489041266,-39.12119489041266,-14.478220765289294
train,0,636,0,10.0,63.66366366366367,22,93.6201101657581,-16.666465580242953,-49.81095449518087,False,,-43.22841811983484,-33.22841811983484,-8.585443994711476
train,0,636,0,10.0,63.66366366366367,24,71.24021691293783,-16.415689800392492,-49.501448597112145,False,,-38.482661531740455,-28.482661531740455,-3.839687406617088
train,0,636,0,10.0,63.66366366366367,32,56.85201349743826,15.351930976459784,-41.74071382432669,False,,-34.56348622512746,-24.563486225127463,0.07948789999590389
train,0,636,0,10.0,63.66366366366367,33,74.17325822115734,-7.351140215401101,21.522913067134617,False,,-39.18354647653639,-29.183546476536392,-4.540572351413026
train,0,636,0,10.0,63.66366366366367,35,78.77347964476881,15.046704930094638,-44.733542150344086,False,,-40.22885340200762,-30.228853402007623,-5.585879276884256
train,0,636,0,10.0,63.66366366366367,37,98.55724774074771,14.342464826815824,-46.52650657495196,False,,-44.12119489041266,-34.12119489041266,-9.478220765289294
train,0,636,0,15.0,63.66366366366367,22,93.6201101657581,-16.666465580242953,-49.81095449518087,False,,-43.22841811983484,-28.228418119834842,-3.5854439947114756
train,0,636,0,15.0,63.66366366366367,35,78.77347964476881,15.046704930094638,-44.733542150344086,False,,-40.22885340200762,-25.228853402007623,-0.5858792768842562
train,0,636,0,15.0,63.66366366366367,37,98.55724774074771,14.342464826815824,-46.52650657495196,False,,-44.12119489041266,-29.12119489041266,-4.478220765289294
train,0,636,1,-10.0,63.66366366366367,21,59.62528240978281,-0.10769983268935099,45.81285910365729,True,0.8161503858565918,-15.331886939399148,-25.331886939399148,-0.6889128142757812
train,0,636,1,-10.0,63.66366366366367,23,65.22472174269542,-0.06172538785428512,44.99670871780069,True,0.8161503858565918,-16.89115837814514,-26.89115837814514,-2.2481842530217726
train,0,636,1,-10.0,63.66366366366367,25,75.19109368061447,-15.549124486718929,41.2085496732922,True,59.737055518198034,-19.361325050844222,-29.361325050844222,-4.718350925720856
train,0,636,1,-10.0,63.66366366366367,29,82.6084418705362,5.956286424306918,43.19569921713174,False,,-20.995646207005812,-30.995646207005812,-6.352672081882446
train,0,636,1,-10.0,63.66366366366367,30,75.2837963885404,15.511925916723817,46.99648479198187,False,,-19.38272943510244,-29.38272943510244,-4.739755309979074
train,0,636,1,-10.0,63.66366366366367,33,67.3460280761265,-10.174422101036512,-18.528505844905837,True,59.737055518198034,-17.447148459805852,-27.447148459805852,-2.804174334682486
train,0,636,1,-10.0,63.66366366366367,34,90.36181336455057,15.524273284630382,44.51117226683239,False,,-22.55406648456876,-32.554066484568764,-7.911092359445398
train,0,636,1,-10.0,63.66366366366367,36,123.19787575996365,14.656196337546938,41.66540033806587,False,,-27.938797760129546,-37.938797760129546,-13.29582363500618
train,0,636,1,-5.0,63.66366366366367,29,82.6084418705362,5.956286424306918,43.19569921713174,False,,-20.995646207005812,-25.995646207005812,-1.3526720818824458
train,0,636,1,-5.0,63.66366366366367,30,75.2837963885404,15.511925916723817,46.99648479198187,False,,-19.38272943510244,-24.38272943510244,0.2602446900209259
train,0,636,1,-5.0,63.66366366366367,34,90.36181336455057,15.524273284630382,44.51117226683239,False,,-22.55406648456876,-27.55406648456876,-2.9110923594453944
train,0,636,1,-5.0,63.66366366366367,36,123.19787575996365,14.656196337546938,41.66540033806587,False,,-27.938797760129546,-32.938797760129546,-8.29582363500618
train,0,636,1,0.0,63.66366366366367,36,123.19787575996365,14.656196337546938,41.66540033806587,False,,-27.938797760129546,-27.938797760129546,-3.2958236350061796
train,0,636,2,-10.0,63.66366366366367,22,99.42601841135115,-12.954150763004286,23.082685799082224,False,,-23.853781989725114,-33.853781989725114,-9.210807864601747
train,0,636,2,-10.0,63.66366366366367,23,61.915851807239946,0.00155994679277482,-47.31053910248269,True,5.137657948597796,-15.625854149264267,-25.625854149264267,-0.9828800241409006
train,0,636,2,-10.0,63.66366366366367,24,83.28548589372585,-10.826613502653032,13.268290277375,False,,-20.776553016593205,-30.776553016593205,-6.133578891469838
train,0,636,2,-10.0,63.66366366366367,25,62.99521036434256,-7.701029796723947,-57.40515838729821,True,10.09461928481552,-15.926081286683996,-25.926081286683996,-1.283107161560629
train,0,636,2,-10.0,63.66366366366367,26,68.14774094163295,-6.547998365208237,-4.28406390326506,True,10.110387834104953,-17.291838616885947,-27.291838616885947,-2.6488644917625805
train,0,636,2,-10.0,63.66366366366367,27,55.421241136965456,-2.515703001242149,-37.526502909398715,True,4.646378244486179,-13.700829961382958,-23.700829961382958,0.9421441637404087
train,0,636,2,-10.0,63.66366366366367,28,56.219877471627036,3.529237349253347,-15.175994096643734,True,0.7815423592737194,-13.949375854978395,-23.949375854978395,0.693598270144971
train,0,636,2,-10.0,63.66366366366367,29,69.5971315366248,3.226020474158323,-61.17300144496257,True,3.5179153330687396,-17.657433681893693,-27.657433681893693,-3.0144595567703263
train,0,636,2,-10.0,63.66366366366367,30,69.26546615319248,6.5466295732089845,-53.72132252779789,True,6.410783425315197,-17.574450518875967,-27.574450518875967,-2.9314763937526003
train,0,636,2,-10.0,63.66366366366367,32,68.20636299812614,9.47552027869089,7.685647213070135,True,61.40696974086802,-17.30677574689424,-27.30677574689424,-2.6638016217708724
train,0,636,2,-10.0,63.66366366366367,34,76.23994910858832,8.902493767500935,-64.69091677803131,True,3.5179153330687396,-19.241083974260732,-29.241083974260732,-4.598109849137366
train,0,636,2,-10.0,63.66366366366367,35,83.48260997429637,11.702679478794899,20.003775637210918,True,84.69469241524223,-20.817620795111573,-30.817620795111573,-6.174646669988206
train,0,636,2,-10.0,63.66366366366367,37,99.71690906059101,12.342386176972894,27.34043382020957,False,,-23.904532391060247,-33.90453239106024,-9.261558265936877
train,0,636,2,-5.0,63.66366366366367,22,99.42601841135115,-12.954150763004286,23.082685799082224,False,,-23.853781989725114,-28.853781989725114,-4.2108078646017475
train,0,636,2,-5.0,63.66366366366367,23,61.915851807239946,0.00155994679277482,-47.31053910248269,True,5.137657948597796,-15.625854149264267,-20.625854149264267,4.017119975859099
train,0,636,2,-5.0,63.66366366366367,24,83.28548589372585,-10.826613502653032,13.268290277375,False,,-20.776553016593205,-25.776553016593205,-1.1335788914698384
train,0,636,2,-5.0,63.66366366366367,27,55.421241136965456,-2.515703001242149,-37.526502909398715,True,4.646378244486179,-13.700829961382958,-18.700829961382958,5.942144163740409
train,0,636,2,-5.0,63.66366366366367,28,56.219877471627036,3.529237349253347,-15.175994096643734,True,0.7815423592737194,-13.949375854978395,-18.949375854978395,5.693598270144971
train,0,636,2,-5.0,63.66366366366367,29,69.5971315366248,3.226020474158323,-61.17300144496257,True,3.5179153330687396,-17.657433681893693,-22.657433681893693,1.9855404432296737
train,0,636,2,-5.0,63.66366366366367,30,69.26546615319248,6.5466295732089845,-53.72132252779789,True,6.410783425315197,-17.574450518875967,-22.574450518875967,2.0685236062473997
train,0,636,2,-5.0,63.66366366366367,35,83.48260997429637,11.702679478794899,20.003775637210918,True,84.69469241524223,-20.817620795111573,-25.817620795111573,-1.1746466699882063
train,0,636,2,-5.0,63.66366366366367,37,99.71690906059101,12.342386176972894,27.34043382020957,False,,-23.904532391060247,-28.904532391060247,-4.2615582659368805
train,0,636,2,0.0,63.66366366366367,23,61.915851807239946,0.00155994679277482,-47.31053910248269,True,5.137657948597796,-15.625854149264267,-15.625854149264267,9.0171199758591
train,0,636,2,0.0,63.66366366366367,27,55.421241136965456,-2.515703001242149,-37.526502909398715,True,4.646378244486179,-13.700829961382958,-13.700829961382958,10.942144163740409
train,0,636,2,0.0,63.66366366366367,28,56.219877471627036,3.529237349253347,-15.175994096643734,True,0.7815423592737194,-13.949375854978395,-13.949375854978395,10.693598270144971
train,0,636,2,0.0,63.66366366366367,29,69.5971315366248,3.226020474158323,-61.17300144496257,True,3.5179153330687396,-17.657433681893693,-17.657433681893693,6.985540443229674
train,0,636,2,0.0,63.66366366366367,30,69.26546615319248,6.5466295732089845,-53.72132252779789,True,6.410783425315197,-17.574450518875967,-17.574450518875967,7.0685236062474
train,0,636,2,5.0,63.66366366366367,23,61.915851807239946,0.00155994679277482,-47.31053910248269,True,5.137657948597796,-15.625854149264267,-10.625854149264267,14.017119975859103
train,0,636,2,5.0,63.66366366366367,27,55.421241136965456,-2.515703001242149,-37.526502909398715,True,4.646378244486179,-13.700829961382958,-8.700829961382958,15.942144163740409
train,0,636,2,5.0,63.66366366366367,28,56.219877471627036,3.529237349253347,-15.175994096643734,True,0.7815423592737194,-13.949375854978395,-8.949375854978395,15.693598270144975
train,0,636,2,5.0,63.66366366366367,29,69.5971315366248,3.226020474158323,-61.17300144496257,True,3.5179153330687396,-17.657433681893693,-12.657433681893693,11.985540443229674
train,0,636,2,5.0,63.66366366366367,30,69.26546615319248,6.5466295732089845,-53.72132252779789,True,6.410783425315197,-17.574450518875967,-12.574450518875967,12.068523606247396
train,0,636,2,10.0,63.66366366366367,23,61.915851807239946,0.00155994679277482,-47.31053910248269,True,5.137657948597796,-15.625854149264267,-5.625854149264267,19.017119975859103
train,0,636,2,10.0,63.66366366366367,27,55.421241136965456,-2.515703001242149,-37.526502909398715,True,4.646378244486179,-13.700829961382958,-3.700829961382958,20.94214416374041
train,0,636,2,10.0,63.66366366366367,28,56.219877471627036,3.529237349253347,-15.175994096643734,True,0.7815423592737194,-13.949375854978395,-3.9493758549783955,20.693598270144975
train,0,636,2,10.0,63.66366366366367,29,69.5971315366248,3.226020474158323,-61.17300144496257,True,3.5179153330687396,-17.657433681893693,-7.657433681893693,16.985540443229674
train,0,636,2,10.0,63.66366366366367,30,69.26546615319248,6.5466295732089845,-53.72132252779789,True,6.410783425315197,-17.574450518875967,-7.574450518875967,17.068523606247396
train,0,636,2,15.0,63.66366366366367,23,61.915851807239946,0.00155994679277482,-47.31053910248269,True,5.137657948597796,-15.625854149264267,-0.6258541492642671,24.017119975859103
train,0,636,2,15.0,63.66366366366367,27,55.421241136965456,-2.515703001242149,-37.526502909398715,True,4.646378244486179,-13.700829961382958,1.2991700386170422,25.94214416374041
train,0,636,2,15.0,63.66366366366367,28,56.219877471627036,3.529237349253347,-15.175994096643734,True,0.7815423592737194,-13.949375854978395,1.0506241450216045,25.693598270144975
train,0,636,2,15.0,63.66366366366367,29,69.5971315366248,3.226020474158323,-61.17300144496257,True,3.5179153330687396,-17.657433681893693,-2.657433681893693,21.985540443229674
train,0,636,2,15.0,63.66366366366367,30,69.26546615319248,6.5466295732089845,-53.72132252779789,True,6.410783425315197,-17.574450518875967,-2.5744505188759668,22.068523606247396
train,0,637,0,-10.0,63.76376376376377,20,31.33471290198622,0.0943704790085464,-40.44382247496991,False,,-24.355100758847247,-34.35510075884724,-9.712126633723877
train,0,637,0,-10.0,63.76376376376377,22,95.28692675919525,-16.686924787964212,-49.83106584494444,False,,-43.67540476590571,-53.67540476590571,-29.032430640782344
train,0,637,0,-10.0,63.76376376376377,24,72.88167180669267,-16.43870012901945,-49.53578943819941,False,,-39.01880501033837,-49.01880501033837,-24.375830885215002
train,0,637,0,-10.0,63.76376376376377,26,45.48869129056001,-16.02747349732443,-48.287213248397094,False,,-30.830209656494528,-40.83020965649453,-16.187235531371165
train,0,637,0,-10.0,63.76376376376377,27,12.464393462311293,6.824329884005859,9.994119015091826,True,15.478850464466793,-8.340917957200135,-18.340917957200134,6.302056167923233
train,0,637,0,-10.0,63.76376376376377,28,29.261690361378992,14.139853440573983,-31.112499800177872,False,,-23.166048379027366,-33.166048379027366,-8.523074253904
train,0,637,0,-10.0,63.76376376376377,31,50.190895192879196,3.2565233148664072,2.5775093810470304,False,,-32.53906963108953,-42.53906963108953,-17.896095505966166
train,0,637,0,-10.0,63.76376376376377,32,55.31640002823504,15.354912991156185,-41.43238638584702,False,,-34.22822830713832,-44.22822830713832,-19.585254182014957
train,0,637,0,-10.0,63.76376376376377,33,74.92640489095153,-7.426930037800012,22.082628772221817,False,,-39.49946775557607,-49.49946775557607,-24.856493630452704
train,0,637,0,-10.0,63.76376376376377,35,77.26446674546705,15.058394539765805,-44.56366510211574,False,,-40.033264425540416,-50.033264425540416,-25.39029030041705
train,0,637,0,-10.0,63.76376376376377,37,97.123826880114,14.341844308132185,-46.411133442061676,False,,-44.00710340896459,-54.00710340896459,-29.364129283841223
train,0,637,0,-5.0,63.76376376376377,20,31.33471290198622,0.0943704790085464,-40.44382247496991,False,,-24.355100758847247,-29.355100758847247,-4.71212663372388
train,0,637,0,-5.0,63.76376376376377,22,95.28692675919525,-16.686924787964212,-49.83106584494444,False,,-43.67540476590571,-48.67540476590571,-24.032430640782344
train,0,637,0,-5.0,63.76376376376377,24,72.88167180669267,-16.43870012901945,-49.53578943819941,False,,-39.01880501033837,-44.01880501033837,-19.375830885215002
train,0,637,0,-5.0,63.76376376376377,26,45.48869129056001,-16.02747349732443,-48.287213248397094,False,,-30.830209656494528,-35.83020965649453,-11.187235531371165
train,0,637,0,-5.0,63.76376376376377,27,12.464393462311293,6.824329884005859,9.994119015091826,True,15.478850464466793,-8.340917957200135,-13.340917957200135,11.302056167923233
train,0,637,0,-5.0,63.76376376376377,28,29.261690361378992,14.139853440573983,-31.112499800177872,False,,-23.166048379027366,-28.166048379027366,-3.5230742539039994
train,0,637,0,-5.0,63.76376376376377,31,50.190895192879196,3.2565233148664072,2.5775093810470304,False,,-32.53906963108953,-37.53906963108953,-12.896095505966166
train,0,637,0,-5.0,63.76376376376377,32,55.31640002823504,15.354912991156185,-41.43238638584702,False,,-34.22822830713832,-39.22822830713832,-14.585254182014957
train,0,637,0,-5.0,63.76376376376377,33,74.92640489095153,-7.426930037800012,22.082628772221817,False,,-39.49946775557607,-44.49946775557607,-19.856493630452704
train,0,637,0,-5.0,63.76376376376377,35,77.26446674546705,15.058394539765805,-44.56366510211574,False,,-40.033264425540416,-45.033264425540416,-20.39029030041705
train,0,637,0,-5.0,63.76376376376377,37,97.123826880114,14.341844308132185,-46.411133442061676,False,,-44.00710340896459,-49.00710340896459,-24.364129283841223
train,0,637,0,0.0,63.76376376376377,22,95.28692675919525,-16.686924787964212,-49.83106584494444,False,,-43.67540476590571,-43.67540476590571,-19.032430640782344
train,0,637,0,0.0,63.76376376376377,24,72.88167180669267,-16.43870012901945,-49.53578943819941,False,,-39.01880501033837,-39.01880501033837,-14.375830885215002
train,0,637,0,0.0,63.76376376376377,26,45.48869129056001,-16.02747349732443,-48.287213248397094,False,,-30.830209656494528,-30.830209656494528,-6.187235531371162
train,0,637,0,0.0,63.76376376376377,27,12.464393462311293,6.824329884005859,9.994119015091826,True,15.478850464466793,-8.340917957200135,-8.340917957200135,16.302056167923233
train,0,637,0,0.0,63.76376376376377,31,50.190895192879196,3.2565233148664072,2.5775093810470304,False,,-32.53906963108953,-32.53906963108953,-7.896095505966166
train,0,637,0,0.0,63.76376376376377,32,55.31640002823504,15.354912991156185,-41.43238638584702,False,,-34.22822830713832,-34.22822830713832,-9.585254182014957
train,0,637,0,0.0,63.76376376376377,33,74.92640489095153,-7.426930037800012,22.082628772221817,False,,-39.49946775557607,-39.49946775557607,-14.856493630452704
train,0,637,0,0.0,63.76376376376377,35,77.26446674546705,15.058394539765805,-44.56366510211574,False,,-40.033264425540416,-40.033264425540416,-15.39029030041705
train,0,637,0,0.0,63.76376376376377,37,97.123826880114,14.341844308132185,-46.411133442061676,False,,-44.00710340896459,-44.00710340896459,-19.364129283841223
train,0,637,0,5.0,63.76376376376377,22,95.28692675919525,-16.686924787964212,-49.83106584494444,False,,-43.67540476590571,-38.67540476590571,-14.032430640782344
train,0,637,0,5.0,63.76376376376377,24,72.88167180669267,-16.43870012901945,-49.53578943819941,False,,-39.01880501033837,-34.01880501033837,-9.375830885215002
train,0,637,0,5.0,63.76376376376377,26,45.48869129056001,-16.02747349732443,-48.287213248397094,False,,-30.830209656494528,-25.830209656494528,-1.1872355313711616
train,0,637,0,5.0,63.76376376376377,27,12.464393462311293,6.824329884005859,9.994119015091826,True,15.478850464466793,-8.340917957200135,-3.3409179572001353,21.302056167923233
train,0,637,0,5.0,63.76376376376377,31,50.190895192879196,3.2565233148664072,2.5775093810470304,False,,-32.53906963108953,-27.539069631089532,-2.8960955059661657
train,0,637,0,5.0,63.76376376376377,32,55.31640002823504,15.354912991156185,-41.43238638584702,False,,-34.22822830713832,-29.228228307138323,-4.585254182014957
train,0,637,0,5.0,63.76376376376377,33,74.92640489095153,-7.426930037800012,22.082628772221817,False,,-39.49946775557607,-34.49946775557607,-9.856493630452704
train,0,637,0,5.0,63.76376376376377,35,77.26446674546705,15.058394539765805,-44.56366510211574,False,,-40.033264425540416,-35.033264425540416,-10.39029030041705
train,0,637,0,5.0,63.76376376376377,37,97.123826880114,14.341844308132185,-46.411133442061676,False,,-44.00710340896459,-39.00710340896459,-14.364129283841223
train,0,637,0,10.0,63.76376376376377,22,95.28692675919525,-16.686924787964212,-49.83106584494444,False,,-43.67540476590571,-33.67540476590571,-9.032430640782344
train,0,637,0,10.0,63.76376376376377,24,72.88167180669267,-16.43870012901945,-49.53578943819941,False,,-39.01880501033837,-29.01880501033837,-4.375830885215002
train,0,637,0,10.0,63.76376376376377,27,12.464393462311293,6.824329884005859,9.994119015091826,True,15.478850464466793,-8.340917957200135,1.6590820427998647,26.302056167923233
train,0,637,0,10.0,63.76376376376377,33,74.92640489095153,-7.426930037800012,22.082628772221817,False,,-39.49946775557607,-29.49946775557607,-4.856493630452704
train,0,637,0,10.0,63.76376376376377,35,77.26446674546705,15.058394539765805,-44.56366510211574,False,,-40.033264425540416,-30.033264425540416,-5.39029030041705
train,0,637,0,10.0,63.76376376376377,37,97.123826880114,14.341844308132185,-46.411133442061676,False,,-44.00710340896459,-34.00710340896459,-9.364129283841223
train,0,637,0,15.0,63.76376376376377,22,95.28692675919525,-16.686924787964212,-49.83106584494444,False,,-43.67540476590571,-28.67540476590571,-4.032430640782344
train,0,637,0,15.0,63.76376376376377,27,12.464393462311293,6.824329884005859,9.994119015091826,True,15.478850464466793,-8.340917957200135,6.659082042799865,31.302056167923233
train,0,637,0,15.0,63.76376376376377,33,74.92640489095153,-7.426930037800012,22.082628772221817,False,,-39.49946775557607,-24.49946775557607,0.14350636954729623
train,0,637,0,15.0,63.76376376376377,35,77.26446674546705,15.058394539765805,-44.56366510211574,False,,-40.033264425540416,-25.033264425540416,-0.3902903004170497
train,0,637,0,15.0,63.76376376376377,37,97.123826880114,14.341844308132185,-46.411133442061676,False,,-44.00710340896459,-29.00710340896459,-4.364129283841223
train,0,637,1,-10.0,63.76376376376377,21,59.63808274574386,-0.10319641849609436,45.8078729161969,True,0.8154259079870163,-15.080908594520043,-25.080908594520043,-0.43793446939667646
train,0,637,1,-10.0,63.76376376376377,23,65.23763400390575,-0.069166764746282,44.992447008209886,True,0.8154259079870163,-16.63988974269479,-26.63988974269479,-1.9969156175714247
train,0,637,1,-10.0,63.76376376376377,25,76.74807358602226,-15.56770629705426,41.1278011367468,False,,-19.46266099626863,-29.46266099626863,-4.819686871145265
train,0,637,1,-10.0,63.76376376376377,29,82.02165184755246,5.7826813087550795,43.24400147135363,False,,-20.617102119641807,-30.617102119641807,-5.97412799451844
train,0,637,1,-10.0,63.76376376376377,30,73.72873895830224,15.542150392438652,47.23844582986666,False,,-18.765433900141655,-28.765433900141655,-4.122459775018289
train,0,637,1,-10.0,63.76376376376377,33,68.38157672960162,-10.177648214813773,-18.646879521135624,False,,-17.45752608321417,-27.45752608321417,-2.814551958090803
train,0,637,1,-10.0,63.76376376376377,34,88.80667913819914,15.563613981979488,44.68523926296427,False,,-21.9977868743602,-31.9977868743602,-7.354812749236835
train,0,637,1,-10.0,63.76376376376377,36,121.73758004338058,14.651287764799838,41.76392212593499,False,,-27.476948240685974,-37.47694824068597,-12.833974115562604
train,0,637,1,-5.0,63.76376376376377,29,82.02165184755246,5.7826813087550795,43.24400147135363,False,,-20.617102119641807,-25.617102119641807,-0.9741279945184402
train,0,637,1,-5.0,63.76376376376377,34,88.80667913819914,15.563613981979488,44.68523926296427,False,,-21.9977868743602,-26.9977868743602,-2.354812749236835
train,0,637,1,-5.0,63.76376376376377,36,121.73758004338058,14.651287764799838,41.76392212593499,False,,-27.476948240685974,-32.47694824068597,-7.833974115562604
train,0,637,1,0.0,63.76376376376377,36,121.73758004338058,14.651287764799838,41.76392212593499,False,,-27.476948240685974,-27.476948240685974,-2.833974115562608
train,0,637,2,-10.0,63.76376376376377,22,100.72687163797968,-13.080808319838823,23.681376931915064,False,,-23.844677730427215,-33.844677730427215,-9.201703605303848
train,0,637,2,-10.0,63.76376376376377,23,61.91749792913321,-0.0003657830862607199,-47.323281809379594,True,5.1372071357082225,-15.391399826313439,-25.39139982631344,-0.7484257011900723
train,0,637,2,-10.0,63.76376376376377,24,84.37731854806566,-11.02514023194446,14.110479725667263,False,,-20.767892682125193,-30.767892682125193,-6.124918557001827
train,0,637,2,-10.0,63.76376376376377,25,63.78192934903082,-8.0027171777747,-58.62954367859693,True,16.443469004925557,-15.90676998021646,-25.90676998021646,-1.2637958550930932
train,0,637,2,-10.0,63.76376376376377,26,68.82313170549807,-6.886474207721558,-3.048207032242502,True,44.27507477713709,-17.2282411236664,-27.2282411236664,-2.585266998543034
train,0,637,2,-10.0,63.76376376376377,29,69.27990852644574,3.098172640141586,-60.759989716807965,True,2.937123388603523,-17.343156118067224,-27.343156118067224,-2.7001819929438575
train,0,637,2,-10.0,63.76376376376377,30,68.62356355370369,6.263571543344395,-52.509946884365064,True,5.186665074985471,-17.177794565991544,-27.177794565991544,-2.5348204408681774
train,0,637,2,-10.0,63.76376376376377,32,67.26999721449502,9.24425130370453,6.617547164766921,True,59.12749404913199,-16.831720282450192,-26.831720282450192,-2.1887461573268254
train,0,637,2,-10.0,63.76376376376377,34,75.3593319053489,8.717891832858502,-63.69711310541149,True,2.937123388603523,-18.80434547784039,-28.80434547784039,-4.161371352717023
train,0,637,2,-10.0,63.76376376376377,35,82.3142019965827,11.59489451130691,19.32193138762432,True,83.0190444930358,-20.337854783702976,-30.337854783702976,-5.69488065857961
train,0,637,2,-10.0,63.76376376376377,37,98.48547820908546,12.276248748570358,26.900125737644945,False,,-23.453751815444022,-33.45375181544402,-8.810777690320656
train,0,637,2,-5.0,63.76376376376377,22,100.72687163797968,-13.080808319838823,23.681376931915064,False,,-23.844677730427215,-28.844677730427215,-4.201703605303848
train,0,637,2,-5.0,63.76376376376377,23,61.91749792913321,-0.0003657830862607199,-47.323281809379594,True,5.1372071357082225,-15.391399826313439,-20.39139982631344,4.251574298809928
train,0,637,2,-5.0,63.76376376376377,24,84.37731854806566,-11.02514023194446,14.110479725667263,False,,-20.767892682125193,-25.767892682125193,-1.124918557001827
train,0,637,2,-5.0,63.76376376376377,30,68.62356355370369,6.263571543344395,-52.509946884365064,True,5.186665074985471,-17.177794565991544,-22.177794565991544,2.4651795591318226
train,0,637,2,-5.0,63.76376376376377,35,82.3142019965827,11.59489451130691,19.32193138762432,True,83.0190444930358,-20.337854783702976,-25.337854783702976,-0.6948806585796099
train,0,637,2,-5.0,63.76376376376377,37,98.48547820908546,12.276248748570358,26.900125737644945,False,,-23.453751815444022,-28.453751815444022,-3.8107776903206556
train,0,637,2,0.0,63.76376376376377,23,61.91749792913321,-0.0003657830862607199,-47.323281809379594,True,5.1372071357082225,-15.391399826313439,-15.391399826313439,9.251574298809928
train,0,637,2,0.0,63.76376376376377,26,68.82313170549807,-6.886474207721558,-3.048207032242502,True,44.27507477713709,-17.2282411236664,-17.2282411236664,7.414733001456966
train,0,637,2,0.0,63.76376376376377,29,69.27990852644574,3.098172640141586,-60.759989716807965,True,2.937123388603523,-17.343156118067224,-17.343156118067224,7.2998180070561425
train,0,637,2,0.0,63.76376376376377,30,68.62356355370369,6.263571543344395,-52.509946884365064,True,5.186665074985471,-17.177794565991544,-17.177794565991544,7.465179559131823
train,0,637,2,5.0,63.76376376376377,23,61.91749792913321,-0.0003657830862607199,-47.323281809379594,True,5.1372071357082225,-15.391399826313439,-10.391399826313439,14.251574298809928
train,0,637,2,5.0,63.76376376376377,26,68.82313170549807,-6.886474207721558,-3.048207032242502,True,44.27507477713709,-17.2282411236664,-12.2282411236664,12.414733001456966
train,0,637,2,5.0,63.76376376376377,29,69.27990852644574,3.098172640141586,-60.759989716807965,True,2.937123388603523,-17.343156118067224,-12.343156118067224,12.299818007056146
train,0,637,2,5.0,63.76376376376377,30,68.62356355370369,6.263571543344395,-52.509946884365064,True,5.186665074985471,-17.177794565991544,-12.177794565991544,12.465179559131826
train,0,637,2,10.0,63.76376376376377,23,61.91749792913321,-0.0003657830862607199,-47.323281809379594,True,5.1372071357082225,-15.391399826313439,-5.391399826313439,19.251574298809928
train,0,637,2,10.0,63.76376376376377,26,68.82313170549807,-6.886474207721558,-3.048207032242502,True,44.27507477713709,-17.2282411236664,-7.2282411236664,17.414733001456966
train,0,637,2,10.0,63.76376376376377,29,69.27990852644574,3.098172640141586,-60.759989716807965,True,2.937123388603523,-17.343156118067224,-7.343156118067224,17.299818007056146
train,0,637,2,10.0,63.76376376376377,30,68.62356355370369,6.263571543344395,-52.509946884365064,True,5.186665074985471,-17.177794565991544,-7.177794565991544,17.465179559131826
train,0,637,2,15.0,63.76376376376377,23,61.91749792913321,-0.0003657830862607199,-47.323281809379594,True,5.1372071357082225,-15.391399826313439,-0.39139982631343884,24.251574298809928
train,0,637,2,15.0,63.76376376376377,26,68.82313170549807,-6.886474207721558,-3.048207032242502,True,44.27507477713709,-17.2282411236664,-2.2282411236664004,22.414733001456966
train,0,637,2,15.0,63.76376376376377,29,69.27990852644574,3.098172640141586,-60.759989716807965,True,2.937123388603523,-17.343156118067224,-2.343156118067224,22.299818007056146
train,0,637,2,15.0,63.76376376376377,30,68.62356355370369,6.263571543344395,-52.509946884365064,True,5.186665074985471,-17.177794565991544,-2.177794565991544,22.465179559131826
train,0,638,0,-10.0,63.86386386386387,20,31.323359181663612,0.08729892926799696,-40.43001763984345,False,,-24.49214639519745,-34.49214639519745,-9.849172270074085
train,0,638,0,-10.0,63.86386386386387,22,96.95955420092788,-16.70788752357329,-49.85094082895062,False,,-44.121037575794524,-54.121037575794524,-29.478063450671158
train,0,638,0,-10.0,63.86386386386387,24,74.52657191541432,-16.46379884518854,-49.56888002101392,False,,-39.54985897225167,-49.54985897225167,-24.906884847128303
train,0,638,0,-10.0,63.86386386386387,26,47.09909278739446,-16.059443317559225,-48.39801542191962,False,,-31.57791485130712,-41.57791485130712,-16.934940726183754
train,0,638,0,-10.0,63.86386386386387,27,11.86200319318714,5.174012333250682,17.219970215447574,True,8.3689104732413,-7.623734638690964,-17.623734638690962,7.019239486432404
train,0,638,0,-10.0,63.86386386386387,28,27.851002505739,14.031326741892071,-29.99586961044726,False,,-22.451046468801486,-32.451046468801486,-7.80807234367812
train,0,638,0,-10.0,63.86386386386387,31,49.86640190896268,3.194591020575689,2.1052762709124404,False,,-32.56973449431454,-42.56973449431454,-17.92676036919117
train,0,638,0,-10.0,63.86386386386387,32,53.780046558612064,15.35725362542223,-41.10709675896315,False,,-33.8822601290517,-43.8822601290517,-19.239286003928335
train,0,638,0,-10.0,63.86386386386387,33,75.67893524958035,-7.490461524195087,22.62923674451986,False,,-39.816413702925104,-49.816413702925104,-25.173439577801737
train,0,638,0,-10.0,63.86386386386387,35,75.75416640515074,15.06720721697274,-44.38693872455671,False,,-39.833674118547485,-49.833674118547485,-25.19069999342412
train,0,638,0,-10.0,63.86386386386387,37,95.69237476163434,14.344329390486948,-46.29337480328209,False,,-43.892506471946675,-53.892506471946675,-29.249532346823308
train,0,638,0,-5.0,63.86386386386387,20,31.323359181663612,0.08729892926799696,-40.43001763984345,False,,-24.49214639519745,-29.49214639519745,-4.849172270074085
train,0,638,0,-5.0,63.86386386386387,22,96.95955420092788,-16.70788752357329,-49.85094082895062,False,,-44.121037575794524,-49.121037575794524,-24.478063450671158
train,0,638,0,-5.0,63.86386386386387,24,74.52657191541432,-16.46379884518854,-49.56888002101392,False,,-39.54985897225167,-44.54985897225167,-19.906884847128303
train,0,638,0,-5.0,63.86386386386387,26,47.09909278739446,-16.059443317559225,-48.39801542191962,False,,-31.57791485130712,-36.57791485130712,-11.934940726183754
train,0,638,0,-5.0,63.86386386386387,27,11.86200319318714,5.174012333250682,17.219970215447574,True,8.3689104732413,-7.623734638690964,-12.623734638690964,12.019239486432404
train,0,638,0,-5.0,63.86386386386387,28,27.851002505739,14.031326741892071,-29.99586961044726,False,,-22.451046468801486,-27.451046468801486,-2.80807234367812
train,0,638,0,-5.0,63.86386386386387,31,49.86640190896268,3.194591020575689,2.1052762709124404,False,,-32.56973449431454,-37.56973449431454,-12.926760369191172
train,0,638,0,-5.0,63.86386386386387,32,53.780046558612064,15.35725362542223,-41.10709675896315,False,,-33.8822601290517,-38.8822601290517,-14.239286003928335
train,0,638,0,-5.0,63.86386386386387,33,75.67893524958035,-7.490461524195087,22.62923674451986,False,,-39.816413702925104,-44.816413702925104,-20.173439577801737
train,0,638,0,-5.0,63.86386386386387,35,75.75416640515074,15.06720721697274,-44.38693872455671,False,,-39.833674118547485,-44.833674118547485,-20.19069999342412
train,0,638,0,-5.0,63.86386386386387,37,95.69237476163434,14.344329390486948,-46.29337480328209,False,,-43.892506471946675,-48.892506471946675,-24.249532346823308
train,0,638,0,0.0,63.86386386386387,22,96.95955420092788,-16.70788752357329,-49.85094082895062,False,,-44.121037575794524,-44.121037575794524,-19.478063450671158
train,0,638,0,0.0,63.86386386386387,24,74.52657191541432,-16.46379884518854,-49.56888002101392,False,,-39.54985897225167,-39.54985897225167,-14.906884847128303
train,0,638,0,0.0,63.86386386386387,26,47.09909278739446,-16.059443317559225,-48.39801542191962,False,,-31.57791485130712,-31.57791485130712,-6.934940726183754
train,0,638,0,0.0,63.86386386386387,27,11.86200319318714,5.174012333250682,17.219970215447574,True,8.3689104732413,-7.623734638690964,-7.623734638690964,17.019239486432404
train,0,638,0,0.0,63.86386386386387,31,49.86640190896268,3.194591020575689,2.1052762709124404,False,,-32.56973449431454,-32.56973449431454,-7.926760369191172
train,0,638,0,0.0,63.86386386386387,32,53.780046558612064,15.35725362542223,-41.10709675896315,False,,-33.8822601290517,-33.8822601290517,-9.239286003928335
train,0,638,0,0.0,63.86386386386387,33,75.67893524958035,-7.490461524195087,22.62923674451986,False,,-39.816413702925104,-39.816413702925104,-15.173439577801737
train,0,638,0,0.0,63.86386386386387,35,75.75416640515074,15.06720721697274,-44.38693872455671,False,,-39.833674118547485,-39.833674118547485,-15.190699993424118
train,0,638,0,0.0,63.86386386386387,37,95.69237476163434,14.344329390486948,-46.29337480328209,False,,-43.892506471946675,-43.892506471946675,-19.249532346823308
train,0,638,0,5.0,63.86386386386387,22,96.95955420092788,-16.70788752357329,-49.85094082895062,False,,-44.121037575794524,-39.121037575794524,-14.478063450671158
train,0,638,0,5.0,63.86386386386387,24,74.52657191541432,-16.46379884518854,-49.56888002101392,False,,-39.54985897225167,-34.54985897225167,-9.906884847128303
train,0,638,0,5.0,63.86386386386387,26,47.09909278739446,-16.059443317559225,-48.39801542191962,False,,-31.57791485130712,-26.57791485130712,-1.9349407261837541
train,0,638,0,5.0,63.86386386386387,27,11.86200319318714,5.174012333250682,17.219970215447574,True,8.3689104732413,-7.623734638690964,-2.623734638690964,22.019239486432404
train,0,638,0,5.0,63.86386386386387,31,49.86640190896268,3.194591020575689,2.1052762709124404,False,,-32.56973449431454,-27.569734494314538,-2.9267603691911717
train,0,638,0,5.0,63.86386386386387,32,53.780046558612064,15.35725362542223,-41.10709675896315,False,,-33.8822601290517,-28.8822601290517,-4.239286003928335
train,0,638,0,5.0,63.86386386386387,33,75.67893524958035,-7.490461524195087,22.62923674451986,False,,-39.816413702925104,-34.816413702925104,-10.173439577801737
train,0,638,0,5.0,63.86386386386387,35,75.75416640515074,15.06720721697274,-44.38693872455671,False,,-39.833674118547485,-34.833674118547485,-10.190699993424118
train,0,638,0,5.0,63.86386386386387,37,95.69237476163434,14.344329390486948,-46.29337480328209,False,,-43.892506471946675,-38.892506471946675,-14.249532346823308
train,0,638,0,10.0,63.86386386386387,22,96.95955420092788,-16.70788752357329,-49.85094082895062,False,,-44.121037575794524,-34.121037575794524,-9.478063450671158
train,0,638,0,10.0,63.86386386386387,24,74.52657191541432,-16.46379884518854,-49.56888002101392,False,,-39.54985897225167,-29.54985897225167,-4.906884847128303
train,0,638,0,10.0,63.86386386386387,27,11.86200319318714,5.174012333250682,17.219970215447574,True,8.3689104732413,-7.623734638690964,2.376265361309036,27.019239486432404
train,0,638,0,10.0,63.86386386386387,33,75.67893524958035,-7.490461524195087,22.62923674451986,False,,-39.816413702925104,-29.816413702925104,-5.173439577801737
train,0,638,0,10.0,63.86386386386387,35,75.75416640515074,15.06720721697274,-44.38693872455671,False,,-39.833674118547485,-29.833674118547485,-5.1906999934241185
train,0,638,0,10.0,63.86386386386387,37,95.69237476163434,14.344329390486948,-46.29337480328209,False,,-43.892506471946675,-33.892506471946675,-9.249532346823308
train,0,638,0,15.0,63.86386386386387,22,96.95955420092788,-16.70788752357329,-49.85094082895062,False,,-44.121037575794524,-29.121037575794524,-4.478063450671158
train,0,638,0,15.0,63.86386386386387,24,74.52657191541432,-16.46379884518854,-49.56888002101392,False,,-39.54985897225167,-24.54985897225167,0.0931151528716967
train,0,638,0,15.0,63.86386386386387,27,11.86200319318714,5.174012333250682,17.219970215447574,True,8.3689104732413,-7.623734638690964,7.376265361309036,32.019239486432404
train,0,638,0,15.0,63.86386386386387,33,75.67893524958035,-7.490461524195087,22.62923674451986,False,,-39.816413702925104,-24.816413702925104,-0.17343957780173724
train,0,638,0,15.0,63.86386386386387,35,75.75416640515074,15.06720721697274,-44.38693872455671,False,,-39.833674118547485,-24.833674118547485,-0.19069999342411847
train,0,638,0,15.0,63.86386386386387,37,95.69237476163434,14.344329390486948,-46.29337480328209,False,,-43.892506471946675,-28.892506471946675,-4.249532346823308
train,0,638,1,-10.0,63.86386386386387,21,59.64986148829888,-0.09670514719718261,45.80323945441448,True,0.8149975342096675,-14.899706414777043,-24.899706414777043,-0.25673228965367656
train,0,638,1,-10.0,63.86386386386387,23,65.24949487627681,-0.07102052613305396,44.988241920204814,True,0.8149975342096675,-16.458414991822124,-26.458414991822124,-1.8154408666987578
train,0,638,1,-10.0,63.86386386386387,25,78.30751792245496,-15.586250236542801,41.05216153998245,False,,-19.627467175212846,-29.627467175212846,-4.98449305008948
train,0,638,1,-10.0,63.86386386386387,29,81.45183828955157,5.609689778069416,43.2922660535335,False,,-20.311364447657244,-30.311364447657244,-5.668390322533877
train,0,638,1,-10.0,63.86386386386387,30,72.17111545066624,15.57044865632451,47.491887373723756,False,,-18.209865539048028,-28.209865539048028,-3.5668914139246617
train,0,638,1,-10.0,63.86386386386387,33,69.41075486267601,-10.166422602218596,-18.758108987595158,False,,-17.532399533528885,-27.532399533528885,-2.8894254084055184
train,0,638,1,-10.0,63.86386386386387,34,87.24736765038789,15.603288888042126,44.865028627954715,False,,-21.50542214047711,-31.50542214047711,-6.862448015353742
train,0,638,1,-10.0,63.86386386386387,36,120.27621390439292,14.651906215574702,41.86576444464713,False,,-27.082518784086446,-37.082518784086446,-12.43954465896308
train,0,638,1,-5.0,63.86386386386387,29,81.45183828955157,5.609689778069416,43.2922660535335,False,,-20.311364447657244,-25.311364447657244,-0.6683903225338774
train,0,638,1,-5.0,63.86386386386387,34,87.24736765038789,15.603288888042126,44.865028627954715,False,,-21.50542214047711,-26.50542214047711,-1.862448015353742
train,0,638,1,-5.0,63.86386386386387,36,120.27621390439292,14.651906215574702,41.86576444464713,False,,-27.082518784086446,-32.082518784086446,-7.439544658963079
train,0,638,1,0.0,63.86386386386387,36,120.27621390439292,14.651906215574702,41.86576444464713,False,,-27.082518784086446,-27.082518784086446,-2.4395446589630794
train,0,638,2,-10.0,63.86386386386387,22,102.04338959177483,-13.20441136393081,24.26638821982023,False,,-23.8936865157726,-33.8936865157726,-9.250712390649234
train,0,638,2,-10.0,63.86386386386387,23,61.91871914361006,-0.0008268863688626299,-47.335127449851036,True,3.9375391743937045,-15.21517002394331,-25.21517002394331,-0.5721958988199418
train,0,638,2,-10.0,63.86386386386387,24,85.48931119812754,-11.218873309101198,14.932386299664389,False,,-20.818764183920045,-30.818764183920045,-6.175790058796679
train,0,638,2,-10.0,63.86386386386387,25,64.6002958132484,-8.292643085873193,-59.82361573389046,True,57.98648724538227,-15.951671735123723,-25.951671735123725,-1.3086976100003582
train,0,638,2,-10.0,63.86386386386387,26,69.53199586386839,-7.213488506095882,-1.837128488508167,True,45.49799896134287,-17.22967929397249,-27.22967929397249,-2.586705168849125
train,0,638,2,-10.0,63.86386386386387,27,56.01094135715454,-3.358944941532413,-40.6564460815949,True,1.5417869011818437,-13.473206338362996,-23.473206338362996,1.1697677867603709
train,0,638,2,-10.0,63.86386386386387,28,55.59853590174642,2.6906433876980462,-18.264416116314095,True,3.8476406019350327,-13.344825678842243,-23.34482567884224,1.2981484462811252
train,0,638,2,-10.0,63.86386386386387,29,68.97604777826805,2.9725665809808217,-60.354735439758436,True,2.3227748008861466,-17.090223720942284,-27.090223720942284,-2.447249595818917
train,0,638,2,-10.0,63.86386386386387,30,68.01155586256417,5.969105736114117,-51.27266662424474,True,3.9375391743937045,-16.84559987040934,-26.84559987040934,-2.2026257452859745
train,0,638,2,-10.0,63.86386386386387,32,66.35716441923108,9.002377965938823,5.517055855985299,True,56.78972248023004,-16.417804244877548,-26.417804244877548,-1.7748301197541814
train,0,638,2,-10.0,63.86386386386387,34,74.49784866813484,8.5252079735143,-62.67751024064458,True,2.3227748008861466,-18.428040726376015,-28.428040726376015,-3.785066601252648
train,0,638,2,-10.0,63.86386386386387,35,81.15639074235507,11.47871328783367,18.619364299050908,True,81.29687453969548,-19.915200446220126,-29.915200446220126,-5.27222632109676
train,0,638,2,-10.0,63.86386386386387,37,97.26234881381482,12.209090770355356,26.44843222000939,False,,-23.060081597454776,-33.060081597454776,-8.41710747233141
train,0,638,2,-5.0,63.86386386386387,22,102.04338959177483,-13.20441136393081,24.26638821982023,False,,-23.8936865157726,-28.8936865157726,-4.250712390649234
train,0,638,2,-5.0,63.86386386386387,23,61.91871914361006,-0.0008268863688626299,-47.335127449851036,True,3.9375391743937045,-15.21517002394331,-20.21517002394331,4.427804101180058
train,0,638,2,-5.0,63.86386386386387,24,85.48931119812754,-11.218873309101198,14.932386299664389,False,,-20.818764183920045,-25.818764183920045,-1.1757900587966787
train,0,638,2,-5.0,63.86386386386387,26,69.53199586386839,-7.213488506095882,-1.837128488508167,True,45.49799896134287,-17.22967929397249,-22.22967929397249,2.413294831150875
train,0,638,2,-5.0,63.86386386386387,27,56.01094135715454,-3.358944941532413,-40.6564460815949,True,1.5417869011818437,-13.473206338362996,-18.473206338362996,6.169767786760371
train,0,638,2,-5.0,63.86386386386387,28,55.59853590174642,2.6906433876980462,-18.264416116314095,True,3.8476406019350327,-13.344825678842243,-18.34482567884224,6.298148446281125
train,0,638,2,-5.0,63.86386386386387,29,68.97604777826805,2.9725665809808217,-60.354735439758436,True,2.3227748008861466,-17.090223720942284,-22.090223720942284,2.552750404181083
train,0,638,2,-5.0,63.86386386386387,30,68.01155586256417,5.969105736114117,-51.27266662424474,True,3.9375391743937045,-16.84559987040934,-21.84559987040934,2.7973742547140255
train,0,638,2,-5.0,63.86386386386387,35,81.15639074235507,11.47871328783367,18.619364299050908,True,81.29687453969548,-19.915200446220126,-24.915200446220126,-0.2722263210967597
train,0,638,2,-5.0,63.86386386386387,37,97.26234881381482,12.209090770355356,26.44843222000939,False,,-23.060081597454776,-28.060081597454776,-3.417107472331409
train,0,638,2,0.0,63.86386386386387,23,61.91871914361006,-0.0008268863688626299,-47.335127449851036,True,3.9375391743937045,-15.21517002394331,-15.21517002394331,9.427804101180058
train,0,638,2,0.0,63.86386386386387,26,69.53199586386839,-7.213488506095882,-1.837128488508167,True,45.49799896134287,-17.22967929397249,-17.22967929397249,7.413294831150875
train,0,638,2,0.0,63.86386386386387,27,56.01094135715454,-3.358944941532413,-40.6564460815949,True,1.5417869011818437,-13.473206338362996,-13.473206338362996,11.16976778676037
train,0,638,2,0.0,63.86386386386387,28,55.59853590174642,2.6906433876980462,-18.264416116314095,True,3.8476406019350327,-13.344825678842243,-13.344825678842243,11.298148446281125
train,0,638,2,0.0,63.86386386386387,29,68.97604777826805,2.9725665809808217,-60.354735439758436,True,2.3227748008861466,-17.090223720942284,-17.090223720942284,7.552750404181083
train,0,638,2,0.0,63.86386386386387,30,68.01155586256417,5.969105736114117,-51.27266662424474,True,3.9375391743937045,-16.84559987040934,-16.84559987040934,7.7973742547140255
train,0,638,2,5.0,63.86386386386387,23,61.91871914361006,-0.0008268863688626299,-47.335127449851036,True,3.9375391743937045,-15.21517002394331,-10.21517002394331,14.427804101180058
train,0,638,2,5.0,63.86386386386387,26,69.53199586386839,-7.213488506095882,-1.837128488508167,True,45.49799896134287,-17.22967929397249,-12.229679293972492,12.413294831150878
train,0,638,2,5.0,63.86386386386387,27,56.01094135715454,-3.358944941532413,-40.6564460815949,True,1.5417869011818437,-13.473206338362996,-8.473206338362996,16.169767786760374
train,0,638,2,5.0,63.86386386386387,28,55.59853590174642,2.6906433876980462,-18.264416116314095,True,3.8476406019350327,-13.344825678842243,-8.344825678842243,16.298148446281125
train,0,638,2,5.0,63.86386386386387,29,68.97604777826805,2.9725665809808217,-60.354735439758436,True,2.3227748008861466,-17.090223720942284,-12.090223720942284,12.552750404181083
train,0,638,2,5.0,63.86386386386387,30,68.01155586256417,5.969105736114117,-51.27266662424474,True,3.9375391743937045,-16.84559987040934,-11.845599870409341,12.797374254714029
train,0,638,2,10.0,63.86386386386387,23,61.91871914361006,-0.0008268863688626299,-47.335127449851036,True,3.9375391743937045,-15.21517002394331,-5.21517002394331,19.427804101180058
train,0,638,2,10.0,63.86386386386387,26,69.53199586386839,-7.213488506095882,-1.837128488508167,True,45.49799896134287,-17.22967929397249,-7.229679293972492,17.41329483115088
train,0,638,2,10.0,63.86386386386387,27,56.01094135715454,-3.358944941532413,-40.6564460815949,True,1.5417869011818437,-13.473206338362996,-3.4732063383629956,21.169767786760374
train,0,638,2,10.0,63.86386386386387,28,55.59853590174642,2.6906433876980462,-18.264416116314095,True,3.8476406019350327,-13.344825678842243,-3.344825678842243,21.298148446281125
train,0,638,2,10.0,63.86386386386387,29,68.97604777826805,2.9725665809808217,-60.354735439758436,True,2.3227748008861466,-17.090223720942284,-7.090223720942284,17.552750404181083
train,0,638,2,10.0,63.86386386386387,30,68.01155586256417,5.969105736114117,-51.27266662424474,True,3.9375391743937045,-16.84559987040934,-6.845599870409341,17.79737425471403
train,0,638,2,15.0,63.86386386386387,23,61.91871914361006,-0.0008268863688626299,-47.335127449851036,True,3.9375391743937045,-15.21517002394331,-0.21517002394331008,24.427804101180058
train,0,638,2,15.0,63.86386386386387,26,69.53199586386839,-7.213488506095882,-1.837128488508167,True,45.49799896134287,-17.22967929397249,-2.2296792939724916,22.41329483115088
train,0,638,2,15.0,63.86386386386387,27,56.01094135715454,-3.358944941532413,-40.6564460815949,True,1.5417869011818437,-13.473206338362996,1.5267936616370044,26.169767786760374
train,0,638,2,15.0,63.86386386386387,28,55.59853590174642,2.6906433876980462,-18.264416116314095,True,3.8476406019350327,-13.344825678842243,1.655174321157757,26.298148446281125
train,0,638,2,15.0,63.86386386386387,29,68.97604777826805,2.9725665809808217,-60.354735439758436,True,2.3227748008861466,-17.090223720942284,-2.0902237209422836,22.552750404181083
train,0,638,2,15.0,63.86386386386387,30,68.01155586256417,5.969105736114117,-51.27266662424474,True,3.9375391743937045,-16.84559987040934,-1.845599870409341,22.79737425471403
train,0,895,0,-10.0,89.5895895895896,21,83.74989260630318,-7.97629323532064,26.893098387597117,False,,-23.276415282478435,-33.27641528247844,-8.633441157355072
train,0,895,0,-10.0,89.5895895895896,23,69.28377128794283,-5.901534235844273,16.339387696426,False,,-19.982305705440528,-29.982305705440528,-5.339331580317161
train,0,895,0,-10.0,89.5895895895896,29,59.54135158202861,-3.840138331410097,4.032860318173723,False,,-17.349792484545,-27.349792484545,-2.706818359421632
train,0,895,0,-5.0,89.5895895895896,21,83.74989260630318,-7.97629323532064,26.893098387597117,False,,-23.276415282478435,-28.276415282478435,-3.633441157355069
train,0,895,0,-5.0,89.5895895895896,23,69.28377128794283,-5.901534235844273,16.339387696426,False,,-19.982305705440528,-24.982305705440528,-0.33933158031716104
train,0,895,1,-10.0,89.5895895895896,21,79.20678465965005,-10.173163606415219,-20.296194933873014,False,,-19.458949641161396,-29.458949641161396,-4.81597551603803
train,0,895,1,-10.0,89.5895895895896,23,59.26026195177849,-9.116144028478173,-18.3056559163418,False,,-14.418996965153735,-24.418996965153735,0.22397715996963186
train,0,895,1,-10.0,89.5895895895896,41,128.31667237756136,23.12355917003283,41.545375595747174,False,,-27.83977783264365,-37.83977783264365,-13.196803707520282
train,0,895,1,-5.0,89.5895895895896,21,79.20678465965005,-10.173163606415219,-20.296194933873014,False,,-19.458949641161396,-24.458949641161396,0.18402448396197002
train,0,895,1,-5.0,89.5895895895896,41,128.31667237756136,23.12355917003283,41.545375595747174,False,,-27.83977783264365,-32.83977783264365,-8.196803707520282
train,0,895,1,0.0,89.5895895895896,41,128.31667237756136,23.12355917003283,41.545375595747174,False,,-27.83977783264365,-27.83977783264365,-3.196803707520285
train,0,895,2,-10.0,89.5895895895896,31,46.88656958631681,-0.7131723836213658,-7.609675472773523,False,,-24.635686521482967,-34.63568652148297,-9.9927123963596
train,0,895,2,-10.0,89.5895895895896,40,55.69811943070507,1.103891059189305,-23.833800728090115,False,,-27.627369438998166,-37.627369438998166,-12.9843953138748
train,0,895,2,-5.0,89.5895895895896,31,46.88656958631681,-0.7131723836213658,-7.609675472773523,False,,-24.635686521482967,-29.635686521482967,-4.9927123963596
train,0,895,2,-5.0,89.5895895895896,40,55.69811943070507,1.103891059189305,-23.833800728090115,False,,-27.627369438998166,-32.627369438998166,-7.984395313874799
train,0,895,2,0.0,89.5895895895896,31,46.88656958631681,-0.7131723836213658,-7.609675472773523,False,,-24.635686521482967,-24.635686521482967,0.007287603640399709
train,0,895,2,0.0,89.5895895895896,40,55.69811943070507,1.103891059189305,-23.833800728090115,False,,-27.627369438998166,-27.627369438998166,-2.984395313874799
train,0,914,0,-10.0,91.4914914914915,23,81.97292119068157,-7.268291806791988,26.05873902659232,False,,-15.2450774040684,-25.2450774040684,-0.6021032789450338
train,0,914,1,-10.0,91.4914914914915,23,77.10318891283221,-9.501625390531041,-19.987645730194345,True,62.05828831045731,-16.83583820512964,-26.83583820512964,-2.1928640800062738
train,0,914,1,-10.0,91.4914914914915,40,69.21769411002842,-15.221167014559505,42.07064258026299,True,62.058288310457336,-14.961629679962913,-24.96162967996291,-0.31865555483954466
train,0,914,1,-10.0,91.4914914914915,41,84.49857771453362,23.0745334645054,45.430785850808455,False,,-18.42692054590229,-28.42692054590229,-3.783946420778925
train,0,914,1,-10.0,91.4914914914915,42,128.73075315430063,21.932257074729346,41.35199041562151,False,,-25.740236994367486,-35.740236994367486,-11.097262869244119
train,0,914,1,-5.0,91.4914914914915,42,128.73075315430063,21.932257074729346,41.35199041562151,False,,-25.740236994367486,-30.740236994367486,-6.097262869244119
train,0,914,1,0.0,91.4914914914915,42,128.73075315430063,21.932257074729346,41.35199041562151,False,,-25.740236994367486,-25.740236994367486,-1.097262869244119
train,0,914,2,-10.0,91.4914914914915,31,49.969271768215165,-2.03574983818779,-11.570654024822762,False,,-23.91734943770942,-33.91734943770942,-9.274375312586052
train,0,914,2,-10.0,91.4914914914915,40,60.801340221255806,-6.228837504094722,-52.13416791243308,False,,-27.325754722165,-37.325754722165,-12.682780597041635
train,0,914,2,-10.0,91.4914914914915,41,73.2942984054513,12.092203574776802,-60.644452218038005,False,,-30.572036307515056,-40.572036307515056,-15.92906218239169
train,0,914,2,-5.0,91.4914914914915,31,49.969271768215165,-2.03574983818779,-11.570654024822762,False,,-23.91734943770942,-28.91734943770942,-4.274375312586052
train,0,914,2,-5.0,91.4914914914915,40,60.801340221255806,-6.228837504094722,-52.13416791243308,False,,-27.325754722165,-32.325754722165,-7.682780597041635
train,0,914,2,-5.0,91.4914914914915,41,73.2942984054513,12.092203574776802,-60.644452218038005,False,,-30.572036307515056,-35.572036307515056,-10.92906218239169
train,0,914,2,0.0,91.4914914914915,40,60.801340221255806,-6.228837504094722,-52.13416791243308,False,,-27.325754722165,-27.325754722165,-2.682780597041635
train,0,914,2,0.0,91.4914914914915,41,73.2942984054513,12.092203574776802,-60.644452218038005,False,,-30.572036307515056,-30.572036307515056,-5.929062182391689
train,0,914,2,5.0,91.4914914914915,41,73.2942984054513,12.092203574776802,-60.644452218038005,False,,-30.572036307515056,-25.572036307515056,-0.9290621823916894
train,0,1071,0,-10.0,107.2072072072072,43,32.477232020570725,0.2797957335879938,-21.741501212127098,False,,-19.12942098072827,-29.12942098072827,-4.486446855604903
train,0,1071,0,-10.0,107.2072072072072,49,43.56743363811503,14.495892189063431,-38.7406609801753,False,,-24.232739796227108,-34.23273979622711,-9.589765671103741
train,0,1071,0,-5.0,107.2072072072072,49,43.56743363811503,14.495892189063431,-38.7406609801753,False,,-24.232739796227108,-29.232739796227108,-4.589765671103741
train,0,1071,1,-10.0,107.2072072072072,45,106.39290888155493,-15.572755524980892,40.17273720445237,False,,-30.035221916305595,-40.035221916305595,-15.392247791182228
train,0,1071,1,-10.0,107.2072072072072,46,82.63290743474816,-14.626560825611689,41.01152591614164,False,,-25.644835939725578,-35.64483593972558,-11.001861814602215
train,0,1071,1,-10.0,107.2072072072072,47,57.84867017845547,-14.028662196351391,43.032232311977396,False,,-19.450449788268116,-29.450449788268116,-4.80747566314475
train,0,1071,1,-10.0,107.2072072072072,50,103.39600953868477,14.626170134577823,42.7762144918208,False,,-29.53886571104606,-39.53886571104606,-14.89589158592269
train,0,1071,1,-10.0,107.2072072072072,51,128.62546962047307,17.80172239469278,41.41121832303571,False,,-33.33179353002396,-43.33179353002396,-18.688819404900592
train,0,1071,1,-5.0,107.2072072072072,45,106.39290888155493,-15.572755524980892,40.17273720445237,False,,-30.035221916305595,-35.035221916305595,-10.392247791182228
train,0,1071,1,-5.0,107.2072072072072,46,82.63290743474816,-14.626560825611689,41.01152591614164,False,,-25.644835939725578,-30.644835939725578,-6.001861814602211
train,0,1071,1,-5.0,107.2072072072072,50,103.39600953868477,14.626170134577823,42.7762144918208,False,,-29.53886571104606,-34.53886571104606,-9.89589158592269
train,0,1071,1,-5.0,107.2072072072072,51,128.62546962047307,17.80172239469278,41.41121832303571,False,,-33.33179353002396,-38.33179353002396,-13.688819404900592
train,0,1071,1,0.0,107.2072072072072,45,106.39290888155493,-15.572755524980892,40.17273720445237,False,,-30.035221916305595,-30.035221916305595,-5.392247791182228
train,0,1071,1,0.0,107.2072072072072,46,82.63290743474816,-14.626560825611689,41.01152591614164,False,,-25.644835939725578,-25.644835939725578,-1.0018618146022114
train,0,1071,1,0.0,107.2072072072072,50,103.39600953868477,14.626170134577823,42.7762144918208,False,,-29.53886571104606,-29.53886571104606,-4.895891585922694
train,0,1071,1,0.0,107.2072072072072,51,128.62546962047307,17.80172239469278,41.41121832303571,False,,-33.33179353002396,-33.33179353002396,-8.688819404900592
train,0,1071,1,5.0,107.2072072072072,45,106.39290888155493,-15.572755524980892,40.17273720445237,False,,-30.035221916305595,-25.035221916305595,-0.3922477911822284
train,0,1071,1,5.0,107.2072072072072,50,103.39600953868477,14.626170134577823,42.7762144918208,False,,-29.53886571104606,-24.53886571104606,0.10410841407730587
train,0,1071,1,5.0,107.2072072072072,51,128.62546962047307,17.80172239469278,41.41121832303571,False,,-33.33179353002396,-28.33179353002396,-3.688819404900592
train,0,1144,0,-10.0,114.51451451451452,43,28.395514311002433,3.6564780169086006,-23.531681929071084,True,15.318508019586485,-17.260520329217968,-27.260520329217968,-2.6175462040946016
train,0,1144,0,-10.0,114.51451451451452,50,27.648742516089385,-3.365935570661165,-38.850189948657565,True,15.318508019586485,-16.797546123992067,-26.797546123992067,-2.1545719988687004
train,0,1144,0,-10.0,114.51451451451452,51,62.071879163992506,-18.003200166870077,-49.30568995438916,False,,-30.846326497520863,-40.84632649752086,-16.203352372397497
train,0,1144,0,-10.0,114.51451451451452,54,55.38769033475469,4.3290332989790175,-29.98490347543312,False,,-28.867060979146963,-38.86706097914696,-14.224086854023597
train,0,1144,0,-5.0,114.51451451451452,51,62.071879163992506,-18.003200166870077,-49.30568995438916,False,,-30.846326497520863,-35.84632649752086,-11.203352372397497
train,0,1144,0,-5.0,114.51451451451452,54,55.38769033475469,4.3290332989790175,-29.98490347543312,False,,-28.867060979146963,-33.86706097914696,-9.224086854023597
train,0,1144,0,0.0,114.51451451451452,51,62.071879163992506,-18.003200166870077,-49.30568995438916,False,,-30.846326497520863,-30.846326497520863,-6.203352372397497
train,0,1144,0,0.0,114.51451451451452,54,55.38769033475469,4.3290332989790175,-29.98490347543312,False,,-28.867060979146963,-28.867060979146963,-4.2240868540235965
train,0,1144,0,5.0,114.51451451451452,51,62.071879163992506,-18.003200166870077,-49.30568995438916,False,,-30.846326497520863,-25.846326497520863,-1.2033523723974966
train,0,1144,1,-10.0,114.51451451451452,43,35.832523741193825,-3.3606940261883342,40.759479794556384,True,12.012374852123079,-20.536368435299135,-30.536368435299135,-5.893394310175768
train,0,1144,1,-10.0,114.51451451451452,49,124.0505887361762,-14.449640797367291,39.236429473419,False,,-42.109225733617244,-52.109225733617244,-27.466251608493877
train,0,1144,1,-10.0,114.51451451451452,50,35.289845744816176,3.340750427661296,52.771854646679465,True,12.012374852123079,-20.27126294464562,-30.27126294464562,-5.628288819522254
train,0,1144,1,-10.0,114.51451451451452,52,74.23041480268068,-16.91491021391646,41.54819890645591,False,,-33.18854804034888,-43.18854804034888,-18.54557391522551
train,0,1144,1,-10.0,114.51451451451452,53,59.6934760740538,-16.733695335035293,42.703911377403024,False,,-29.402347323343974,-39.402347323343974,-14.759373198220608
train,0,1144,1,-10.0,114.51451451451452,55,128.3213556549016,16.206883459292968,41.38421475168226,False,,-42.69723010700534,-52.69723010700534,-28.054255981881973
train,0,1144,1,-5.0,114.51451451451452,43,35.832523741193825,-3.3606940261883342,40.759479794556384,True,12.012374852123079,-20.536368435299135,-25.536368435299135,-0.8933943101757684
train,0,1144,1,-5.0,114.51451451451452,49,124.0505887361762,-14.449640797367291,39.236429473419,False,,-42.109225733617244,-47.109225733617244,-22.466251608493877
train,0,1144,1,-5.0,114.51451451451452,50,35.289845744816176,3.340750427661296,52.771854646679465,True,12.012374852123079,-20.27126294464562,-25.27126294464562,-0.628288819522254
train,0,1144,1,-5.0,114.51451451451452,52,74.23041480268068,-16.91491021391646,41.54819890645591,False,,-33.18854804034888,-38.18854804034888,-13.54557391522551
train,0,1144,1,-5.0,114.51451451451452,53,59.6934760740538,-16.733695335035293,42.703911377403024,False,,-29.402347323343974,-34.402347323343974,-9.759373198220608
train,0,1144,1,-5.0,114.51451451451452,55,128.3213556549016,16.206883459292968,41.38421475168226,False,,-42.69723010700534,-47.69723010700534,-23.054255981881973
train,0,1144,1,0.0,114.51451451451452,49,124.0505887361762,-14.449640797367291,39.236429473419,False,,-42.109225733617244,-42.109225733617244,-17.466251608493877
train,0,1144,1,0.0,114.51451451451452,52,74.23041480268068,-16.91491021391646,41.54819890645591,False,,-33.18854804034888,-33.18854804034888,-8.54557391522551
train,0,1144,1,0.0,114.51451451451452,53,59.6934760740538,-16.733695335035293,42.703911377403024,False,,-29.402347323343974,-29.402347323343974,-4.759373198220608
train,0,1144,1,0.0,114.51451451451452,55,128.3213556549016,16.206883459292968,41.38421475168226,False,,-42.69723010700534,-42.69723010700534,-18.054255981881973
train,0,1144,1,5.0,114.51451451451452,49,124.0505887361762,-14.449640797367291,39.236429473419,False,,-42.109225733617244,-37.109225733617244,-12.466251608493877
train,0,1144,1,5.0,114.51451451451452,52,74.23041480268068,-16.91491021391646,41.54819890645591,False,,-33.18854804034888,-28.188548040348877,-3.5455739152255106
train,0,1144,1,5.0,114.51451451451452,55,128.3213556549016,16.206883459292968,41.38421475168226,False,,-42.69723010700534,-37.69723010700534,-13.054255981881973
train,0,1144,1,10.0,114.51451451451452,49,124.0505887361762,-14.449640797367291,39.236429473419,False,,-42.109225733617244,-32.109225733617244,-7.466251608493877
train,0,1144,1,10.0,114.51451451451452,55,128.3213556549016,16.206883459292968,41.38421475168226,False,,-42.69723010700534,-32.69723010700534,-8.054255981881973
train,0,1144,1,15.0,114.51451451451452,49,124.0505887361762,-14.449640797367291,39.236429473419,False,,-42.109225733617244,-27.109225733617244,-2.4662516084938773
train,0,1144,1,15.0,114.51451451451452,55,128.3213556549016,16.206883459292968,41.38421475168226,False,,-42.69723010700534,-27.69723010700534,-3.0542559818819726
train,0,1144,2,-10.0,114.51451451451452,50,59.791530029636384,-0.5192900990512131,-17.972898954742426,True,0.5659464152957019,-7.865293714908303,-17.865293714908304,6.777680410215062
train,0,1144,2,-10.0,114.51451451451452,53,57.379319977563554,-4.447412277577615,-43.419828063093966,True,13.028589293662748,-7.14992291750395,-17.14992291750395,7.493051207619416
train,0,1144,2,-5.0,114.51451451451452,50,59.791530029636384,-0.5192900990512131,-17.972898954742426,True,0.5659464152957019,-7.865293714908303,-12.865293714908303,11.777680410215062
train,0,1144,2,-5.0,114.51451451451452,53,57.379319977563554,-4.447412277577615,-43.419828063093966,True,13.028589293662748,-7.14992291750395,-12.14992291750395,12.493051207619416
train,0,1144,2,0.0,114.51451451451452,50,59.791530029636384,-0.5192900990512131,-17.972898954742426,True,0.5659464152957019,-7.865293714908303,-7.865293714908303,16.777680410215062
train,0,1144,2,0.0,114.51451451451452,53,57.379319977563554,-4.447412277577615,-43.419828063093966,True,13.028589293662748,-7.14992291750395,-7.14992291750395,17.493051207619416
train,0,1144,2,5.0,114.51451451451452,50,59.791530029636384,-0.5192900990512131,-17.972898954742426,True,0.5659464152957019,-7.865293714908303,-2.8652937149083026,21.777680410215062
train,0,1144,2,5.0,114.51451451451452,53,57.379319977563554,-4.447412277577615,-43.419828063093966,True,13.028589293662748,-7.14992291750395,-2.1499229175039503,22.493051207619416
train,0,1144,2,10.0,114.51451451451452,50,59.791530029636384,-0.5192900990512131,-17.972898954742426,True,0.5659464152957019,-7.865293714908303,2.1347062850916974,26.777680410215062
train,0,1144,2,10.0,114.51451451451452,53,57.379319977563554,-4.447412277577615,-43.419828063093966,True,13.028589293662748,-7.14992291750395,2.8500770824960497,27.493051207619416
train,0,1144,2,15.0,114.51451451451452,50,59.791530029636384,-0.5192900990512131,-17.972898954742426,True,0.5659464152957019,-7.865293714908303,7.134706285091697,31.777680410215062
train,0,1144,2,15.0,114.51451451451452,53,57.379319977563554,-4.447412277577615,-43.419828063093966,True,13.028589293662748,-7.14992291750395,7.85007708249605,32.493051207619416
train,0,1156,0,-10.0,115.71571571571572,51,83.98060810793737,-18.474641172731374,-49.793772861216205,False,,-24.086874768657417,-34.08687476865742,-9.44390064353405
train,0,1156,0,-10.0,115.71571571571572,54,53.34464144111883,-0.5218229954065821,-17.208667442077502,False,,-16.203346179807298,-26.203346179807298,-1.5603720546839313
train,0,1156,0,-10.0,115.71571571571572,56,91.60508106623408,19.150600738454482,-46.159252397083115,False,,-25.59649670145573,-35.596496701455735,-10.953522576332368
train,0,1156,0,-5.0,115.71571571571572,51,83.98060810793737,-18.474641172731374,-49.793772861216205,False,,-24.086874768657417,-29.086874768657417,-4.44390064353405
train,0,1156,0,-5.0,115.71571571571572,56,91.60508106623408,19.150600738454482,-46.159252397083115,False,,-25.59649670145573,-30.59649670145573,-5.9535225763323645
train,0,1156,0,0.0,115.71571571571572,56,91.60508106623408,19.150600738454482,-46.159252397083115,False,,-25.59649670145573,-25.59649670145573,-0.9535225763323645
train,0,1156,1,-10.0,115.71571571571572,52,94.7353619349697,-17.04520221150355,40.39949249768445,False,,-26.444170307343033,-36.44417030734303,-11.801196182219662
train,0,1156,1,-10.0,115.71571571571572,53,79.83177614289083,-16.75029200596851,41.17729423873981,False,,-23.47071723286267,-33.47071723286267,-8.827743107739302
train,0,1156,1,-10.0,115.71571571571572,55,109.3650082181536,15.332164566997916,42.31993754459635,False,,-28.938821157497763,-38.93882115749776,-14.295847032374397
train,0,1156,1,-10.0,115.71571571571572,57,128.4737562653225,16.566467546984843,41.12572417516332,False,,-31.73626244204577,-41.73626244204577,-17.093288316922404
train,0,1156,1,-5.0,115.71571571571572,52,94.7353619349697,-17.04520221150355,40.39949249768445,False,,-26.444170307343033,-31.444170307343033,-6.801196182219666
train,0,1156,1,-5.0,115.71571571571572,53,79.83177614289083,-16.75029200596851,41.17729423873981,False,,-23.47071723286267,-28.47071723286267,-3.827743107739302
train,0,1156,1,-5.0,115.71571571571572,55,109.3650082181536,15.332164566997916,42.31993754459635,False,,-28.938821157497763,-33.93882115749776,-9.295847032374397
train,0,1156,1,-5.0,115.71571571571572,57,128.4737562653225,16.566467546984843,41.12572417516332,False,,-31.73626244204577,-36.73626244204577,-12.093288316922404
train,0,1156,1,0.0,115.71571571571572,52,94.7353619349697,-17.04520221150355,40.39949249768445,False,,-26.444170307343033,-26.444170307343033,-1.801196182219666
train,0,1156,1,0.0,115.71571571571572,55,109.3650082181536,15.332164566997916,42.31993754459635,False,,-28.938821157497763,-28.938821157497763,-4.295847032374397
train,0,1156,1,0.0,115.71571571571572,57,128.4737562653225,16.566467546984843,41.12572417516332,False,,-31.73626244204577,-31.73626244204577,-7.093288316922404
train,0,1156,1,5.0,115.71571571571572,57,128.4737562653225,16.566467546984843,41.12572417516332,False,,-31.73626244204577,-26.73626244204577,-2.093288316922404
train,0,1156,2,-10.0,115.71571571571572,51,92.25154387753258,-13.62280198511758,19.217889606353843,False,,-15.749004771356676,-25.749004771356674,-1.1060306462333074
train,0,1156,2,-10.0,115.71571571571572,56,94.04025343847674,15.913847608276656,24.931748035649278,False,,-16.08261068504835,-26.08261068504835,-1.4396365599249847
train,0,1304,1,-10.0,130.53053053053054,50,33.48261070046324,-6.7517040190108215,-10.24261743207552,True,41.24505586634426,-11.50919061114639,-21.50919061114639,3.133783513976976
train,0,1304,1,-5.0,130.53053053053054,50,33.48261070046324,-6.7517040190108215,-10.24261743207552,True,41.24505586634426,-11.50919061114639,-16.50919061114639,8.133783513976976
train,0,1304,1,0.0,130.53053053053054,50,33.48261070046324,-6.7517040190108215,-10.24261743207552,True,41.24505586634426,-11.50919061114639,-11.50919061114639,13.13378351397698
train,0,1304,1,5.0,130.53053053053054,50,33.48261070046324,-6.7517040190108215,-10.24261743207552,True,41.24505586634426,-11.50919061114639,-6.509190611146391,18.13378351397698
train,0,1304,1,10.0,130.53053053053054,50,33.48261070046324,-6.7517040190108215,-10.24261743207552,True,41.24505586634426,-11.50919061114639,-1.5091906111463906,23.13378351397698
train,0,1304,1,15.0,130.53053053053054,50,33.48261070046324,-6.7517040190108215,-10.24261743207552,True,41.24505586634426,-11.50919061114639,3.4908093888536094,28.13378351397698
train,0,1305,1,-10.0,130.63063063063063,50,34.17191404811245,-6.798176772236499,-10.675043130721601,True,42.43502428947164,-11.8230154304963,-21.823015430496298,2.8199586946270685
train,0,1305,1,-5.0,130.63063063063063,50,34.17191404811245,-6.798176772236499,-10.675043130721601,True,42.43502428947164,-11.8230154304963,-16.823015430496298,7.8199586946270685
train,0,1305,1,0.0,130.63063063063063,50,34.17191404811245,-6.798176772236499,-10.675043130721601,True,42.43502428947164,-11.8230154304963,-11.8230154304963,12.819958694627068
train,0,1305,1,5.0,130.63063063063063,50,34.17191404811245,-6.798176772236499,-10.675043130721601,True,42.43502428947164,-11.8230154304963,-6.8230154304963,17.81995869462707
train,0,1305,1,10.0,130.63063063063063,50,34.17191404811245,-6.798176772236499,-10.675043130721601,True,42.43502428947164,-11.8230154304963,-1.8230154304962998,22.81995869462707
train,0,1305,1,15.0,130.63063063063063,50,34.17191404811245,-6.798176772236499,-10.675043130721601,True,42.43502428947164,-11.8230154304963,3.1769845695037002,27.81995869462707
train,0,1306,1,-10.0,130.73073073073073,50,34.856461767721456,-6.836448175426346,-11.086997852373852,True,43.58030652614613,-12.119384267351435,-22.119384267351435,2.523589857771931
train,0,1306,1,-5.0,130.73073073073073,50,34.856461767721456,-6.836448175426346,-11.086997852373852,True,43.58030652614613,-12.119384267351435,-17.119384267351435,7.523589857771931
train,0,1306,1,0.0,130.73073073073073,50,34.856461767721456,-6.836448175426346,-11.086997852373852,True,43.58030652614613,-12.119384267351435,-12.119384267351435,12.523589857771931
train,0,1306,1,5.0,130.73073073073073,50,34.856461767721456,-6.836448175426346,-11.086997852373852,True,43.58030652614613,-12.119384267351435,-7.119384267351435,17.52358985777193
train,0,1306,1,10.0,130.73073073073073,50,34.856461767721456,-6.836448175426346,-11.086997852373852,True,43.58030652614613,-12.119384267351435,-2.1193842673514354,22.52358985777193
train,0,1306,1,15.0,130.73073073073073,50,34.856461767721456,-6.836448175426346,-11.086997852373852,True,43.58030652614613,-12.119384267351435,2.8806157326485646,27.52358985777193
train,0,1307,1,-10.0,130.83083083083085,50,35.53776440249972,-6.873810556645321,-11.470348179585518,True,44.68044074238576,-12.419362392581348,-22.41936239258135,2.223611732542018
train,0,1307,1,-5.0,130.83083083083085,50,35.53776440249972,-6.873810556645321,-11.470348179585518,True,44.68044074238576,-12.419362392581348,-17.41936239258135,7.223611732542018
train,0,1307,1,0.0,130.83083083083085,50,35.53776440249972,-6.873810556645321,-11.470348179585518,True,44.68044074238576,-12.419362392581348,-12.419362392581348,12.223611732542018
train,0,1307,1,5.0,130.83083083083085,50,35.53776440249972,-6.873810556645321,-11.470348179585518,True,44.68044074238576,-12.419362392581348,-7.419362392581348,17.223611732542018
train,0,1307,1,10.0,130.83083083083085,50,35.53776440249972,-6.873810556645321,-11.470348179585518,True,44.68044074238576,-12.419362392581348,-2.4193623925813483,22.223611732542018
train,0,1307,1,15.0,130.83083083083085,50,35.53776440249972,-6.873810556645321,-11.470348179585518,True,44.68044074238576,-12.419362392581348,2.5806376074186517,27.223611732542018
train,0,1308,1,-10.0,130.93093093093094,50,36.22143671771813,-6.915579347897265,-11.831887640608452,True,45.740068606177154,-12.721455826583261,-22.72145582658326,1.9215182985401071
train,0,1308,1,-5.0,130.93093093093094,50,36.22143671771813,-6.915579347897265,-11.831887640608452,True,45.740068606177154,-12.721455826583261,-17.72145582658326,6.921518298540107
train,0,1308,1,0.0,130.93093093093094,50,36.22143671771813,-6.915579347897265,-11.831887640608452,True,45.740068606177154,-12.721455826583261,-12.721455826583261,11.921518298540107
train,0,1308,1,5.0,130.93093093093094,50,36.22143671771813,-6.915579347897265,-11.831887640608452,True,45.740068606177154,-12.721455826583261,-7.721455826583261,16.921518298540107
train,0,1308,1,10.0,130.93093093093094,50,36.22143671771813,-6.915579347897265,-11.831887640608452,True,45.740068606177154,-12.721455826583261,-2.721455826583261,21.921518298540107
train,0,1308,1,15.0,130.93093093093094,50,36.22143671771813,-6.915579347897265,-11.831887640608452,True,45.740068606177154,-12.721455826583261,2.278544173416739,26.921518298540107
train,0,1364,0,-10.0,136.53653653653654,55,69.90387723556644,-5.26693859285878,17.60658623633525,False,,-34.47188440125733,-44.47188440125733,-19.82891027613396
train,0,1364,0,-10.0,136.53653653653654,57,61.898334711084416,-4.495874122852666,10.04151056095611,False,,-32.35899241818598,-42.35899241818598,-17.71601829306261
train,0,1364,0,-10.0,136.53653653653654,62,46.83562133940176,18.45893945821452,-39.71313896015629,False,,-27.514885259632052,-37.51488525963205,-12.871911134508686
train,0,1364,0,-10.0,136.53653653653654,63,64.89613064804634,10.436393780963385,19.333942689379434,False,,-33.18058594666531,-43.18058594666531,-18.537611821541944
train,0,1364,0,-5.0,136.53653653653654,55,69.90387723556644,-5.26693859285878,17.60658623633525,False,,-34.47188440125733,-39.47188440125733,-14.82891027613396
train,0,1364,0,-5.0,136.53653653653654,57,61.898334711084416,-4.495874122852666,10.04151056095611,False,,-32.35899241818598,-37.35899241818598,-12.71601829306261
train,0,1364,0,-5.0,136.53653653653654,62,46.83562133940176,18.45893945821452,-39.71313896015629,False,,-27.514885259632052,-32.51488525963205,-7.871911134508686
train,0,1364,0,-5.0,136.53653653653654,63,64.89613064804634,10.436393780963385,19.333942689379434,False,,-33.18058594666531,-38.18058594666531,-13.537611821541944
train,0,1364,0,0.0,136.53653653653654,55,69.90387723556644,-5.26693859285878,17.60658623633525,False,,-34.47188440125733,-34.47188440125733,-9.82891027613396
train,0,1364,0,0.0,136.53653653653654,57,61.898334711084416,-4.495874122852666,10.04151056095611,False,,-32.35899241818598,-32.35899241818598,-7.716018293062611
train,0,1364,0,0.0,136.53653653653654,62,46.83562133940176,18.45893945821452,-39.71313896015629,False,,-27.514885259632052,-27.514885259632052,-2.871911134508686
train,0,1364,0,0.0,136.53653653653654,63,64.89613064804634,10.436393780963385,19.333942689379434,False,,-33.18058594666531,-33.18058594666531,-8.537611821541944
train,0,1364,0,5.0,136.53653653653654,55,69.90387723556644,-5.26693859285878,17.60658623633525,False,,-34.47188440125733,-29.471884401257327,-4.828910276133961
train,0,1364,0,5.0,136.53653653653654,57,61.898334711084416,-4.495874122852666,10.04151056095611,False,,-32.35899241818598,-27.358992418185977,-2.7160182930626107
train,0,1364,0,5.0,136.53653653653654,63,64.89613064804634,10.436393780963385,19.333942689379434,False,,-33.18058594666531,-28.18058594666531,-3.537611821541944
train,0,1364,1,-10.0,136.53653653653654,55,60.87985864144836,-7.55155774797237,-18.000139236563157,False,,-22.834766431035085,-32.834766431035085,-8.191792305911719
train,0,1364,1,-10.0,136.53653653653654,57,49.490504513331636,-7.34332753282361,-14.935772040345425,False,,-19.236696260249772,-29.236696260249772,-4.593722135126406
train,0,1364,1,-10.0,136.53653653653654,59,81.76009738326321,-16.50233240713922,40.780389690635666,False,,-27.957477019392233,-37.95747701939223,-13.314502894268863
train,0,1364,1,-10.0,136.53653653653654,60,54.5995982798451,10.836818123591863,46.94214498954945,True,59.86578461365475,-20.9433989111256,-30.9433989111256,-6.300424786002232
train,0,1364,1,-10.0,136.53653653653654,61,50.89315191844457,-16.5563888788,43.791101960005875,False,,-19.722194955046845,-29.722194955046845,-5.079220829923479
train,0,1364,1,-10.0,136.53653653653654,63,59.94322466950757,12.994548416075574,-12.923639624105308,True,59.86578461365475,-22.565425107748204,-32.565425107748204,-7.922450982624838
train,0,1364,1,-10.0,136.53653653653654,64,127.26599584311226,22.2939334375045,41.43577510134782,False,,-35.64431622297995,-45.64431622297995,-21.001342097856586
train,0,1364,1,-5.0,136.53653653653654,55,60.87985864144836,-7.55155774797237,-18.000139236563157,False,,-22.834766431035085,-27.834766431035085,-3.1917923059117186
train,0,1364,1,-5.0,136.53653653653654,59,81.76009738326321,-16.50233240713922,40.780389690635666,False,,-27.957477019392233,-32.95747701939223,-8.314502894268863
train,0,1364,1,-5.0,136.53653653653654,60,54.5995982798451,10.836818123591863,46.94214498954945,True,59.86578461365475,-20.9433989111256,-25.9433989111256,-1.3004247860022318
train,0,1364,1,-5.0,136.53653653653654,63,59.94322466950757,12.994548416075574,-12.923639624105308,True,59.86578461365475,-22.565425107748204,-27.565425107748204,-2.922450982624838
train,0,1364,1,-5.0,136.53653653653654,64,127.26599584311226,22.2939334375045,41.43577510134782,False,,-35.64431622297995,-40.64431622297995,-16.001342097856586
train,0,1364,1,0.0,136.53653653653654,59,81.76009738326321,-16.50233240713922,40.780389690635666,False,,-27.957477019392233,-27.957477019392233,-3.314502894268866
train,0,1364,1,0.0,136.53653653653654,63,59.94322466950757,12.994548416075574,-12.923639624105308,True,59.86578461365475,-22.565425107748204,-22.565425107748204,2.077549017375162
train,0,1364,1,0.0,136.53653653653654,64,127.26599584311226,22.2939334375045,41.43577510134782,False,,-35.64431622297995,-35.64431622297995,-11.001342097856586
train,0,1364,1,5.0,136.53653653653654,63,59.94322466950757,12.994548416075574,-12.923639624105308,True,59.86578461365475,-22.565425107748204,-17.565425107748204,7.077549017375162
train,0,1364,1,5.0,136.53653653653654,64,127.26599584311226,22.2939334375045,41.43577510134782,False,,-35.64431622297995,-30.644316222979953,-6.001342097856586
train,0,1364,1,10.0,136.53653653653654,63,59.94322466950757,12.994548416075574,-12.923639624105308,True,59.86578461365475,-22.565425107748204,-12.565425107748204,12.077549017375162
train,0,1364,1,10.0,136.53653653653654,64,127.26599584311226,22.2939334375045,41.43577510134782,False,,-35.64431622297995,-25.644316222979953,-1.0013420978565861
train,0,1364,1,15.0,136.53653653653654,63,59.94322466950757,12.994548416075574,-12.923639624105308,True,59.86578461365475,-22.565425107748204,-7.565425107748204,17.077549017375162
train,0,1364,2,-10.0,136.53653653653654,57,17.847369878907987,6.436034638448924,24.585758855041256,True,40.68949553239735,-15.043790958388898,-25.043790958388897,-0.4008168332655302
train,0,1364,2,-10.0,136.53653653653654,59,66.3792282279449,-9.269191486254593,-62.44577379411108,False,,-37.86210993380452,-47.86210993380452,-23.219135808681152
train,0,1364,2,-10.0,136.53653653653654,60,59.56087590608791,1.6349285626241028,-37.270392255550696,True,2.7555605606514697,-35.979265021963684,-45.979265021963684,-21.336290896840318
train,0,1364,2,-10.0,136.53653653653654,61,55.75859964866341,-1.8024524488018594,-34.51483169489922,True,2.7555605606514697,-34.8332963112789,-44.8332963112789,-20.190322186155534
train,0,1364,2,-10.0,136.53653653653654,62,62.818299690940485,9.13465074102745,0.05800621892745093,True,37.32839847447814,-36.904269071586356,-46.904269071586356,-22.26129494646299
train,0,1364,2,-5.0,136.53653653653654,59,66.3792282279449,-9.269191486254593,-62.44577379411108,False,,-37.86210993380452,-42.86210993380452,-18.219135808681152
train,0,1364,2,-5.0,136.53653653653654,60,59.56087590608791,1.6349285626241028,-37.270392255550696,True,2.7555605606514697,-35.979265021963684,-40.979265021963684,-16.336290896840318
train,0,1364,2,-5.0,136.53653653653654,61,55.75859964866341,-1.8024524488018594,-34.51483169489922,True,2.7555605606514697,-34.8332963112789,-39.8332963112789,-15.190322186155534
train,0,1364,2,-5.0,136.53653653653654,62,62.818299690940485,9.13465074102745,0.05800621892745093,True,37.32839847447814,-36.904269071586356,-41.904269071586356,-17.26129494646299
train,0,1364,2,0.0,136.53653653653654,59,66.3792282279449,-9.269191486254593,-62.44577379411108,False,,-37.86210993380452,-37.86210993380452,-13.219135808681152
train,0,1364,2,0.0,136.53653653653654,60,59.56087590608791,1.6349285626241028,-37.270392255550696,True,2.7555605606514697,-35.979265021963684,-35.979265021963684,-11.336290896840318
train,0,1364,2,0.0,136.53653653653654,61,55.75859964866341,-1.8024524488018594,-34.51483169489922,True,2.7555605606514697,-34.8332963112789,-34.8332963112789,-10.190322186155534
train,0,1364,2,0.0,136.53653653653654,62,62.818299690940485,9.13465074102745,0.05800621892745093,True,37.32839847447814,-36.904269071586356,-36.904269071586356,-12.26129494646299
train,0,1364,2,5.0,136.53653653653654,59,66.3792282279449,-9.269191486254593,-62.44577379411108,False,,-37.86210993380452,-32.86210993380452,-8.219135808681152
train,0,1364,2,5.0,136.53653653653654,60,59.56087590608791,1.6349285626241028,-37.270392255550696,True,2.7555605606514697,-35.979265021963684,-30.979265021963684,-6.3362908968403175
train,0,1364,2,5.0,136.53653653653654,61,55.75859964866341,-1.8024524488018594,-34.51483169489922,True,2.7555605606514697,-34.8332963112789,-29.8332963112789,-5.190322186155534
train,0,1364,2,5.0,136.53653653653654,62,62.818299690940485,9.13465074102745,0.05800621892745093,True,37.32839847447814,-36.904269071586356,-31.904269071586356,-7.261294946462989
train,0,1364,2,10.0,136.53653653653654,59,66.3792282279449,-9.269191486254593,-62.44577379411108,False,,-37.86210993380452,-27.86210993380452,-3.219135808681152
train,0,1364,2,10.0,136.53653653653654,60,59.56087590608791,1.6349285626241028,-37.270392255550696,True,2.7555605606514697,-35.979265021963684,-25.979265021963684,-1.3362908968403175
train,0,1364,2,10.0,136.53653653653654,61,55.75859964866341,-1.8024524488018594,-34.51483169489922,True,2.7555605606514697,-34.8332963112789,-24.8332963112789,-0.19032218615553376
train,0,1364,2,10.0,136.53653653653654,62,62.818299690940485,9.13465074102745,0.05800621892745093,True,37.32839847447814,-36.904269071586356,-26.904269071586356,-2.2612949464629892
train,0,1364,2,15.0,136.53653653653654,60,59.56087590608791,1.6349285626241028,-37.270392255550696,True,2.7555605606514697,-35.979265021963684,-20.979265021963684,3.6637091031596825
train,0,3196,0,-10.0,319.91991991991995,120,34.647082085863794,0.022686039271623052,-40.802510783024076,True,1.5682783484642315,-26.840452902998,-36.840452902997995,-12.197478777874629
train,0,3196,0,-10.0,319.91991991991995,127,28.11412140435857,0.010232045284306034,-39.23423243455984,True,1.5682783484642315,-23.21076693914952,-33.21076693914952,-8.567792814026156
train,0,3196,0,-10.0,319.91991991991995,132,21.543592219447593,0.02338028465912741,-34.99903861309336,True,4.235193821466479,-18.586511106525208,-28.586511106525208,-3.9435369814018415
train,0,3196,0,-10.0,319.91991991991995,141,15.3811755918434,-0.1413026878901347,-26.011377479322398,True,8.987661133770963,-12.73336750724014,-22.73336750724014,1.9096066178832274
train,0,3196,0,-10.0,319.91991991991995,145,80.2894658459196,-7.581743577534675,25.898646171429206,False,,-41.44012904818336,-51.44012904818336,-26.797154923059992
train,0,3196,0,-10.0,319.91991991991995,148,11.481180090538986,5.625891142251179,14.923423443715887,True,8.862752388664877,-7.6532474717991885,-17.65324747179919,6.989726653324176
train,0,3196,0,-10.0,319.91991991991995,151,25.910871873403206,12.918895271375707,-28.039756853810324,False,,-21.79306737433286,-31.79306737433286,-7.150093249209494
train,0,3196,0,-10.0,319.91991991991995,153,40.013656886609894,14.319640811876667,-37.369065260669316,False,,-29.3421160544235,-39.3421160544235,-14.699141929300133
train,0,3196,0,-10.0,319.91991991991995,155,79.0035369789211,14.400779555795276,-44.87445935433807,False,,-41.1596477045987,-51.1596477045987,-26.51667357947533
train,0,3196,0,-5.0,319.91991991991995,120,34.647082085863794,0.022686039271623052,-40.802510783024076,True,1.5682783484642315,-26.840452902998,-31.840452902998,-7.1974787778746325
train,0,3196,0,-5.0,319.91991991991995,127,28.11412140435857,0.010232045284306034,-39.23423243455984,True,1.5682783484642315,-23.21076693914952,-28.21076693914952,-3.567792814026152
train,0,3196,0,-5.0,319.91991991991995,141,15.3811755918434,-0.1413026878901347,-26.011377479322398,True,8.987661133770963,-12.73336750724014,-17.73336750724014,6.909606617883227
train,0,3196,0,-5.0,319.91991991991995,145,80.2894658459196,-7.581743577534675,25.898646171429206,False,,-41.44012904818336,-46.44012904818336,-21.797154923059992
train,0,3196,0,-5.0,319.91991991991995,148,11.481180090538986,5.625891142251179,14.923423443715887,True,8.862752388664877,-7.6532474717991885,-12.653247471799189,11.989726653324176
train,0,3196,0,-5.0,319.91991991991995,151,25.910871873403206,12.918895271375707,-28.039756853810324,False,,-21.79306737433286,-26.79306737433286,-2.150093249209494
train,0,3196,0,-5.0,319.91991991991995,153,40.013656886609894,14.319640811876667,-37.369065260669316,False,,-29.3421160544235,-34.3421160544235,-9.699141929300133
train,0,3196,0,-5.0,319.91991991991995,155,79.0035369789211,14.400779555795276,-44.87445935433807,False,,-41.1596477045987,-46.1596477045987,-21.51667357947533
train,0,3196,0,0.0,319.91991991991995,120,34.647082085863794,0.022686039271623052,-40.802510783024076,True,1.5682783484642315,-26.840452902998,-26.840452902998,-2.1974787778746325
train,0,3196,0,0.0,319.91991991991995,141,15.3811755918434,-0.1413026878901347,-26.011377479322398,True,8.987661133770963,-12.73336750724014,-12.73336750724014,11.909606617883227
train,0,3196,0,0.0,319.91991991991995,145,80.2894658459196,-7.581743577534675,25.898646171429206,False,,-41.44012904818336,-41.44012904818336,-16.797154923059992
train,0,3196,0,0.0,319.91991991991995,148,11.481180090538986,5.625891142251179,14.923423443715887,True,8.862752388664877,-7.6532474717991885,-7.6532474717991885,16.989726653324176
train,0,3196,0,0.0,319.91991991991995,153,40.013656886609894,14.319640811876667,-37.369065260669316,False,,-29.3421160544235,-29.3421160544235,-4.699141929300133
train,0,3196,0,0.0,319.91991991991995,155,79.0035369789211,14.400779555795276,-44.87445935433807,False,,-41.1596477045987,-41.1596477045987,-16.51667357947533
train,0,3196,0,5.0,319.91991991991995,141,15.3811755918434,-0.1413026878901347,-26.011377479322398,True,8.987661133770963,-12.73336750724014,-7.733367507240141,16.909606617883227
train,0,3196,0,5.0,319.91991991991995,145,80.2894658459196,-7.581743577534675,25.898646171429206,False,,-41.44012904818336,-36.44012904818336,-11.797154923059992
train,0,3196,0,5.0,319.91991991991995,148,11.481180090538986,5.625891142251179,14.923423443715887,True,8.862752388664877,-7.6532474717991885,-2.6532474717991885,21.989726653324176
train,0,3196,0,5.0,319.91991991991995,155,79.0035369789211,14.400779555795276,-44.87445935433807,False,,-41.1596477045987,-36.1596477045987,-11.51667357947533
train,0,3196,0,10.0,319.91991991991995,141,15.3811755918434,-0.1413026878901347,-26.011377479322398,True,8.987661133770963,-12.73336750724014,-2.733367507240141,21.909606617883227
train,0,3196,0,10.0,319.91991991991995,145,80.2894658459196,-7.581743577534675,25.898646171429206,False,,-41.44012904818336,-31.44012904818336,-6.797154923059992
train,0,3196,0,10.0,319.91991991991995,148,11.481180090538986,5.625891142251179,14.923423443715887,True,8.862752388664877,-7.6532474717991885,2.3467525282008115,26.989726653324176
train,0,3196,0,10.0,319.91991991991995,155,79.0035369789211,14.400779555795276,-44.87445935433807,False,,-41.1596477045987,-31.159647704598697,-6.516673579475331
train,0,3196,0,15.0,319.91991991991995,141,15.3811755918434,-0.1413026878901347,-26.011377479322398,True,8.987661133770963,-12.73336750724014,2.266632492759859,26.909606617883227
train,0,3196,0,15.0,319.91991991991995,145,80.2894658459196,-7.581743577534675,25.898646171429206,False,,-41.44012904818336,-26.44012904818336,-1.797154923059992
train,0,3196,0,15.0,319.91991991991995,148,11.481180090538986,5.625891142251179,14.923423443715887,True,8.862752388664877,-7.6532474717991885,7.3467525282008115,31.989726653324176
train,0,3196,0,15.0,319.91991991991995,155,79.0035369789211,14.400779555795276,-44.87445935433807,False,,-41.1596477045987,-26.159647704598697,-1.5166735794753308
train,0,3196,1,-10.0,319.91991991991995,141,48.14770079913522,0.1615992476329331,47.931482443305335,True,2.336115107195572,-15.824098696551893,-25.824098696551893,-1.1811245714285263
train,0,3196,1,-10.0,319.91991991991995,145,75.77904099638184,-10.027239985101765,-19.18732046715144,True,60.67376620363903,-23.703040768769135,-33.703040768769135,-9.060066643645769
train,0,3196,1,-10.0,319.91991991991995,146,96.2691653917295,-13.964634767050772,40.19017323501128,False,,-27.8605648423617,-37.8605648423617,-13.21759071723833
train,0,3196,1,-10.0,319.91991991991995,147,73.6505256495407,-15.043034938609695,41.48644573648759,True,60.67376620363903,-23.208110605568084,-33.20811060556808,-8.565136480444714
train,0,3196,1,-10.0,319.91991991991995,148,56.50880092683474,-15.28348239216409,42.90892014598795,False,,-18.605720254308228,-28.605720254308228,-3.962746129184861
train,0,3196,1,-10.0,319.91991991991995,149,59.51834572779276,3.5290196590912606,45.98754688335777,False,,-19.507110645591993,-29.507110645591993,-4.864136520468627
train,0,3196,1,-10.0,319.91991991991995,152,73.9073452437937,5.241237029604531,43.827973617841394,False,,-23.268580681247837,-33.26858068124784,-8.625606556124474
train,0,3196,1,-10.0,319.91991991991995,154,81.71998326323305,18.486788604771412,45.61780468043907,False,,-25.0142073348043,-35.0142073348043,-10.37123320968093
train,0,3196,1,-5.0,319.91991991991995,145,75.77904099638184,-10.027239985101765,-19.18732046715144,True,60.67376620363903,-23.703040768769135,-28.703040768769135,-4.060066643645769
train,0,3196,1,-5.0,319.91991991991995,146,96.2691653917295,-13.964634767050772,40.19017323501128,False,,-27.8605648423617,-32.8605648423617,-8.21759071723833
train,0,3196,1,-5.0,319.91991991991995,147,73.6505256495407,-15.043034938609695,41.48644573648759,True,60.67376620363903,-23.208110605568084,-28.208110605568084,-3.5651364804447176
train,0,3196,1,-5.0,319.91991991991995,149,59.51834572779276,3.5290196590912606,45.98754688335777,False,,-19.507110645591993,-24.507110645591993,0.13586347953137334
train,0,3196,1,-5.0,319.91991991991995,152,73.9073452437937,5.241237029604531,43.827973617841394,False,,-23.268580681247837,-28.268580681247837,-3.6256065561244704
train,0,3196,1,-5.0,319.91991991991995,154,81.71998326323305,18.486788604771412,45.61780468043907,False,,-25.0142073348043,-30.0142073348043,-5.371233209680934
train,0,3196,1,0.0,319.91991991991995,145,75.77904099638184,-10.027239985101765,-19.18732046715144,True,60.67376620363903,-23.703040768769135,-23.703040768769135,0.9399333563542314
train,0,3196,1,0.0,319.91991991991995,146,96.2691653917295,-13.964634767050772,40.19017323501128,False,,-27.8605648423617,-27.8605648423617,-3.217590717238334
train,0,3196,1,0.0,319.91991991991995,154,81.71998326323305,18.486788604771412,45.61780468043907,False,,-25.0142073348043,-25.0142073348043,-0.3712332096809341
train,0,3196,1,5.0,319.91991991991995,145,75.77904099638184,-10.027239985101765,-19.18732046715144,True,60.67376620363903,-23.703040768769135,-18.703040768769135,5.939933356354231
train,0,3196,1,10.0,319.91991991991995,145,75.77904099638184,-10.027239985101765,-19.18732046715144,True,60.67376620363903,-23.703040768769135,-13.703040768769135,10.939933356354231
train,0,3196,1,15.0,319.91991991991995,145,75.77904099638184,-10.027239985101765,-19.18732046715144,True,60.67376620363903,-23.703040768769135,-8.703040768769135,15.939933356354231
train,0,3196,2,-10.0,319.91991991991995,120,61.100923014131006,0.021822476614274208,-11.266970763866404,True,5.388762883933636,-10.773650212397614,-20.773650212397612,3.869323912725754
train,0,3196,2,-10.0,319.91991991991995,132,58.970257806152524,0.004468317320330501,-24.161303837051065,True,3.684760503112345,-10.157060433126034,-20.157060433126034,4.485913691997332
train,0,3196,2,-10.0,319.91991991991995,141,58.557975194868796,0.006523856504178521,-30.972930859048116,True,6.811627021997052,-10.035181430642247,-20.035181430642247,4.60779269448112
train,0,3196,2,-10.0,319.91991991991995,147,62.45530330648026,-7.019198275718966,-56.03963910621149,True,14.028170842951091,-11.154512247774788,-21.15451224777479,3.488461877348577
train,0,3196,2,-10.0,319.91991991991995,148,56.49965443604858,-3.2453222470237852,-40.308957381024484,True,1.7025108822359185,-9.41357103950003,-19.413571039500027,5.229403085623339
train,0,3196,2,-10.0,319.91991991991995,151,55.181247477420285,2.0471522644142994,-20.476543333938718,True,2.9631170447341235,-9.003399948302011,-19.00339994830201,5.639574176821355
train,0,3196,2,-10.0,319.91991991991995,152,65.10800592608022,2.3094828674699848,-54.754218967092065,True,4.0694338568604875,-11.877115149507647,-21.877115149507645,2.7658589756157212
train,0,3196,2,-10.0,319.91991991991995,153,59.6084721626874,5.832651677743642,-5.878207879932767,True,5.388762883933636,-10.344058995058692,-20.344058995058692,4.298915130064675
train,0,3196,2,-10.0,319.91991991991995,155,83.78004447097135,11.144983329533561,20.033288916521563,False,,-16.25736283796869,-26.25736283796869,-1.6143887128453223
train,0,3196,2,-5.0,319.91991991991995,120,61.100923014131006,0.021822476614274208,-11.266970763866404,True,5.388762883933636,-10.773650212397614,-15.773650212397614,8.869323912725754
train,0,3196,2,-5.0,319.91991991991995,132,58.970257806152524,0.004468317320330501,-24.161303837051065,True,3.684760503112345,-10.157060433126034,-15.157060433126034,9.485913691997332
train,0,3196,2,-5.0,319.91991991991995,141,58.557975194868796,0.006523856504178521,-30.972930859048116,True,6.811627021997052,-10.035181430642247,-15.035181430642247,9.60779269448112
train,0,3196,2,-5.0,319.91991991991995,147,62.45530330648026,-7.019198275718966,-56.03963910621149,True,14.028170842951091,-11.154512247774788,-16.15451224777479,8.488461877348577
train,0,3196,2,-5.0,319.91991991991995,148,56.49965443604858,-3.2453222470237852,-40.308957381024484,True,1.7025108822359185,-9.41357103950003,-14.41357103950003,10.229403085623339
train,0,3196,2,-5.0,319.91991991991995,151,55.181247477420285,2.0471522644142994,-20.476543333938718,True,2.9631170447341235,-9.003399948302011,-14.003399948302011,10.639574176821355
train,0,3196,2,-5.0,319.91991991991995,152,65.10800592608022,2.3094828674699848,-54.754218967092065,True,4.0694338568604875,-11.877115149507647,-16.877115149507645,7.765858975615721
train,0,3196,2,-5.0,319.91991991991995,153,59.6084721626874,5.832651677743642,-5.878207879932767,True,5.388762883933636,-10.344058995058692,-15.344058995058692,9.298915130064675
train,0,3196,2,0.0,319.91991991991995,120,61.100923014131006,0.021822476614274208,-11.266970763866404,True,5.388762883933636,-10.773650212397614,-10.773650212397614,13.869323912725754
train,0,3196,2,0.0,319.91991991991995,132,58.970257806152524,0.004468317320330501,-24.161303837051065,True,3.684760503112345,-10.157060433126034,-10.157060433126034,14.485913691997332
train,0,3196,2,0.0,319.91991991991995,141,58.557975194868796,0.006523856504178521,-30.972930859048116,True,6.811627021997052,-10.035181430642247,-10.035181430642247,14.60779269448112
train,0,3196,2,0.0,319.91991991991995,147,62.45530330648026,-7.019198275718966,-56.03963910621149,True,14.028170842951091,-11.154512247774788,-11.154512247774788,13.488461877348577
train,0,3196,2,0.0,319.91991991991995,148,56.49965443604858,-3.2453222470237852,-40.308957381024484,True,1.7025108822359185,-9.41357103950003,-9.41357103950003,15.229403085623339
train,0,3196,2,0.0,319.91991991991995,151,55.181247477420285,2.0471522644142994,-20.476543333938718,True,2.9631170447341235,-9.003399948302011,-9.003399948302011,15.639574176821355
train,0,3196,2,0.0,319.91991991991995,152,65.10800592608022,2.3094828674699848,-54.754218967092065,True,4.0694338568604875,-11.877115149507647,-11.877115149507647,12.765858975615721
train,0,3196,2,0.0,319.91991991991995,153,59.6084721626874,5.832651677743642,-5.878207879932767,True,5.388762883933636,-10.344058995058692,-10.344058995058692,14.298915130064671
train,0,3196,2,5.0,319.91991991991995,120,61.100923014131006,0.021822476614274208,-11.266970763866404,True,5.388762883933636,-10.773650212397614,-5.773650212397614,18.869323912725754
train,0,3196,2,5.0,319.91991991991995,132,58.970257806152524,0.004468317320330501,-24.161303837051065,True,3.684760503112345,-10.157060433126034,-5.157060433126034,19.485913691997332
train,0,3196,2,5.0,319.91991991991995,141,58.557975194868796,0.006523856504178521,-30.972930859048116,True,6.811627021997052,-10.035181430642247,-5.035181430642247,19.60779269448112
train,0,3196,2,5.0,319.91991991991995,147,62.45530330648026,-7.019198275718966,-56.03963910621149,True,14.028170842951091,-11.154512247774788,-6.154512247774788,18.488461877348577
train,0,3196,2,5.0,319.91991991991995,148,56.49965443604858,-3.2453222470237852,-40.308957381024484,True,1.7025108822359185,-9.41357103950003,-4.413571039500029,20.22940308562334
train,0,3196,2,5.0,319.91991991991995,151,55.181247477420285,2.0471522644142994,-20.476543333938718,True,2.9631170447341235,-9.003399948302011,-4.003399948302011,20.639574176821355
train,0,3196,2,5.0,319.91991991991995,152,65.10800592608022,2.3094828674699848,-54.754218967092065,True,4.0694338568604875,-11.877115149507647,-6.877115149507647,17.76585897561572
train,0,3196,2,5.0,319.91991991991995,153,59.6084721626874,5.832651677743642,-5.878207879932767,True,5.388762883933636,-10.344058995058692,-5.344058995058692,19.29891513006467
train,0,3196,2,10.0,319.91991991991995,120,61.100923014131006,0.021822476614274208,-11.266970763866404,True,5.388762883933636,-10.773650212397614,-0.7736502123976141,23.869323912725754
train,0,3196,2,10.0,319.91991991991995,132,58.970257806152524,0.004468317320330501,-24.161303837051065,True,3.684760503112345,-10.157060433126034,-0.15706043312603413,24.485913691997332
train,0,3196,2,10.0,319.91991991991995,141,58.557975194868796,0.006523856504178521,-30.972930859048116,True,6.811627021997052,-10.035181430642247,-0.03518143064224688,24.60779269448112
train,0,3196,2,10.0,319.91991991991995,147,62.45530330648026,-7.019198275718966,-56.03963910621149,True,14.028170842951091,-11.154512247774788,-1.1545122477747878,23.488461877348577
train,0,3196,2,10.0,319.91991991991995,148,56.49965443604858,-3.2453222470237852,-40.308957381024484,True,1.7025108822359185,-9.41357103950003,0.5864289604999708,25.22940308562334
train,0,3196,2,10.0,319.91991991991995,151,55.181247477420285,2.0471522644142994,-20.476543333938718,True,2.9631170447341235,-9.003399948302011,0.9966000516979889,25.639574176821355
train,0,3196,2,10.0,319.91991991991995,152,65.10800592608022,2.3094828674699848,-54.754218967092065,True,4.0694338568604875,-11.877115149507647,-1.877115149507647,22.76585897561572
train,0,3196,2,10.0,319.91991991991995,153,59.6084721626874,5.832651677743642,-5.878207879932767,True,5.388762883933636,-10.344058995058692,-0.34405899505869186,24.29891513006467
train,0,3196,2,15.0,319.91991991991995,120,61.100923014131006,0.021822476614274208,-11.266970763866404,True,5.388762883933636,-10.773650212397614,4.226349787602386,28.869323912725754
train,0,3196,2,15.0,319.91991991991995,132,58.970257806152524,0.004468317320330501,-24.161303837051065,True,3.684760503112345,-10.157060433126034,4.842939566873966,29.485913691997332
train,0,3196,2,15.0,319.91991991991995,141,58.557975194868796,0.006523856504178521,-30.972930859048116,True,6.811627021997052,-10.035181430642247,4.964818569357753,29.60779269448112
train,0,3196,2,15.0,319.91991991991995,147,62.45530330648026,-7.019198275718966,-56.03963910621149,True,14.028170842951091,-11.154512247774788,3.845487752225212,28.488461877348577
train,0,3196,2,15.0,319.91991991991995,148,56.49965443604858,-3.2453222470237852,-40.308957381024484,True,1.7025108822359185,-9.41357103950003,5.586428960499971,30.22940308562334
train,0,3196,2,15.0,319.91991991991995,151,55.181247477420285,2.0471522644142994,-20.476543333938718,True,2.9631170447341235,-9.003399948302011,5.996600051697989,30.639574176821355
train,0,3196,2,15.0,319.91991991991995,152,65.10800592608022,2.3094828674699848,-54.754218967092065,True,4.0694338568604875,-11.877115149507647,3.122884850492353,27.76585897561572
train,0,3196,2,15.0,319.91991991991995,153,59.6084721626874,5.832651677743642,-5.878207879932767,True,5.388762883933636,-10.344058995058692,4.655941004941308,29.29891513006467
train,0,3330,0,-10.0,333.33333333333337,127,69.2636679205324,-7.611431342893483,16.642922915913502,False,,-36.20895945907442,-46.20895945907442,-21.565985333951055
train,0,3330,0,-10.0,333.33333333333337,132,39.39060564332655,-2.8738191626838705,-40.40121738783229,True,27.63825874638926,-26.40444633896085,-36.40444633896085,-11.761472213837486
train,0,3330,0,-10.0,333.33333333333337,141,30.88751397976334,-2.272753225413711,-39.562288199678655,False,,-22.18005820672242,-32.18005820672242,-7.537084081599055
train,0,3330,0,-10.0,333.33333333333337,149,20.662466692429422,-2.1451980297557185,-33.75741747177842,False,,-15.19602666797439,-25.19602666797439,-0.5530525428510238
train,0,3330,0,-10.0,333.33333333333337,161,39.861767065467326,4.780320706874724,-12.762958641443033,True,27.63825874638926,-26.611001887524157,-36.611001887524154,-11.968027762400787
train,0,3330,0,-5.0,333.33333333333337,127,69.2636679205324,-7.611431342893483,16.642922915913502,False,,-36.20895945907442,-41.20895945907442,-16.565985333951055
train,0,3330,0,-5.0,333.33333333333337,132,39.39060564332655,-2.8738191626838705,-40.40121738783229,True,27.63825874638926,-26.40444633896085,-31.40444633896085,-6.761472213837482
train,0,3330,0,-5.0,333.33333333333337,141,30.88751397976334,-2.272753225413711,-39.562288199678655,False,,-22.18005820672242,-27.18005820672242,-2.5370840815990547
train,0,3330,0,-5.0,333.33333333333337,161,39.861767065467326,4.780320706874724,-12.762958641443033,True,27.63825874638926,-26.611001887524157,-31.611001887524157,-6.968027762400791
train,0,3330,0,0.0,333.33333333333337,127,69.2636679205324,-7.611431342893483,16.642922915913502,False,,-36.20895945907442,-36.20895945907442,-11.565985333951055
train,0,3330,0,0.0,333.33333333333337,132,39.39060564332655,-2.8738191626838705,-40.40121738783229,True,27.63825874638926,-26.40444633896085,-26.40444633896085,-1.7614722138374823
train,0,3330,0,0.0,333.33333333333337,161,39.861767065467326,4.780320706874724,-12.762958641443033,True,27.63825874638926,-26.611001887524157,-26.611001887524157,-1.9680277624007907
train,0,3330,0,5.0,333.33333333333337,127,69.2636679205324,-7.611431342893483,16.642922915913502,False,,-36.20895945907442,-31.20895945907442,-6.565985333951055
train,0,3330,0,10.0,333.33333333333337,127,69.2636679205324,-7.611431342893483,16.642922915913502,False,,-36.20895945907442,-26.20895945907442,-1.5659853339510548
train,0,3330,1,-10.0,333.33333333333337,127,59.55625002866877,-11.65254798580595,-18.097725236972856,True,61.17892723388061,-18.718230769238243,-28.718230769238243,-4.0752566441148765
train,0,3330,1,-10.0,333.33333333333337,152,56.63770121461677,1.8336988387222566,46.24467432891435,False,,-17.84536171285619,-27.84536171285619,-3.2023875877328223
train,0,3330,1,-10.0,333.33333333333337,156,65.30830451889993,1.2259658526375083,44.9840296461689,False,,-20.319873353469994,-30.319873353469994,-5.6768992283466275
train,0,3330,1,-10.0,333.33333333333337,158,74.67297424825345,1.083884774824883,43.70939064373952,False,,-22.64767497958427,-32.64767497958427,-8.0047008544609
train,0,3330,1,-10.0,333.33333333333337,159,74.94784131316489,-17.055501019562776,41.33591025016445,False,,-22.711502132720092,-32.71150213272009,-8.068528007596726
train,0,3330,1,-10.0,333.33333333333337,160,52.86246089809854,-16.66064877842353,43.08120199690777,True,61.17892723388063,-16.64703206564369,-26.64703206564369,-2.0040579405203225
train,0,3330,1,-10.0,333.33333333333337,162,87.35023570828582,16.83896843268724,45.11111502726043,False,,-25.371700238504026,-35.371700238504026,-10.72872611338066
train,0,3330,1,-5.0,333.33333333333337,156,65.30830451889993,1.2259658526375083,44.9840296461689,False,,-20.319873353469994,-25.319873353469994,-0.6768992283466275
train,0,3330,1,-5.0,333.33333333333337,158,74.67297424825345,1.083884774824883,43.70939064373952,False,,-22.64767497958427,-27.64767497958427,-3.0047008544609035
train,0,3330,1,-5.0,333.33333333333337,159,74.94784131316489,-17.055501019562776,41.33591025016445,False,,-22.711502132720092,-27.711502132720092,-3.0685280075967256
train,0,3330,1,-5.0,333.33333333333337,162,87.35023570828582,16.83896843268724,45.11111502726043,False,,-25.371700238504026,-30.371700238504026,-5.7287261133806595
train,0,3330,1,0.0,333.33333333333337,162,87.35023570828582,16.83896843268724,45.11111502726043,False,,-25.371700238504026,-25.371700238504026,-0.7287261133806595
train,0,3330,2,-10.0,333.33333333333337,132,61.55401152662713,1.1056527278269679,-6.791839768175153,True,8.027218426336717,-29.67217126510419,-39.67217126510419,-15.029197139980823
train,0,3330,2,-10.0,333.33333333333337,141,60.134274253050975,-0.45119018261371596,-14.81905819451187,True,8.027218426336717,-29.26679976151306,-39.266799761513056,-14.62382563638969
train,0,3330,2,-10.0,333.33333333333337,149,58.74782272904282,-0.11369600457628476,-25.12353616685559,True,10.30447797234372,-28.861587832949652,-38.86158783294965,-14.218613707826286
train,0,3330,2,-10.0,333.33333333333337,152,59.62450508966715,0.3568355776393274,-39.34846742688775,True,2.6903610487094447,-29.11890829298111,-39.11890829298111,-14.475934167857744
train,0,3330,2,-10.0,333.33333333333337,156,61.94152078058295,0.39683612150798453,-47.38578493685172,True,8.004765021246206,-29.781191359923138,-39.78119135992314,-15.138217234799775
train,0,3330,2,-10.0,333.33333333333337,158,65.40746831053217,0.4778583298057936,-55.39054995809792,True,8.004765021246206,-30.72701038283934,-40.72701038283934,-16.084036257715972
train,0,3330,2,-10.0,333.33333333333337,159,62.999089452803524,-8.303794194806287,-57.13582644695176,True,20.477720068773454,-30.07528770381591,-40.07528770381591,-15.432313578692543
train,0,3330,2,-10.0,333.33333333333337,160,55.61902829681639,-2.396470781912466,-36.65810637817831,True,2.6903610487094447,-27.910852690759995,-37.910852690759995,-13.267878565636629
train,0,3330,2,-10.0,333.33333333333337,161,42.87313394562896,-6.0891031596177925,-7.615416644326971,False,,-23.389326035374744,-33.389326035374744,-8.746351910251377
train,0,3330,2,-10.0,333.33333333333337,162,74.8422695786855,9.171640730037746,-62.54083897806744,False,,-33.06779476133636,-43.06779476133636,-18.424820636212992
train,0,3330,2,-5.0,333.33333333333337,132,61.55401152662713,1.1056527278269679,-6.791839768175153,True,8.027218426336717,-29.67217126510419,-34.67217126510419,-10.029197139980823
train,0,3330,2,-5.0,333.33333333333337,141,60.134274253050975,-0.45119018261371596,-14.81905819451187,True,8.027218426336717,-29.26679976151306,-34.266799761513056,-9.62382563638969
train,0,3330,2,-5.0,333.33333333333337,149,58.74782272904282,-0.11369600457628476,-25.12353616685559,True,10.30447797234372,-28.861587832949652,-33.86158783294965,-9.218613707826286
train,0,3330,2,-5.0,333.33333333333337,152,59.62450508966715,0.3568355776393274,-39.34846742688775,True,2.6903610487094447,-29.11890829298111,-34.11890829298111,-9.475934167857744
train,0,3330,2,-5.0,333.33333333333337,156,61.94152078058295,0.39683612150798453,-47.38578493685172,True,8.004765021246206,-29.781191359923138,-34.78119135992314,-10.138217234799775
train,0,3330,2,-5.0,333.33333333333337,158,65.40746831053217,0.4778583298057936,-55.39054995809792,True,8.004765021246206,-30.72701038283934,-35.72701038283934,-11.084036257715972
train,0,3330,2,-5.0,333.33333333333337,159,62.999089452803524,-8.303794194806287,-57.13582644695176,True,20.477720068773454,-30.07528770381591,-35.07528770381591,-10.432313578692543
train,0,3330,2,-5.0,333.33333333333337,160,55.61902829681639,-2.396470781912466,-36.65810637817831,True,2.6903610487094447,-27.910852690759995,-32.910852690759995,-8.267878565636629
train,0,3330,2,-5.0,333.33333333333337,161,42.87313394562896,-6.0891031596177925,-7.615416644326971,False,,-23.389326035374744,-28.389326035374744,-3.746351910251377
train,0,3330,2,-5.0,333.33333333333337,162,74.8422695786855,9.171640730037746,-62.54083897806744,False,,-33.06779476133636,-38.06779476133636,-13.424820636212992
train,0,3330,2,0.0,333.33333333333337,132,61.55401152662713,1.1056527278269679,-6.791839768175153,True,8.027218426336717,-29.67217126510419,-29.67217126510419,-5.029197139980823
train,0,3330,2,0.0,333.33333333333337,141,60.134274253050975,-0.45119018261371596,-14.81905819451187,True,8.027218426336717,-29.26679976151306,-29.26679976151306,-4.623825636389693
train,0,3330,2,0.0,333.33333333333337,149,58.74782272904282,-0.11369600457628476,-25.12353616685559,True,10.30447797234372,-28.861587832949652,-28.861587832949652,-4.218613707826286
train,0,3330,2,0.0,333.33333333333337,152,59.62450508966715,0.3568355776393274,-39.34846742688775,True,2.6903610487094447,-29.11890829298111,-29.11890829298111,-4.475934167857744
train,0,3330,2,0.0,333.33333333333337,156,61.94152078058295,0.39683612150798453,-47.38578493685172,True,8.004765021246206,-29.781191359923138,-29.781191359923138,-5.138217234799772
train,0,3330,2,0.0,333.33333333333337,158,65.40746831053217,0.4778583298057936,-55.39054995809792,True,8.004765021246206,-30.72701038283934,-30.72701038283934,-6.084036257715972
train,0,3330,2,0.0,333.33333333333337,159,62.999089452803524,-8.303794194806287,-57.13582644695176,True,20.477720068773454,-30.07528770381591,-30.07528770381591,-5.432313578692543
train,0,3330,2,0.0,333.33333333333337,160,55.61902829681639,-2.396470781912466,-36.65810637817831,True,2.6903610487094447,-27.910852690759995,-27.910852690759995,-3.2678785656366287
train,0,3330,2,0.0,333.33333333333337,162,74.8422695786855,9.171640730037746,-62.54083897806744,False,,-33.06779476133636,-33.06779476133636,-8.424820636212992
train,0,3330,2,5.0,333.33333333333337,132,61.55401152662713,1.1056527278269679,-6.791839768175153,True,8.027218426336717,-29.67217126510419,-24.67217126510419,-0.029197139980823295
train,0,3330,2,5.0,333.33333333333337,156,61.94152078058295,0.39683612150798453,-47.38578493685172,True,8.004765021246206,-29.781191359923138,-24.781191359923138,-0.13821723479977166
train,0,3330,2,5.0,333.33333333333337,158,65.40746831053217,0.4778583298057936,-55.39054995809792,True,8.004765021246206,-30.72701038283934,-25.72701038283934,-1.0840362577159723
train,0,3330,2,5.0,333.33333333333337,159,62.999089452803524,-8.303794194806287,-57.13582644695176,True,20.477720068773454,-30.07528770381591,-25.07528770381591,-0.4323135786925434
train,0,3330,2,5.0,333.33333333333337,160,55.61902829681639,-2.396470781912466,-36.65810637817831,True,2.6903610487094447,-27.910852690759995,-22.910852690759995,1.7321214343633713
train,0,3330,2,5.0,333.33333333333337,162,74.8422695786855,9.171640730037746,-62.54083897806744,False,,-33.06779476133636,-28.06779476133636,-3.424820636212992
train,0,3330,2,10.0,333.33333333333337,132,61.55401152662713,1.1056527278269679,-6.791839768175153,True,8.027218426336717,-29.67217126510419,-19.67217126510419,4.970802860019177
train,0,3330,2,10.0,333.33333333333337,156,61.94152078058295,0.39683612150798453,-47.38578493685172,True,8.004765021246206,-29.781191359923138,-19.781191359923138,4.861782765200228
train,0,3330,2,10.0,333.33333333333337,158,65.40746831053217,0.4778583298057936,-55.39054995809792,True,8.004765021246206,-30.72701038283934,-20.72701038283934,3.9159637422840277
train,0,3330,2,10.0,333.33333333333337,160,55.61902829681639,-2.396470781912466,-36.65810637817831,True,2.6903610487094447,-27.910852690759995,-17.910852690759995,6.732121434363371
train,0,3330,2,15.0,333.33333333333337,132,61.55401152662713,1.1056527278269679,-6.791839768175153,True,8.027218426336717,-29.67217126510419,-14.67217126510419,9.970802860019177
train,0,3330,2,15.0,333.33333333333337,156,61.94152078058295,0.39683612150798453,-47.38578493685172,True,8.004765021246206,-29.781191359923138,-14.781191359923138,9.861782765200228
train,0,3330,2,15.0,333.33333333333337,158,65.40746831053217,0.4778583298057936,-55.39054995809792,True,8.004765021246206,-30.72701038283934,-15.727010382839339,8.915963742284028
train,0,3330,2,15.0,333.33333333333337,160,55.61902829681639,-2.396470781912466,-36.65810637817831,True,2.6903610487094447,-27.910852690759995,-12.910852690759995,11.732121434363371
train,0,3503,0,-10.0,350.6506506506507,152,82.62093907785038,-6.528438785119208,26.684026338211137,False,,-27.530685607829106,-37.530685607829106,-12.88771148270574
train,0,3503,0,-10.0,350.6506506506507,156,71.83657285595413,-5.214025233972042,19.0514294049534,False,,-25.1009047335031,-35.1009047335031,-10.457930608379733
train,0,3503,0,-10.0,350.6506506506507,158,34.413864600240636,-1.9512038305427135,-40.22612768075562,True,17.84506931591496,-12.31641835815436,-22.31641835815436,2.3265557669690082
train,0,3503,0,-5.0,350.6506506506507,152,82.62093907785038,-6.528438785119208,26.684026338211137,False,,-27.530685607829106,-32.530685607829106,-7.88771148270574
train,0,3503,0,-5.0,350.6506506506507,156,71.83657285595413,-5.214025233972042,19.0514294049534,False,,-25.1009047335031,-30.1009047335031,-5.457930608379733
train,0,3503,0,-5.0,350.6506506506507,158,34.413864600240636,-1.9512038305427135,-40.22612768075562,True,17.84506931591496,-12.31641835815436,-17.31641835815436,7.326555766969008
train,0,3503,0,0.0,350.6506506506507,152,82.62093907785038,-6.528438785119208,26.684026338211137,False,,-27.530685607829106,-27.530685607829106,-2.8877114827057397
train,0,3503,0,0.0,350.6506506506507,156,71.83657285595413,-5.214025233972042,19.0514294049534,False,,-25.1009047335031,-25.1009047335031,-0.45793060837973343
train,0,3503,0,0.0,350.6506506506507,158,34.413864600240636,-1.9512038305427135,-40.22612768075562,True,17.84506931591496,-12.31641835815436,-12.31641835815436,12.326555766969008
train,0,3503,0,5.0,350.6506506506507,158,34.413864600240636,-1.9512038305427135,-40.22612768075562,True,17.84506931591496,-12.31641835815436,-7.31641835815436,17.32655576696901
train,0,3503,0,10.0,350.6506506506507,158,34.413864600240636,-1.9512038305427135,-40.22612768075562,True,17.84506931591496,-12.31641835815436,-2.31641835815436,22.32655576696901
train,0,3503,0,15.0,350.6506506506507,158,34.413864600240636,-1.9512038305427135,-40.22612768075562,True,17.84506931591496,-12.31641835815436,2.68358164184564,27.32655576696901
train,0,3503,1,-10.0,350.6506506506507,152,78.19584448819035,-8.404824678377432,-19.867820797685294,False,,-22.363475500848008,-32.36347550084801,-7.720501375724645
train,0,3503,1,-10.0,350.6506506506507,156,63.43934747335341,-7.6386906334261,-18.53755928038168,False,,-18.73047682134286,-28.73047682134286,-4.087502696219495
train,0,3503,1,-10.0,350.6506506506507,163,32.75601355658512,-1.7532845327020776,37.05227457331378,True,18.251246564734835,-7.247770218536621,-17.247770218536623,7.395203906586744
train,0,3503,1,-10.0,350.6506506506507,164,121.30346815352738,-20.845165578336978,39.305816307423704,False,,-29.99105724473873,-39.99105724473873,-15.34808311961536
train,0,3503,1,-10.0,350.6506506506507,167,122.59459412022547,19.173004930428274,41.765749747745566,False,,-30.174981336789088,-40.17498133678909,-15.532007211665722
train,0,3503,1,-5.0,350.6506506506507,152,78.19584448819035,-8.404824678377432,-19.867820797685294,False,,-22.363475500848008,-27.363475500848008,-2.7205013757246412
train,0,3503,1,-5.0,350.6506506506507,163,32.75601355658512,-1.7532845327020776,37.05227457331378,True,18.251246564734835,-7.247770218536621,-12.24777021853662,12.395203906586744
train,0,3503,1,-5.0,350.6506506506507,164,121.30346815352738,-20.845165578336978,39.305816307423704,False,,-29.99105724473873,-34.99105724473873,-10.34808311961536
train,0,3503,1,-5.0,350.6506506506507,167,122.59459412022547,19.173004930428274,41.765749747745566,False,,-30.174981336789088,-35.17498133678909,-10.532007211665722
train,0,3503,1,0.0,350.6506506506507,163,32.75601355658512,-1.7532845327020776,37.05227457331378,True,18.251246564734835,-7.247770218536621,-7.247770218536621,17.395203906586744
train,0,3503,1,0.0,350.6506506506507,164,121.30346815352738,-20.845165578336978,39.305816307423704,False,,-29.99105724473873,-29.99105724473873,-5.348083119615364
train,0,3503,1,0.0,350.6506506506507,167,122.59459412022547,19.173004930428274,41.765749747745566,False,,-30.174981336789088,-30.174981336789088,-5.5320072116657215
train,0,3503,1,5.0,350.6506506506507,163,32.75601355658512,-1.7532845327020776,37.05227457331378,True,18.251246564734835,-7.247770218536621,-2.247770218536621,22.395203906586744
train,0,3503,1,5.0,350.6506506506507,164,121.30346815352738,-20.845165578336978,39.305816307423704,False,,-29.99105724473873,-24.99105724473873,-0.34808311961536376
train,0,3503,1,5.0,350.6506506506507,167,122.59459412022547,19.173004930428274,41.765749747745566,False,,-30.174981336789088,-25.174981336789088,-0.5320072116657215
train,0,3503,1,10.0,350.6506506506507,163,32.75601355658512,-1.7532845327020776,37.05227457331378,True,18.251246564734835,-7.247770218536621,2.752229781463379,27.395203906586744
train,0,3503,1,15.0,350.6506506506507,163,32.75601355658512,-1.7532845327020776,37.05227457331378,True,18.251246564734835,-7.247770218536621,7.752229781463379,32.395203906586744
train,0,3503,2,-10.0,350.6506506506507,165,55.199289682093934,-0.6695025459469882,-30.01700360523243,True,15.298701910620787,-5.928208230549155,-15.928208230549155,8.714765894574214
train,0,3503,2,-5.0,350.6506506506507,165,55.199289682093934,-0.6695025459469882,-30.01700360523243,True,15.298701910620787,-5.928208230549155,-10.928208230549155,13.714765894574214
train,0,3503,2,0.0,350.6506506506507,165,55.199289682093934,-0.6695025459469882,-30.01700360523243,True,15.298701910620787,-5.928208230549155,-5.928208230549155,18.714765894574214
train,0,3503,2,5.0,350.6506506506507,165,55.199289682093934,-0.6695025459469882,-30.01700360523243,True,15.298701910620787,-5.928208230549155,-0.9282082305491546,23.714765894574214
train,0,3503,2,10.0,350.6506506506507,165,55.199289682093934,-0.6695025459469882,-30.01700360523243,True,15.298701910620787,-5.928208230549155,4.071791769450845,28.714765894574214
train,0,3503,2,15.0,350.6506506506507,165,55.199289682093934,-0.6695025459469882,-30.01700360523243,True,15.298701910620787,-5.928208230549155,9.071791769450845,33.714765894574214
train,0,3504,0,-10.0,350.75075075075074,152,83.27143597671513,-6.5811731145899275,27.04980458179333,False,,-29.039891802867047,-39.03989180286705,-14.39691767774368
train,0,3504,0,-10.0,350.75075075075074,156,72.3538040677401,-5.255983889517966,19.500432013366535,False,,-26.598504425268455,-36.59850442526846,-11.955530300145092
train,0,3504,0,-10.0,350.75075075075074,158,34.61943623754456,-2.0993904816934315,-40.228258999271226,True,17.7660676715466,-13.792849297807637,-23.792849297807635,0.8501248273157316
train,0,3504,0,-5.0,350.75075075075074,152,83.27143597671513,-6.5811731145899275,27.04980458179333,False,,-29.039891802867047,-34.03989180286705,-9.39691767774368
train,0,3504,0,-5.0,350.75075075075074,156,72.3538040677401,-5.255983889517966,19.500432013366535,False,,-26.598504425268455,-31.598504425268455,-6.955530300145089
train,0,3504,0,-5.0,350.75075075075074,158,34.61943623754456,-2.0993904816934315,-40.228258999271226,True,17.7660676715466,-13.792849297807637,-18.792849297807635,5.850124827315732
train,0,3504,0,0.0,350.75075075075074,152,83.27143597671513,-6.5811731145899275,27.04980458179333,False,,-29.039891802867047,-29.039891802867047,-4.39691767774368
train,0,3504,0,0.0,350.75075075075074,156,72.3538040677401,-5.255983889517966,19.500432013366535,False,,-26.598504425268455,-26.598504425268455,-1.9555303001450888
train,0,3504,0,0.0,350.75075075075074,158,34.61943623754456,-2.0993904816934315,-40.228258999271226,True,17.7660676715466,-13.792849297807637,-13.792849297807637,10.850124827315732
train,0,3504,0,5.0,350.75075075075074,158,34.61943623754456,-2.0993904816934315,-40.228258999271226,True,17.7660676715466,-13.792849297807637,-8.792849297807637,15.850124827315732
train,0,3504,0,10.0,350.75075075075074,158,34.61943623754456,-2.0993904816934315,-40.228258999271226,True,17.7660676715466,-13.792849297807637,-3.7928492978076367,20.85012482731573
train,0,3504,0,15.0,350.75075075075074,158,34.61943623754456,-2.0993904816934315,-40.228258999271226,True,17.7660676715466,-13.792849297807637,1.2071507021923633,25.85012482731573
train,0,3504,1,-10.0,350.75075075075074,152,79.02840467222221,-8.436529437264213,-19.93353697670719,False,,-22.064946780958174,-32.064946780958174,-7.421972655834807
train,0,3504,1,-10.0,350.75075075075074,156,64.19755983189272,-7.636657697501872,-18.618335162265378,False,,-18.454359008733107,-28.454359008733107,-3.8113848836097404
train,0,3504,1,-10.0,350.75075075075074,163,32.92751400160439,-1.9555703435872045,37.30790809300078,True,18.053732357654287,-6.855975903765426,-16.855975903765426,7.7869982213579405
train,0,3504,1,-10.0,350.75075075075074,164,123.39053479881558,-20.86944800195167,39.232979262711375,False,,-29.80489204188374,-39.80489204188374,-15.161917916760373
train,0,3504,1,-10.0,350.75075075075074,167,120.6726216796451,19.21289038044202,41.88625524941112,False,,-29.417968104821767,-39.41796810482177,-14.774993979698401
train,0,3504,1,-5.0,350.75075075075074,152,79.02840467222221,-8.436529437264213,-19.93353697670719,False,,-22.064946780958174,-27.064946780958174,-2.421972655834807
train,0,3504,1,-5.0,350.75075075075074,163,32.92751400160439,-1.9555703435872045,37.30790809300078,True,18.053732357654287,-6.855975903765426,-11.855975903765426,12.78699822135794
train,0,3504,1,-5.0,350.75075075075074,164,123.39053479881558,-20.86944800195167,39.232979262711375,False,,-29.80489204188374,-34.80489204188374,-10.161917916760373
train,0,3504,1,-5.0,350.75075075075074,167,120.6726216796451,19.21289038044202,41.88625524941112,False,,-29.417968104821767,-34.41796810482177,-9.774993979698401
train,0,3504,1,0.0,350.75075075075074,163,32.92751400160439,-1.9555703435872045,37.30790809300078,True,18.053732357654287,-6.855975903765426,-6.855975903765426,17.78699822135794
train,0,3504,1,0.0,350.75075075075074,164,123.39053479881558,-20.86944800195167,39.232979262711375,False,,-29.80489204188374,-29.80489204188374,-5.161917916760373
train,0,3504,1,0.0,350.75075075075074,167,120.6726216796451,19.21289038044202,41.88625524941112,False,,-29.417968104821767,-29.417968104821767,-4.774993979698401
train,0,3504,1,5.0,350.75075075075074,163,32.92751400160439,-1.9555703435872045,37.30790809300078,True,18.053732357654287,-6.855975903765426,-1.855975903765426,22.78699822135794
train,0,3504,1,10.0,350.75075075075074,163,32.92751400160439,-1.9555703435872045,37.30790809300078,True,18.053732357654287,-6.855975903765426,3.144024096234574,27.78699822135794
train,0,3504,1,15.0,350.75075075075074,163,32.92751400160439,-1.9555703435872045,37.30790809300078,True,18.053732357654287,-6.855975903765426,8.144024096234574,32.78699822135794
train,0,3504,2,-10.0,350.75075075075074,165,55.30385291071392,-1.405620492260174,-32.11165492134068,True,17.16514846740284,-5.90698418015529,-15.906984180155291,8.735989944968075
train,0,3504,2,-5.0,350.75075075075074,165,55.30385291071392,-1.405620492260174,-32.11165492134068,True,17.16514846740284,-5.90698418015529,-10.906984180155291,13.735989944968075
train,0,3504,2,0.0,350.75075075075074,165,55.30385291071392,-1.405620492260174,-32.11165492134068,True,17.16514846740284,-5.90698418015529,-5.90698418015529,18.735989944968075
train,0,3504,2,5.0,350.75075075075074,165,55.30385291071392,-1.405620492260174,-32.11165492134068,True,17.16514846740284,-5.90698418015529,-0.9069841801552903,23.735989944968075
train,0,3504,2,10.0,350.75075075075074,165,55.30385291071392,-1.405620492260174,-32.11165492134068,True,17.16514846740284,-5.90698418015529,4.09301581984471,28.735989944968075
train,0,3504,2,15.0,350.75075075075074,165,55.30385291071392,-1.405620492260174,-32.11165492134068,True,17.16514846740284,-5.90698418015529,9.093015819844709,33.735989944968075
train,0,3865,1,-10.0,386.8868868868869,181,102.65506481566607,21.182485362188668,43.357295463560725,False,,-16.782804471874794,-26.782804471874794,-2.1398303467514275
train,0,3865,2,-10.0,386.8868868868869,180,71.06919198884763,10.90743170504077,-57.55715415343365,True,1.0109552690401418,-9.235220613749908,-19.23522061374991,5.407753511373457
train,0,3865,2,-5.0,386.8868868868869,180,71.06919198884763,10.90743170504077,-57.55715415343365,True,1.0109552690401418,-9.235220613749908,-14.235220613749908,10.407753511373457
train,0,3865,2,0.0,386.8868868868869,180,71.06919198884763,10.90743170504077,-57.55715415343365,True,1.0109552690401418,-9.235220613749908,-9.235220613749908,15.407753511373457
train,0,3865,2,5.0,386.8868868868869,180,71.06919198884763,10.90743170504077,-57.55715415343365,True,1.0109552690401418,-9.235220613749908,-4.235220613749908,20.407753511373457
train,0,3865,2,10.0,386.8868868868869,180,71.06919198884763,10.90743170504077,-57.55715415343365,True,1.0109552690401418,-9.235220613749908,0.7647793862500922,25.407753511373457
train,0,3865,2,15.0,386.8868868868869,180,71.06919198884763,10.90743170504077,-57.55715415343365,True,1.0109552690401418,-9.235220613749908,5.764779386250092,30.407753511373457
train,0,5027,0,-10.0,503.2032032032032,216,33.9757090630039,0.05479543692864412,-41.49231517767528,True,3.0179430864166874,-22.030203935842355,-32.03020393584235,-7.387229810718985
train,0,5027,0,-10.0,503.2032032032032,218,26.622159474627484,0.1301672049981684,-38.474372091258594,True,3.0179430864166874,-17.793193998407475,-27.793193998407475,-3.150219873284108
train,0,5027,0,-10.0,503.2032032032032,226,15.007132650003765,0.10907210193691799,-27.165755403068005,True,7.226481910466206,-7.8353716256332095,-17.835371625633208,6.807602499490159
train,0,5027,0,-10.0,503.2032032032032,238,66.39583181163314,17.589898961971187,-43.43031885264257,False,,-33.66909541776885,-43.66909541776885,-19.026121292645485
train,0,5027,0,-5.0,503.2032032032032,216,33.9757090630039,0.05479543692864412,-41.49231517767528,True,3.0179430864166874,-22.030203935842355,-27.030203935842355,-2.3872298107189884
train,0,5027,0,-5.0,503.2032032032032,226,15.007132650003765,0.10907210193691799,-27.165755403068005,True,7.226481910466206,-7.8353716256332095,-12.83537162563321,11.807602499490159
train,0,5027,0,-5.0,503.2032032032032,238,66.39583181163314,17.589898961971187,-43.43031885264257,False,,-33.66909541776885,-38.66909541776885,-14.026121292645485
train,0,5027,0,0.0,503.2032032032032,226,15.007132650003765,0.10907210193691799,-27.165755403068005,True,7.226481910466206,-7.8353716256332095,-7.8353716256332095,16.80760249949016
train,0,5027,0,0.0,503.2032032032032,238,66.39583181163314,17.589898961971187,-43.43031885264257,False,,-33.66909541776885,-33.66909541776885,-9.026121292645485
train,0,5027,0,5.0,503.2032032032032,226,15.007132650003765,0.10907210193691799,-27.165755403068005,True,7.226481910466206,-7.8353716256332095,-2.8353716256332095,21.80760249949016
train,0,5027,0,5.0,503.2032032032032,238,66.39583181163314,17.589898961971187,-43.43031885264257,False,,-33.66909541776885,-28.66909541776885,-4.026121292645485
train,0,5027,0,10.0,503.2032032032032,226,15.007132650003765,0.10907210193691799,-27.165755403068005,True,7.226481910466206,-7.8353716256332095,2.1646283743667905,26.80760249949016
train,0,5027,0,15.0,503.2032032032032,226,15.007132650003765,0.10907210193691799,-27.165755403068005,True,7.226481910466206,-7.8353716256332095,7.1646283743667905,31.80760249949016
train,0,5027,1,-10.0,503.2032032032032,234,93.91665498326913,-19.34934455446906,40.49487284762826,False,,-23.271286442619733,-33.27128644261973,-8.628312317496366
train,0,5027,1,-10.0,503.2032032032032,235,58.33771231923275,-19.99569859012774,42.54555291502375,False,,-14.999557583935097,-24.999557583935097,-0.3565834588117305
train,0,5027,1,-5.0,503.2032032032032,234,93.91665498326913,-19.34934455446906,40.49487284762826,False,,-23.271286442619733,-28.271286442619733,-3.6283123174963663
train,0,5027,2,-10.0,503.2032032032032,216,61.42933172138562,0.04669925819419317,-11.942937338314843,True,7.042588993498746,-8.911381370034638,-18.91138137003464,5.731592755088727
train,0,5027,2,-10.0,503.2032032032032,218,59.66973733865808,0.05256756610661331,-18.98552633181359,True,6.019936507253368,-8.406514785445484,-18.406514785445484,6.236459339677882
train,0,5027,2,-10.0,503.2032032032032,223,58.946231239162266,0.010533345259662189,-25.005462839066958,True,6.019936507253368,-8.194591478831164,-18.194591478831164,6.4483826462922025
train,0,5027,2,-10.0,503.2032032032032,235,56.753722995326676,-4.952497828919785,-42.192223552346,True,11.006565636154022,-7.5361239864137195,-17.53612398641372,7.106850138709646
train,0,5027,2,-10.0,503.2032032032032,237,61.959807443325175,0.6470904009760702,-31.106772236814212,True,0.07888567937776549,-9.060752116795886,-19.060752116795886,5.582222008327481
train,0,5027,2,-5.0,503.2032032032032,216,61.42933172138562,0.04669925819419317,-11.942937338314843,True,7.042588993498746,-8.911381370034638,-13.911381370034638,10.731592755088727
train,0,5027,2,-5.0,503.2032032032032,218,59.66973733865808,0.05256756610661331,-18.98552633181359,True,6.019936507253368,-8.406514785445484,-13.406514785445484,11.236459339677882
train,0,5027,2,-5.0,503.2032032032032,223,58.946231239162266,0.010533345259662189,-25.005462839066958,True,6.019936507253368,-8.194591478831164,-13.194591478831164,11.448382646292202
train,0,5027,2,-5.0,503.2032032032032,235,56.753722995326676,-4.952497828919785,-42.192223552346,True,11.006565636154022,-7.5361239864137195,-12.53612398641372,12.106850138709646
train,0,5027,2,-5.0,503.2032032032032,237,61.959807443325175,0.6470904009760702,-31.106772236814212,True,0.07888567937776549,-9.060752116795886,-14.060752116795886,10.58222200832748
train,0,5027,2,0.0,503.2032032032032,216,61.42933172138562,0.04669925819419317,-11.942937338314843,True,7.042588993498746,-8.911381370034638,-8.911381370034638,15.731592755088727
train,0,5027,2,0.0,503.2032032032032,218,59.66973733865808,0.05256756610661331,-18.98552633181359,True,6.019936507253368,-8.406514785445484,-8.406514785445484,16.23645933967788
train,0,5027,2,0.0,503.2032032032032,223,58.946231239162266,0.010533345259662189,-25.005462839066958,True,6.019936507253368,-8.194591478831164,-8.194591478831164,16.448382646292202
train,0,5027,2,0.0,503.2032032032032,235,56.753722995326676,-4.952497828919785,-42.192223552346,True,11.006565636154022,-7.5361239864137195,-7.5361239864137195,17.106850138709646
train,0,5027,2,0.0,503.2032032032032,237,61.959807443325175,0.6470904009760702,-31.106772236814212,True,0.07888567937776549,-9.060752116795886,-9.060752116795886,15.582222008327477
train,0,5027,2,5.0,503.2032032032032,216,61.42933172138562,0.04669925819419317,-11.942937338314843,True,7.042588993498746,-8.911381370034638,-3.911381370034638,20.731592755088727
train,0,5027,2,5.0,503.2032032032032,218,59.66973733865808,0.05256756610661331,-18.98552633181359,True,6.019936507253368,-8.406514785445484,-3.4065147854454843,21.23645933967788
train,0,5027,2,5.0,503.2032032032032,223,58.946231239162266,0.010533345259662189,-25.005462839066958,True,6.019936507253368,-8.194591478831164,-3.194591478831164,21.448382646292202
train,0,5027,2,5.0,503.2032032032032,235,56.753722995326676,-4.952497828919785,-42.192223552346,True,11.006565636154022,-7.5361239864137195,-2.5361239864137195,22.106850138709646
train,0,5027,2,5.0,503.2032032032032,237,61.959807443325175,0.6470904009760702,-31.106772236814212,True,0.07888567937776549,-9.060752116795886,-4.060752116795886,20.582222008327477
train,0,5027,2,10.0,503.2032032032032,216,61.42933172138562,0.04669925819419317,-11.942937338314843,True,7.042588993498746,-8.911381370034638,1.088618629965362,25.731592755088727
train,0,5027,2,10.0,503.2032032032032,218,59.66973733865808,0.05256756610661331,-18.98552633181359,True,6.019936507253368,-8.406514785445484,1.5934852145545157,26.23645933967788
train,0,5027,2,10.0,503.2032032032032,223,58.946231239162266,0.010533345259662189,-25.005462839066958,True,6.019936507253368,-8.194591478831164,1.805408521168836,26.448382646292202
train,0,5027,2,10.0,503.2032032032032,235,56.753722995326676,-4.952497828919785,-42.192223552346,True,11.006565636154022,-7.5361239864137195,2.4638760135862805,27.106850138709646
train,0,5027,2,10.0,503.2032032032032,237,61.959807443325175,0.6470904009760702,-31.106772236814212,True,0.07888567937776549,-9.060752116795886,0.9392478832041142,25.582222008327477
train,0,5027,2,15.0,503.2032032032032,216,61.42933172138562,0.04669925819419317,-11.942937338314843,True,7.042588993498746,-8.911381370034638,6.088618629965362,30.731592755088727
train,0,5027,2,15.0,503.2032032032032,218,59.66973733865808,0.05256756610661331,-18.98552633181359,True,6.019936507253368,-8.406514785445484,6.593485214554516,31.23645933967788
train,0,5027,2,15.0,503.2032032032032,223,58.946231239162266,0.010533345259662189,-25.005462839066958,True,6.019936507253368,-8.194591478831164,6.805408521168836,31.448382646292202
train,0,5027,2,15.0,503.2032032032032,235,56.753722995326676,-4.952497828919785,-42.192223552346,True,11.006565636154022,-7.5361239864137195,7.4638760135862805,32.106850138709646
train,0,5027,2,15.0,503.2032032032032,237,61.959807443325175,0.6470904009760702,-31.106772236814212,True,0.07888567937776549,-9.060752116795886,5.939247883204114,30.582222008327477
train,1,150,0,-10.0,15.015015015015015,300,128.33200102951525,-23.264087132451973,41.633881407357386,False,,-18.42635582767302,-28.42635582767302,-3.7833817025496543
train,1,150,0,-10.0,15.015015015015015,301,102.03387964079982,-23.177062369643167,43.25979573063719,False,,-14.44273319065374,-24.44273319065374,0.2002409344696261
train,1,150,1,-10.0,15.015015015015015,303,83.02191996982782,22.716453357532984,-47.25440470790926,False,,-25.3086762410435,-35.3086762410435,-10.665702115920134
train,1,150,1,-5.0,15.015015015015015,303,83.02191996982782,22.716453357532984,-47.25440470790926,False,,-25.3086762410435,-30.3086762410435,-5.6657021159201335
train,1,150,1,0.0,15.015015015015015,303,83.02191996982782,22.716453357532984,-47.25440470790926,False,,-25.3086762410435,-25.3086762410435,-0.6657021159201335
train,1,151,0,-10.0,15.115115115115115,300,130.66396162834272,-23.263904507008505,41.50549175058029,False,,-17.943848370382497,-27.943848370382497,-3.3008742452591306
train,1,151,1,-10.0,15.115115115115115,303,80.74856686239009,22.706997927678042,-47.108310159125395,False,,-26.441665197961804,-36.441665197961804,-11.798691072838437
train,1,151,1,-5.0,15.115115115115115,303,80.74856686239009,22.706997927678042,-47.108310159125395,False,,-26.441665197961804,-31.441665197961804,-6.798691072838437
train,1,151,1,0.0,15.115115115115115,303,80.74856686239009,22.706997927678042,-47.108310159125395,False,,-26.441665197961804,-26.441665197961804,-1.7986910728384373
train,1,152,0,-10.0,15.215215215215215,300,132.9975577220349,-23.25953335517799,41.379001758615054,False,,-17.482070025159583,-27.482070025159583,-2.8390959000362166
train,1,152,1,-10.0,15.215215215215215,303,78.4737972278901,22.695482370564402,-46.95132000230461,False,,-27.58990685156482,-37.58990685156482,-12.946932726441453
train,1,152,1,-5.0,15.215215215215215,303,78.4737972278901,22.695482370564402,-46.95132000230461,False,,-27.58990685156482,-32.58990685156482,-7.946932726441453
train,1,152,1,0.0,15.215215215215215,303,78.4737972278901,22.695482370564402,-46.95132000230461,False,,-27.58990685156482,-27.58990685156482,-2.946932726441453
train,1,153,0,-10.0,15.315315315315315,300,135.32802214186276,-23.25135587924157,41.253610287657565,False,,-17.047172004319886,-27.047172004319886,-2.40419787919652
train,1,153,1,-10.0,15.315315315315315,303,76.20178751724039,22.680666185822606,-46.7795017617041,False,,-28.69206886881178,-38.69206886881178,-14.049094743688414
train,1,153,1,-5.0,15.315315315315315,303,76.20178751724039,22.680666185822606,-46.7795017617041,False,,-28.69206886881178,-33.69206886881178,-9.049094743688414
train,1,153,1,0.0,15.315315315315315,303,76.20178751724039,22.680666185822606,-46.7795017617041,False,,-28.69206886881178,-28.69206886881178,-4.049094743688414
train,1,154,0,-10.0,15.415415415415415,300,137.6558226724955,-23.24145470211336,41.130260525043575,False,,-16.64601406871681,-26.64601406871681,-2.0030399435934427
train,1,154,1,-10.0,15.415415415415415,303,73.93325317230722,22.664928342835793,-46.59141566816958,False,,-29.648539106509283,-39.64853910650928,-15.005564981385916
train,1,154,1,-5.0,15.415415415415415,303,73.93325317230722,22.664928342835793,-46.59141566816958,False,,-29.648539106509283,-34.64853910650928,-10.005564981385916
train,1,154,1,0.0,15.415415415415415,303,73.93325317230722,22.664928342835793,-46.59141566816958,False,,-29.648539106509283,-29.648539106509283,-5.005564981385916
train,1,154,2,-10.0,15.415415415415415,300,132.37858479611498,-19.90531640249563,-40.691491392515644,False,,-14.722970162939607,-24.722970162939607,-0.07999603781624032
train,1,242,0,-10.0,24.224224224224226,304,91.66568619268944,-21.403734596147128,44.44621846936274,False,,-31.533256128808837,-41.53325612880884,-16.89028200368547
train,1,242,0,-10.0,24.224224224224226,305,43.8012799209574,-22.311451931838935,49.82551016711211,False,,-18.704456425148084,-28.704456425148084,-4.061482300024718
train,1,242,0,-5.0,24.224224224224226,304,91.66568619268944,-21.403734596147128,44.44621846936274,False,,-31.533256128808837,-36.53325612880884,-11.89028200368547
train,1,242,0,0.0,24.224224224224226,304,91.66568619268944,-21.403734596147128,44.44621846936274,False,,-31.533256128808837,-31.533256128808837,-6.890282003685471
train,1,242,0,5.0,24.224224224224226,304,91.66568619268944,-21.403734596147128,44.44621846936274,False,,-31.533256128808837,-26.533256128808837,-1.8902820036854706
train,1,242,1,-10.0,24.224224224224226,306,48.45520705926221,22.078334162393155,-42.884346804484224,False,,-15.243763138194142,-25.24376313819414,-0.6007890130707736
train,1,242,1,-10.0,24.224224224224226,307,82.3018185960627,23.332604573160236,-47.31840968179999,False,,-24.446522259720144,-34.44652225972014,-9.803548134596774
train,1,242,1,-5.0,24.224224224224226,307,82.3018185960627,23.332604573160236,-47.31840968179999,False,,-24.446522259720144,-29.446522259720144,-4.803548134596777
train,1,2534,0,-10.0,253.65365365365366,387,112.4075790643756,27.862984397825997,46.26691771504482,False,,-18.900323987433232,-28.900323987433232,-4.257349862309866
train,1,2534,0,-10.0,253.65365365365366,388,139.17060212661664,27.97792179597572,43.5098002094561,False,,-22.610400458304532,-32.61040045830453,-7.967426333181166
train,1,2534,0,-5.0,253.65365365365366,388,139.17060212661664,27.97792179597572,43.5098002094561,False,,-22.610400458304532,-27.610400458304532,-2.967426333181166
train,1,2534,1,-10.0,253.65365365365366,385,48.06588978692985,-7.758913296125757,-0.6598631483619118,False,,-17.737819850350014,-27.737819850350014,-3.094845725226648
train,1,2534,2,-10.0,253.65365365365366,386,94.26663851935336,9.052730047520383,-21.917922471337377,False,,-16.874941302097085,-26.874941302097085,-2.2319671769737184
train,1,2534,2,-10.0,253.65365365365366,387,114.96066362561787,21.387719663970348,-30.723387751180127,False,,-20.32259095919873,-30.32259095919873,-5.6796168340753646
train,1,2534,2,-10.0,253.65365365365366,388,136.1368294481618,23.424193565542208,-38.72725927424023,False,,-23.259645749246843,-33.25964574924684,-8.616671624123477
train,1,2534,2,-5.0,253.65365365365366,387,114.96066362561787,21.387719663970348,-30.723387751180127,False,,-20.32259095919873,-25.32259095919873,-0.6796168340753646
train,1,2534,2,-5.0,253.65365365365366,388,136.1368294481618,23.424193565542208,-38.72725927424023,False,,-23.259645749246843,-28.259645749246843,-3.6166716241234766
train,1,2548,0,-10.0,255.05505505505508,388,100.22350358489281,27.690598951942984,47.330887320200105,False,,-16.99684710240864,-26.99684710240864,-2.353872977285274
train,1,2548,1,-10.0,255.05505505505508,385,60.17098701750382,-9.535235424502362,-1.342700639247785,False,,-22.083736626044935,-32.08373662604494,-7.440762500921572
train,1,2548,1,-10.0,255.05505505505508,389,67.0628290557696,18.560635252352395,-46.17159044612631,False,,-23.967526015628703,-33.96752601562871,-9.32455189050534
train,1,2548,1,-5.0,255.05505505505508,385,60.17098701750382,-9.535235424502362,-1.342700639247785,False,,-22.083736626044935,-27.083736626044935,-2.4407625009215685
train,1,2548,1,-5.0,255.05505505505508,389,67.0628290557696,18.560635252352395,-46.17159044612631,False,,-23.967526015628703,-28.967526015628703,-4.324551890505337
train,1,2548,2,-10.0,255.05505505505508,384,72.8186663326173,-0.3329018460021168,-14.370427120418757,True,60.17636996222363,-18.770928507147172,-28.770928507147172,-4.127954382023805
train,1,2548,2,-10.0,255.05505505505508,386,85.02415354943093,4.351776970097194,-14.90715085281339,False,,-21.46291236471842,-31.46291236471842,-6.819938239595054
train,1,2548,2,-10.0,255.05505505505508,387,87.56871990317048,16.96665725756479,-14.114331077975942,False,,-21.975179728970858,-31.975179728970858,-7.332205603847491
train,1,2548,2,-10.0,255.05505505505508,388,105.53530804929738,20.11552049275521,-26.568595348947042,False,,-25.21713096895254,-35.21713096895254,-10.574156843829172
train,1,2548,2,-10.0,255.05505505505508,389,65.233200567457,5.994235587853581,45.8059428418049,True,60.17636996222365,-16.85996716456,-26.85996716456,-2.216993039436634
train,1,2548,2,-5.0,255.05505505505508,386,85.02415354943093,4.351776970097194,-14.90715085281339,False,,-21.46291236471842,-26.46291236471842,-1.8199382395950536
train,1,2548,2,-5.0,255.05505505505508,387,87.56871990317048,16.96665725756479,-14.114331077975942,False,,-21.975179728970858,-26.975179728970858,-2.332205603847491
train,1,2548,2,-5.0,255.05505505505508,388,105.53530804929738,20.11552049275521,-26.568595348947042,False,,-25.21713096895254,-30.21713096895254,-5.574156843829172
train,1,2548,2,0.0,255.05505505505508,388,105.53530804929738,20.11552049275521,-26.568595348947042,False,,-25.21713096895254,-25.21713096895254,-0.5741568438291722
train,1,2560,0,-10.0,256.2562562562563,384,63.38690558268976,-0.027345491657748255,42.27592257902306,True,7.8843463775351,-22.240367674453033,-32.24036767445303,-7.5973935493296665
train,1,2560,0,-10.0,256.2562562562563,385,44.77265144416676,-4.799333677441265,-26.807153771530228,False,,-16.200898202697555,-26.200898202697555,-1.5579240775741887
train,1,2560,0,-10.0,256.2562562562563,386,66.47339349932616,3.1020399195624977,50.160268956558156,True,7.8843463775351,-23.066299648573402,-33.066299648573406,-8.423325523450039
train,1,2560,0,-10.0,256.2562562562563,387,40.56390660135202,26.614266673118607,60.222312030072985,False,,-14.485976600299992,-24.485976600299992,0.1569975248233746
train,1,2560,0,-10.0,256.2562562562563,388,67.14226141359387,27.391938284967786,52.60151691876833,False,,-23.240224221081824,-33.240224221081824,-8.597250095958458
train,1,2560,0,-10.0,256.2562562562563,390,47.23750962804413,5.747368696152584,-23.51718380497696,False,,-17.131865374875993,-27.131865374875993,-2.4888912497526263
train,1,2560,0,-5.0,256.2562562562563,384,63.38690558268976,-0.027345491657748255,42.27592257902306,True,7.8843463775351,-22.240367674453033,-27.240367674453033,-2.5973935493296665
train,1,2560,0,-5.0,256.2562562562563,386,66.47339349932616,3.1020399195624977,50.160268956558156,True,7.8843463775351,-23.066299648573402,-28.066299648573402,-3.4233255234500355
train,1,2560,0,-5.0,256.2562562562563,388,67.14226141359387,27.391938284967786,52.60151691876833,False,,-23.240224221081824,-28.240224221081824,-3.597250095958458
train,1,2560,0,0.0,256.2562562562563,386,66.47339349932616,3.1020399195624977,50.160268956558156,True,7.8843463775351,-23.066299648573402,-23.066299648573402,1.5766744765499645
train,1,2560,0,5.0,256.2562562562563,386,66.47339349932616,3.1020399195624977,50.160268956558156,True,7.8843463775351,-23.066299648573402,-18.066299648573402,6.5766744765499645
train,1,2560,0,10.0,256.2562562562563,386,66.47339349932616,3.1020399195624977,50.160268956558156,True,7.8843463775351,-23.066299648573402,-13.066299648573402,11.576674476549965
train,1,2560,0,15.0,256.2562562562563,386,66.47339349932616,3.1020399195624977,50.160268956558156,True,7.8843463775351,-23.066299648573402,-8.066299648573402,16.576674476549968
train,1,2560,1,-10.0,256.2562562562563,385,72.5764374541304,-11.210461965976686,-2.6393833495868937,False,,-26.601466824942936,-36.60146682494293,-11.958492699819566
train,1,2560,1,-10.0,256.2562562562563,389,45.10091006987768,18.04795335935475,-42.14999511887639,False,,-18.337053190231217,-28.337053190231217,-3.69407906510785
train,1,2560,1,-10.0,256.2562562562563,390,71.61877692393777,15.128555099004291,0.13375617494260264,False,,-26.370716976135412,-36.37071697613541,-11.727742851012046
train,1,2560,1,-5.0,256.2562562562563,385,72.5764374541304,-11.210461965976686,-2.6393833495868937,False,,-26.601466824942936,-31.601466824942936,-6.958492699819569
train,1,2560,1,-5.0,256.2562562562563,390,71.61877692393777,15.128555099004291,0.13375617494260264,False,,-26.370716976135412,-31.370716976135412,-6.727742851012046
train,1,2560,1,0.0,256.2562562562563,385,72.5764374541304,-11.210461965976686,-2.6393833495868937,False,,-26.601466824942936,-26.601466824942936,-1.958492699819569
train,1,2560,1,0.0,256.2562562562563,390,71.61877692393777,15.128555099004291,0.13375617494260264,False,,-26.370716976135412,-26.370716976135412,-1.7277428510120458
train,1,2560,2,-10.0,256.2562562562563,384,72.92809936189828,-0.029463017478621255,-14.397360753382836,False,,-31.15913005344911,-41.15913005344911,-16.516155928325745
train,1,2560,2,-10.0,256.2562562562563,386,81.54888158499172,1.8052371995799223,-11.597393374447988,False,,-33.10005461367727,-43.10005461367727,-18.457080488553906
train,1,2560,2,-10.0,256.2562562562563,387,71.66390689639563,8.60589701890732,7.814049078770536,False,,-30.85535348014375,-40.85535348014375,-16.21237935502038
train,1,2560,2,-10.0,256.2562562562563,388,84.00094089661432,15.382228959920202,-10.507133792489695,False,,-33.61470027029452,-43.61470027029452,-18.971726145171154
train,1,2560,2,-10.0,256.2562562562563,389,61.61820122505563,-0.11765457395233997,25.677128109101165,False,,-28.23169489003115,-38.23169489003115,-13.588720764907784
train,1,2560,2,-5.0,256.2562562562563,384,72.92809936189828,-0.029463017478621255,-14.397360753382836,False,,-31.15913005344911,-36.15913005344911,-11.516155928325745
train,1,2560,2,-5.0,256.2562562562563,386,81.54888158499172,1.8052371995799223,-11.597393374447988,False,,-33.10005461367727,-38.10005461367727,-13.457080488553906
train,1,2560,2,-5.0,256.2562562562563,387,71.66390689639563,8.60589701890732,7.814049078770536,False,,-30.85535348014375,-35.85535348014375,-11.212379355020381
train,1,2560,2,-5.0,256.2562562562563,388,84.00094089661432,15.382228959920202,-10.507133792489695,False,,-33.61470027029452,-38.61470027029452,-13.971726145171154
train,1,2560,2,-5.0,256.2562562562563,389,61.61820122505563,-0.11765457395233997,25.677128109101165,False,,-28.23169489003115,-33.23169489003115,-8.588720764907784
train,1,2560,2,0.0,256.2562562562563,384,72.92809936189828,-0.029463017478621255,-14.397360753382836,False,,-31.15913005344911,-31.15913005344911,-6.516155928325745
train,1,2560,2,0.0,256.2562562562563,386,81.54888158499172,1.8052371995799223,-11.597393374447988,False,,-33.10005461367727,-33.10005461367727,-8.457080488553906
train,1,2560,2,0.0,256.2562562562563,387,71.66390689639563,8.60589701890732,7.814049078770536,False,,-30.85535348014375,-30.85535348014375,-6.212379355020385
train,1,2560,2,0.0,256.2562562562563,388,84.00094089661432,15.382228959920202,-10.507133792489695,False,,-33.61470027029452,-33.61470027029452,-8.971726145171154
train,1,2560,2,0.0,256.2562562562563,389,61.61820122505563,-0.11765457395233997,25.677128109101165,False,,-28.23169489003115,-28.23169489003115,-3.5887207649077837
train,1,2560,2,5.0,256.2562562562563,384,72.92809936189828,-0.029463017478621255,-14.397360753382836,False,,-31.15913005344911,-26.15913005344911,-1.5161559283257446
train,1,2560,2,5.0,256.2562562562563,386,81.54888158499172,1.8052371995799223,-11.597393374447988,False,,-33.10005461367727,-28.100054613677273,-3.457080488553906
train,1,2560,2,5.0,256.2562562562563,387,71.66390689639563,8.60589701890732,7.814049078770536,False,,-30.85535348014375,-25.85535348014375,-1.212379355020385
train,1,2560,2,5.0,256.2562562562563,388,84.00094089661432,15.382228959920202,-10.507133792489695,False,,-33.61470027029452,-28.61470027029452,-3.9717261451711536
train,1,2746,0,-10.0,274.8748748748749,392,62.311577830897605,-0.059990447229312564,41.760848248848575,True,0.9278756260227895,-5.933292207700267,-15.933292207700267,8.709681917423097
train,1,2746,0,-10.0,274.8748748748749,395,111.57412865570717,20.123959049295003,46.331146476686364,True,1.5466404822911206,-16.053082425290206,-26.053082425290206,-1.41010830016684
train,1,2746,0,-10.0,274.8748748748749,396,111.06845340775634,13.25539086731273,44.784505994395246,True,1.5466404822911206,-15.97417125011007,-25.974171250110068,-1.3311971249867014
train,1,2746,0,-5.0,274.8748748748749,392,62.311577830897605,-0.059990447229312564,41.760848248848575,True,0.9278756260227895,-5.933292207700267,-10.933292207700267,13.709681917423097
train,1,2746,0,0.0,274.8748748748749,392,62.311577830897605,-0.059990447229312564,41.760848248848575,True,0.9278756260227895,-5.933292207700267,-5.933292207700267,18.709681917423097
train,1,2746,0,5.0,274.8748748748749,392,62.311577830897605,-0.059990447229312564,41.760848248848575,True,0.9278756260227895,-5.933292207700267,-0.9332922077002674,23.709681917423097
train,1,2746,0,10.0,274.8748748748749,392,62.311577830897605,-0.059990447229312564,41.760848248848575,True,0.9278756260227895,-5.933292207700267,4.066707792299733,28.709681917423097
train,1,2746,0,15.0,274.8748748748749,392,62.311577830897605,-0.059990447229312564,41.760848248848575,True,0.9278756260227895,-5.933292207700267,9.066707792299733,33.7096819174231
train,1,2746,2,-10.0,274.8748748748749,392,71.80830411184344,-0.007252327323704633,-14.024332482072166,True,3.612840240622053,-5.945307381718793,-15.945307381718793,8.697666743404575
train,1,2746,2,-10.0,274.8748748748749,396,112.36450789929455,10.40886005159885,-31.651671724340574,True,1.189174170318264,-13.723486740501269,-23.72348674050127,0.9194873846220979
train,1,2746,2,-5.0,274.8748748748749,392,71.80830411184344,-0.007252327323704633,-14.024332482072166,True,3.612840240622053,-5.945307381718793,-10.945307381718793,13.697666743404575
train,1,2746,2,-5.0,274.8748748748749,396,112.36450789929455,10.40886005159885,-31.651671724340574,True,1.189174170318264,-13.723486740501269,-18.72348674050127,5.919487384622098
train,1,2746,2,0.0,274.8748748748749,392,71.80830411184344,-0.007252327323704633,-14.024332482072166,True,3.612840240622053,-5.945307381718793,-5.945307381718793,18.697666743404575
train,1,2746,2,0.0,274.8748748748749,396,112.36450789929455,10.40886005159885,-31.651671724340574,True,1.189174170318264,-13.723486740501269,-13.723486740501269,10.919487384622098
train,1,2746,2,5.0,274.8748748748749,392,71.80830411184344,-0.007252327323704633,-14.024332482072166,True,3.612840240622053,-5.945307381718793,-0.9453073817187931,23.697666743404575
train,1,2746,2,5.0,274.8748748748749,396,112.36450789929455,10.40886005159885,-31.651671724340574,True,1.189174170318264,-13.723486740501269,-8.723486740501269,15.919487384622101
train,1,2746,2,10.0,274.8748748748749,392,71.80830411184344,-0.007252327323704633,-14.024332482072166,True,3.612840240622053,-5.945307381718793,4.054692618281207,28.697666743404575
train,1,2746,2,10.0,274.8748748748749,396,112.36450789929455,10.40886005159885,-31.651671724340574,True,1.189174170318264,-13.723486740501269,-3.7234867405012686,20.9194873846221
train,1,2746,2,15.0,274.8748748748749,392,71.80830411184344,-0.007252327323704633,-14.024332482072166,True,3.612840240622053,-5.945307381718793,9.054692618281207,33.697666743404575
train,1,2746,2,15.0,274.8748748748749,396,112.36450789929455,10.40886005159885,-31.651671724340574,True,1.189174170318264,-13.723486740501269,1.2765132594987314,25.9194873846221
train,1,4566,0,-10.0,457.0570570570571,442,64.47495994888118,-0.2041923538448993,42.64864575452897,True,7.729238354980631,-11.957516744683396,-21.957516744683396,2.6854573804399706
train,1,4566,0,-10.0,457.0570570570571,457,139.33988110252056,-21.084484883519178,41.25163275096766,False,,-25.34489092819846,-35.34489092819846,-10.701916803075093
train,1,4566,0,-10.0,457.0570570570571,458,104.81727938172584,-19.088254974633983,43.29516267454947,False,,-20.39918882520018,-30.39918882520018,-5.756214700076814
train,1,4566,0,-10.0,457.0570570570571,459,89.98077558541331,-19.56594761715885,44.121948559661796,False,,-17.747862792563918,-27.747862792563918,-3.1048886674405516
train,1,4566,0,-5.0,457.0570570570571,442,64.47495994888118,-0.2041923538448993,42.64864575452897,True,7.729238354980631,-11.957516744683396,-16.957516744683396,7.685457380439971
train,1,4566,0,-5.0,457.0570570570571,457,139.33988110252056,-21.084484883519178,41.25163275096766,False,,-25.34489092819846,-30.34489092819846,-5.701916803075093
train,1,4566,0,-5.0,457.0570570570571,458,104.81727938172584,-19.088254974633983,43.29516267454947,False,,-20.39918882520018,-25.39918882520018,-0.7562147000768142
train,1,4566,0,0.0,457.0570570570571,442,64.47495994888118,-0.2041923538448993,42.64864575452897,True,7.729238354980631,-11.957516744683396,-11.957516744683396,12.68545738043997
train,1,4566,0,0.0,457.0570570570571,457,139.33988110252056,-21.084484883519178,41.25163275096766,False,,-25.34489092819846,-25.34489092819846,-0.7019168030750933
train,1,4566,0,5.0,457.0570570570571,442,64.47495994888118,-0.2041923538448993,42.64864575452897,True,7.729238354980631,-11.957516744683396,-6.957516744683396,17.68545738043997
train,1,4566,0,10.0,457.0570570570571,442,64.47495994888118,-0.2041923538448993,42.64864575452897,True,7.729238354980631,-11.957516744683396,-1.9575167446833959,22.68545738043997
train,1,4566,0,15.0,457.0570570570571,442,64.47495994888118,-0.2041923538448993,42.64864575452897,True,7.729238354980631,-11.957516744683396,3.042483255316604,27.68545738043997
train,1,4566,1,-10.0,457.0570570570571,456,64.04346734561014,-8.367763656643424,-1.6034707035491613,False,,-34.97668274980622,-44.97668274980622,-20.333708624682856
train,1,4566,1,-10.0,457.0570570570571,461,65.45135597597552,14.292476350192398,0.8291649505180553,False,,-35.354435213287346,-45.354435213287346,-20.71146108816398
train,1,4566,1,-5.0,457.0570570570571,456,64.04346734561014,-8.367763656643424,-1.6034707035491613,False,,-34.97668274980622,-39.97668274980622,-15.333708624682856
train,1,4566,1,-5.0,457.0570570570571,461,65.45135597597552,14.292476350192398,0.8291649505180553,False,,-35.354435213287346,-40.354435213287346,-15.71146108816398
train,1,4566,1,0.0,457.0570570570571,456,64.04346734561014,-8.367763656643424,-1.6034707035491613,False,,-34.97668274980622,-34.97668274980622,-10.333708624682856
train,1,4566,1,0.0,457.0570570570571,461,65.45135597597552,14.292476350192398,0.8291649505180553,False,,-35.354435213287346,-35.354435213287346,-10.71146108816398
train,1,4566,1,5.0,457.0570570570571,456,64.04346734561014,-8.367763656643424,-1.6034707035491613,False,,-34.97668274980622,-29.976682749806223,-5.333708624682856
train,1,4566,1,5.0,457.0570570570571,461,65.45135597597552,14.292476350192398,0.8291649505180553,False,,-35.354435213287346,-30.354435213287346,-5.711461088163979
train,1,4566,1,10.0,457.0570570570571,456,64.04346734561014,-8.367763656643424,-1.6034707035491613,False,,-34.97668274980622,-24.976682749806223,-0.3337086246828562
train,1,4566,1,10.0,457.0570570570571,461,65.45135597597552,14.292476350192398,0.8291649505180553,False,,-35.354435213287346,-25.354435213287346,-0.7114610881639791
train,1,4566,2,-10.0,457.0570570570571,442,73.95038052409612,-0.19702259332246017,-14.83494917079423,True,6.432257416655793,-25.45636671003189,-35.45636671003189,-10.81339258490852
train,1,4566,2,-10.0,457.0570570570571,455,77.64838050952575,2.1055312997101865,-8.402691754138436,True,6.432257416655793,-26.304046275117003,-36.304046275117,-11.661072149993636
train,1,4566,2,-10.0,457.0570570570571,457,134.03210243948973,-18.147442930682743,-40.87799583640127,False,,-35.78710338810663,-45.78710338810663,-21.144129262983263
train,1,4566,2,-10.0,457.0570570570571,458,105.56514341673012,-14.903407268206985,-31.217027937835113,False,,-31.639571869267144,-41.639571869267144,-16.996597744143777
train,1,4566,2,-10.0,457.0570570570571,459,94.09099741241337,-14.22864188348611,-25.73357461175042,False,,-29.640673079047893,-39.64067307904789,-14.997698953924527
train,1,4566,2,-10.0,457.0570570570571,460,68.73111428110145,-8.703456798261143,-1.161436329963422,False,,-24.18488558011315,-34.184885580113146,-9.54191145498978
train,1,4566,2,-5.0,457.0570570570571,442,73.95038052409612,-0.19702259332246017,-14.83494917079423,True,6.432257416655793,-25.45636671003189,-30.45636671003189,-5.813392584908524
train,1,4566,2,-5.0,457.0570570570571,455,77.64838050952575,2.1055312997101865,-8.402691754138436,True,6.432257416655793,-26.304046275117003,-31.304046275117003,-6.661072149993636
train,1,4566,2,-5.0,457.0570570570571,457,134.03210243948973,-18.147442930682743,-40.87799583640127,False,,-35.78710338810663,-40.78710338810663,-16.144129262983263
train,1,4566,2,-5.0,457.0570570570571,458,105.56514341673012,-14.903407268206985,-31.217027937835113,False,,-31.639571869267144,-36.639571869267144,-11.996597744143777
train,1,4566,2,-5.0,457.0570570570571,459,94.09099741241337,-14.22864188348611,-25.73357461175042,False,,-29.640673079047893,-34.64067307904789,-9.997698953924527
train,1,4566,2,-5.0,457.0570570570571,460,68.73111428110145,-8.703456798261143,-1.161436329963422,False,,-24.18488558011315,-29.18488558011315,-4.541911454989783
train,1,4566,2,0.0,457.0570570570571,442,73.95038052409612,-0.19702259332246017,-14.83494917079423,True,6.432257416655793,-25.45636671003189,-25.45636671003189,-0.8133925849085237
train,1,4566,2,0.0,457.0570570570571,455,77.64838050952575,2.1055312997101865,-8.402691754138436,True,6.432257416655793,-26.304046275117003,-26.304046275117003,-1.661072149993636
train,1,4566,2,0.0,457.0570570570571,457,134.03210243948973,-18.147442930682743,-40.87799583640127,False,,-35.78710338810663,-35.78710338810663,-11.144129262983263
train,1,4566,2,0.0,457.0570570570571,458,105.56514341673012,-14.903407268206985,-31.217027937835113,False,,-31.639571869267144,-31.639571869267144,-6.996597744143777
train,1,4566,2,0.0,457.0570570570571,459,94.09099741241337,-14.22864188348611,-25.73357461175042,False,,-29.640673079047893,-29.640673079047893,-4.997698953924527
train,1,4566,2,5.0,457.0570570570571,455,77.64838050952575,2.1055312997101865,-8.402691754138436,True,6.432257416655793,-26.304046275117003,-21.304046275117003,3.338927850006364
train,1,4566,2,5.0,457.0570570570571,457,134.03210243948973,-18.147442930682743,-40.87799583640127,False,,-35.78710338810663,-30.78710338810663,-6.144129262983263
train,1,4566,2,5.0,457.0570570570571,458,105.56514341673012,-14.903407268206985,-31.217027937835113,False,,-31.639571869267144,-26.639571869267144,-1.9965977441437772
train,1,4566,2,5.0,457.0570570570571,459,94.09099741241337,-14.22864188348611,-25.73357461175042,False,,-29.640673079047893,-24.640673079047893,0.002301046075473323
train,1,4566,2,10.0,457.0570570570571,455,77.64838050952575,2.1055312997101865,-8.402691754138436,True,6.432257416655793,-26.304046275117003,-16.304046275117003,8.338927850006364
train,1,4566,2,10.0,457.0570570570571,457,134.03210243948973,-18.147442930682743,-40.87799583640127,False,,-35.78710338810663,-25.78710338810663,-1.1441292629832631
train,1,4566,2,15.0,457.0570570570571,455,77.64838050952575,2.1055312997101865,-8.402691754138436,True,6.432257416655793,-26.304046275117003,-11.304046275117003,13.338927850006364
train,1,5480,0,-10.0,548.5485485485485,487,138.35643363267462,-15.363956009901269,41.11036706008904,False,,-25.348097415792452,-35.34809741579245,-10.705123290669086
train,1,5480,0,-10.0,548.5485485485485,494,85.78469916367965,21.542613730353118,49.392860977935825,False,,-17.044516366370356,-27.044516366370356,-2.4015422412469896
train,1,5480,0,-10.0,548.5485485485485,496,121.10239426825301,15.738830271121632,43.74887514633572,False,,-23.0342322426457,-33.0342322426457,-8.391258117522334
train,1,5480,0,-5.0,548.5485485485485,487,138.35643363267462,-15.363956009901269,41.11036706008904,False,,-25.348097415792452,-30.348097415792452,-5.705123290669086
train,1,5480,0,-5.0,548.5485485485485,496,121.10239426825301,15.738830271121632,43.74887514633572,False,,-23.0342322426457,-28.0342322426457,-3.3912581175223337
train,1,5480,0,0.0,548.5485485485485,487,138.35643363267462,-15.363956009901269,41.11036706008904,False,,-25.348097415792452,-25.348097415792452,-0.7051232906690856
train,1,5480,1,-10.0,548.5485485485485,488,18.15458418380802,0.03580377492168841,39.21279984581936,True,6.557616665902823,-17.87186450290515,-27.87186450290515,-3.2288903777817843
train,1,5480,1,-10.0,548.5485485485485,489,46.12631110348164,-20.463971818734557,-50.11013804715114,False,,-34.07036120769248,-44.07036120769248,-19.427387082569112
train,1,5480,1,-10.0,548.5485485485485,490,25.496631744870243,-20.4544293130462,-47.31350961005114,False,,-23.77172470970139,-33.77172470970139,-9.128750584578022
train,1,5480,1,-10.0,548.5485485485485,491,40.42690771236871,8.818110047644035,7.916940720970174,False,,-31.77923317745462,-41.77923317745462,-17.136259052331255
train,1,5480,1,-10.0,548.5485485485485,495,78.64860747923152,18.21772213429099,-46.53911473689545,False,,-43.34005375838899,-53.34005375838899,-28.697079633265623
train,1,5480,1,-5.0,548.5485485485485,489,46.12631110348164,-20.463971818734557,-50.11013804715114,False,,-34.07036120769248,-39.07036120769248,-14.427387082569112
train,1,5480,1,-5.0,548.5485485485485,490,25.496631744870243,-20.4544293130462,-47.31350961005114,False,,-23.77172470970139,-28.77172470970139,-4.128750584578025
train,1,5480,1,-5.0,548.5485485485485,491,40.42690771236871,8.818110047644035,7.916940720970174,False,,-31.77923317745462,-36.77923317745462,-12.136259052331255
train,1,5480,1,-5.0,548.5485485485485,495,78.64860747923152,18.21772213429099,-46.53911473689545,False,,-43.34005375838899,-48.34005375838899,-23.697079633265623
train,1,5480,1,0.0,548.5485485485485,489,46.12631110348164,-20.463971818734557,-50.11013804715114,False,,-34.07036120769248,-34.07036120769248,-9.427387082569112
train,1,5480,1,0.0,548.5485485485485,491,40.42690771236871,8.818110047644035,7.916940720970174,False,,-31.77923317745462,-31.77923317745462,-7.136259052331255
train,1,5480,1,0.0,548.5485485485485,495,78.64860747923152,18.21772213429099,-46.53911473689545,False,,-43.34005375838899,-43.34005375838899,-18.697079633265623
train,1,5480,1,5.0,548.5485485485485,489,46.12631110348164,-20.463971818734557,-50.11013804715114,False,,-34.07036120769248,-29.07036120769248,-4.427387082569112
train,1,5480,1,5.0,548.5485485485485,491,40.42690771236871,8.818110047644035,7.916940720970174,False,,-31.77923317745462,-26.77923317745462,-2.136259052331255
train,1,5480,1,5.0,548.5485485485485,495,78.64860747923152,18.21772213429099,-46.53911473689545,False,,-43.34005375838899,-38.34005375838899,-13.697079633265623
train,1,5480,1,10.0,548.5485485485485,495,78.64860747923152,18.21772213429099,-46.53911473689545,False,,-43.34005375838899,-33.34005375838899,-8.697079633265623
train,1,5480,1,15.0,548.5485485485485,495,78.64860747923152,18.21772213429099,-46.53911473689545,False,,-43.34005375838899,-28.34005375838899,-3.6970796332656235
train,1,5480,2,-10.0,548.5485485485485,487,132.99544638197622,-13.132478759818856,-40.83657974915061,False,,-22.01728564881805,-32.017285648818046,-7.374311523694679
train,1,5480,2,-10.0,548.5485485485485,488,70.53138711843962,-0.17782889126655488,-14.085802568652115,True,24.241640164929485,-10.999111793018148,-20.999111793018148,3.6438623321052184
train,1,5480,2,-10.0,548.5485485485485,490,70.8362802986753,5.707438328482649,10.15583759627737,True,17.220128962416833,-11.074044701496703,-21.074044701496703,3.5689294236266633
train,1,5480,2,-10.0,548.5485485485485,494,95.55366106035557,14.523005986107771,-20.299502767907423,False,,-16.273708044500673,-26.273708044500673,-1.630733919377306
train,1,5480,2,-10.0,548.5485485485485,496,120.13384105898996,12.840936449861918,-34.95518867038166,False,,-20.250429313175907,-30.250429313175907,-5.6074551880525405
train,1,5480,2,-5.0,548.5485485485485,487,132.99544638197622,-13.132478759818856,-40.83657974915061,False,,-22.01728564881805,-27.01728564881805,-2.374311523694683
train,1,5480,2,-5.0,548.5485485485485,488,70.53138711843962,-0.17782889126655488,-14.085802568652115,True,24.241640164929485,-10.999111793018148,-15.999111793018148,8.643862332105218
train,1,5480,2,-5.0,548.5485485485485,490,70.8362802986753,5.707438328482649,10.15583759627737,True,17.220128962416833,-11.074044701496703,-16.074044701496703,8.568929423626663
train,1,5480,2,-5.0,548.5485485485485,496,120.13384105898996,12.840936449861918,-34.95518867038166,False,,-20.250429313175907,-25.250429313175907,-0.6074551880525405
train,1,5480,2,0.0,548.5485485485485,488,70.53138711843962,-0.17782889126655488,-14.085802568652115,True,24.241640164929485,-10.999111793018148,-10.999111793018148,13.643862332105215
train,1,5480,2,0.0,548.5485485485485,490,70.8362802986753,5.707438328482649,10.15583759627737,True,17.220128962416833,-11.074044701496703,-11.074044701496703,13.568929423626663
train,1,5480,2,5.0,548.5485485485485,488,70.53138711843962,-0.17782889126655488,-14.085802568652115,True,24.241640164929485,-10.999111793018148,-5.999111793018148,18.643862332105215
train,1,5480,2,5.0,548.5485485485485,490,70.8362802986753,5.707438328482649,10.15583759627737,True,17.220128962416833,-11.074044701496703,-6.074044701496703,18.568929423626663
train,1,5480,2,10.0,548.5485485485485,488,70.53138711843962,-0.17782889126655488,-14.085802568652115,True,24.241640164929485,-10.999111793018148,-0.9991117930181481,23.643862332105215
train,1,5480,2,10.0,548.5485485485485,490,70.8362802986753,5.707438328482649,10.15583759627737,True,17.220128962416833,-11.074044701496703,-1.0740447014967032,23.568929423626663
train,1,5480,2,15.0,548.5485485485485,488,70.53138711843962,-0.17782889126655488,-14.085802568652115,True,24.241640164929485,-10.999111793018148,4.000888206981852,28.643862332105215
train,1,5480,2,15.0,548.5485485485485,490,70.8362802986753,5.707438328482649,10.15583759627737,True,17.220128962416833,-11.074044701496703,3.925955298503297,28.568929423626663
train,1,5488,0,-10.0,549.3493493493494,496,108.7915902223081,14.801951712881865,44.692989561233965,False,,-18.902682524873434,-28.902682524873434,-4.2597083997500675
train,1,5488,0,-10.0,549.3493493493494,497,127.32253732906455,16.68578646771548,43.547016742804395,False,,-21.635080919446445,-31.635080919446445,-6.992106794323078
train,1,5488,0,-5.0,549.3493493493494,497,127.32253732906455,16.68578646771548,43.547016742804395,False,,-21.635080919446445,-26.635080919446445,-1.9921067943230781
train,1,5488,1,-10.0,549.3493493493494,489,62.593371190230336,-20.647742100133748,-50.709577194928876,False,,-24.997296741478916,-34.99729674147892,-10.354322616355553
train,1,5488,1,-10.0,549.3493493493494,490,42.11853316032966,-20.940971284895234,-50.039701922008355,False,,-18.115092548137046,-28.115092548137046,-3.4721184230136792
train,1,5488,1,-10.0,549.3493493493494,495,64.79334020813798,15.984936177308976,-44.465501278329555,False,,-25.597377800747662,-35.597377800747665,-10.954403675624299
train,1,5488,1,-5.0,549.3493493493494,489,62.593371190230336,-20.647742100133748,-50.709577194928876,False,,-24.997296741478916,-29.997296741478916,-5.3543226163555495
train,1,5488,1,-5.0,549.3493493493494,495,64.79334020813798,15.984936177308976,-44.465501278329555,False,,-25.597377800747662,-30.597377800747662,-5.954403675624295
train,1,5488,1,0.0,549.3493493493494,489,62.593371190230336,-20.647742100133748,-50.709577194928876,False,,-24.997296741478916,-24.997296741478916,-0.3543226163555495
train,1,5488,1,0.0,549.3493493493494,495,64.79334020813798,15.984936177308976,-44.465501278329555,False,,-25.597377800747662,-25.597377800747662,-0.9544036756242953
train,1,5488,2,-10.0,549.3493493493494,489,69.38107033146696,-4.33522098318887,41.209037122542206,True,17.2406385635318,-9.911190627868267,-19.911190627868265,4.731783497255101
train,1,5488,2,-10.0,549.3493493493494,490,67.9864355637376,1.2993153942810036,23.96839855901041,True,17.2406385635318,-9.558441705801673,-19.558441705801673,5.084532419321693
train,1,5488,2,-10.0,549.3493493493494,496,110.31171398806009,11.554117216162727,-31.135709827792535,False,,-17.96641611647795,-27.96641611647795,-3.323441991354585
train,1,5488,2,-10.0,549.3493493493494,497,125.4689258049826,13.828717534379523,-36.463926402380956,False,,-20.202998006559234,-30.202998006559234,-5.560023881435868
train,1,5488,2,-5.0,549.3493493493494,488,70.72578834634925,-0.6780225370177551,-14.162107054375724,True,38.130505613386134,-10.244662694810252,-15.244662694810252,9.398311430313115
train,1,5488,2,-5.0,549.3493493493494,489,69.38107033146696,-4.33522098318887,41.209037122542206,True,17.2406385635318,-9.911190627868267,-14.911190627868267,9.731783497255101
train,1,5488,2,-5.0,549.3493493493494,490,67.9864355637376,1.2993153942810036,23.96839855901041,True,17.2406385635318,-9.558441705801673,-14.558441705801673,10.084532419321693
train,1,5488,2,-5.0,549.3493493493494,497,125.4689258049826,13.828717534379523,-36.463926402380956,False,,-20.202998006559234,-25.202998006559234,-0.5600238814358676
train,1,5488,2,0.0,549.3493493493494,488,70.72578834634925,-0.6780225370177551,-14.162107054375724,True,38.130505613386134,-10.244662694810252,-10.244662694810252,14.398311430313115
train,1,5488,2,0.0,549.3493493493494,489,69.38107033146696,-4.33522098318887,41.209037122542206,True,17.2406385635318,-9.911190627868267,-9.911190627868267,14.731783497255101
train,1,5488,2,0.0,549.3493493493494,490,67.9864355637376,1.2993153942810036,23.96839855901041,True,17.2406385635318,-9.558441705801673,-9.558441705801673,15.08453241932169
train,1,5488,2,5.0,549.3493493493494,488,70.72578834634925,-0.6780225370177551,-14.162107054375724,True,38.130505613386134,-10.244662694810252,-5.244662694810252,19.398311430313115
train,1,5488,2,5.0,549.3493493493494,489,69.38107033146696,-4.33522098318887,41.209037122542206,True,17.2406385635318,-9.911190627868267,-4.911190627868267,19.7317834972551
train,1,5488,2,5.0,549.3493493493494,490,67.9864355637376,1.2993153942810036,23.96839855901041,True,17.2406385635318,-9.558441705801673,-4.558441705801673,20.08453241932169
train,1,5488,2,10.0,549.3493493493494,488,70.72578834634925,-0.6780225370177551,-14.162107054375724,True,38.130505613386134,-10.244662694810252,-0.24466269481025193,24.398311430313115
train,1,5488,2,10.0,549.3493493493494,489,69.38107033146696,-4.33522098318887,41.209037122542206,True,17.2406385635318,-9.911190627868267,0.0888093721317329,24.7317834972551
train,1,5488,2,10.0,549.3493493493494,490,67.9864355637376,1.2993153942810036,23.96839855901041,True,17.2406385635318,-9.558441705801673,0.4415582941983267,25.08453241932169
train,1,5488,2,15.0,549.3493493493494,488,70.72578834634925,-0.6780225370177551,-14.162107054375724,True,38.130505613386134,-10.244662694810252,4.755337305189748,29.398311430313115
train,1,5488,2,15.0,549.3493493493494,489,69.38107033146696,-4.33522098318887,41.209037122542206,True,17.2406385635318,-9.911190627868267,5.088809372131733,29.7317834972551
train,1,5488,2,15.0,549.3493493493494,490,67.9864355637376,1.2993153942810036,23.96839855901041,True,17.2406385635318,-9.558441705801673,5.441558294198327,30.08453241932169
train,1,5489,0,-10.0,549.4494494494495,493,84.28075264570334,-24.13873207248904,44.634125707103536,False,,-14.816867123823439,-24.81686712382344,-0.17389299870007235
train,1,5489,0,-10.0,549.4494494494495,496,107.31280223403499,14.657841750555017,44.816500497191576,False,,-19.013792337735026,-29.013792337735026,-4.37081821261166
train,1,5489,0,-10.0,549.4494494494495,497,125.6485045307889,16.637644337025993,43.660281885438735,False,,-21.75402387122825,-31.75402387122825,-7.111049746104882
train,1,5489,0,-5.0,549.4494494494495,497,125.6485045307889,16.637644337025993,43.660281885438735,False,,-21.75402387122825,-26.75402387122825,-2.1110497461048823
train,1,5489,1,-10.0,549.4494494494495,489,64.65929911496173,-20.663489604876464,-50.74051913023658,False,,-24.76703068389022,-34.76703068389022,-10.124056558766853
train,1,5489,1,-10.0,549.4494494494495,490,44.217733350454544,-20.967786094871233,-50.19114151929877,False,,-18.165650032145994,-28.165650032145994,-3.5226759070226272
train,1,5489,1,-10.0,549.4494494494495,495,63.20236151472951,15.65756578508376,-44.13258456085338,False,,-24.371123204633886,-34.37112320463389,-9.728149079510523
train,1,5489,1,-5.0,549.4494494494495,489,64.65929911496173,-20.663489604876464,-50.74051913023658,False,,-24.76703068389022,-29.76703068389022,-5.124056558766853
train,1,5489,1,-5.0,549.4494494494495,495,63.20236151472951,15.65756578508376,-44.13258456085338,False,,-24.371123204633886,-29.371123204633886,-4.728149079510519
train,1,5489,1,0.0,549.4494494494495,489,64.65929911496173,-20.663489604876464,-50.74051913023658,False,,-24.76703068389022,-24.76703068389022,-0.12405655876685273
train,1,5489,2,-10.0,549.4494494494495,488,70.79202601008193,-0.7916463032591041,-14.176044878093709,True,39.932287555641295,-10.208244146589108,-20.20824414658911,4.434729978534257
train,1,5489,2,-10.0,549.4494494494495,496,109.16179293408386,11.379363083099584,-30.634224492133626,False,,-17.731696886192985,-27.731696886192985,-3.0887227610696186
train,1,5489,2,-10.0,549.4494494494495,497,124.08517924037234,13.729336003976986,-36.01567996211292,False,,-19.957666975078066,-29.957666975078066,-5.3146928499546995
train,1,5489,2,-5.0,549.4494494494495,488,70.79202601008193,-0.7916463032591041,-14.176044878093709,True,39.932287555641295,-10.208244146589108,-15.208244146589108,9.434729978534257
train,1,5489,2,-5.0,549.4494494494495,497,124.08517924037234,13.729336003976986,-36.01567996211292,False,,-19.957666975078066,-24.957666975078066,-0.3146928499546995
train,1,5489,2,0.0,549.4494494494495,488,70.79202601008193,-0.7916463032591041,-14.176044878093709,True,39.932287555641295,-10.208244146589108,-10.208244146589108,14.434729978534257
train,1,5489,2,5.0,549.4494494494495,488,70.79202601008193,-0.7916463032591041,-14.176044878093709,True,39.932287555641295,-10.208244146589108,-5.208244146589108,19.434729978534257
train,1,5489,2,10.0,549.4494494494495,488,70.79202601008193,-0.7916463032591041,-14.176044878093709,True,39.932287555641295,-10.208244146589108,-0.20824414658910761,24.434729978534257
train,1,5489,2,15.0,549.4494494494495,488,70.79202601008193,-0.7916463032591041,-14.176044878093709,True,39.932287555641295,-10.208244146589108,4.791755853410892,29.434729978534257
train,1,5490,0,-10.0,549.5495495495496,493,86.69755634804092,-24.128819418300907,44.42868801856926,False,,-15.71792872081393,-25.71792872081393,-1.0749545956905635
train,1,5490,0,-10.0,549.5495495495496,496,105.84842178489359,14.509366111631934,44.938141066176,False,,-19.185029935195832,-29.185029935195832,-4.5420558100724655
train,1,5490,0,-10.0,549.5495495495496,497,123.96216735615067,16.574100145932164,43.77551527862733,False,,-21.92922088852147,-31.92922088852147,-7.286246763398104
train,1,5490,0,-5.0,549.5495495495496,497,123.96216735615067,16.574100145932164,43.77551527862733,False,,-21.92922088852147,-26.92922088852147,-2.286246763398104
train,1,5490,1,-10.0,549.5495495495496,489,66.72520899749524,-20.68138205564214,-50.765201254131334,False,,-24.77137160015073,-34.77137160015073,-10.128397475027363
train,1,5490,1,-10.0,549.5495495495496,490,46.31799154329035,-20.990877231344435,-50.31849011248325,False,,-18.429762653617278,-28.429762653617278,-3.7867885284939113
train,1,5490,1,-10.0,549.5495495495496,495,61.6464625141923,15.32164239028679,-43.78145460560827,False,,-23.39610030308361,-33.396100303083614,-8.753126177960247
train,1,5490,1,-5.0,549.5495495495496,489,66.72520899749524,-20.68138205564214,-50.765201254131334,False,,-24.77137160015073,-29.77137160015073,-5.128397475027363
train,1,5490,1,-5.0,549.5495495495496,495,61.6464625141923,15.32164239028679,-43.78145460560827,False,,-23.39610030308361,-28.39610030308361,-3.753126177960244
train,1,5490,1,0.0,549.5495495495496,489,66.72520899749524,-20.68138205564214,-50.765201254131334,False,,-24.77137160015073,-24.77137160015073,-0.12839747502736287
train,1,5490,2,-10.0,549.5495495495496,488,70.87340536324967,-0.9107195355397367,-14.191806927627194,True,21.27850024709001,-10.183235652697098,-20.1832356526971,4.459738472426267
train,1,5490,2,-10.0,549.5495495495496,489,70.35776141198102,-5.38478864363617,44.520703807641745,True,16.97376663554708,-10.056384152224652,-20.056384152224652,4.5865899728987145
train,1,5490,2,-10.0,549.5495495495496,493,91.76198748035901,-17.20582946974626,-24.27261861694709,False,,-14.670416090235456,-24.670416090235456,-0.027441965112089406
train,1,5490,2,-10.0,549.5495495495496,496,108.02711166485075,11.20195865124784,-30.130374791608265,False,,-17.505214211941052,-27.505214211941052,-2.8622400868176854
train,1,5490,2,-10.0,549.5495495495496,497,122.69670611889862,13.615708519636035,-35.55557524876231,False,,-19.71721979111264,-29.71721979111264,-5.074245665989274
train,1,5490,2,-5.0,549.5495495495496,488,70.87340536324967,-0.9107195355397367,-14.191806927627194,True,21.27850024709001,-10.183235652697098,-15.183235652697098,9.459738472426267
train,1,5490,2,-5.0,549.5495495495496,489,70.35776141198102,-5.38478864363617,44.520703807641745,True,16.97376663554708,-10.056384152224652,-15.056384152224652,9.586589972898715
train,1,5490,2,-5.0,549.5495495495496,497,122.69670611889862,13.615708519636035,-35.55557524876231,False,,-19.71721979111264,-24.71721979111264,-0.07424566598927385
train,1,5490,2,0.0,549.5495495495496,488,70.87340536324967,-0.9107195355397367,-14.191806927627194,True,21.27850024709001,-10.183235652697098,-10.183235652697098,14.459738472426267
train,1,5490,2,0.0,549.5495495495496,489,70.35776141198102,-5.38478864363617,44.520703807641745,True,16.97376663554708,-10.056384152224652,-10.056384152224652,14.586589972898715
train,1,5490,2,5.0,549.5495495495496,488,70.87340536324967,-0.9107195355397367,-14.191806927627194,True,21.27850024709001,-10.183235652697098,-5.183235652697098,19.459738472426267
train,1,5490,2,5.0,549.5495495495496,489,70.35776141198102,-5.38478864363617,44.520703807641745,True,16.97376663554708,-10.056384152224652,-5.056384152224652,19.586589972898715
train,1,5490,2,10.0,549.5495495495496,488,70.87340536324967,-0.9107195355397367,-14.191806927627194,True,21.27850024709001,-10.183235652697098,-0.18323565269709796,24.459738472426267
train,1,5490,2,10.0,549.5495495495496,489,70.35776141198102,-5.38478864363617,44.520703807641745,True,16.97376663554708,-10.056384152224652,-0.056384152224651984,24.586589972898715
train,1,5490,2,15.0,549.5495495495496,488,70.87340536324967,-0.9107195355397367,-14.191806927627194,True,21.27850024709001,-10.183235652697098,4.816764347302902,29.459738472426267
train,1,5490,2,15.0,549.5495495495496,489,70.35776141198102,-5.38478864363617,44.520703807641745,True,16.97376663554708,-10.056384152224652,4.943615847775348,29.586589972898715
train,1,5491,0,-10.0,549.6496496496496,493,89.11270109406877,-24.117843945702344,44.22928605563072,False,,-16.724552028431074,-26.724552028431074,-2.081577903307707
train,1,5491,0,-10.0,549.6496496496496,496,104.39791614923882,14.356261496139316,45.05932384349877,False,,-19.474640915952076,-29.474640915952076,-4.831666790828709
train,1,5491,0,-10.0,549.6496496496496,497,122.27883634185406,16.484381592038137,43.89172927824567,False,,-22.22101960353482,-32.22101960353482,-7.578045478411454
train,1,5491,0,-5.0,549.6496496496496,496,104.39791614923882,14.356261496139316,45.05932384349877,False,,-19.474640915952076,-24.474640915952076,0.16833320917129058
train,1,5491,0,-5.0,549.6496496496496,497,122.27883634185406,16.484381592038137,43.89172927824567,False,,-22.22101960353482,-27.22101960353482,-2.578045478411454
train,1,5491,1,-10.0,549.6496496496496,488,17.96054952035734,0.5140247984470143,40.58128365746185,False,,-18.510679775608537,-28.510679775608537,-3.8677056504851706
train,1,5491,1,-10.0,549.6496496496496,489,68.79309197356153,-20.70234108570685,-50.7812926340812,False,,-41.83968815519602,-51.83968815519602,-27.196714030072656
train,1,5491,1,-10.0,549.6496496496496,490,48.41823189671487,-21.012550306004005,-50.42567469964558,False,,-35.73825201313196,-45.73825201313196,-21.095277888008596
train,1,5491,1,-10.0,549.6496496496496,491,31.858368207073195,6.5551094893136606,13.15970006258093,False,,-28.46683606273508,-38.466836062735084,-13.823861937611717
train,1,5491,1,-10.0,549.6496496496496,492,23.959195640120882,-21.051734183655554,-45.68518879410801,False,,-23.516784319691105,-33.516784319691105,-8.873810194567739
train,1,5491,1,-10.0,549.6496496496496,495,60.12780959845168,14.980398153286291,-43.41358039372494,False,,-39.50091029505217,-49.50091029505217,-24.857936169928806
train,1,5491,1,-5.0,549.6496496496496,489,68.79309197356153,-20.70234108570685,-50.7812926340812,False,,-41.83968815519602,-46.83968815519602,-22.196714030072656
train,1,5491,1,-5.0,549.6496496496496,490,48.41823189671487,-21.012550306004005,-50.42567469964558,False,,-35.73825201313196,-40.73825201313196,-16.095277888008596
train,1,5491,1,-5.0,549.6496496496496,491,31.858368207073195,6.5551094893136606,13.15970006258093,False,,-28.46683606273508,-33.466836062735084,-8.823861937611717
train,1,5491,1,-5.0,549.6496496496496,492,23.959195640120882,-21.051734183655554,-45.68518879410801,False,,-23.516784319691105,-28.516784319691105,-3.8738101945677386
train,1,5491,1,-5.0,549.6496496496496,495,60.12780959845168,14.980398153286291,-43.41358039372494,False,,-39.50091029505217,-44.50091029505217,-19.857936169928806
train,1,5491,1,0.0,549.6496496496496,489,68.79309197356153,-20.70234108570685,-50.7812926340812,False,,-41.83968815519602,-41.83968815519602,-17.196714030072656
train,1,5491,1,0.0,549.6496496496496,490,48.41823189671487,-21.012550306004005,-50.42567469964558,False,,-35.73825201313196,-35.73825201313196,-11.095277888008596
train,1,5491,1,0.0,549.6496496496496,491,31.858368207073195,6.5551094893136606,13.15970006258093,False,,-28.46683606273508,-28.46683606273508,-3.8238619376117136
train,1,5491,1,0.0,549.6496496496496,495,60.12780959845168,14.980398153286291,-43.41358039372494,False,,-39.50091029505217,-39.50091029505217,-14.857936169928806
train,1,5491,1,5.0,549.6496496496496,489,68.79309197356153,-20.70234108570685,-50.7812926340812,False,,-41.83968815519602,-36.83968815519602,-12.196714030072656
train,1,5491,1,5.0,549.6496496496496,490,48.41823189671487,-21.012550306004005,-50.42567469964558,False,,-35.73825201313196,-30.738252013131962,-6.095277888008596
train,1,5491,1,5.0,549.6496496496496,495,60.12780959845168,14.980398153286291,-43.41358039372494,False,,-39.50091029505217,-34.50091029505217,-9.857936169928806
train,1,5491,1,10.0,549.6496496496496,489,68.79309197356153,-20.70234108570685,-50.7812926340812,False,,-41.83968815519602,-31.839688155196022,-7.1967140300726555
train,1,5491,1,10.0,549.6496496496496,490,48.41823189671487,-21.012550306004005,-50.42567469964558,False,,-35.73825201313196,-25.738252013131962,-1.0952778880085958
train,1,5491,1,10.0,549.6496496496496,495,60.12780959845168,14.980398153286291,-43.41358039372494,False,,-39.50091029505217,-29.500910295052172,-4.857936169928806
train,1,5491,1,15.0,549.6496496496496,489,68.79309197356153,-20.70234108570685,-50.7812926340812,False,,-41.83968815519602,-26.839688155196022,-2.1967140300726555
train,1,5491,2,-10.0,549.6496496496496,488,70.96572675322938,-1.0337685147973663,-14.208713036358123,True,22.975343896976497,-10.149316487520807,-20.149316487520807,4.49365763760256
train,1,5491,2,-10.0,549.6496496496496,489,70.92176154186795,-5.892639992203828,46.14302025658274,True,16.8060738464204,-10.138550859328788,-20.138550859328788,4.504423265794578
train,1,5491,2,-10.0,549.6496496496496,493,93.49611601135754,-17.460947007178852,-25.332859725791696,False,,-14.939113096160977,-24.939113096160977,-0.29613897103761033
train,1,5491,2,-10.0,549.6496496496496,496,106.90858342323547,11.020127821403383,-29.6228427584478,False,,-17.267873300836293,-27.267873300836293,-2.624899175712926
train,1,5491,2,-10.0,549.6496496496496,497,121.31634537560096,13.478952182107054,-35.08745684794547,False,,-19.464143052652524,-29.464143052652524,-4.821168927529158
train,1,5491,2,-5.0,549.6496496496496,488,70.96572675322938,-1.0337685147973663,-14.208713036358123,True,22.975343896976497,-10.149316487520807,-15.149316487520807,9.49365763760256
train,1,5491,2,-5.0,549.6496496496496,489,70.92176154186795,-5.892639992203828,46.14302025658274,True,16.8060738464204,-10.138550859328788,-15.138550859328788,9.504423265794578
train,1,5491,2,-5.0,549.6496496496496,497,121.31634537560096,13.478952182107054,-35.08745684794547,False,,-19.464143052652524,-24.464143052652524,0.1788310724708424
train,1,5491,2,0.0,549.6496496496496,488,70.96572675322938,-1.0337685147973663,-14.208713036358123,True,22.975343896976497,-10.149316487520807,-10.149316487520807,14.49365763760256
train,1,5491,2,0.0,549.6496496496496,489,70.92176154186795,-5.892639992203828,46.14302025658274,True,16.8060738464204,-10.138550859328788,-10.138550859328788,14.504423265794578
train,1,5491,2,5.0,549.6496496496496,488,70.96572675322938,-1.0337685147973663,-14.208713036358123,True,22.975343896976497,-10.149316487520807,-5.149316487520807,19.49365763760256
train,1,5491,2,5.0,549.6496496496496,489,70.92176154186795,-5.892639992203828,46.14302025658274,True,16.8060738464204,-10.138550859328788,-5.138550859328788,19.50442326579458
train,1,5491,2,10.0,549.6496496496496,488,70.96572675322938,-1.0337685147973663,-14.208713036358123,True,22.975343896976497,-10.149316487520807,-0.14931648752080662,24.49365763760256
train,1,5491,2,10.0,549.6496496496496,489,70.92176154186795,-5.892639992203828,46.14302025658274,True,16.8060738464204,-10.138550859328788,-0.13855085932878808,24.50442326579458
train,1,5491,2,15.0,549.6496496496496,488,70.96572675322938,-1.0337685147973663,-14.208713036358123,True,22.975343896976497,-10.149316487520807,4.850683512479193,29.49365763760256
train,1,5491,2,15.0,549.6496496496496,489,70.92176154186795,-5.892639992203828,46.14302025658274,True,16.8060738464204,-10.138550859328788,4.861449140671212,29.50442326579458
train,1,5492,0,-10.0,549.7497497497498,493,91.5256802231402,-24.106820888798776,44.03557687337955,False,,-17.770419183999437,-27.770419183999437,-3.12744505887607
train,1,5492,0,-10.0,549.7497497497498,496,102.95887353291509,14.19555756359867,45.180720662732696,False,,-19.815251866759944,-29.815251866759944,-5.172277741636577
train,1,5492,0,-10.0,549.7497497497498,497,120.60795314935999,16.36763077040316,44.00937431171563,False,,-22.56373845614494,-32.56373845614494,-7.920764331021573
train,1,5492,0,-5.0,549.7497497497498,496,102.95887353291509,14.19555756359867,45.180720662732696,False,,-19.815251866759944,-24.815251866759944,-0.17227774163657728
train,1,5492,0,-5.0,549.7497497497498,497,120.60795314935999,16.36763077040316,44.00937431171563,False,,-22.56373845614494,-27.56373845614494,-2.920764331021573
train,1,5492,1,-10.0,549.7497497497498,488,17.90765971650584,0.5737672853463361,40.87651188496822,False,,-18.123385860693126,-28.123385860693126,-3.48041173556976
train,1,5492,1,-10.0,549.7497497497498,489,70.86240009160755,-20.726468024752418,-50.78946516592047,False,,-42.01846683736106,-52.01846683736106,-27.375492712237694
train,1,5492,1,-10.0,549.7497497497498,490,50.517764890857784,-21.036023560867793,-50.517046518750234,False,,-36.139597624666,-46.139597624666,-21.496623499542636
train,1,5492,1,-10.0,549.7497497497498,491,31.210913009368717,6.330183354599425,13.687110001093181,False,,-27.774091458504714,-37.774091458504714,-13.131117333381347
train,1,5492,1,-10.0,549.7497497497498,492,26.076575780317626,-21.20636016760213,-46.482154446450394,False,,-24.65185500392262,-34.65185500392262,-10.008880878799253
train,1,5492,1,-10.0,549.7497497497498,495,58.641370194406335,14.634083234989484,-43.02437407728485,False,,-38.729996902909825,-48.729996902909825,-24.08702277778646
train,1,5492,1,-5.0,549.7497497497498,489,70.86240009160755,-20.726468024752418,-50.78946516592047,False,,-42.01846683736106,-47.01846683736106,-22.375492712237694
train,1,5492,1,-5.0,549.7497497497498,490,50.517764890857784,-21.036023560867793,-50.517046518750234,False,,-36.139597624666,-41.139597624666,-16.496623499542636
train,1,5492,1,-5.0,549.7497497497498,491,31.210913009368717,6.330183354599425,13.687110001093181,False,,-27.774091458504714,-32.774091458504714,-8.131117333381347
train,1,5492,1,-5.0,549.7497497497498,492,26.076575780317626,-21.20636016760213,-46.482154446450394,False,,-24.65185500392262,-29.65185500392262,-5.008880878799253
train,1,5492,1,-5.0,549.7497497497498,495,58.641370194406335,14.634083234989484,-43.02437407728485,False,,-38.729996902909825,-43.729996902909825,-19.08702277778646
train,1,5492,1,0.0,549.7497497497498,489,70.86240009160755,-20.726468024752418,-50.78946516592047,False,,-42.01846683736106,-42.01846683736106,-17.375492712237694
train,1,5492,1,0.0,549.7497497497498,490,50.517764890857784,-21.036023560867793,-50.517046518750234,False,,-36.139597624666,-36.139597624666,-11.496623499542636
train,1,5492,1,0.0,549.7497497497498,491,31.210913009368717,6.330183354599425,13.687110001093181,False,,-27.774091458504714,-27.774091458504714,-3.131117333381347
train,1,5492,1,0.0,549.7497497497498,492,26.076575780317626,-21.20636016760213,-46.482154446450394,False,,-24.65185500392262,-24.65185500392262,-0.008880878799253367
train,1,5492,1,0.0,549.7497497497498,495,58.641370194406335,14.634083234989484,-43.02437407728485,False,,-38.729996902909825,-38.729996902909825,-14.087022777786459
train,1,5492,1,5.0,549.7497497497498,489,70.86240009160755,-20.726468024752418,-50.78946516592047,False,,-42.01846683736106,-37.01846683736106,-12.375492712237694
train,1,5492,1,5.0,549.7497497497498,490,50.517764890857784,-21.036023560867793,-50.517046518750234,False,,-36.139597624666,-31.139597624666003,-6.496623499542636
train,1,5492,1,5.0,549.7497497497498,495,58.641370194406335,14.634083234989484,-43.02437407728485,False,,-38.729996902909825,-33.729996902909825,-9.087022777786459
train,1,5492,1,10.0,549.7497497497498,489,70.86240009160755,-20.726468024752418,-50.78946516592047,False,,-42.01846683736106,-32.01846683736106,-7.375492712237694
train,1,5492,1,10.0,549.7497497497498,490,50.517764890857784,-21.036023560867793,-50.517046518750234,False,,-36.139597624666,-26.139597624666003,-1.4966234995426362
train,1,5492,1,10.0,549.7497497497498,495,58.641370194406335,14.634083234989484,-43.02437407728485,False,,-38.729996902909825,-28.729996902909825,-4.0870227777864585
train,1,5492,1,15.0,549.7497497497498,489,70.86240009160755,-20.726468024752418,-50.78946516592047,False,,-42.01846683736106,-27.01846683736106,-2.375492712237694
train,1,5492,2,-10.0,549.7497497497498,488,71.0674732381456,-1.1634653843043936,-14.22688537822574,True,24.70417683113081,-10.145775797894185,-20.145775797894185,4.497198327229182
train,1,5492,2,-10.0,549.7497497497498,489,71.53359644360582,-6.391400982723457,47.74129365484357,True,16.61834720210602,-10.259343224814014,-20.259343224814014,4.3836309003093525
train,1,5492,2,-10.0,549.7497497497498,493,95.25378150359745,-17.702801718365222,-26.356611925226765,False,,-15.234229846713017,-25.234229846713017,-0.5912557215896506
train,1,5492,2,-10.0,549.7497497497498,496,105.80481351609009,10.83074084062588,-29.110403160919642,False,,-17.059157855434048,-27.059157855434048,-2.4161837303106815
train,1,5492,2,-10.0,549.7497497497498,497,119.95300438754991,13.318867001626149,-34.6128559593074,False,,-19.239386010170744,-29.239386010170744,-4.596411885047377
train,1,5492,2,-5.0,549.7497497497498,488,71.0674732381456,-1.1634653843043936,-14.22688537822574,True,24.70417683113081,-10.145775797894185,-15.145775797894185,9.497198327229182
train,1,5492,2,-5.0,549.7497497497498,489,71.53359644360582,-6.391400982723457,47.74129365484357,True,16.61834720210602,-10.259343224814014,-15.259343224814014,9.383630900309353
train,1,5492,2,0.0,549.7497497497498,488,71.0674732381456,-1.1634653843043936,-14.22688537822574,True,24.70417683113081,-10.145775797894185,-10.145775797894185,14.497198327229185
train,1,5492,2,0.0,549.7497497497498,489,71.53359644360582,-6.391400982723457,47.74129365484357,True,16.61834720210602,-10.259343224814014,-10.259343224814014,14.383630900309356
train,1,5492,2,5.0,549.7497497497498,488,71.0674732381456,-1.1634653843043936,-14.22688537822574,True,24.70417683113081,-10.145775797894185,-5.145775797894185,19.497198327229185
train,1,5492,2,5.0,549.7497497497498,489,71.53359644360582,-6.391400982723457,47.74129365484357,True,16.61834720210602,-10.259343224814014,-5.259343224814014,19.383630900309356
train,1,5492,2,10.0,549.7497497497498,488,71.0674732381456,-1.1634653843043936,-14.22688537822574,True,24.70417683113081,-10.145775797894185,-0.14577579789418493,24.497198327229185
train,1,5492,2,10.0,549.7497497497498,489,71.53359644360582,-6.391400982723457,47.74129365484357,True,16.61834720210602,-10.259343224814014,-0.25934322481401395,24.383630900309356
train,1,5492,2,15.0,549.7497497497498,488,71.0674732381456,-1.1634653843043936,-14.22688537822574,True,24.70417683113081,-10.145775797894185,4.854224202105815,29.497198327229185
train,1,5492,2,15.0,549.7497497497498,489,71.53359644360582,-6.391400982723457,47.74129365484357,True,16.61834720210602,-10.259343224814014,4.740656775185986,29.383630900309356
train,1,5729,0,-10.0,573.4734734734735,508,90.31427847980898,20.023119320248703,48.70093688983926,False,,-16.535598310488474,-26.535598310488474,-1.8926241853651078
train,1,5729,0,-10.0,573.4734734734735,509,122.39058253781893,18.806620652481037,44.996288818516234,False,,-21.815261717839878,-31.815261717839878,-7.172287592716511
train,1,5729,0,-10.0,573.4734734734735,510,139.19726528159634,18.305912409972017,43.7298366044612,False,,-24.050569764706218,-34.05056976470622,-9.407595639582851
train,1,5729,0,-5.0,573.4734734734735,509,122.39058253781893,18.806620652481037,44.996288818516234,False,,-21.815261717839878,-26.815261717839878,-2.1722875927165113
train,1,5729,0,-5.0,573.4734734734735,510,139.19726528159634,18.305912409972017,43.7298366044612,False,,-24.050569764706218,-29.050569764706218,-4.407595639582851
train,1,5729,1,-10.0,573.4734734734735,503,18.90859975544274,0.5795718808530965,31.911731822320426,False,,-14.960460494513182,-24.960460494513182,-0.31748636938981534
train,1,5729,1,-10.0,573.4734734734735,507,23.80067010269617,18.49368451191407,-29.08328813112536,False,,-18.957653118799936,-28.957653118799936,-4.314678993676569
train,1,5729,2,-10.0,573.4734734734735,509,122.5014947645101,14.895146062372667,-34.12825224269502,False,,-16.17129414525666,-26.17129414525666,-1.5283200201332932
train,1,5729,2,-10.0,573.4734734734735,510,136.3805735215729,15.224572286350565,-38.52697712096578,False,,-18.035739123396187,-28.035739123396187,-3.3927649982728205
train,1,5987,1,-10.0,599.2992992992994,513,64.92291831308826,-10.353305916492669,-1.4542165459988405,False,,-22.797161214953988,-32.79716121495399,-8.154187089830621
train,1,5987,1,-10.0,599.2992992992994,514,87.08016652063014,-14.138589058281488,-3.4302032407939214,False,,-27.89800991658347,-37.89800991658347,-13.255035791460102
train,1,5987,1,-10.0,599.2992992992994,518,65.84862079148628,14.326679680192967,0.9868597705405779,False,,-23.043107203680357,-33.04310720368036,-8.40013307855699
train,1,5987,1,-5.0,599.2992992992994,513,64.92291831308826,-10.353305916492669,-1.4542165459988405,False,,-22.797161214953988,-27.797161214953988,-3.1541870898306215
train,1,5987,1,-5.0,599.2992992992994,514,87.08016652063014,-14.138589058281488,-3.4302032407939214,False,,-27.89800991658347,-32.89800991658347,-8.255035791460102
train,1,5987,1,-5.0,599.2992992992994,518,65.84862079148628,14.326679680192967,0.9868597705405779,False,,-23.043107203680357,-28.043107203680357,-3.4001330785569905
train,1,5987,1,0.0,599.2992992992994,514,87.08016652063014,-14.138589058281488,-3.4302032407939214,False,,-27.89800991658347,-27.89800991658347,-3.2550357914601022
train,1,5987,2,-10.0,599.2992992992994,516,75.70757415026007,-8.028831409735874,-16.31377072716271,False,,-26.335894585879647,-36.33589458587964,-11.692920460756277
train,1,5987,2,-5.0,599.2992992992994,516,75.70757415026007,-8.028831409735874,-16.31377072716271,False,,-26.335894585879647,-31.335894585879647,-6.69292046075628
train,1,5987,2,0.0,599.2992992992994,516,75.70757415026007,-8.028831409735874,-16.31377072716271,False,,-26.335894585879647,-26.335894585879647,-1.6929204607562802
train,1,6402,0,-10.0,640.8408408408409,531,121.23999121885957,21.113842276276042,45.022225473430034,False,,-22.578849417074686,-32.578849417074686,-7.935875291951319
train,1,6402,0,-10.0,640.8408408408409,532,139.18266188910968,20.86610594412282,43.634082494057026,False,,-24.976419094849582,-34.97641909484958,-10.333444969726216
train,1,6402,0,-5.0,640.8408408408409,531,121.23999121885957,21.113842276276042,45.022225473430034,False,,-22.578849417074686,-27.578849417074686,-2.9358752919513194
train,1,6402,0,-5.0,640.8408408408409,532,139.18266188910968,20.86610594412282,43.634082494057026,False,,-24.976419094849582,-29.976419094849582,-5.333444969726216
