path,location,category,tracked,size,sha256_if_reasonable,current_role,recommended_action,reason
code/00_remote_shared_dependencies/MultiTargetTimeLLM.py,github,source,True,9776,281da4f54b79d5e8b23434ad5e9797b65b9570d111312f9d83801d82ad993498,source at the github side,KEEP,tracked at the Stage-2 development baseline
code/00_remote_shared_dependencies/MultiTargetTimeLLM.py,windows,source,False,9776,281da4f54b79d5e8b23434ad5e9797b65b9570d111312f9d83801d82ad993498,source at the windows side,KEEP,working copy matches the Stage-2 baseline
code/00_remote_shared_dependencies/MultiTargetTimeLLM.py,server,source,False,9776,281da4f54b79d5e8b23434ad5e9797b65b9570d111312f9d83801d82ad993498,source at the server side,KEEP_SERVER_ONLY,server mirror of a tracked file
code/00_remote_shared_dependencies/TimeLLM_V7.py,github,source,True,26319,200f280963031c769dcc9544c0bf59cd0fb12b705fc74e1f730f19386c7d1b87,source at the github side,KEEP,tracked at the Stage-2 development baseline
code/00_remote_shared_dependencies/TimeLLM_V7.py,windows,source,False,26319,200f280963031c769dcc9544c0bf59cd0fb12b705fc74e1f730f19386c7d1b87,source at the windows side,KEEP,working copy matches the Stage-2 baseline
code/00_remote_shared_dependencies/TimeLLM_V7.py,server,source,False,26319,200f280963031c769dcc9544c0bf59cd0fb12b705fc74e1f730f19386c7d1b87,source at the server side,KEEP_SERVER_ONLY,server mirror of a tracked file
code/00_remote_shared_dependencies/audit_second_point_pdf_fonts.py,github,source,True,836,8c8548edfa73b47186e656425af2eeb7e6914c7bc1a8b9ce1a1bb9c0b16a17c8,source at the github side,KEEP,tracked at the Stage-2 development baseline
code/00_remote_shared_dependencies/audit_second_point_pdf_fonts.py,windows,source,False,836,8c8548edfa73b47186e656425af2eeb7e6914c7bc1a8b9ce1a1bb9c0b16a17c8,source at the windows side,KEEP,working copy matches the Stage-2 baseline
code/00_remote_shared_dependencies/audit_second_point_pdf_fonts.py,server,source,False,836,8c8548edfa73b47186e656425af2eeb7e6914c7bc1a8b9ce1a1bb9c0b16a17c8,source at the server side,KEEP_SERVER_ONLY,server mirror of a tracked file
code/00_remote_shared_dependencies/calibrate_second_point_snr.py,github,source,True,2935,abb8478e83e60baf0eafdafb56e83e502c60ca457659c9f90cd9c9ccfeb4dc46,source at the github side,KEEP,tracked at the Stage-2 development baseline
code/00_remote_shared_dependencies/calibrate_second_point_snr.py,windows,source,False,2935,abb8478e83e60baf0eafdafb56e83e502c60ca457659c9f90cd9c9ccfeb4dc46,source at the windows side,KEEP,working copy matches the Stage-2 baseline
code/00_remote_shared_dependencies/calibrate_second_point_snr.py,server,source,False,2935,abb8478e83e60baf0eafdafb56e83e502c60ca457659c9f90cd9c9ccfeb4dc46,source at the server side,KEEP_SERVER_ONLY,server mirror of a tracked file
code/00_remote_shared_dependencies/dataset_feature_config.py,github,source,True,3903,f33e4d9148ddc4ff6f4a29fa2eaea6f656b09334e628c201a5126156ab9f08be,source at the github side,KEEP,tracked at the Stage-2 development baseline
code/00_remote_shared_dependencies/dataset_feature_config.py,windows,source,False,3903,f33e4d9148ddc4ff6f4a29fa2eaea6f656b09334e628c201a5126156ab9f08be,source at the windows side,KEEP,working copy matches the Stage-2 baseline
code/00_remote_shared_dependencies/dataset_feature_config.py,server,source,False,3903,f33e4d9148ddc4ff6f4a29fa2eaea6f656b09334e628c201a5126156ab9f08be,source at the server side,KEEP_SERVER_ONLY,server mirror of a tracked file
code/00_remote_shared_dependencies/diagnose_trajectory_figure.py,github,source,True,3995,d3b79f6b41551c9b07b9bf0a1df73a416490b94987163f0c3121f77a758335ec,source at the github side,KEEP,tracked at the Stage-2 development baseline
code/00_remote_shared_dependencies/diagnose_trajectory_figure.py,windows,source,False,3995,d3b79f6b41551c9b07b9bf0a1df73a416490b94987163f0c3121f77a758335ec,source at the windows side,KEEP,working copy matches the Stage-2 baseline
code/00_remote_shared_dependencies/diagnose_trajectory_figure.py,server,source,False,3995,d3b79f6b41551c9b07b9bf0a1df73a416490b94987163f0c3121f77a758335ec,source at the server side,KEEP_SERVER_ONLY,server mirror of a tracked file
code/00_remote_shared_dependencies/evaluate_association_downstream_forecasting.py,github,source,True,18337,a6a658f07d3126972e8b6e91f1202b14b8ecca9068d7753ba0aaae784941ea14,source at the github side,KEEP,tracked at the Stage-2 development baseline
code/00_remote_shared_dependencies/evaluate_association_downstream_forecasting.py,windows,source,False,18337,a6a658f07d3126972e8b6e91f1202b14b8ecca9068d7753ba0aaae784941ea14,source at the windows side,KEEP,working copy matches the Stage-2 baseline
code/00_remote_shared_dependencies/evaluate_association_downstream_forecasting.py,server,source,False,18337,a6a658f07d3126972e8b6e91f1202b14b8ecca9068d7753ba0aaae784941ea14,source at the server side,KEEP_SERVER_ONLY,server mirror of a tracked file
code/00_remote_shared_dependencies/evaluate_localization_baseline.py,github,source,True,13099,a6853e2fae3903c3fe7e33d39fb1148b2558f7b3fe95cee8764f441b309caac1,source at the github side,KEEP,tracked at the Stage-2 development baseline
code/00_remote_shared_dependencies/evaluate_localization_baseline.py,windows,source,False,13099,a6853e2fae3903c3fe7e33d39fb1148b2558f7b3fe95cee8764f441b309caac1,source at the windows side,KEEP,working copy matches the Stage-2 baseline
code/00_remote_shared_dependencies/evaluate_localization_baseline.py,server,source,False,13099,a6853e2fae3903c3fe7e33d39fb1148b2558f7b3fe95cee8764f441b309caac1,source at the server side,KEEP_SERVER_ONLY,server mirror of a tracked file
code/00_remote_shared_dependencies/evaluate_multitarget.py,github,source,True,3600,b36b8959cf6ee29a8db010ef4c096d2ba519130db4cf86c8d2d9caf29ee2db21,source at the github side,KEEP,tracked at the Stage-2 development baseline
code/00_remote_shared_dependencies/evaluate_multitarget.py,windows,source,False,3600,b36b8959cf6ee29a8db010ef4c096d2ba519130db4cf86c8d2d9caf29ee2db21,source at the windows side,KEEP,working copy matches the Stage-2 baseline
code/00_remote_shared_dependencies/evaluate_multitarget.py,server,source,False,3600,b36b8959cf6ee29a8db010ef4c096d2ba519130db4cf86c8d2d9caf29ee2db21,source at the server side,KEEP_SERVER_ONLY,server mirror of a tracked file
code/00_remote_shared_dependencies/evaluate_multitarget_ablation_snr.py,github,source,True,5204,2d4e27bbf1dd3932fcbd6f7c0bcfd839cc73f168a2172be835b5ab62b5a73ab5,source at the github side,KEEP,tracked at the Stage-2 development baseline
code/00_remote_shared_dependencies/evaluate_multitarget_ablation_snr.py,windows,source,False,5204,2d4e27bbf1dd3932fcbd6f7c0bcfd839cc73f168a2172be835b5ab62b5a73ab5,source at the windows side,KEEP,working copy matches the Stage-2 baseline
code/00_remote_shared_dependencies/evaluate_multitarget_ablation_snr.py,server,source,False,5204,2d4e27bbf1dd3932fcbd6f7c0bcfd839cc73f168a2172be835b5ab62b5a73ab5,source at the server side,KEEP_SERVER_ONLY,server mirror of a tracked file
code/00_remote_shared_dependencies/export_representative_scene_baselines.py,github,source,True,5664,b3fe093f789daae232e6f34f130ef1cd6ed3c8f9dd7ba4e468fa38d619a04a5b,source at the github side,KEEP,tracked at the Stage-2 development baseline
code/00_remote_shared_dependencies/export_representative_scene_baselines.py,windows,source,False,5664,b3fe093f789daae232e6f34f130ef1cd6ed3c8f9dd7ba4e468fa38d619a04a5b,source at the windows side,KEEP,working copy matches the Stage-2 baseline
code/00_remote_shared_dependencies/export_representative_scene_baselines.py,server,source,False,5664,b3fe093f789daae232e6f34f130ef1cd6ed3c8f9dd7ba4e468fa38d619a04a5b,source at the server side,KEEP_SERVER_ONLY,server mirror of a tracked file
code/00_remote_shared_dependencies/gen_lankershim_data_v2.py,github,source,True,32867,1625b9372ba2e506e8add15cef95185e2b8b076b7d695b1dfe774724b86de8c2,source at the github side,KEEP,tracked at the Stage-2 development baseline
code/00_remote_shared_dependencies/gen_lankershim_data_v2.py,windows,source,False,32867,1625b9372ba2e506e8add15cef95185e2b8b076b7d695b1dfe774724b86de8c2,source at the windows side,KEEP,working copy matches the Stage-2 baseline
code/00_remote_shared_dependencies/gen_lankershim_data_v2.py,server,source,False,32867,1625b9372ba2e506e8add15cef95185e2b8b076b7d695b1dfe774724b86de8c2,source at the server side,KEEP_SERVER_ONLY,server mirror of a tracked file
code/00_remote_shared_dependencies/measurement_track_association.py,github,source,True,5649,95e32d360ddeb1b437207f5ee08267d8428151fc3574ac54fbe0e2ea1124b14b,source at the github side,KEEP,tracked at the Stage-2 development baseline
code/00_remote_shared_dependencies/measurement_track_association.py,windows,source,False,5649,95e32d360ddeb1b437207f5ee08267d8428151fc3574ac54fbe0e2ea1124b14b,source at the windows side,KEEP,working copy matches the Stage-2 baseline
code/00_remote_shared_dependencies/measurement_track_association.py,server,source,False,5649,95e32d360ddeb1b437207f5ee08267d8428151fc3574ac54fbe0e2ea1124b14b,source at the server side,KEEP_SERVER_ONLY,server mirror of a tracked file
code/00_remote_shared_dependencies/measurement_track_dataset.py,github,source,True,13638,31577a84a1049810c9effd80d6751090aa5eaead0ee693f78e637cec9e070743,source at the github side,KEEP,tracked at the Stage-2 development baseline
code/00_remote_shared_dependencies/measurement_track_dataset.py,windows,source,False,13638,31577a84a1049810c9effd80d6751090aa5eaead0ee693f78e637cec9e070743,source at the windows side,KEEP,working copy matches the Stage-2 baseline
code/00_remote_shared_dependencies/measurement_track_dataset.py,server,source,False,13638,31577a84a1049810c9effd80d6751090aa5eaead0ee693f78e637cec9e070743,source at the server side,KEEP_SERVER_ONLY,server mirror of a tracked file
code/00_remote_shared_dependencies/motion_tokenizer_v7.py,github,source,True,8135,74971d78e5b77e86f73a377bedab756a1de76694f43d1692a7c1b5ff29c24cf8,source at the github side,KEEP,tracked at the Stage-2 development baseline
code/00_remote_shared_dependencies/motion_tokenizer_v7.py,windows,source,False,8135,74971d78e5b77e86f73a377bedab756a1de76694f43d1692a7c1b5ff29c24cf8,source at the windows side,KEEP,working copy matches the Stage-2 baseline
code/00_remote_shared_dependencies/motion_tokenizer_v7.py,server,source,False,8135,74971d78e5b77e86f73a377bedab756a1de76694f43d1692a7c1b5ff29c24cf8,source at the server side,KEEP_SERVER_ONLY,server mirror of a tracked file
code/00_remote_shared_dependencies/multitarget_comparison_baselines.py,github,source,True,7390,b95085b5f8df8756b4512cf2982e572d0c6faa358f6e542397d7085bb06bdc53,source at the github side,KEEP,tracked at the Stage-2 development baseline
code/00_remote_shared_dependencies/multitarget_comparison_baselines.py,windows,source,False,7390,b95085b5f8df8756b4512cf2982e572d0c6faa358f6e542397d7085bb06bdc53,source at the windows side,KEEP,working copy matches the Stage-2 baseline
code/00_remote_shared_dependencies/multitarget_comparison_baselines.py,server,source,False,7390,b95085b5f8df8756b4512cf2982e572d0c6faa358f6e542397d7085bb06bdc53,source at the server side,KEEP_SERVER_ONLY,server mirror of a tracked file
code/00_remote_shared_dependencies/multitarget_scene_dataset.py,github,source,True,12452,ba7dbda7c123b8dbc61cc4bc637752187f6364bd45576a91841a90d57a683ca2,source at the github side,KEEP,tracked at the Stage-2 development baseline
code/00_remote_shared_dependencies/multitarget_scene_dataset.py,windows,source,False,12452,ba7dbda7c123b8dbc61cc4bc637752187f6364bd45576a91841a90d57a683ca2,source at the windows side,KEEP,working copy matches the Stage-2 baseline
code/00_remote_shared_dependencies/multitarget_scene_dataset.py,server,source,False,12452,ba7dbda7c123b8dbc61cc4bc637752187f6364bd45576a91841a90d57a683ca2,source at the server side,KEEP_SERVER_ONLY,server mirror of a tracked file
code/00_remote_shared_dependencies/plot_best_trajectory_comparison.py,github,source,True,9664,3a2ae3d2eb885066af074e0f7558e4300a7e19b5a08c4bbbac95b3e083191ecd,source at the github side,KEEP,tracked at the Stage-2 development baseline
code/00_remote_shared_dependencies/plot_best_trajectory_comparison.py,windows,source,False,9664,3a2ae3d2eb885066af074e0f7558e4300a7e19b5a08c4bbbac95b3e083191ecd,source at the windows side,KEEP,working copy matches the Stage-2 baseline
code/00_remote_shared_dependencies/plot_best_trajectory_comparison.py,server,source,False,9664,3a2ae3d2eb885066af074e0f7558e4300a7e19b5a08c4bbbac95b3e083191ecd,source at the server side,KEEP_SERVER_ONLY,server mirror of a tracked file
code/00_remote_shared_dependencies/plot_joint_interaction_nature.py,github,source,True,11608,714f53440421364076d459ed8f5cbacf7577cbb4ca8f468eb42c7ce2c3bbc397,source at the github side,KEEP,tracked at the Stage-2 development baseline
code/00_remote_shared_dependencies/plot_joint_interaction_nature.py,windows,source,False,11608,714f53440421364076d459ed8f5cbacf7577cbb4ca8f468eb42c7ce2c3bbc397,source at the windows side,KEEP,working copy matches the Stage-2 baseline
code/00_remote_shared_dependencies/plot_joint_interaction_nature.py,server,source,False,11608,714f53440421364076d459ed8f5cbacf7577cbb4ca8f468eb42c7ce2c3bbc397,source at the server side,KEEP_SERVER_ONLY,server mirror of a tracked file
code/00_remote_shared_dependencies/plot_joint_vs_independent_scene.py,github,source,True,15992,5a6f6c589df50a3041baeaa3e6ea29328a2ac529f05ae4de7879ffa96db10690,source at the github side,KEEP,tracked at the Stage-2 development baseline
code/00_remote_shared_dependencies/plot_joint_vs_independent_scene.py,windows,source,False,15992,5a6f6c589df50a3041baeaa3e6ea29328a2ac529f05ae4de7879ffa96db10690,source at the windows side,KEEP,working copy matches the Stage-2 baseline
code/00_remote_shared_dependencies/plot_joint_vs_independent_scene.py,server,source,False,15992,5a6f6c589df50a3041baeaa3e6ea29328a2ac529f05ae4de7879ffa96db10690,source at the server side,KEEP_SERVER_ONLY,server mirror of a tracked file
code/00_remote_shared_dependencies/plot_multitarget_joint_trajectory_nature.py,github,source,True,13934,5e4e28a8cb200fe51a14c4c3929b6211857de5391a42f59848e2c2a2121c23f3,source at the github side,KEEP,tracked at the Stage-2 development baseline
code/00_remote_shared_dependencies/plot_multitarget_joint_trajectory_nature.py,windows,source,False,13934,5e4e28a8cb200fe51a14c4c3929b6211857de5391a42f59848e2c2a2121c23f3,source at the windows side,KEEP,working copy matches the Stage-2 baseline
code/00_remote_shared_dependencies/plot_multitarget_joint_trajectory_nature.py,server,source,False,13934,5e4e28a8cb200fe51a14c4c3929b6211857de5391a42f59848e2c2a2121c23f3,source at the server side,KEEP_SERVER_ONLY,server mirror of a tracked file
code/00_remote_shared_dependencies/plot_multitarget_snr_results.py,github,source,True,14512,7a44fd9956e24b66edd1bc2d2a80ff0d28e322c39436ee901b6bf2048d3e4d78,source at the github side,KEEP,tracked at the Stage-2 development baseline
code/00_remote_shared_dependencies/plot_multitarget_snr_results.py,windows,source,False,14512,7a44fd9956e24b66edd1bc2d2a80ff0d28e322c39436ee901b6bf2048d3e4d78,source at the windows side,KEEP,working copy matches the Stage-2 baseline
code/00_remote_shared_dependencies/plot_multitarget_snr_results.py,server,source,False,14512,7a44fd9956e24b66edd1bc2d2a80ff0d28e322c39436ee901b6bf2048d3e4d78,source at the server side,KEEP_SERVER_ONLY,server mirror of a tracked file
code/00_remote_shared_dependencies/prepare_multitarget_snr_figure_data.py,github,source,True,2746,e0e0c3d541fed78cea11f3fc4da0c9f59893cf9ee71d412d04c491a04e0060b1,source at the github side,KEEP,tracked at the Stage-2 development baseline
code/00_remote_shared_dependencies/prepare_multitarget_snr_figure_data.py,windows,source,False,2746,e0e0c3d541fed78cea11f3fc4da0c9f59893cf9ee71d412d04c491a04e0060b1,source at the windows side,KEEP,working copy matches the Stage-2 baseline
code/00_remote_shared_dependencies/prepare_multitarget_snr_figure_data.py,server,source,False,2746,e0e0c3d541fed78cea11f3fc4da0c9f59893cf9ee71d412d04c491a04e0060b1,source at the server side,KEEP_SERVER_ONLY,server mirror of a tracked file
code/00_remote_shared_dependencies/run_association_robustness_sweep.py,github,source,True,9730,36800fa0b00bf7725f19ac0bfec2e02c438afa9066315485c224ffe95ef1c457,source at the github side,KEEP,tracked at the Stage-2 development baseline
code/00_remote_shared_dependencies/run_association_robustness_sweep.py,windows,source,False,9730,36800fa0b00bf7725f19ac0bfec2e02c438afa9066315485c224ffe95ef1c457,source at the windows side,KEEP,working copy matches the Stage-2 baseline
code/00_remote_shared_dependencies/run_association_robustness_sweep.py,server,source,False,9730,36800fa0b00bf7725f19ac0bfec2e02c438afa9066315485c224ffe95ef1c457,source at the server side,KEEP_SERVER_ONLY,server mirror of a tracked file
code/00_remote_shared_dependencies/run_measurement_track_experiment.py,github,source,True,29178,cfbaf3002720ffb47a22f8ed2047f7dab03100a7997cc3c18ee187108fb070ec,source at the github side,KEEP,tracked at the Stage-2 development baseline
code/00_remote_shared_dependencies/run_measurement_track_experiment.py,windows,source,False,29178,cfbaf3002720ffb47a22f8ed2047f7dab03100a7997cc3c18ee187108fb070ec,source at the windows side,KEEP,working copy matches the Stage-2 baseline
code/00_remote_shared_dependencies/run_measurement_track_experiment.py,server,source,False,29178,cfbaf3002720ffb47a22f8ed2047f7dab03100a7997cc3c18ee187108fb070ec,source at the server side,KEEP_SERVER_ONLY,server mirror of a tracked file
code/00_remote_shared_dependencies/run_multitarget_ablation.py,github,source,True,7827,1729eadc8314d3b63f345ffb21edbe2c932c826a742933ef6a49f1c6a07e32ad,source at the github side,KEEP,tracked at the Stage-2 development baseline
code/00_remote_shared_dependencies/run_multitarget_ablation.py,windows,source,False,7827,1729eadc8314d3b63f345ffb21edbe2c932c826a742933ef6a49f1c6a07e32ad,source at the windows side,KEEP,working copy matches the Stage-2 baseline
code/00_remote_shared_dependencies/run_multitarget_ablation.py,server,source,False,7827,1729eadc8314d3b63f345ffb21edbe2c932c826a742933ef6a49f1c6a07e32ad,source at the server side,KEEP_SERVER_ONLY,server mirror of a tracked file
code/00_remote_shared_dependencies/run_multitarget_comparisons.py,github,source,True,8193,95cf1daa1ce1d1c5a4b2b5f0ccb7df36d6cf3f45872e755a53359274deea3293,source at the github side,KEEP,tracked at the Stage-2 development baseline
code/00_remote_shared_dependencies/run_multitarget_comparisons.py,windows,source,False,8193,95cf1daa1ce1d1c5a4b2b5f0ccb7df36d6cf3f45872e755a53359274deea3293,source at the windows side,KEEP,working copy matches the Stage-2 baseline
code/00_remote_shared_dependencies/run_multitarget_comparisons.py,server,source,False,8193,95cf1daa1ce1d1c5a4b2b5f0ccb7df36d6cf3f45872e755a53359274deea3293,source at the server side,KEEP_SERVER_ONLY,server mirror of a tracked file
code/00_remote_shared_dependencies/run_multitarget_experiment.py,github,source,True,15560,8e592afcbc2402bf454a9ee74c19fb2dc1a878793ee12766743ee1443721804b,source at the github side,KEEP,tracked at the Stage-2 development baseline
code/00_remote_shared_dependencies/run_multitarget_experiment.py,windows,source,False,15560,8e592afcbc2402bf454a9ee74c19fb2dc1a878793ee12766743ee1443721804b,source at the windows side,KEEP,working copy matches the Stage-2 baseline
code/00_remote_shared_dependencies/run_multitarget_experiment.py,server,source,False,15560,8e592afcbc2402bf454a9ee74c19fb2dc1a878793ee12766743ee1443721804b,source at the server side,KEEP_SERVER_ONLY,server mirror of a tracked file
code/00_remote_shared_dependencies/run_multitarget_graph_llm.py,github,source,True,10917,3304cc6d77ef99515fac3a143fe61dc03b82cda7c7ec2d0643a4c75edf5952d7,source at the github side,KEEP,tracked at the Stage-2 development baseline
code/00_remote_shared_dependencies/run_multitarget_graph_llm.py,windows,source,False,10917,3304cc6d77ef99515fac3a143fe61dc03b82cda7c7ec2d0643a4c75edf5952d7,source at the windows side,KEEP,working copy matches the Stage-2 baseline
code/00_remote_shared_dependencies/run_multitarget_graph_llm.py,server,source,False,10917,3304cc6d77ef99515fac3a143fe61dc03b82cda7c7ec2d0643a4c75edf5952d7,source at the server side,KEEP_SERVER_ONLY,server mirror of a tracked file
code/00_remote_shared_dependencies/run_multitarget_snr_evaluation.py,github,source,True,10050,c9dc366efd7337e512400415858352666047ac49084d69e420a9ca26e6a31513,source at the github side,KEEP,tracked at the Stage-2 development baseline
code/00_remote_shared_dependencies/run_multitarget_snr_evaluation.py,windows,source,False,10050,c9dc366efd7337e512400415858352666047ac49084d69e420a9ca26e6a31513,source at the windows side,KEEP,working copy matches the Stage-2 baseline
code/00_remote_shared_dependencies/run_multitarget_snr_evaluation.py,server,source,False,10050,c9dc366efd7337e512400415858352666047ac49084d69e420a9ca26e6a31513,source at the server side,KEEP_SERVER_ONLY,server mirror of a tracked file
code/00_remote_shared_dependencies/run_snr_sweep.py,github,source,True,57868,803c43057e8c35a0d2de58e089c0128bdffc7c10431321e8c88bc4b85e51003d,source at the github side,KEEP,tracked at the Stage-2 development baseline
code/00_remote_shared_dependencies/run_snr_sweep.py,windows,source,False,57868,803c43057e8c35a0d2de58e089c0128bdffc7c10431321e8c88bc4b85e51003d,source at the windows side,KEEP,working copy matches the Stage-2 baseline
code/00_remote_shared_dependencies/run_snr_sweep.py,server,source,False,57868,803c43057e8c35a0d2de58e089c0128bdffc7c10431321e8c88bc4b85e51003d,source at the server side,KEEP_SERVER_ONLY,server mirror of a tracked file
code/00_remote_shared_dependencies/select_diverse_best_trajectory_cases.py,github,source,True,17289,a5d5e61ea047a09caaca292df46e55ce4a942667e59b28aacbf3a70e2ce8fd10,source at the github side,KEEP,tracked at the Stage-2 development baseline
code/00_remote_shared_dependencies/select_diverse_best_trajectory_cases.py,windows,source,False,17289,a5d5e61ea047a09caaca292df46e55ce4a942667e59b28aacbf3a70e2ce8fd10,source at the windows side,KEEP,working copy matches the Stage-2 baseline
code/00_remote_shared_dependencies/select_diverse_best_trajectory_cases.py,server,source,False,17289,a5d5e61ea047a09caaca292df46e55ce4a942667e59b28aacbf3a70e2ce8fd10,source at the server side,KEEP_SERVER_ONLY,server mirror of a tracked file
code/00_remote_shared_dependencies/select_joint_vs_independent_scene.py,github,source,True,22557,27feb7b842aaaf83546b3a7336329b7d149ff48186964087a387fd052ecc1e37,source at the github side,KEEP,tracked at the Stage-2 development baseline
code/00_remote_shared_dependencies/select_joint_vs_independent_scene.py,windows,source,False,22557,27feb7b842aaaf83546b3a7336329b7d149ff48186964087a387fd052ecc1e37,source at the windows side,KEEP,working copy matches the Stage-2 baseline
code/00_remote_shared_dependencies/select_joint_vs_independent_scene.py,server,source,False,22557,27feb7b842aaaf83546b3a7336329b7d149ff48186964087a387fd052ecc1e37,source at the server side,KEEP_SERVER_ONLY,server mirror of a tracked file
code/00_remote_shared_dependencies/select_representative_trajectory_scene.py,github,source,True,10165,5533e01a8f4de8ec7a38800623528a5ce3582d8eecb1280f1a94d315eae6cd73,source at the github side,KEEP,tracked at the Stage-2 development baseline
code/00_remote_shared_dependencies/select_representative_trajectory_scene.py,windows,source,False,10165,5533e01a8f4de8ec7a38800623528a5ce3582d8eecb1280f1a94d315eae6cd73,source at the windows side,KEEP,working copy matches the Stage-2 baseline
code/00_remote_shared_dependencies/select_representative_trajectory_scene.py,server,source,False,10165,5533e01a8f4de8ec7a38800623528a5ce3582d8eecb1280f1a94d315eae6cd73,source at the server side,KEEP_SERVER_ONLY,server mirror of a tracked file
code/00_remote_shared_dependencies/structured_frontend.py,github,source,True,13255,604f94b2483c504672ed93aaac4f6bd89661cc423efcbdeb9a62af9557740006,source at the github side,KEEP,tracked at the Stage-2 development baseline
code/00_remote_shared_dependencies/structured_frontend.py,windows,source,False,13255,604f94b2483c504672ed93aaac4f6bd89661cc423efcbdeb9a62af9557740006,source at the windows side,KEEP,working copy matches the Stage-2 baseline
code/00_remote_shared_dependencies/structured_frontend.py,server,source,False,13255,604f94b2483c504672ed93aaac4f6bd89661cc423efcbdeb9a62af9557740006,source at the server side,KEEP_SERVER_ONLY,server mirror of a tracked file
code/00_remote_shared_dependencies/target_interaction_graph.py,github,source,True,9422,9bc4cc0201052ea9083d19fb4d278319a7458c5a703906ccb57ca3228bc8bdb2,source at the github side,KEEP,tracked at the Stage-2 development baseline
code/00_remote_shared_dependencies/target_interaction_graph.py,windows,source,False,9422,9bc4cc0201052ea9083d19fb4d278319a7458c5a703906ccb57ca3228bc8bdb2,source at the windows side,KEEP,working copy matches the Stage-2 baseline
code/00_remote_shared_dependencies/target_interaction_graph.py,server,source,False,9422,9bc4cc0201052ea9083d19fb4d278319a7458c5a703906ccb57ca3228bc8bdb2,source at the server side,KEEP_SERVER_ONLY,server mirror of a tracked file
code/01_classical_graph_llm/MultiTargetTimeLLM.py,github,source,True,9776,281da4f54b79d5e8b23434ad5e9797b65b9570d111312f9d83801d82ad993498,source at the github side,KEEP,tracked at the Stage-2 development baseline
code/01_classical_graph_llm/MultiTargetTimeLLM.py,windows,source,False,9776,281da4f54b79d5e8b23434ad5e9797b65b9570d111312f9d83801d82ad993498,source at the windows side,KEEP,working copy matches the Stage-2 baseline
code/01_classical_graph_llm/MultiTargetTimeLLM.py,server,source,False,9776,281da4f54b79d5e8b23434ad5e9797b65b9570d111312f9d83801d82ad993498,source at the server side,KEEP_SERVER_ONLY,server mirror of a tracked file
code/01_classical_graph_llm/evaluate_multitarget.py,github,source,True,3600,b36b8959cf6ee29a8db010ef4c096d2ba519130db4cf86c8d2d9caf29ee2db21,source at the github side,KEEP,tracked at the Stage-2 development baseline
code/01_classical_graph_llm/evaluate_multitarget.py,windows,source,False,3600,b36b8959cf6ee29a8db010ef4c096d2ba519130db4cf86c8d2d9caf29ee2db21,source at the windows side,KEEP,working copy matches the Stage-2 baseline
code/01_classical_graph_llm/evaluate_multitarget.py,server,source,False,3600,b36b8959cf6ee29a8db010ef4c096d2ba519130db4cf86c8d2d9caf29ee2db21,source at the server side,KEEP_SERVER_ONLY,server mirror of a tracked file
code/01_classical_graph_llm/evaluate_multitarget_ablation_snr.py,github,source,True,5204,2d4e27bbf1dd3932fcbd6f7c0bcfd839cc73f168a2172be835b5ab62b5a73ab5,source at the github side,KEEP,tracked at the Stage-2 development baseline
code/01_classical_graph_llm/evaluate_multitarget_ablation_snr.py,windows,source,False,5204,2d4e27bbf1dd3932fcbd6f7c0bcfd839cc73f168a2172be835b5ab62b5a73ab5,source at the windows side,KEEP,working copy matches the Stage-2 baseline
code/01_classical_graph_llm/evaluate_multitarget_ablation_snr.py,server,source,False,5204,2d4e27bbf1dd3932fcbd6f7c0bcfd839cc73f168a2172be835b5ab62b5a73ab5,source at the server side,KEEP_SERVER_ONLY,server mirror of a tracked file
code/01_classical_graph_llm/motion_tokenizer_v7.py,github,source,True,8135,74971d78e5b77e86f73a377bedab756a1de76694f43d1692a7c1b5ff29c24cf8,source at the github side,KEEP,tracked at the Stage-2 development baseline
code/01_classical_graph_llm/motion_tokenizer_v7.py,windows,source,False,8135,74971d78e5b77e86f73a377bedab756a1de76694f43d1692a7c1b5ff29c24cf8,source at the windows side,KEEP,working copy matches the Stage-2 baseline
code/01_classical_graph_llm/motion_tokenizer_v7.py,server,source,False,8135,74971d78e5b77e86f73a377bedab756a1de76694f43d1692a7c1b5ff29c24cf8,source at the server side,KEEP_SERVER_ONLY,server mirror of a tracked file
code/01_classical_graph_llm/multitarget_comparison_baselines.py,github,source,True,7390,b95085b5f8df8756b4512cf2982e572d0c6faa358f6e542397d7085bb06bdc53,source at the github side,KEEP,tracked at the Stage-2 development baseline
code/01_classical_graph_llm/multitarget_comparison_baselines.py,windows,source,False,7390,b95085b5f8df8756b4512cf2982e572d0c6faa358f6e542397d7085bb06bdc53,source at the windows side,KEEP,working copy matches the Stage-2 baseline
code/01_classical_graph_llm/multitarget_comparison_baselines.py,server,source,False,7390,b95085b5f8df8756b4512cf2982e572d0c6faa358f6e542397d7085bb06bdc53,source at the server side,KEEP_SERVER_ONLY,server mirror of a tracked file
code/01_classical_graph_llm/multitarget_scene_dataset.py,github,source,True,12452,ba7dbda7c123b8dbc61cc4bc637752187f6364bd45576a91841a90d57a683ca2,source at the github side,KEEP,tracked at the Stage-2 development baseline
code/01_classical_graph_llm/multitarget_scene_dataset.py,windows,source,False,12452,ba7dbda7c123b8dbc61cc4bc637752187f6364bd45576a91841a90d57a683ca2,source at the windows side,KEEP,working copy matches the Stage-2 baseline
code/01_classical_graph_llm/multitarget_scene_dataset.py,server,source,False,12452,ba7dbda7c123b8dbc61cc4bc637752187f6364bd45576a91841a90d57a683ca2,source at the server side,KEEP_SERVER_ONLY,server mirror of a tracked file
code/01_classical_graph_llm/plot_joint_interaction_nature.py,github,source,True,11608,714f53440421364076d459ed8f5cbacf7577cbb4ca8f468eb42c7ce2c3bbc397,source at the github side,KEEP,tracked at the Stage-2 development baseline
code/01_classical_graph_llm/plot_joint_interaction_nature.py,windows,source,False,11608,714f53440421364076d459ed8f5cbacf7577cbb4ca8f468eb42c7ce2c3bbc397,source at the windows side,KEEP,working copy matches the Stage-2 baseline
code/01_classical_graph_llm/plot_joint_interaction_nature.py,server,source,False,11608,714f53440421364076d459ed8f5cbacf7577cbb4ca8f468eb42c7ce2c3bbc397,source at the server side,KEEP_SERVER_ONLY,server mirror of a tracked file
code/01_classical_graph_llm/plot_multitarget_joint_trajectory_nature.py,github,source,True,13934,5e4e28a8cb200fe51a14c4c3929b6211857de5391a42f59848e2c2a2121c23f3,source at the github side,KEEP,tracked at the Stage-2 development baseline
code/01_classical_graph_llm/plot_multitarget_joint_trajectory_nature.py,windows,source,False,13934,5e4e28a8cb200fe51a14c4c3929b6211857de5391a42f59848e2c2a2121c23f3,source at the windows side,KEEP,working copy matches the Stage-2 baseline
code/01_classical_graph_llm/plot_multitarget_joint_trajectory_nature.py,server,source,False,13934,5e4e28a8cb200fe51a14c4c3929b6211857de5391a42f59848e2c2a2121c23f3,source at the server side,KEEP_SERVER_ONLY,server mirror of a tracked file
code/01_classical_graph_llm/plot_multitarget_snr_results.py,github,source,True,14512,7a44fd9956e24b66edd1bc2d2a80ff0d28e322c39436ee901b6bf2048d3e4d78,source at the github side,KEEP,tracked at the Stage-2 development baseline
code/01_classical_graph_llm/plot_multitarget_snr_results.py,windows,source,False,14512,7a44fd9956e24b66edd1bc2d2a80ff0d28e322c39436ee901b6bf2048d3e4d78,source at the windows side,KEEP,working copy matches the Stage-2 baseline
code/01_classical_graph_llm/plot_multitarget_snr_results.py,server,source,False,14512,7a44fd9956e24b66edd1bc2d2a80ff0d28e322c39436ee901b6bf2048d3e4d78,source at the server side,KEEP_SERVER_ONLY,server mirror of a tracked file
code/01_classical_graph_llm/run_multitarget_ablation.py,github,source,True,7827,1729eadc8314d3b63f345ffb21edbe2c932c826a742933ef6a49f1c6a07e32ad,source at the github side,KEEP,tracked at the Stage-2 development baseline
code/01_classical_graph_llm/run_multitarget_ablation.py,windows,source,False,7827,1729eadc8314d3b63f345ffb21edbe2c932c826a742933ef6a49f1c6a07e32ad,source at the windows side,KEEP,working copy matches the Stage-2 baseline
code/01_classical_graph_llm/run_multitarget_ablation.py,server,source,False,7827,1729eadc8314d3b63f345ffb21edbe2c932c826a742933ef6a49f1c6a07e32ad,source at the server side,KEEP_SERVER_ONLY,server mirror of a tracked file
code/01_classical_graph_llm/run_multitarget_comparisons.py,github,source,True,8193,95cf1daa1ce1d1c5a4b2b5f0ccb7df36d6cf3f45872e755a53359274deea3293,source at the github side,KEEP,tracked at the Stage-2 development baseline
code/01_classical_graph_llm/run_multitarget_comparisons.py,windows,source,False,8193,95cf1daa1ce1d1c5a4b2b5f0ccb7df36d6cf3f45872e755a53359274deea3293,source at the windows side,KEEP,working copy matches the Stage-2 baseline
code/01_classical_graph_llm/run_multitarget_comparisons.py,server,source,False,8193,95cf1daa1ce1d1c5a4b2b5f0ccb7df36d6cf3f45872e755a53359274deea3293,source at the server side,KEEP_SERVER_ONLY,server mirror of a tracked file
code/01_classical_graph_llm/run_multitarget_experiment.py,github,source,True,15560,8e592afcbc2402bf454a9ee74c19fb2dc1a878793ee12766743ee1443721804b,source at the github side,KEEP,tracked at the Stage-2 development baseline
code/01_classical_graph_llm/run_multitarget_experiment.py,windows,source,False,15560,8e592afcbc2402bf454a9ee74c19fb2dc1a878793ee12766743ee1443721804b,source at the windows side,KEEP,working copy matches the Stage-2 baseline
code/01_classical_graph_llm/run_multitarget_experiment.py,server,source,False,15560,8e592afcbc2402bf454a9ee74c19fb2dc1a878793ee12766743ee1443721804b,source at the server side,KEEP_SERVER_ONLY,server mirror of a tracked file
code/01_classical_graph_llm/run_multitarget_graph_llm.py,github,source,True,10917,3304cc6d77ef99515fac3a143fe61dc03b82cda7c7ec2d0643a4c75edf5952d7,source at the github side,KEEP,tracked at the Stage-2 development baseline
code/01_classical_graph_llm/run_multitarget_graph_llm.py,windows,source,False,10917,3304cc6d77ef99515fac3a143fe61dc03b82cda7c7ec2d0643a4c75edf5952d7,source at the windows side,KEEP,working copy matches the Stage-2 baseline
code/01_classical_graph_llm/run_multitarget_graph_llm.py,server,source,False,10917,3304cc6d77ef99515fac3a143fe61dc03b82cda7c7ec2d0643a4c75edf5952d7,source at the server side,KEEP_SERVER_ONLY,server mirror of a tracked file
code/01_classical_graph_llm/run_multitarget_snr_evaluation.py,github,source,True,10050,c9dc366efd7337e512400415858352666047ac49084d69e420a9ca26e6a31513,source at the github side,KEEP,tracked at the Stage-2 development baseline
code/01_classical_graph_llm/run_multitarget_snr_evaluation.py,windows,source,False,10050,c9dc366efd7337e512400415858352666047ac49084d69e420a9ca26e6a31513,source at the windows side,KEEP,working copy matches the Stage-2 baseline
code/01_classical_graph_llm/run_multitarget_snr_evaluation.py,server,source,False,10050,c9dc366efd7337e512400415858352666047ac49084d69e420a9ca26e6a31513,source at the server side,KEEP_SERVER_ONLY,server mirror of a tracked file
code/01_classical_graph_llm/select_joint_vs_independent_scene.py,github,source,True,22557,27feb7b842aaaf83546b3a7336329b7d149ff48186964087a387fd052ecc1e37,source at the github side,KEEP,tracked at the Stage-2 development baseline
code/01_classical_graph_llm/select_joint_vs_independent_scene.py,windows,source,False,22557,27feb7b842aaaf83546b3a7336329b7d149ff48186964087a387fd052ecc1e37,source at the windows side,KEEP,working copy matches the Stage-2 baseline
code/01_classical_graph_llm/select_joint_vs_independent_scene.py,server,source,False,22557,27feb7b842aaaf83546b3a7336329b7d149ff48186964087a387fd052ecc1e37,source at the server side,KEEP_SERVER_ONLY,server mirror of a tracked file
code/01_classical_graph_llm/target_interaction_graph.py,github,source,True,9422,9bc4cc0201052ea9083d19fb4d278319a7458c5a703906ccb57ca3228bc8bdb2,source at the github side,KEEP,tracked at the Stage-2 development baseline
code/01_classical_graph_llm/target_interaction_graph.py,windows,source,False,9422,9bc4cc0201052ea9083d19fb4d278319a7458c5a703906ccb57ca3228bc8bdb2,source at the windows side,KEEP,working copy matches the Stage-2 baseline
code/01_classical_graph_llm/target_interaction_graph.py,server,source,False,9422,9bc4cc0201052ea9083d19fb4d278319a7458c5a703906ccb57ca3228bc8bdb2,source at the server side,KEEP_SERVER_ONLY,server mirror of a tracked file
code/02_pennylane_qgnn_core/ablation_model.py,github,source,True,1115,c8da04291c8578b6fee30375b9e167611f9da478d5b8630c600c4a88ef69c9e4,source at the github side,KEEP,tracked at the Stage-2 development baseline
code/02_pennylane_qgnn_core/ablation_model.py,windows,source,False,1115,c8da04291c8578b6fee30375b9e167611f9da478d5b8630c600c4a88ef69c9e4,source at the windows side,KEEP,working copy matches the Stage-2 baseline
code/02_pennylane_qgnn_core/ablation_model.py,server,source,False,1115,c8da04291c8578b6fee30375b9e167611f9da478d5b8630c600c4a88ef69c9e4,source at the server side,KEEP_SERVER_ONLY,server mirror of a tracked file
code/02_pennylane_qgnn_core/analyze_angle_scale.py,github,source,True,5679,8467e8a99b855820fb0b2cdef8e5f810a1b8933b985c54a9eef277811e7d9549,source at the github side,KEEP,tracked at the Stage-2 development baseline
code/02_pennylane_qgnn_core/analyze_angle_scale.py,windows,source,False,5679,8467e8a99b855820fb0b2cdef8e5f810a1b8933b985c54a9eef277811e7d9549,source at the windows side,KEEP,working copy matches the Stage-2 baseline
code/02_pennylane_qgnn_core/analyze_angle_scale.py,server,source,False,5679,8467e8a99b855820fb0b2cdef8e5f810a1b8933b985c54a9eef277811e7d9549,source at the server side,KEEP_SERVER_ONLY,server mirror of a tracked file
code/02_pennylane_qgnn_core/analyze_converged_results.py,github,source,True,2936,937e107caaa3dae903172dee0f6021c0beccf6bca17bc91068a66a869dc44908,source at the github side,KEEP,tracked at the Stage-2 development baseline
code/02_pennylane_qgnn_core/analyze_converged_results.py,windows,source,False,2936,937e107caaa3dae903172dee0f6021c0beccf6bca17bc91068a66a869dc44908,source at the windows side,KEEP,working copy matches the Stage-2 baseline
code/02_pennylane_qgnn_core/analyze_converged_results.py,server,source,False,2936,937e107caaa3dae903172dee0f6021c0beccf6bca17bc91068a66a869dc44908,source at the server side,KEEP_SERVER_ONLY,server mirror of a tracked file
code/02_pennylane_qgnn_core/analyze_dual_core.py,github,source,True,6673,3573ba64eff92f1485df89808b44b027f6e8d1a2c9cb2e38e208ea33b3eef2a8,source at the github side,KEEP,tracked at the Stage-2 development baseline
code/02_pennylane_qgnn_core/analyze_dual_core.py,windows,source,False,6673,3573ba64eff92f1485df89808b44b027f6e8d1a2c9cb2e38e208ea33b3eef2a8,source at the windows side,KEEP,working copy matches the Stage-2 baseline
code/02_pennylane_qgnn_core/analyze_dual_core.py,server,source,False,6673,3573ba64eff92f1485df89808b44b027f6e8d1a2c9cb2e38e208ea33b3eef2a8,source at the server side,KEEP_SERVER_ONLY,server mirror of a tracked file
code/02_pennylane_qgnn_core/analyze_fusion_bootstrap.py,github,source,True,3277,3c2c64a00e99d0f581cf427910969bb53542f837111e736a55bf15b50b569e90,source at the github side,KEEP,tracked at the Stage-2 development baseline
code/02_pennylane_qgnn_core/analyze_fusion_bootstrap.py,windows,source,False,3277,3c2c64a00e99d0f581cf427910969bb53542f837111e736a55bf15b50b569e90,source at the windows side,KEEP,working copy matches the Stage-2 baseline
code/02_pennylane_qgnn_core/analyze_fusion_bootstrap.py,server,source,False,3277,3c2c64a00e99d0f581cf427910969bb53542f837111e736a55bf15b50b569e90,source at the server side,KEEP_SERVER_ONLY,server mirror of a tracked file
code/02_pennylane_qgnn_core/analyze_interaction_strata.py,github,source,True,3883,83f4b420b807dcc835892a7f3c8027577d65d7e4fb6979e4cb237e65bd74475c,source at the github side,KEEP,tracked at the Stage-2 development baseline
code/02_pennylane_qgnn_core/analyze_interaction_strata.py,windows,source,False,3883,83f4b420b807dcc835892a7f3c8027577d65d7e4fb6979e4cb237e65bd74475c,source at the windows side,KEEP,working copy matches the Stage-2 baseline
code/02_pennylane_qgnn_core/analyze_interaction_strata.py,server,source,False,3883,83f4b420b807dcc835892a7f3c8027577d65d7e4fb6979e4cb237e65bd74475c,source at the server side,KEEP_SERVER_ONLY,server mirror of a tracked file
code/02_pennylane_qgnn_core/analyze_mechanism_ablation.py,github,source,True,3207,5fb717398baad754d8622111c88cff0a43a6a42de39dabb74ba300dee50fb0de,source at the github side,KEEP,tracked at the Stage-2 development baseline
code/02_pennylane_qgnn_core/analyze_mechanism_ablation.py,windows,source,False,3207,5fb717398baad754d8622111c88cff0a43a6a42de39dabb74ba300dee50fb0de,source at the windows side,KEEP,working copy matches the Stage-2 baseline
code/02_pennylane_qgnn_core/analyze_mechanism_ablation.py,server,source,False,3207,5fb717398baad754d8622111c88cff0a43a6a42de39dabb74ba300dee50fb0de,source at the server side,KEEP_SERVER_ONLY,server mirror of a tracked file
code/02_pennylane_qgnn_core/analyze_routed_complexity.py,github,source,True,3907,8e9598ae34af782834fb1991c7e50814b1c5dd520a9c1578c465aa2d9eff8fcf,source at the github side,KEEP,tracked at the Stage-2 development baseline
code/02_pennylane_qgnn_core/analyze_routed_complexity.py,windows,source,False,3907,8e9598ae34af782834fb1991c7e50814b1c5dd520a9c1578c465aa2d9eff8fcf,source at the windows side,KEEP,working copy matches the Stage-2 baseline
code/02_pennylane_qgnn_core/analyze_routed_complexity.py,server,source,False,3907,8e9598ae34af782834fb1991c7e50814b1c5dd520a9c1578c465aa2d9eff8fcf,source at the server side,KEEP_SERVER_ONLY,server mirror of a tracked file
code/02_pennylane_qgnn_core/analyze_value_modulation.py,github,source,True,5970,48cce15155ebdf274dae357dfc0f8a0013073b7eca0e9a6b864cbad3732a0209,source at the github side,KEEP,tracked at the Stage-2 development baseline
code/02_pennylane_qgnn_core/analyze_value_modulation.py,windows,source,False,5970,48cce15155ebdf274dae357dfc0f8a0013073b7eca0e9a6b864cbad3732a0209,source at the windows side,KEEP,working copy matches the Stage-2 baseline
code/02_pennylane_qgnn_core/analyze_value_modulation.py,server,source,False,5970,48cce15155ebdf274dae357dfc0f8a0013073b7eca0e9a6b864cbad3732a0209,source at the server side,KEEP_SERVER_ONLY,server mirror of a tracked file
code/02_pennylane_qgnn_core/angle_scaled_model.py,github,source,True,2272,4bc37396df55cdd60da2bf7e9aebeb5d136769a8bc8c318ba1f3294719297d9d,source at the github side,KEEP,tracked at the Stage-2 development baseline
code/02_pennylane_qgnn_core/angle_scaled_model.py,windows,source,False,2272,4bc37396df55cdd60da2bf7e9aebeb5d136769a8bc8c318ba1f3294719297d9d,source at the windows side,KEEP,working copy matches the Stage-2 baseline
code/02_pennylane_qgnn_core/angle_scaled_model.py,server,source,False,2272,4bc37396df55cdd60da2bf7e9aebeb5d136769a8bc8c318ba1f3294719297d9d,source at the server side,KEEP_SERVER_ONLY,server mirror of a tracked file
code/02_pennylane_qgnn_core/attention_routed_fusion_model.py,github,source,True,3971,eba6ef5006ff4e4ac7d64918ba13a8543f284626742cf3e95529ae1e32cd0962,source at the github side,KEEP,tracked at the Stage-2 development baseline
code/02_pennylane_qgnn_core/attention_routed_fusion_model.py,windows,source,False,3971,eba6ef5006ff4e4ac7d64918ba13a8543f284626742cf3e95529ae1e32cd0962,source at the windows side,KEEP,working copy matches the Stage-2 baseline
code/02_pennylane_qgnn_core/attention_routed_fusion_model.py,server,source,False,3971,eba6ef5006ff4e4ac7d64918ba13a8543f284626742cf3e95529ae1e32cd0962,source at the server side,KEEP_SERVER_ONLY,server mirror of a tracked file
code/02_pennylane_qgnn_core/benchmark_complexity.py,github,source,True,4464,a0c5fec0ab75bcb057945d0ae9a85bb0afa7a5a3c567146eba10fc9cfd73ab53,source at the github side,KEEP,tracked at the Stage-2 development baseline
code/02_pennylane_qgnn_core/benchmark_complexity.py,windows,source,False,4464,a0c5fec0ab75bcb057945d0ae9a85bb0afa7a5a3c567146eba10fc9cfd73ab53,source at the windows side,KEEP,working copy matches the Stage-2 baseline
code/02_pennylane_qgnn_core/benchmark_complexity.py,server,source,False,4464,a0c5fec0ab75bcb057945d0ae9a85bb0afa7a5a3c567146eba10fc9cfd73ab53,source at the server side,KEEP_SERVER_ONLY,server mirror of a tracked file
code/02_pennylane_qgnn_core/bootstrap_complexity_strata.py,github,source,True,3490,ec14f6f62d71b369c17808a6e1dfa04f8b74e18579106250dc7937048cbd8843,source at the github side,KEEP,tracked at the Stage-2 development baseline
code/02_pennylane_qgnn_core/bootstrap_complexity_strata.py,windows,source,False,3490,ec14f6f62d71b369c17808a6e1dfa04f8b74e18579106250dc7937048cbd8843,source at the windows side,KEEP,working copy matches the Stage-2 baseline
code/02_pennylane_qgnn_core/bootstrap_complexity_strata.py,server,source,False,3490,ec14f6f62d71b369c17808a6e1dfa04f8b74e18579106250dc7937048cbd8843,source at the server side,KEEP_SERVER_ONLY,server mirror of a tracked file
code/02_pennylane_qgnn_core/bootstrap_routed_high.py,github,source,True,2901,0817886be1eeae66a2296a140f57a90384a33cdd26691adf1ea28d44756b7b90,source at the github side,KEEP,tracked at the Stage-2 development baseline
code/02_pennylane_qgnn_core/bootstrap_routed_high.py,windows,source,False,2901,0817886be1eeae66a2296a140f57a90384a33cdd26691adf1ea28d44756b7b90,source at the windows side,KEEP,working copy matches the Stage-2 baseline
code/02_pennylane_qgnn_core/bootstrap_routed_high.py,server,source,False,2901,0817886be1eeae66a2296a140f57a90384a33cdd26691adf1ea28d44756b7b90,source at the server side,KEEP_SERVER_ONLY,server mirror of a tracked file
code/02_pennylane_qgnn_core/diagnose_core_bottleneck.py,github,source,True,6458,7eac0e7c503e338ede91fed2e9cbc11c0ae84253fef3c51ff81063eb330273b9,source at the github side,KEEP,tracked at the Stage-2 development baseline
code/02_pennylane_qgnn_core/diagnose_core_bottleneck.py,windows,source,False,6458,7eac0e7c503e338ede91fed2e9cbc11c0ae84253fef3c51ff81063eb330273b9,source at the windows side,KEEP,working copy matches the Stage-2 baseline
code/02_pennylane_qgnn_core/diagnose_core_bottleneck.py,server,source,False,6458,7eac0e7c503e338ede91fed2e9cbc11c0ae84253fef3c51ff81063eb330273b9,source at the server side,KEEP_SERVER_ONLY,server mirror of a tracked file
code/02_pennylane_qgnn_core/diagnose_dual_core.py,github,source,True,6462,675549a84c687a6edf3e64c4c2b454becd14a7be9c232776bc028a16f61de660,source at the github side,KEEP,tracked at the Stage-2 development baseline
code/02_pennylane_qgnn_core/diagnose_dual_core.py,windows,source,False,6462,675549a84c687a6edf3e64c4c2b454becd14a7be9c232776bc028a16f61de660,source at the windows side,KEEP,working copy matches the Stage-2 baseline
code/02_pennylane_qgnn_core/diagnose_dual_core.py,server,source,False,6462,675549a84c687a6edf3e64c4c2b454becd14a7be9c232776bc028a16f61de660,source at the server side,KEEP_SERVER_ONLY,server mirror of a tracked file
code/02_pennylane_qgnn_core/discover_quantum_scenarios.py,github,source,True,13506,ae5a1985b035c87c0d9e786612546627935a60478d6b9ce93d03ff4c06705958,source at the github side,KEEP,tracked at the Stage-2 development baseline
code/02_pennylane_qgnn_core/discover_quantum_scenarios.py,windows,source,False,13506,ae5a1985b035c87c0d9e786612546627935a60478d6b9ce93d03ff4c06705958,source at the windows side,KEEP,working copy matches the Stage-2 baseline
code/02_pennylane_qgnn_core/discover_quantum_scenarios.py,server,source,False,13506,ae5a1985b035c87c0d9e786612546627935a60478d6b9ce93d03ff4c06705958,source at the server side,KEEP_SERVER_ONLY,server mirror of a tracked file
code/02_pennylane_qgnn_core/dual_core_model.py,github,source,True,1664,eef88b59164ff2f360fce54a1fee37dae089d15dd4d3c9326a61049048ac2141,source at the github side,KEEP,tracked at the Stage-2 development baseline
code/02_pennylane_qgnn_core/dual_core_model.py,windows,source,False,1664,eef88b59164ff2f360fce54a1fee37dae089d15dd4d3c9326a61049048ac2141,source at the windows side,KEEP,working copy matches the Stage-2 baseline
code/02_pennylane_qgnn_core/dual_core_model.py,server,source,False,1664,eef88b59164ff2f360fce54a1fee37dae089d15dd4d3c9326a61049048ac2141,source at the server side,KEEP_SERVER_ONLY,server mirror of a tracked file
code/02_pennylane_qgnn_core/evaluate_association_test_full.py,github,source,True,5552,d24af481b87ea1c035d05c353f4c9274fe23bba95a4526d6e19212ef2bf45e01,source at the github side,KEEP,tracked at the Stage-2 development baseline
code/02_pennylane_qgnn_core/evaluate_association_test_full.py,windows,source,False,5552,d24af481b87ea1c035d05c353f4c9274fe23bba95a4526d6e19212ef2bf45e01,source at the windows side,KEEP,working copy matches the Stage-2 baseline
code/02_pennylane_qgnn_core/evaluate_association_test_full.py,server,source,False,5552,d24af481b87ea1c035d05c353f4c9274fe23bba95a4526d6e19212ef2bf45e01,source at the server side,KEEP_SERVER_ONLY,server mirror of a tracked file
code/02_pennylane_qgnn_core/evaluate_attention_routed_selected.py,github,source,True,1863,03948ce46312dd6a641849e21f62ac3e58462ae468e4f615fc562d9a0f7d08ef,source at the github side,KEEP,tracked at the Stage-2 development baseline
code/02_pennylane_qgnn_core/evaluate_attention_routed_selected.py,windows,source,False,1863,03948ce46312dd6a641849e21f62ac3e58462ae468e4f615fc562d9a0f7d08ef,source at the windows side,KEEP,working copy matches the Stage-2 baseline
code/02_pennylane_qgnn_core/evaluate_attention_routed_selected.py,server,source,False,1863,03948ce46312dd6a641849e21f62ac3e58462ae468e4f615fc562d9a0f7d08ef,source at the server side,KEEP_SERVER_ONLY,server mirror of a tracked file
code/02_pennylane_qgnn_core/evaluate_high_complexity_refinement.py,github,source,True,5615,48f4c93d3a218fcfa146d46a34f2b7f2bd5c60a33982143bf5dab714d022ee7b,source at the github side,KEEP,tracked at the Stage-2 development baseline
code/02_pennylane_qgnn_core/evaluate_high_complexity_refinement.py,windows,source,False,5615,48f4c93d3a218fcfa146d46a34f2b7f2bd5c60a33982143bf5dab714d022ee7b,source at the windows side,KEEP,working copy matches the Stage-2 baseline
code/02_pennylane_qgnn_core/evaluate_high_complexity_refinement.py,server,source,False,5615,48f4c93d3a218fcfa146d46a34f2b7f2bd5c60a33982143bf5dab714d022ee7b,source at the server side,KEEP_SERVER_ONLY,server mirror of a tracked file
code/02_pennylane_qgnn_core/evaluate_interaction_sensitivity.py,github,source,True,2620,017bb2a77b1ceacaac0b8a5bb3a04bca6403b2d75f09b0ca87b1e1aab4cb8085,source at the github side,KEEP,tracked at the Stage-2 development baseline
code/02_pennylane_qgnn_core/evaluate_interaction_sensitivity.py,windows,source,False,2620,017bb2a77b1ceacaac0b8a5bb3a04bca6403b2d75f09b0ca87b1e1aab4cb8085,source at the windows side,KEEP,working copy matches the Stage-2 baseline
code/02_pennylane_qgnn_core/evaluate_interaction_sensitivity.py,server,source,False,2620,017bb2a77b1ceacaac0b8a5bb3a04bca6403b2d75f09b0ca87b1e1aab4cb8085,source at the server side,KEEP_SERVER_ONLY,server mirror of a tracked file
code/02_pennylane_qgnn_core/evaluate_interaction_strata.py,github,source,True,10378,b364e83b62472d48faeb192251af8e2216ce8f6310fd56d3829de2bb66412c1b,source at the github side,KEEP,tracked at the Stage-2 development baseline
code/02_pennylane_qgnn_core/evaluate_interaction_strata.py,windows,source,False,10378,b364e83b62472d48faeb192251af8e2216ce8f6310fd56d3829de2bb66412c1b,source at the windows side,KEEP,working copy matches the Stage-2 baseline
code/02_pennylane_qgnn_core/evaluate_interaction_strata.py,server,source,False,10378,b364e83b62472d48faeb192251af8e2216ce8f6310fd56d3829de2bb66412c1b,source at the server side,KEEP_SERVER_ONLY,server mirror of a tracked file
code/02_pennylane_qgnn_core/evaluate_plain_fusion_control.py,github,source,True,7015,aafa12c3703e47493f8354b675c78db6d7c3844b5ea043dfad960c522da38408,source at the github side,KEEP,tracked at the Stage-2 development baseline
code/02_pennylane_qgnn_core/evaluate_plain_fusion_control.py,windows,source,False,7015,aafa12c3703e47493f8354b675c78db6d7c3844b5ea043dfad960c522da38408,source at the windows side,KEEP,working copy matches the Stage-2 baseline
code/02_pennylane_qgnn_core/evaluate_plain_fusion_control.py,server,source,False,7015,aafa12c3703e47493f8354b675c78db6d7c3844b5ea043dfad960c522da38408,source at the server side,KEEP_SERVER_ONLY,server mirror of a tracked file
code/02_pennylane_qgnn_core/evaluate_quantum_fusion.py,github,source,True,7033,73e08390f3b47ec4d84de6b8fb70d5ba7e6e64f57e76baa6c47009b64f703b99,source at the github side,KEEP,tracked at the Stage-2 development baseline
code/02_pennylane_qgnn_core/evaluate_quantum_fusion.py,windows,source,False,7033,73e08390f3b47ec4d84de6b8fb70d5ba7e6e64f57e76baa6c47009b64f703b99,source at the windows side,KEEP,working copy matches the Stage-2 baseline
code/02_pennylane_qgnn_core/evaluate_quantum_fusion.py,server,source,False,7033,73e08390f3b47ec4d84de6b8fb70d5ba7e6e64f57e76baa6c47009b64f703b99,source at the server side,KEEP_SERVER_ONLY,server mirror of a tracked file
code/02_pennylane_qgnn_core/evaluate_test.py,github,source,True,11460,861100dd55d0986ec8895b921d72ed15f9103552e6ba5d65cd5d9abd1ba07334,source at the github side,KEEP,tracked at the Stage-2 development baseline
code/02_pennylane_qgnn_core/evaluate_test.py,windows,source,False,11460,861100dd55d0986ec8895b921d72ed15f9103552e6ba5d65cd5d9abd1ba07334,source at the windows side,KEEP,working copy matches the Stage-2 baseline
code/02_pennylane_qgnn_core/evaluate_test.py,server,source,False,11460,861100dd55d0986ec8895b921d72ed15f9103552e6ba5d65cd5d9abd1ba07334,source at the server side,KEEP_SERVER_ONLY,server mirror of a tracked file
code/02_pennylane_qgnn_core/experiment_utils.py,github,source,True,3317,e6622562da4118986009dec28c43924f572094220458f223b208a4447a8fa76c,source at the github side,KEEP,tracked at the Stage-2 development baseline
code/02_pennylane_qgnn_core/experiment_utils.py,windows,source,False,3317,e6622562da4118986009dec28c43924f572094220458f223b208a4447a8fa76c,source at the windows side,KEEP,working copy matches the Stage-2 baseline
code/02_pennylane_qgnn_core/experiment_utils.py,server,source,False,3317,e6622562da4118986009dec28c43924f572094220458f223b208a4447a8fa76c,source at the server side,KEEP_SERVER_ONLY,server mirror of a tracked file
code/02_pennylane_qgnn_core/figure_tools/check_figure.py,github,source,True,9709,861191858ff47c5af5247f08d0759b14956a2a7e7d8eafcc6b414d37b9d70f06,source at the github side,KEEP,tracked at the Stage-2 development baseline
code/02_pennylane_qgnn_core/figure_tools/check_figure.py,windows,source,False,9709,861191858ff47c5af5247f08d0759b14956a2a7e7d8eafcc6b414d37b9d70f06,source at the windows side,KEEP,working copy matches the Stage-2 baseline
code/02_pennylane_qgnn_core/figure_tools/check_figure.py,server,source,False,9709,861191858ff47c5af5247f08d0759b14956a2a7e7d8eafcc6b414d37b9d70f06,source at the server side,KEEP_SERVER_ONLY,server mirror of a tracked file
code/02_pennylane_qgnn_core/figure_tools/export_figure.py,github,source,True,6450,40ce3bcd31dfc4b33e38a1cb180c75dc730ee6fa046f04934c79f285c6f890c1,source at the github side,KEEP,tracked at the Stage-2 development baseline
code/02_pennylane_qgnn_core/figure_tools/export_figure.py,windows,source,False,6450,40ce3bcd31dfc4b33e38a1cb180c75dc730ee6fa046f04934c79f285c6f890c1,source at the windows side,KEEP,working copy matches the Stage-2 baseline
code/02_pennylane_qgnn_core/figure_tools/export_figure.py,server,source,False,6450,40ce3bcd31dfc4b33e38a1cb180c75dc730ee6fa046f04934c79f285c6f890c1,source at the server side,KEEP_SERVER_ONLY,server mirror of a tracked file
code/02_pennylane_qgnn_core/figure_tools/layout_tools.py,github,source,True,9351,68e1d25774148fe78f5d87035d651f5e3707382502505cb11f62f9ec7ae88e49,source at the github side,KEEP,tracked at the Stage-2 development baseline
code/02_pennylane_qgnn_core/figure_tools/layout_tools.py,windows,source,False,9351,68e1d25774148fe78f5d87035d651f5e3707382502505cb11f62f9ec7ae88e49,source at the windows side,KEEP,working copy matches the Stage-2 baseline
code/02_pennylane_qgnn_core/figure_tools/layout_tools.py,server,source,False,9351,68e1d25774148fe78f5d87035d651f5e3707382502505cb11f62f9ec7ae88e49,source at the server side,KEEP_SERVER_ONLY,server mirror of a tracked file
code/02_pennylane_qgnn_core/figure_tools/profile_data.py,github,source,True,17764,d8a2a72c2607c390f2d3ed1508209d515ad4fbf833fa1602ab9da519b3596ec4,source at the github side,KEEP,tracked at the Stage-2 development baseline
code/02_pennylane_qgnn_core/figure_tools/profile_data.py,windows,source,False,17764,d8a2a72c2607c390f2d3ed1508209d515ad4fbf833fa1602ab9da519b3596ec4,source at the windows side,KEEP,working copy matches the Stage-2 baseline
code/02_pennylane_qgnn_core/figure_tools/profile_data.py,server,source,False,17764,d8a2a72c2607c390f2d3ed1508209d515ad4fbf833fa1602ab9da519b3596ec4,source at the server side,KEEP_SERVER_ONLY,server mirror of a tracked file
code/02_pennylane_qgnn_core/figure_tools/setup_style.py,github,source,True,11794,d58ef81684577bb605a92733dd2ca48ade03b4f819b3d255fd62f319be7fea82,source at the github side,KEEP,tracked at the Stage-2 development baseline
code/02_pennylane_qgnn_core/figure_tools/setup_style.py,windows,source,False,11794,d58ef81684577bb605a92733dd2ca48ade03b4f819b3d255fd62f319be7fea82,source at the windows side,KEEP,working copy matches the Stage-2 baseline
code/02_pennylane_qgnn_core/figure_tools/setup_style.py,server,source,False,11794,d58ef81684577bb605a92733dd2ca48ade03b4f819b3d255fd62f319be7fea82,source at the server side,KEEP_SERVER_ONLY,server mirror of a tracked file
code/02_pennylane_qgnn_core/figure_tools/visual_qa.py,github,source,True,12677,67675709e523c76e2748d50749de7bc6332f07df865379b26d024321fb40120f,source at the github side,KEEP,tracked at the Stage-2 development baseline
code/02_pennylane_qgnn_core/figure_tools/visual_qa.py,windows,source,False,12677,67675709e523c76e2748d50749de7bc6332f07df865379b26d024321fb40120f,source at the windows side,KEEP,working copy matches the Stage-2 baseline
code/02_pennylane_qgnn_core/figure_tools/visual_qa.py,server,source,False,12677,67675709e523c76e2748d50749de7bc6332f07df865379b26d024321fb40120f,source at the server side,KEEP_SERVER_ONLY,server mirror of a tracked file
code/02_pennylane_qgnn_core/future_token_model.py,github,source,True,7773,2294418668480850b88d399964a6923c46f46253adaf64077839d1cb00cd6d9a,source at the github side,KEEP,tracked at the Stage-2 development baseline
code/02_pennylane_qgnn_core/future_token_model.py,windows,source,False,7773,2294418668480850b88d399964a6923c46f46253adaf64077839d1cb00cd6d9a,source at the windows side,KEEP,working copy matches the Stage-2 baseline
code/02_pennylane_qgnn_core/future_token_model.py,server,source,False,7773,2294418668480850b88d399964a6923c46f46253adaf64077839d1cb00cd6d9a,source at the server side,KEEP_SERVER_ONLY,server mirror of a tracked file
code/02_pennylane_qgnn_core/model.py,github,source,True,6066,1117511465dfaee4c43f658d06b7811311d0b33e87d7a024c498aad10452df32,source at the github side,KEEP,tracked at the Stage-2 development baseline
code/02_pennylane_qgnn_core/model.py,windows,source,False,6066,1117511465dfaee4c43f658d06b7811311d0b33e87d7a024c498aad10452df32,source at the windows side,KEEP,working copy matches the Stage-2 baseline
code/02_pennylane_qgnn_core/model.py,server,source,False,6066,1117511465dfaee4c43f658d06b7811311d0b33e87d7a024c498aad10452df32,source at the server side,KEEP_SERVER_ONLY,server mirror of a tracked file
code/02_pennylane_qgnn_core/monitor_angle_scale.py,github,source,True,970,1f7c757a0596443a93f6e15844a478acdf415803f77f14adf21c1590b3df5181,source at the github side,KEEP,tracked at the Stage-2 development baseline
code/02_pennylane_qgnn_core/monitor_angle_scale.py,windows,source,False,970,1f7c757a0596443a93f6e15844a478acdf415803f77f14adf21c1590b3df5181,source at the windows side,KEEP,working copy matches the Stage-2 baseline
code/02_pennylane_qgnn_core/monitor_angle_scale.py,server,source,False,970,1f7c757a0596443a93f6e15844a478acdf415803f77f14adf21c1590b3df5181,source at the server side,KEEP_SERVER_ONLY,server mirror of a tracked file
code/02_pennylane_qgnn_core/monitor_converged_training.py,github,source,True,3485,a755eecf2e51913a20c4f005db13bdc42dc37d90fe3568bcfd9b82fb9c0d27e4,source at the github side,KEEP,tracked at the Stage-2 development baseline
code/02_pennylane_qgnn_core/monitor_converged_training.py,windows,source,False,3485,a755eecf2e51913a20c4f005db13bdc42dc37d90fe3568bcfd9b82fb9c0d27e4,source at the windows side,KEEP,working copy matches the Stage-2 baseline
code/02_pennylane_qgnn_core/monitor_converged_training.py,server,source,False,3485,a755eecf2e51913a20c4f005db13bdc42dc37d90fe3568bcfd9b82fb9c0d27e4,source at the server side,KEEP_SERVER_ONLY,server mirror of a tracked file
code/02_pennylane_qgnn_core/monitor_dual_core.py,github,source,True,973,e62b1248f34dce11d6300599f4c275dddf3dd86880c92e9ae968e107423f73f8,source at the github side,KEEP,tracked at the Stage-2 development baseline
code/02_pennylane_qgnn_core/monitor_dual_core.py,windows,source,False,973,e62b1248f34dce11d6300599f4c275dddf3dd86880c92e9ae968e107423f73f8,source at the windows side,KEEP,working copy matches the Stage-2 baseline
code/02_pennylane_qgnn_core/monitor_dual_core.py,server,source,False,973,e62b1248f34dce11d6300599f4c275dddf3dd86880c92e9ae968e107423f73f8,source at the server side,KEEP_SERVER_ONLY,server mirror of a tracked file
code/02_pennylane_qgnn_core/monitor_value_modulation.py,github,source,True,987,573a2945c06a830ea313d03b21d646c6c4301adb3311fa64ef9caca8a3a3f479,source at the github side,KEEP,tracked at the Stage-2 development baseline
code/02_pennylane_qgnn_core/monitor_value_modulation.py,windows,source,False,987,573a2945c06a830ea313d03b21d646c6c4301adb3311fa64ef9caca8a3a3f479,source at the windows side,KEEP,working copy matches the Stage-2 baseline
code/02_pennylane_qgnn_core/monitor_value_modulation.py,server,source,False,987,573a2945c06a830ea313d03b21d646c6c4301adb3311fa64ef9caca8a3a3f479,source at the server side,KEEP_SERVER_ONLY,server mirror of a tracked file
code/02_pennylane_qgnn_core/paired_analysis.py,github,source,True,2244,348561396df663ae9187e40f23e50befb20f4b540ad690c27c70d8563dec5bfa,source at the github side,KEEP,tracked at the Stage-2 development baseline
code/02_pennylane_qgnn_core/paired_analysis.py,windows,source,False,2244,348561396df663ae9187e40f23e50befb20f4b540ad690c27c70d8563dec5bfa,source at the windows side,KEEP,working copy matches the Stage-2 baseline
code/02_pennylane_qgnn_core/paired_analysis.py,server,source,False,2244,348561396df663ae9187e40f23e50befb20f4b540ad690c27c70d8563dec5bfa,source at the server side,KEEP_SERVER_ONLY,server mirror of a tracked file
code/02_pennylane_qgnn_core/pennylane_core.py,github,source,True,3453,9e8f7078fe4cc03c51850e15774e0b60c420fa7a6e9db85d4897fbbdef4ec1bf,source at the github side,KEEP,tracked at the Stage-2 development baseline
code/02_pennylane_qgnn_core/pennylane_core.py,windows,source,False,3453,9e8f7078fe4cc03c51850e15774e0b60c420fa7a6e9db85d4897fbbdef4ec1bf,source at the windows side,KEEP,working copy matches the Stage-2 baseline
code/02_pennylane_qgnn_core/pennylane_core.py,server,source,False,3453,9e8f7078fe4cc03c51850e15774e0b60c420fa7a6e9db85d4897fbbdef4ec1bf,source at the server side,KEEP_SERVER_ONLY,server mirror of a tracked file
code/02_pennylane_qgnn_core/physics_aligned_basis_model.py,github,source,True,5615,b2e19c38a1b87d14abe70a6ca1d26c8cb7f15bc5ac833a7c16717d7481f1718c,source at the github side,KEEP,tracked at the Stage-2 development baseline
code/02_pennylane_qgnn_core/physics_aligned_basis_model.py,windows,source,False,5615,b2e19c38a1b87d14abe70a6ca1d26c8cb7f15bc5ac833a7c16717d7481f1718c,source at the windows side,KEEP,working copy matches the Stage-2 baseline
code/02_pennylane_qgnn_core/physics_aligned_basis_model.py,server,source,False,5615,b2e19c38a1b87d14abe70a6ca1d26c8cb7f15bc5ac833a7c16717d7481f1718c,source at the server side,KEEP_SERVER_ONLY,server mirror of a tracked file
code/02_pennylane_qgnn_core/physics_aligned_dual_model.py,github,source,True,7439,0baee425b2dbe4013d72a1044fa782163d2d783fc19ed25e87364a8c770435ef,source at the github side,KEEP,tracked at the Stage-2 development baseline
code/02_pennylane_qgnn_core/physics_aligned_dual_model.py,windows,source,False,7439,0baee425b2dbe4013d72a1044fa782163d2d783fc19ed25e87364a8c770435ef,source at the windows side,KEEP,working copy matches the Stage-2 baseline
code/02_pennylane_qgnn_core/physics_aligned_dual_model.py,server,source,False,7439,0baee425b2dbe4013d72a1044fa782163d2d783fc19ed25e87364a8c770435ef,source at the server side,KEEP_SERVER_ONLY,server mirror of a tracked file
code/02_pennylane_qgnn_core/plot_final_qgnn_results.py,github,source,True,6169,5f28a7b8715f21cc8ffb2087fc1f437e789f3dc985fe1218dc86960bfff9acec,source at the github side,KEEP,tracked at the Stage-2 development baseline
code/02_pennylane_qgnn_core/plot_final_qgnn_results.py,windows,source,False,6169,5f28a7b8715f21cc8ffb2087fc1f437e789f3dc985fe1218dc86960bfff9acec,source at the windows side,KEEP,working copy matches the Stage-2 baseline
code/02_pennylane_qgnn_core/plot_final_qgnn_results.py,server,source,False,6169,5f28a7b8715f21cc8ffb2087fc1f437e789f3dc985fe1218dc86960bfff9acec,source at the server side,KEEP_SERVER_ONLY,server mirror of a tracked file
code/02_pennylane_qgnn_core/probe_quantum_bottlenecks.py,github,source,True,6106,ace6eacf79e519ec86a348a0cde0ed5f90152ab8cd45c72b0807e1f204bb46f1,source at the github side,KEEP,tracked at the Stage-2 development baseline
code/02_pennylane_qgnn_core/probe_quantum_bottlenecks.py,windows,source,False,6106,ace6eacf79e519ec86a348a0cde0ed5f90152ab8cd45c72b0807e1f204bb46f1,source at the windows side,KEEP,working copy matches the Stage-2 baseline
code/02_pennylane_qgnn_core/probe_quantum_bottlenecks.py,server,source,False,6106,ace6eacf79e519ec86a348a0cde0ed5f90152ab8cd45c72b0807e1f204bb46f1,source at the server side,KEEP_SERVER_ONLY,server mirror of a tracked file
code/02_pennylane_qgnn_core/quantum_core.py,github,source,True,4722,80d0b585e18849d93a211a46b4289cd3131be00585ab03cf1441afed5346cdb1,source at the github side,KEEP,tracked at the Stage-2 development baseline
code/02_pennylane_qgnn_core/quantum_core.py,windows,source,False,4722,80d0b585e18849d93a211a46b4289cd3131be00585ab03cf1441afed5346cdb1,source at the windows side,KEEP,working copy matches the Stage-2 baseline
code/02_pennylane_qgnn_core/quantum_core.py,server,source,False,4722,80d0b585e18849d93a211a46b4289cd3131be00585ab03cf1441afed5346cdb1,source at the server side,KEEP_SERVER_ONLY,server mirror of a tracked file
code/02_pennylane_qgnn_core/quantum_relation_prompt_model.py,github,source,True,8236,41bf8a18dea12c318b3717cf48067c1a786665063faa376d7e4f353136ccfd37,source at the github side,KEEP,tracked at the Stage-2 development baseline
code/02_pennylane_qgnn_core/quantum_relation_prompt_model.py,windows,source,False,8236,41bf8a18dea12c318b3717cf48067c1a786665063faa376d7e4f353136ccfd37,source at the windows side,KEEP,working copy matches the Stage-2 baseline
code/02_pennylane_qgnn_core/quantum_relation_prompt_model.py,server,source,False,8236,41bf8a18dea12c318b3717cf48067c1a786665063faa376d7e4f353136ccfd37,source at the server side,KEEP_SERVER_ONLY,server mirror of a tracked file
code/02_pennylane_qgnn_core/resume_dual_quantum_after_disk_full.py,github,source,True,4334,02d3a27e13f7455ca44050adb48d0688da35c243a6d822df1848b1c2def267b8,source at the github side,KEEP,tracked at the Stage-2 development baseline
code/02_pennylane_qgnn_core/resume_dual_quantum_after_disk_full.py,windows,source,False,4334,02d3a27e13f7455ca44050adb48d0688da35c243a6d822df1848b1c2def267b8,source at the windows side,KEEP,working copy matches the Stage-2 baseline
code/02_pennylane_qgnn_core/resume_dual_quantum_after_disk_full.py,server,source,False,4334,02d3a27e13f7455ca44050adb48d0688da35c243a6d822df1848b1c2def267b8,source at the server side,KEEP_SERVER_ONLY,server mirror of a tracked file
code/02_pennylane_qgnn_core/rich_observable_core.py,github,source,True,4730,8ab98c83adef7f0c9cc3003ea544d988890403ff13375f95bab0001c888b8e0b,source at the github side,KEEP,tracked at the Stage-2 development baseline
code/02_pennylane_qgnn_core/rich_observable_core.py,windows,source,False,4730,8ab98c83adef7f0c9cc3003ea544d988890403ff13375f95bab0001c888b8e0b,source at the windows side,KEEP,working copy matches the Stage-2 baseline
code/02_pennylane_qgnn_core/rich_observable_core.py,server,source,False,4730,8ab98c83adef7f0c9cc3003ea544d988890403ff13375f95bab0001c888b8e0b,source at the server side,KEEP_SERVER_ONLY,server mirror of a tracked file
code/02_pennylane_qgnn_core/run.py,github,source,True,15876,898e44c93a81910b7a7cb22981dff7e95c2236755fc4e37045c432c7a5a9aca8,source at the github side,KEEP,tracked at the Stage-2 development baseline
code/02_pennylane_qgnn_core/run.py,windows,source,False,15876,898e44c93a81910b7a7cb22981dff7e95c2236755fc4e37045c432c7a5a9aca8,source at the windows side,KEEP,working copy matches the Stage-2 baseline
code/02_pennylane_qgnn_core/run.py,server,source,False,15876,898e44c93a81910b7a7cb22981dff7e95c2236755fc4e37045c432c7a5a9aca8,source at the server side,KEEP_SERVER_ONLY,server mirror of a tracked file
code/02_pennylane_qgnn_core/run_angle_scale_experiment.py,github,source,True,7509,c2283b11004bc2780e45f78a02cd2ee86a98f60054d38c98697c89dd81368bdb,source at the github side,KEEP,tracked at the Stage-2 development baseline
code/02_pennylane_qgnn_core/run_angle_scale_experiment.py,windows,source,False,7509,c2283b11004bc2780e45f78a02cd2ee86a98f60054d38c98697c89dd81368bdb,source at the windows side,KEEP,working copy matches the Stage-2 baseline
code/02_pennylane_qgnn_core/run_angle_scale_experiment.py,server,source,False,7509,c2283b11004bc2780e45f78a02cd2ee86a98f60054d38c98697c89dd81368bdb,source at the server side,KEEP_SERVER_ONLY,server mirror of a tracked file
code/02_pennylane_qgnn_core/run_attention_routed_fusion.py,github,source,True,9064,9de47f8777229658786d77295c32518cad8c7e050f6ada24f1bf3f8232bb3bcc,source at the github side,KEEP,tracked at the Stage-2 development baseline
code/02_pennylane_qgnn_core/run_attention_routed_fusion.py,windows,source,False,9064,9de47f8777229658786d77295c32518cad8c7e050f6ada24f1bf3f8232bb3bcc,source at the windows side,KEEP,working copy matches the Stage-2 baseline
code/02_pennylane_qgnn_core/run_attention_routed_fusion.py,server,source,False,9064,9de47f8777229658786d77295c32518cad8c7e050f6ada24f1bf3f8232bb3bcc,source at the server side,KEEP_SERVER_ONLY,server mirror of a tracked file
code/02_pennylane_qgnn_core/run_basis_dual_experiment.py,github,source,True,8653,74c33a10a8bb148ad430d04c0cd3fafb3a2122e51e27935492c68c8fc03d131c,source at the github side,KEEP,tracked at the Stage-2 development baseline
code/02_pennylane_qgnn_core/run_basis_dual_experiment.py,windows,source,False,8653,74c33a10a8bb148ad430d04c0cd3fafb3a2122e51e27935492c68c8fc03d131c,source at the windows side,KEEP,working copy matches the Stage-2 baseline
code/02_pennylane_qgnn_core/run_basis_dual_experiment.py,server,source,False,8653,74c33a10a8bb148ad430d04c0cd3fafb3a2122e51e27935492c68c8fc03d131c,source at the server side,KEEP_SERVER_ONLY,server mirror of a tracked file
code/02_pennylane_qgnn_core/run_converged_training.py,github,source,True,12840,0032ce6d869cb03d193cc42e4739c8594fef00cb127ce029a50cdd3b61f4d8f3,source at the github side,KEEP,tracked at the Stage-2 development baseline
code/02_pennylane_qgnn_core/run_converged_training.py,windows,source,False,12840,0032ce6d869cb03d193cc42e4739c8594fef00cb127ce029a50cdd3b61f4d8f3,source at the windows side,KEEP,working copy matches the Stage-2 baseline
code/02_pennylane_qgnn_core/run_converged_training.py,server,source,False,12840,0032ce6d869cb03d193cc42e4739c8594fef00cb127ce029a50cdd3b61f4d8f3,source at the server side,KEEP_SERVER_ONLY,server mirror of a tracked file
code/02_pennylane_qgnn_core/run_dual_core_experiment.py,github,source,True,9101,4df55d12858e0005ba35592032137cf69e0e74038eec17d7e6ff705944d4f2b3,source at the github side,KEEP,tracked at the Stage-2 development baseline
code/02_pennylane_qgnn_core/run_dual_core_experiment.py,windows,source,False,9101,4df55d12858e0005ba35592032137cf69e0e74038eec17d7e6ff705944d4f2b3,source at the windows side,KEEP,working copy matches the Stage-2 baseline
code/02_pennylane_qgnn_core/run_dual_core_experiment.py,server,source,False,9101,4df55d12858e0005ba35592032137cf69e0e74038eec17d7e6ff705944d4f2b3,source at the server side,KEEP_SERVER_ONLY,server mirror of a tracked file
code/02_pennylane_qgnn_core/run_final_test_report.py,github,source,True,6588,6d3dac8009d27b9f4e1284fb5ccbba6e56ec4cfa4d9e8f3f171427d64ddbd892,source at the github side,KEEP,tracked at the Stage-2 development baseline
code/02_pennylane_qgnn_core/run_final_test_report.py,windows,source,False,6588,6d3dac8009d27b9f4e1284fb5ccbba6e56ec4cfa4d9e8f3f171427d64ddbd892,source at the windows side,KEEP,working copy matches the Stage-2 baseline
code/02_pennylane_qgnn_core/run_final_test_report.py,server,source,False,6588,6d3dac8009d27b9f4e1284fb5ccbba6e56ec4cfa4d9e8f3f171427d64ddbd892,source at the server side,KEEP_SERVER_ONLY,server mirror of a tracked file
code/02_pennylane_qgnn_core/run_future_token_qgnn_llm.py,github,source,True,14428,3d0d01f3efef8666e919f3e88e84a383e72a3def932e481a487f2adac192186a,source at the github side,KEEP,tracked at the Stage-2 development baseline
code/02_pennylane_qgnn_core/run_future_token_qgnn_llm.py,windows,source,False,14428,3d0d01f3efef8666e919f3e88e84a383e72a3def932e481a487f2adac192186a,source at the windows side,KEEP,working copy matches the Stage-2 baseline
code/02_pennylane_qgnn_core/run_future_token_qgnn_llm.py,server,source,False,14428,3d0d01f3efef8666e919f3e88e84a383e72a3def932e481a487f2adac192186a,source at the server side,KEEP_SERVER_ONLY,server mirror of a tracked file
code/02_pennylane_qgnn_core/run_high_complexity_llm_refinement.py,github,source,True,10461,4b3e84c0836c95a3e1c3ac82fe073591145c27df41fa043ead0c54d243843b21,source at the github side,KEEP,tracked at the Stage-2 development baseline
code/02_pennylane_qgnn_core/run_high_complexity_llm_refinement.py,windows,source,False,10461,4b3e84c0836c95a3e1c3ac82fe073591145c27df41fa043ead0c54d243843b21,source at the windows side,KEEP,working copy matches the Stage-2 baseline
code/02_pennylane_qgnn_core/run_high_complexity_llm_refinement.py,server,source,False,10461,4b3e84c0836c95a3e1c3ac82fe073591145c27df41fa043ead0c54d243843b21,source at the server side,KEEP_SERVER_ONLY,server mirror of a tracked file
code/02_pennylane_qgnn_core/run_high_interaction_temporal_route.py,github,source,True,10292,e86eedc132b07df80a0d922c08aab2bbb50a42dfb64ba613878d05b097de44fd,source at the github side,KEEP,tracked at the Stage-2 development baseline
code/02_pennylane_qgnn_core/run_high_interaction_temporal_route.py,windows,source,False,10292,e86eedc132b07df80a0d922c08aab2bbb50a42dfb64ba613878d05b097de44fd,source at the windows side,KEEP,working copy matches the Stage-2 baseline
code/02_pennylane_qgnn_core/run_high_interaction_temporal_route.py,server,source,False,10292,e86eedc132b07df80a0d922c08aab2bbb50a42dfb64ba613878d05b097de44fd,source at the server side,KEEP_SERVER_ONLY,server mirror of a tracked file
code/02_pennylane_qgnn_core/run_low_data_curve.py,github,source,True,5688,0885e6b7ce26cf795e9da3424cb156a01427208141d166503039e81b4e10ba18,source at the github side,KEEP,tracked at the Stage-2 development baseline
code/02_pennylane_qgnn_core/run_low_data_curve.py,windows,source,False,5688,0885e6b7ce26cf795e9da3424cb156a01427208141d166503039e81b4e10ba18,source at the windows side,KEEP,working copy matches the Stage-2 baseline
code/02_pennylane_qgnn_core/run_low_data_curve.py,server,source,False,5688,0885e6b7ce26cf795e9da3424cb156a01427208141d166503039e81b4e10ba18,source at the server side,KEEP_SERVER_ONLY,server mirror of a tracked file
code/02_pennylane_qgnn_core/run_mechanism_ablation.py,github,source,True,6086,e510555df5bdec70be1ad3cf4619a8fdb1530d8c3ca41198d1bed1d07380415f,source at the github side,KEEP,tracked at the Stage-2 development baseline
code/02_pennylane_qgnn_core/run_mechanism_ablation.py,windows,source,False,6086,e510555df5bdec70be1ad3cf4619a8fdb1530d8c3ca41198d1bed1d07380415f,source at the windows side,KEEP,working copy matches the Stage-2 baseline
code/02_pennylane_qgnn_core/run_mechanism_ablation.py,server,source,False,6086,e510555df5bdec70be1ad3cf4619a8fdb1530d8c3ca41198d1bed1d07380415f,source at the server side,KEEP_SERVER_ONLY,server mirror of a tracked file
code/02_pennylane_qgnn_core/run_pennylane_training.py,github,source,True,7668,3ca3bb05d8238b6aaca8ed60839054ebcf0af336146aed9325bcf6e11f7a2428,source at the github side,KEEP,tracked at the Stage-2 development baseline
code/02_pennylane_qgnn_core/run_pennylane_training.py,windows,source,False,7668,3ca3bb05d8238b6aaca8ed60839054ebcf0af336146aed9325bcf6e11f7a2428,source at the windows side,KEEP,working copy matches the Stage-2 baseline
code/02_pennylane_qgnn_core/run_pennylane_training.py,server,source,False,7668,3ca3bb05d8238b6aaca8ed60839054ebcf0af336146aed9325bcf6e11f7a2428,source at the server side,KEEP_SERVER_ONLY,server mirror of a tracked file
code/02_pennylane_qgnn_core/run_physics_aligned_dual_experiment.py,github,source,True,8805,30b569ac158f52fb6e0eafd62435c1d99df7d259317fa9270373bbcf56581396,source at the github side,KEEP,tracked at the Stage-2 development baseline
code/02_pennylane_qgnn_core/run_physics_aligned_dual_experiment.py,windows,source,False,8805,30b569ac158f52fb6e0eafd62435c1d99df7d259317fa9270373bbcf56581396,source at the windows side,KEEP,working copy matches the Stage-2 baseline
code/02_pennylane_qgnn_core/run_physics_aligned_dual_experiment.py,server,source,False,8805,30b569ac158f52fb6e0eafd62435c1d99df7d259317fa9270373bbcf56581396,source at the server side,KEEP_SERVER_ONLY,server mirror of a tracked file
code/02_pennylane_qgnn_core/run_quantum_llm_frozen_continuation.py,github,source,True,5659,2e8d639a5819f317bb80f27bca545a666725121e2b989997bf7aa03da666652c,source at the github side,KEEP,tracked at the Stage-2 development baseline
code/02_pennylane_qgnn_core/run_quantum_llm_frozen_continuation.py,windows,source,False,5659,2e8d639a5819f317bb80f27bca545a666725121e2b989997bf7aa03da666652c,source at the windows side,KEEP,working copy matches the Stage-2 baseline
code/02_pennylane_qgnn_core/run_quantum_llm_frozen_continuation.py,server,source,False,5659,2e8d639a5819f317bb80f27bca545a666725121e2b989997bf7aa03da666652c,source at the server side,KEEP_SERVER_ONLY,server mirror of a tracked file
code/02_pennylane_qgnn_core/run_relation_prompt_experiment.py,github,source,True,11544,e90286cb661af7339d409450adddebf32606ea2d38ff7ba389757359790b1a85,source at the github side,KEEP,tracked at the Stage-2 development baseline
code/02_pennylane_qgnn_core/run_relation_prompt_experiment.py,windows,source,False,11544,e90286cb661af7339d409450adddebf32606ea2d38ff7ba389757359790b1a85,source at the windows side,KEEP,working copy matches the Stage-2 baseline
code/02_pennylane_qgnn_core/run_relation_prompt_experiment.py,server,source,False,11544,e90286cb661af7339d409450adddebf32606ea2d38ff7ba389757359790b1a85,source at the server side,KEEP_SERVER_ONLY,server mirror of a tracked file
code/02_pennylane_qgnn_core/run_strong_dual_llm.py,github,source,True,7085,eccc73466e60b40a643654389b4d4ab5bfc041d204f1527628d0235b15284aa0,source at the github side,KEEP,tracked at the Stage-2 development baseline
code/02_pennylane_qgnn_core/run_strong_dual_llm.py,windows,source,False,7085,eccc73466e60b40a643654389b4d4ab5bfc041d204f1527628d0235b15284aa0,source at the windows side,KEEP,working copy matches the Stage-2 baseline
code/02_pennylane_qgnn_core/run_strong_dual_llm.py,server,source,False,7085,eccc73466e60b40a643654389b4d4ab5bfc041d204f1527628d0235b15284aa0,source at the server side,KEEP_SERVER_ONLY,server mirror of a tracked file
code/02_pennylane_qgnn_core/run_two_hop_rich_quantum.py,github,source,True,8107,6b90fc5bfa6f0b94275fd879ec2eb43faa81f3130ca4d93dfa2a8035df9551ae,source at the github side,KEEP,tracked at the Stage-2 development baseline
code/02_pennylane_qgnn_core/run_two_hop_rich_quantum.py,windows,source,False,8107,6b90fc5bfa6f0b94275fd879ec2eb43faa81f3130ca4d93dfa2a8035df9551ae,source at the windows side,KEEP,working copy matches the Stage-2 baseline
code/02_pennylane_qgnn_core/run_two_hop_rich_quantum.py,server,source,False,8107,6b90fc5bfa6f0b94275fd879ec2eb43faa81f3130ca4d93dfa2a8035df9551ae,source at the server side,KEEP_SERVER_ONLY,server mirror of a tracked file
code/02_pennylane_qgnn_core/run_two_hop_score2_quantum.py,github,source,True,7509,d93675bbea54c737516cf3d7f82136bed2790189af60f231a4445e344791982c,source at the github side,KEEP,tracked at the Stage-2 development baseline
code/02_pennylane_qgnn_core/run_two_hop_score2_quantum.py,windows,source,False,7509,d93675bbea54c737516cf3d7f82136bed2790189af60f231a4445e344791982c,source at the windows side,KEEP,working copy matches the Stage-2 baseline
code/02_pennylane_qgnn_core/run_two_hop_score2_quantum.py,server,source,False,7509,d93675bbea54c737516cf3d7f82136bed2790189af60f231a4445e344791982c,source at the server side,KEEP_SERVER_ONLY,server mirror of a tracked file
code/02_pennylane_qgnn_core/run_two_hop_sparse_experiment.py,github,source,True,9227,92fecd04d0d258f2409b42ba961b77920787f3e9685ce193721f5c2288ac72af,source at the github side,KEEP,tracked at the Stage-2 development baseline
code/02_pennylane_qgnn_core/run_two_hop_sparse_experiment.py,windows,source,False,9227,92fecd04d0d258f2409b42ba961b77920787f3e9685ce193721f5c2288ac72af,source at the windows side,KEEP,working copy matches the Stage-2 baseline
code/02_pennylane_qgnn_core/run_two_hop_sparse_experiment.py,server,source,False,9227,92fecd04d0d258f2409b42ba961b77920787f3e9685ce193721f5c2288ac72af,source at the server side,KEEP_SERVER_ONLY,server mirror of a tracked file
code/02_pennylane_qgnn_core/run_value_modulation_experiment.py,github,source,True,7852,45b99f08fc33c1fc00b67525b4d3d669b4b4402d490b82fd5408bcb6cf656022,source at the github side,KEEP,tracked at the Stage-2 development baseline
code/02_pennylane_qgnn_core/run_value_modulation_experiment.py,windows,source,False,7852,45b99f08fc33c1fc00b67525b4d3d669b4b4402d490b82fd5408bcb6cf656022,source at the windows side,KEEP,working copy matches the Stage-2 baseline
code/02_pennylane_qgnn_core/run_value_modulation_experiment.py,server,source,False,7852,45b99f08fc33c1fc00b67525b4d3d669b4b4402d490b82fd5408bcb6cf656022,source at the server side,KEEP_SERVER_ONLY,server mirror of a tracked file
code/02_pennylane_qgnn_core/run_warm_basis_refinement.py,github,source,True,6319,61c2da7e1d5e43460812d85f2b7e2e3b29504b525324acd57b7a75d21f44cdaa,source at the github side,KEEP,tracked at the Stage-2 development baseline
code/02_pennylane_qgnn_core/run_warm_basis_refinement.py,windows,source,False,6319,61c2da7e1d5e43460812d85f2b7e2e3b29504b525324acd57b7a75d21f44cdaa,source at the windows side,KEEP,working copy matches the Stage-2 baseline
code/02_pennylane_qgnn_core/run_warm_basis_refinement.py,server,source,False,6319,61c2da7e1d5e43460812d85f2b7e2e3b29504b525324acd57b7a75d21f44cdaa,source at the server side,KEEP_SERVER_ONLY,server mirror of a tracked file
code/02_pennylane_qgnn_core/select_physical_complexity_rule.py,github,source,True,4704,218ec15031b93b487a7a90f7dac3b4ba66d31d3f33a4b29d280d50ed6bb0ecc2,source at the github side,KEEP,tracked at the Stage-2 development baseline
code/02_pennylane_qgnn_core/select_physical_complexity_rule.py,windows,source,False,4704,218ec15031b93b487a7a90f7dac3b4ba66d31d3f33a4b29d280d50ed6bb0ecc2,source at the windows side,KEEP,working copy matches the Stage-2 baseline
code/02_pennylane_qgnn_core/select_physical_complexity_rule.py,server,source,False,4704,218ec15031b93b487a7a90f7dac3b4ba66d31d3f33a4b29d280d50ed6bb0ecc2,source at the server side,KEEP_SERVER_ONLY,server mirror of a tracked file
code/02_pennylane_qgnn_core/summarize.py,github,source,True,3602,c35aadcb7bb612bcf3fb3d2d7ebe9874f2ae5a2b6339c0e631f7fe8105d96d0a,source at the github side,KEEP,tracked at the Stage-2 development baseline
code/02_pennylane_qgnn_core/summarize.py,windows,source,False,3602,c35aadcb7bb612bcf3fb3d2d7ebe9874f2ae5a2b6339c0e631f7fe8105d96d0a,source at the windows side,KEEP,working copy matches the Stage-2 baseline
code/02_pennylane_qgnn_core/summarize.py,server,source,False,3602,c35aadcb7bb612bcf3fb3d2d7ebe9874f2ae5a2b6339c0e631f7fe8105d96d0a,source at the server side,KEEP_SERVER_ONLY,server mirror of a tracked file
code/02_pennylane_qgnn_core/temporal_risk_routed_model.py,github,source,True,4774,670b8a2a5bce9f3d956d867c9504fbc8a5aa23400b83a6f6b4c03e00c9fe6c84,source at the github side,KEEP,tracked at the Stage-2 development baseline
code/02_pennylane_qgnn_core/temporal_risk_routed_model.py,windows,source,False,4774,670b8a2a5bce9f3d956d867c9504fbc8a5aa23400b83a6f6b4c03e00c9fe6c84,source at the windows side,KEEP,working copy matches the Stage-2 baseline
code/02_pennylane_qgnn_core/temporal_risk_routed_model.py,server,source,False,4774,670b8a2a5bce9f3d956d867c9504fbc8a5aa23400b83a6f6b4c03e00c9fe6c84,source at the server side,KEEP_SERVER_ONLY,server mirror of a tracked file
code/02_pennylane_qgnn_core/validate_pennylane.py,github,source,True,5903,f1caf1926f4eb8fed7700ab57cbe6ce811a6f1cef8395779e0f9916073cd3da6,source at the github side,KEEP,tracked at the Stage-2 development baseline
code/02_pennylane_qgnn_core/validate_pennylane.py,windows,source,False,5903,f1caf1926f4eb8fed7700ab57cbe6ce811a6f1cef8395779e0f9916073cd3da6,source at the windows side,KEEP,working copy matches the Stage-2 baseline
code/02_pennylane_qgnn_core/validate_pennylane.py,server,source,False,5903,f1caf1926f4eb8fed7700ab57cbe6ce811a6f1cef8395779e0f9916073cd3da6,source at the server side,KEEP_SERVER_ONLY,server mirror of a tracked file
code/02_pennylane_qgnn_core/validate_score_sharpening.py,github,source,True,2949,07290e0f9a8c6a14a8e3e78c3b20fcb8b8662ad780b87579e94f1fb6b57a5248,source at the github side,KEEP,tracked at the Stage-2 development baseline
code/02_pennylane_qgnn_core/validate_score_sharpening.py,windows,source,False,2949,07290e0f9a8c6a14a8e3e78c3b20fcb8b8662ad780b87579e94f1fb6b57a5248,source at the windows side,KEEP,working copy matches the Stage-2 baseline
code/02_pennylane_qgnn_core/validate_score_sharpening.py,server,source,False,2949,07290e0f9a8c6a14a8e3e78c3b20fcb8b8662ad780b87579e94f1fb6b57a5248,source at the server side,KEEP_SERVER_ONLY,server mirror of a tracked file
code/02_pennylane_qgnn_core/validate_selected_physical_rule.py,github,source,True,4766,115e515268c638a76e66db231e74a9447fee83abb9c2366736ee31f0f7b7658e,source at the github side,KEEP,tracked at the Stage-2 development baseline
code/02_pennylane_qgnn_core/validate_selected_physical_rule.py,windows,source,False,4766,115e515268c638a76e66db231e74a9447fee83abb9c2366736ee31f0f7b7658e,source at the windows side,KEEP,working copy matches the Stage-2 baseline
code/02_pennylane_qgnn_core/validate_selected_physical_rule.py,server,source,False,4766,115e515268c638a76e66db231e74a9447fee83abb9c2366736ee31f0f7b7658e,source at the server side,KEEP_SERVER_ONLY,server mirror of a tracked file
code/02_pennylane_qgnn_core/value_modulated_model.py,github,source,True,4272,b5afc4c0afa6918ae2b458e3cd5fb01509b44262d753e1e35f509f68e88791a6,source at the github side,KEEP,tracked at the Stage-2 development baseline
code/02_pennylane_qgnn_core/value_modulated_model.py,windows,source,False,4272,b5afc4c0afa6918ae2b458e3cd5fb01509b44262d753e1e35f509f68e88791a6,source at the windows side,KEEP,working copy matches the Stage-2 baseline
code/02_pennylane_qgnn_core/value_modulated_model.py,server,source,False,4272,b5afc4c0afa6918ae2b458e3cd5fb01509b44262d753e1e35f509f68e88791a6,source at the server side,KEEP_SERVER_ONLY,server mirror of a tracked file
code/02_pennylane_qgnn_core/warm_basis_model.py,github,source,True,4213,34815f57d0f6ae2e20e3652041d65e9a3bd91f06db8fdb21e866e1a3ef97536a,source at the github side,KEEP,tracked at the Stage-2 development baseline
code/02_pennylane_qgnn_core/warm_basis_model.py,windows,source,False,4213,34815f57d0f6ae2e20e3652041d65e9a3bd91f06db8fdb21e866e1a3ef97536a,source at the windows side,KEEP,working copy matches the Stage-2 baseline
code/02_pennylane_qgnn_core/warm_basis_model.py,server,source,False,4213,34815f57d0f6ae2e20e3652041d65e9a3bd91f06db8fdb21e866e1a3ef97536a,source at the server side,KEEP_SERVER_ONLY,server mirror of a tracked file
code/03_qgnn_llm_interfaces/analyze_contribution_chain.py,github,source,True,2935,42af4cbe24de21bdc6f66e6493aa1ea7b47d1eb9cf228a396405fad0a5cfe6fc,source at the github side,KEEP,tracked at the Stage-2 development baseline
code/03_qgnn_llm_interfaces/analyze_contribution_chain.py,windows,source,False,2935,42af4cbe24de21bdc6f66e6493aa1ea7b47d1eb9cf228a396405fad0a5cfe6fc,source at the windows side,KEEP,working copy matches the Stage-2 baseline
code/03_qgnn_llm_interfaces/analyze_contribution_chain.py,server,source,False,2935,42af4cbe24de21bdc6f66e6493aa1ea7b47d1eb9cf228a396405fad0a5cfe6fc,source at the server side,KEEP_SERVER_ONLY,server mirror of a tracked file
code/03_qgnn_llm_interfaces/analyze_llm_component_ablation.py,github,source,True,3875,b2bf28a00bbd51b9ecf4a04a20429aaf5b996f9b4a38967e2007bf15e06feded,source at the github side,KEEP,tracked at the Stage-2 development baseline
code/03_qgnn_llm_interfaces/analyze_llm_component_ablation.py,windows,source,False,3875,b2bf28a00bbd51b9ecf4a04a20429aaf5b996f9b4a38967e2007bf15e06feded,source at the windows side,KEEP,working copy matches the Stage-2 baseline
code/03_qgnn_llm_interfaces/analyze_llm_component_ablation.py,server,source,False,3875,b2bf28a00bbd51b9ecf4a04a20429aaf5b996f9b4a38967e2007bf15e06feded,source at the server side,KEEP_SERVER_ONLY,server mirror of a tracked file
code/03_qgnn_llm_interfaces/analyze_llm_correction_oracle.py,github,source,True,3288,28b1a55d70217107575bf6389c3d649d9e391ba80c72cef4a07436e5dbfcd230,source at the github side,KEEP,tracked at the Stage-2 development baseline
code/03_qgnn_llm_interfaces/analyze_llm_correction_oracle.py,windows,source,False,3288,28b1a55d70217107575bf6389c3d649d9e391ba80c72cef4a07436e5dbfcd230,source at the windows side,KEEP,working copy matches the Stage-2 baseline
code/03_qgnn_llm_interfaces/analyze_llm_correction_oracle.py,server,source,False,3288,28b1a55d70217107575bf6389c3d649d9e391ba80c72cef4a07436e5dbfcd230,source at the server side,KEEP_SERVER_ONLY,server mirror of a tracked file
code/03_qgnn_llm_interfaces/analyze_routed_complexity.py,github,source,True,3907,8e9598ae34af782834fb1991c7e50814b1c5dd520a9c1578c465aa2d9eff8fcf,source at the github side,KEEP,tracked at the Stage-2 development baseline
code/03_qgnn_llm_interfaces/analyze_routed_complexity.py,windows,source,False,3907,8e9598ae34af782834fb1991c7e50814b1c5dd520a9c1578c465aa2d9eff8fcf,source at the windows side,KEEP,working copy matches the Stage-2 baseline
code/03_qgnn_llm_interfaces/analyze_routed_complexity.py,server,source,False,3907,8e9598ae34af782834fb1991c7e50814b1c5dd520a9c1578c465aa2d9eff8fcf,source at the server side,KEEP_SERVER_ONLY,server mirror of a tracked file
code/03_qgnn_llm_interfaces/attention_routed_fusion_model.py,github,source,True,3971,eba6ef5006ff4e4ac7d64918ba13a8543f284626742cf3e95529ae1e32cd0962,source at the github side,KEEP,tracked at the Stage-2 development baseline
code/03_qgnn_llm_interfaces/attention_routed_fusion_model.py,windows,source,False,3971,eba6ef5006ff4e4ac7d64918ba13a8543f284626742cf3e95529ae1e32cd0962,source at the windows side,KEEP,working copy matches the Stage-2 baseline
code/03_qgnn_llm_interfaces/attention_routed_fusion_model.py,server,source,False,3971,eba6ef5006ff4e4ac7d64918ba13a8543f284626742cf3e95529ae1e32cd0962,source at the server side,KEEP_SERVER_ONLY,server mirror of a tracked file
code/03_qgnn_llm_interfaces/bootstrap_routed_high.py,github,source,True,2901,0817886be1eeae66a2296a140f57a90384a33cdd26691adf1ea28d44756b7b90,source at the github side,KEEP,tracked at the Stage-2 development baseline
code/03_qgnn_llm_interfaces/bootstrap_routed_high.py,windows,source,False,2901,0817886be1eeae66a2296a140f57a90384a33cdd26691adf1ea28d44756b7b90,source at the windows side,KEEP,working copy matches the Stage-2 baseline
code/03_qgnn_llm_interfaces/bootstrap_routed_high.py,server,source,False,2901,0817886be1eeae66a2296a140f57a90384a33cdd26691adf1ea28d44756b7b90,source at the server side,KEEP_SERVER_ONLY,server mirror of a tracked file
code/03_qgnn_llm_interfaces/build_matched_long_horizon_cache.py,github,source,True,4932,0bee5e52fabe743d54164ebe3ab96af9c1c82e46fcba18a7f59b1e6067c42c54,source at the github side,KEEP,tracked at the Stage-2 development baseline
code/03_qgnn_llm_interfaces/build_matched_long_horizon_cache.py,windows,source,False,4932,0bee5e52fabe743d54164ebe3ab96af9c1c82e46fcba18a7f59b1e6067c42c54,source at the windows side,KEEP,working copy matches the Stage-2 baseline
code/03_qgnn_llm_interfaces/build_matched_long_horizon_cache.py,server,source,False,4932,0bee5e52fabe743d54164ebe3ab96af9c1c82e46fcba18a7f59b1e6067c42c54,source at the server side,KEEP_SERVER_ONLY,server mirror of a tracked file
code/03_qgnn_llm_interfaces/check_intent_labels.py,github,source,True,735,4b6cab5a41685c43e5f8297157cfcbc97bda2f53d5cd6c16e5414b55d4d26f37,source at the github side,KEEP,tracked at the Stage-2 development baseline
code/03_qgnn_llm_interfaces/check_intent_labels.py,windows,source,False,735,4b6cab5a41685c43e5f8297157cfcbc97bda2f53d5cd6c16e5414b55d4d26f37,source at the windows side,KEEP,working copy matches the Stage-2 baseline
code/03_qgnn_llm_interfaces/check_intent_labels.py,server,source,False,735,4b6cab5a41685c43e5f8297157cfcbc97bda2f53d5cd6c16e5414b55d4d26f37,source at the server side,KEEP_SERVER_ONLY,server mirror of a tracked file
code/03_qgnn_llm_interfaces/evaluate_attention_routed_selected.py,github,source,True,1863,03948ce46312dd6a641849e21f62ac3e58462ae468e4f615fc562d9a0f7d08ef,source at the github side,KEEP,tracked at the Stage-2 development baseline
code/03_qgnn_llm_interfaces/evaluate_attention_routed_selected.py,windows,source,False,1863,03948ce46312dd6a641849e21f62ac3e58462ae468e4f615fc562d9a0f7d08ef,source at the windows side,KEEP,working copy matches the Stage-2 baseline
code/03_qgnn_llm_interfaces/evaluate_attention_routed_selected.py,server,source,False,1863,03948ce46312dd6a641849e21f62ac3e58462ae468e4f615fc562d9a0f7d08ef,source at the server side,KEEP_SERVER_ONLY,server mirror of a tracked file
code/03_qgnn_llm_interfaces/evaluate_effective_complexity.py,github,source,True,3025,2e61e7c9334f9ba6412e20ae089e74df17e1a30264275d5f36898d274bf2570e,source at the github side,KEEP,tracked at the Stage-2 development baseline
code/03_qgnn_llm_interfaces/evaluate_effective_complexity.py,windows,source,False,3025,2e61e7c9334f9ba6412e20ae089e74df17e1a30264275d5f36898d274bf2570e,source at the windows side,KEEP,working copy matches the Stage-2 baseline
code/03_qgnn_llm_interfaces/evaluate_effective_complexity.py,server,source,False,3025,2e61e7c9334f9ba6412e20ae089e74df17e1a30264275d5f36898d274bf2570e,source at the server side,KEEP_SERVER_ONLY,server mirror of a tracked file
code/03_qgnn_llm_interfaces/evaluate_intent_oracle.py,github,source,True,3173,5b87fe6ea53fc893f6216b3d74e5c5056f7abb3db0f73d12ce21baa41f855934,source at the github side,KEEP,tracked at the Stage-2 development baseline
code/03_qgnn_llm_interfaces/evaluate_intent_oracle.py,windows,source,False,3173,5b87fe6ea53fc893f6216b3d74e5c5056f7abb3db0f73d12ce21baa41f855934,source at the windows side,KEEP,working copy matches the Stage-2 baseline
code/03_qgnn_llm_interfaces/evaluate_intent_oracle.py,server,source,False,3173,5b87fe6ea53fc893f6216b3d74e5c5056f7abb3db0f73d12ce21baa41f855934,source at the server side,KEEP_SERVER_ONLY,server mirror of a tracked file
code/03_qgnn_llm_interfaces/event_gated_fusion_model.py,github,source,True,4789,9744a2fc447c3b7e696cb5a782b262afcc9679eb027063ac49cd54f302e66920,source at the github side,KEEP,tracked at the Stage-2 development baseline
code/03_qgnn_llm_interfaces/event_gated_fusion_model.py,windows,source,False,4789,9744a2fc447c3b7e696cb5a782b262afcc9679eb027063ac49cd54f302e66920,source at the windows side,KEEP,working copy matches the Stage-2 baseline
code/03_qgnn_llm_interfaces/event_gated_fusion_model.py,server,source,False,4789,9744a2fc447c3b7e696cb5a782b262afcc9679eb027063ac49cd54f302e66920,source at the server side,KEEP_SERVER_ONLY,server mirror of a tracked file
code/03_qgnn_llm_interfaces/future_token_model.py,github,source,True,8779,052320e8c1d7a1b2171c50c4b11176a3e5f14528e004a6f68cbb824d3825a1f5,source at the github side,KEEP,tracked at the Stage-2 development baseline
code/03_qgnn_llm_interfaces/future_token_model.py,windows,source,False,8779,052320e8c1d7a1b2171c50c4b11176a3e5f14528e004a6f68cbb824d3825a1f5,source at the windows side,KEEP,working copy matches the Stage-2 baseline
code/03_qgnn_llm_interfaces/future_token_model.py,server,source,False,8779,052320e8c1d7a1b2171c50c4b11176a3e5f14528e004a6f68cbb824d3825a1f5,source at the server side,KEEP_SERVER_ONLY,server mirror of a tracked file
code/03_qgnn_llm_interfaces/inspect_long_horizon_data.py,github,source,True,985,7ded4fd0e65f72f6395bdf36ed3b32d0249c97f67faf8fba9d24fdccbdbbb1a7,source at the github side,KEEP,tracked at the Stage-2 development baseline
code/03_qgnn_llm_interfaces/inspect_long_horizon_data.py,windows,source,False,985,7ded4fd0e65f72f6395bdf36ed3b32d0249c97f67faf8fba9d24fdccbdbbb1a7,source at the windows side,KEEP,working copy matches the Stage-2 baseline
code/03_qgnn_llm_interfaces/inspect_long_horizon_data.py,server,source,False,985,7ded4fd0e65f72f6395bdf36ed3b32d0249c97f67faf8fba9d24fdccbdbbb1a7,source at the server side,KEEP_SERVER_ONLY,server mirror of a tracked file
code/03_qgnn_llm_interfaces/intent_token_planner_model.py,github,source,True,6514,fbb72a714c43807d1932eae5cd663e96f1bd1c4ce24e3e4487d0c4b13eee5e3d,source at the github side,KEEP,tracked at the Stage-2 development baseline
code/03_qgnn_llm_interfaces/intent_token_planner_model.py,windows,source,False,6514,fbb72a714c43807d1932eae5cd663e96f1bd1c4ce24e3e4487d0c4b13eee5e3d,source at the windows side,KEEP,working copy matches the Stage-2 baseline
code/03_qgnn_llm_interfaces/intent_token_planner_model.py,server,source,False,6514,fbb72a714c43807d1932eae5cd663e96f1bd1c4ce24e3e4487d0c4b13eee5e3d,source at the server side,KEEP_SERVER_ONLY,server mirror of a tracked file
code/03_qgnn_llm_interfaces/interaction_trust_model.py,github,source,True,5711,bb93b381c9371eba287e28669dc8c3556690c71018e443f3f42f1cc5e08a5aa9,source at the github side,KEEP,tracked at the Stage-2 development baseline
code/03_qgnn_llm_interfaces/interaction_trust_model.py,windows,source,False,5711,bb93b381c9371eba287e28669dc8c3556690c71018e443f3f42f1cc5e08a5aa9,source at the windows side,KEEP,working copy matches the Stage-2 baseline
code/03_qgnn_llm_interfaces/interaction_trust_model.py,server,source,False,5711,bb93b381c9371eba287e28669dc8c3556690c71018e443f3f42f1cc5e08a5aa9,source at the server side,KEEP_SERVER_ONLY,server mirror of a tracked file
code/03_qgnn_llm_interfaces/physics_aligned_dual_model_effective.py,github,source,True,7937,f673c9c546e3de085229183b22f9dc805f838202f8805c43feea2a47fa0c97d6,source at the github side,KEEP,tracked at the Stage-2 development baseline
code/03_qgnn_llm_interfaces/physics_aligned_dual_model_effective.py,windows,source,False,7937,f673c9c546e3de085229183b22f9dc805f838202f8805c43feea2a47fa0c97d6,source at the windows side,KEEP,working copy matches the Stage-2 baseline
code/03_qgnn_llm_interfaces/physics_aligned_dual_model_effective.py,server,source,False,7937,f673c9c546e3de085229183b22f9dc805f838202f8805c43feea2a47fa0c97d6,source at the server side,KEEP_SERVER_ONLY,server mirror of a tracked file
code/03_qgnn_llm_interfaces/quantum_relation_prompt_model.py,github,source,True,8236,41bf8a18dea12c318b3717cf48067c1a786665063faa376d7e4f353136ccfd37,source at the github side,KEEP,tracked at the Stage-2 development baseline
code/03_qgnn_llm_interfaces/quantum_relation_prompt_model.py,windows,source,False,8236,41bf8a18dea12c318b3717cf48067c1a786665063faa376d7e4f353136ccfd37,source at the windows side,KEEP,working copy matches the Stage-2 baseline
code/03_qgnn_llm_interfaces/quantum_relation_prompt_model.py,server,source,False,8236,41bf8a18dea12c318b3717cf48067c1a786665063faa376d7e4f353136ccfd37,source at the server side,KEEP_SERVER_ONLY,server mirror of a tracked file
code/03_qgnn_llm_interfaces/relation_prompt_v1_stopped.json,github,source,True,204,0d5d2cf590f7af64113564c9311231177556a2d4ddf29707a284c964c5dafa14,source at the github side,KEEP,tracked at the Stage-2 development baseline
code/03_qgnn_llm_interfaces/relation_prompt_v1_stopped.json,windows,source,False,204,0d5d2cf590f7af64113564c9311231177556a2d4ddf29707a284c964c5dafa14,source at the windows side,KEEP,working copy matches the Stage-2 baseline
code/03_qgnn_llm_interfaces/relation_prompt_v1_stopped.json,server,source,False,204,0d5d2cf590f7af64113564c9311231177556a2d4ddf29707a284c964c5dafa14,source at the server side,KEEP_SERVER_ONLY,server mirror of a tracked file
code/03_qgnn_llm_interfaces/run_attention_routed_fusion.py,github,source,True,9064,9de47f8777229658786d77295c32518cad8c7e050f6ada24f1bf3f8232bb3bcc,source at the github side,KEEP,tracked at the Stage-2 development baseline
code/03_qgnn_llm_interfaces/run_attention_routed_fusion.py,windows,source,False,9064,9de47f8777229658786d77295c32518cad8c7e050f6ada24f1bf3f8232bb3bcc,source at the windows side,KEEP,working copy matches the Stage-2 baseline
code/03_qgnn_llm_interfaces/run_attention_routed_fusion.py,server,source,False,9064,9de47f8777229658786d77295c32518cad8c7e050f6ada24f1bf3f8232bb3bcc,source at the server side,KEEP_SERVER_ONLY,server mirror of a tracked file
code/03_qgnn_llm_interfaces/run_effective_segment_trust.py,github,source,True,7438,5f3d8cda8972910e885b0bc9c79186144aafa30b3b4a32432d92cc9e71b2011e,source at the github side,KEEP,tracked at the Stage-2 development baseline
code/03_qgnn_llm_interfaces/run_effective_segment_trust.py,windows,source,False,7438,5f3d8cda8972910e885b0bc9c79186144aafa30b3b4a32432d92cc9e71b2011e,source at the windows side,KEEP,working copy matches the Stage-2 baseline
code/03_qgnn_llm_interfaces/run_effective_segment_trust.py,server,source,False,7438,5f3d8cda8972910e885b0bc9c79186144aafa30b3b4a32432d92cc9e71b2011e,source at the server side,KEEP_SERVER_ONLY,server mirror of a tracked file
code/03_qgnn_llm_interfaces/run_event_gated_fusion.py,github,source,True,9190,9230453cd9798ce9bd73292afcb40e21c60746ad7f62e0885938a4a3c0b630f0,source at the github side,KEEP,tracked at the Stage-2 development baseline
code/03_qgnn_llm_interfaces/run_event_gated_fusion.py,windows,source,False,9190,9230453cd9798ce9bd73292afcb40e21c60746ad7f62e0885938a4a3c0b630f0,source at the windows side,KEEP,working copy matches the Stage-2 baseline
code/03_qgnn_llm_interfaces/run_event_gated_fusion.py,server,source,False,9190,9230453cd9798ce9bd73292afcb40e21c60746ad7f62e0885938a4a3c0b630f0,source at the server side,KEEP_SERVER_ONLY,server mirror of a tracked file
code/03_qgnn_llm_interfaces/run_future_token_qgnn_llm.py,github,source,True,14428,3d0d01f3efef8666e919f3e88e84a383e72a3def932e481a487f2adac192186a,source at the github side,KEEP,tracked at the Stage-2 development baseline
code/03_qgnn_llm_interfaces/run_future_token_qgnn_llm.py,windows,source,False,14428,3d0d01f3efef8666e919f3e88e84a383e72a3def932e481a487f2adac192186a,source at the windows side,KEEP,working copy matches the Stage-2 baseline
code/03_qgnn_llm_interfaces/run_future_token_qgnn_llm.py,server,source,False,14428,3d0d01f3efef8666e919f3e88e84a383e72a3def932e481a487f2adac192186a,source at the server side,KEEP_SERVER_ONLY,server mirror of a tracked file
code/03_qgnn_llm_interfaces/run_high_interaction_temporal_route.py,github,source,True,10292,e86eedc132b07df80a0d922c08aab2bbb50a42dfb64ba613878d05b097de44fd,source at the github side,KEEP,tracked at the Stage-2 development baseline
code/03_qgnn_llm_interfaces/run_high_interaction_temporal_route.py,windows,source,False,10292,e86eedc132b07df80a0d922c08aab2bbb50a42dfb64ba613878d05b097de44fd,source at the windows side,KEEP,working copy matches the Stage-2 baseline
code/03_qgnn_llm_interfaces/run_high_interaction_temporal_route.py,server,source,False,10292,e86eedc132b07df80a0d922c08aab2bbb50a42dfb64ba613878d05b097de44fd,source at the server side,KEEP_SERVER_ONLY,server mirror of a tracked file
code/03_qgnn_llm_interfaces/run_intent_token_planner.py,github,source,True,13883,650a6bc69f8416666b0a1ae7edc4f2fe76eb7497c78f3bb77f349231a81da214,source at the github side,KEEP,tracked at the Stage-2 development baseline
code/03_qgnn_llm_interfaces/run_intent_token_planner.py,windows,source,False,13883,650a6bc69f8416666b0a1ae7edc4f2fe76eb7497c78f3bb77f349231a81da214,source at the windows side,KEEP,working copy matches the Stage-2 baseline
code/03_qgnn_llm_interfaces/run_intent_token_planner.py,server,source,False,13883,650a6bc69f8416666b0a1ae7edc4f2fe76eb7497c78f3bb77f349231a81da214,source at the server side,KEEP_SERVER_ONLY,server mirror of a tracked file
code/03_qgnn_llm_interfaces/run_interaction_trust.py,github,source,True,7984,fad1e4223d02a380bae751e0e33301e7ae7a621b8c07cd8a734af7510f0063c6,source at the github side,KEEP,tracked at the Stage-2 development baseline
code/03_qgnn_llm_interfaces/run_interaction_trust.py,windows,source,False,7984,fad1e4223d02a380bae751e0e33301e7ae7a621b8c07cd8a734af7510f0063c6,source at the windows side,KEEP,working copy matches the Stage-2 baseline
code/03_qgnn_llm_interfaces/run_interaction_trust.py,server,source,False,7984,fad1e4223d02a380bae751e0e33301e7ae7a621b8c07cd8a734af7510f0063c6,source at the server side,KEEP_SERVER_ONLY,server mirror of a tracked file
code/03_qgnn_llm_interfaces/run_llm_component_ablation.py,github,source,True,3925,d19bee70a577973cc1d4e932cf474f92f09c0efee5c10fae61fd5b34ff91492d,source at the github side,KEEP,tracked at the Stage-2 development baseline
code/03_qgnn_llm_interfaces/run_llm_component_ablation.py,windows,source,False,3925,d19bee70a577973cc1d4e932cf474f92f09c0efee5c10fae61fd5b34ff91492d,source at the windows side,KEEP,working copy matches the Stage-2 baseline
code/03_qgnn_llm_interfaces/run_llm_component_ablation.py,server,source,False,3925,d19bee70a577973cc1d4e932cf474f92f09c0efee5c10fae61fd5b34ff91492d,source at the server side,KEEP_SERVER_ONLY,server mirror of a tracked file
code/03_qgnn_llm_interfaces/run_long_horizon_qgnn_llm.py,github,source,True,14896,24dd1d4ae363c247a82bd91de83082912226ddd96c96a214ab1dbeda2c82438f,source at the github side,KEEP,tracked at the Stage-2 development baseline
code/03_qgnn_llm_interfaces/run_long_horizon_qgnn_llm.py,windows,source,False,14896,24dd1d4ae363c247a82bd91de83082912226ddd96c96a214ab1dbeda2c82438f,source at the windows side,KEEP,working copy matches the Stage-2 baseline
code/03_qgnn_llm_interfaces/run_long_horizon_qgnn_llm.py,server,source,False,14896,24dd1d4ae363c247a82bd91de83082912226ddd96c96a214ab1dbeda2c82438f,source at the server side,KEEP_SERVER_ONLY,server mirror of a tracked file
code/03_qgnn_llm_interfaces/run_relation_prompt_experiment.py,github,source,True,11544,e90286cb661af7339d409450adddebf32606ea2d38ff7ba389757359790b1a85,source at the github side,KEEP,tracked at the Stage-2 development baseline
code/03_qgnn_llm_interfaces/run_relation_prompt_experiment.py,windows,source,False,11544,e90286cb661af7339d409450adddebf32606ea2d38ff7ba389757359790b1a85,source at the windows side,KEEP,working copy matches the Stage-2 baseline
code/03_qgnn_llm_interfaces/run_relation_prompt_experiment.py,server,source,False,11544,e90286cb661af7339d409450adddebf32606ea2d38ff7ba389757359790b1a85,source at the server side,KEEP_SERVER_ONLY,server mirror of a tracked file
code/03_qgnn_llm_interfaces/run_segment_trust.py,github,source,True,7377,eeab7b8c13d73721aee6d240cc667d7f90a5a2c50f680d1877c589c20bdf9ad5,source at the github side,KEEP,tracked at the Stage-2 development baseline
code/03_qgnn_llm_interfaces/run_segment_trust.py,windows,source,False,7377,eeab7b8c13d73721aee6d240cc667d7f90a5a2c50f680d1877c589c20bdf9ad5,source at the windows side,KEEP,working copy matches the Stage-2 baseline
code/03_qgnn_llm_interfaces/run_segment_trust.py,server,source,False,7377,eeab7b8c13d73721aee6d240cc667d7f90a5a2c50f680d1877c589c20bdf9ad5,source at the server side,KEEP_SERVER_ONLY,server mirror of a tracked file
code/03_qgnn_llm_interfaces/run_target_trust.py,github,source,True,8540,0801df2b3ce9a2f95f03327ca9a6c43044473cb6cb68b18c8b51894d57bf08ce,source at the github side,KEEP,tracked at the Stage-2 development baseline
code/03_qgnn_llm_interfaces/run_target_trust.py,windows,source,False,8540,0801df2b3ce9a2f95f03327ca9a6c43044473cb6cb68b18c8b51894d57bf08ce,source at the windows side,KEEP,working copy matches the Stage-2 baseline
code/03_qgnn_llm_interfaces/run_target_trust.py,server,source,False,8540,0801df2b3ce9a2f95f03327ca9a6c43044473cb6cb68b18c8b51894d57bf08ce,source at the server side,KEEP_SERVER_ONLY,server mirror of a tracked file
code/03_qgnn_llm_interfaces/run_temporal_pair_refinement.py,github,source,True,13173,2b7ece1429dce8279762b4a51887a117897e3ed3af6c7e74eeda4d7cdd2cab87,source at the github side,KEEP,tracked at the Stage-2 development baseline
code/03_qgnn_llm_interfaces/run_temporal_pair_refinement.py,windows,source,False,13173,2b7ece1429dce8279762b4a51887a117897e3ed3af6c7e74eeda4d7cdd2cab87,source at the windows side,KEEP,working copy matches the Stage-2 baseline
code/03_qgnn_llm_interfaces/run_temporal_pair_refinement.py,server,source,False,13173,2b7ece1429dce8279762b4a51887a117897e3ed3af6c7e74eeda4d7cdd2cab87,source at the server side,KEEP_SERVER_ONLY,server mirror of a tracked file
code/03_qgnn_llm_interfaces/temporal_pair_refinement_model.py,github,source,True,6951,2280365dbef1c58a29ec00dd36ea229fe5db57b64b82c2b7a34df532e202ac05,source at the github side,KEEP,tracked at the Stage-2 development baseline
code/03_qgnn_llm_interfaces/temporal_pair_refinement_model.py,windows,source,False,6951,2280365dbef1c58a29ec00dd36ea229fe5db57b64b82c2b7a34df532e202ac05,source at the windows side,KEEP,working copy matches the Stage-2 baseline
code/03_qgnn_llm_interfaces/temporal_pair_refinement_model.py,server,source,False,6951,2280365dbef1c58a29ec00dd36ea229fe5db57b64b82c2b7a34df532e202ac05,source at the server side,KEEP_SERVER_ONLY,server mirror of a tracked file
code/03_qgnn_llm_interfaces/temporal_risk_routed_model.py,github,source,True,4774,670b8a2a5bce9f3d956d867c9504fbc8a5aa23400b83a6f6b4c03e00c9fe6c84,source at the github side,KEEP,tracked at the Stage-2 development baseline
code/03_qgnn_llm_interfaces/temporal_risk_routed_model.py,windows,source,False,4774,670b8a2a5bce9f3d956d867c9504fbc8a5aa23400b83a6f6b4c03e00c9fe6c84,source at the windows side,KEEP,working copy matches the Stage-2 baseline
code/03_qgnn_llm_interfaces/temporal_risk_routed_model.py,server,source,False,4774,670b8a2a5bce9f3d956d867c9504fbc8a5aa23400b83a6f6b4c03e00c9fe6c84,source at the server side,KEEP_SERVER_ONLY,server mirror of a tracked file
code/04_quantum_association/launch.sh,github,source,True,411,c087dfbd6c9ed3fddccb6e437481586ab21f5f350239db31061a491c8cc88dd8,source at the github side,KEEP,tracked at the Stage-2 development baseline
code/04_quantum_association/launch.sh,windows,source,False,411,c087dfbd6c9ed3fddccb6e437481586ab21f5f350239db31061a491c8cc88dd8,source at the windows side,KEEP,working copy matches the Stage-2 baseline
code/04_quantum_association/launch.sh,server,source,False,411,c087dfbd6c9ed3fddccb6e437481586ab21f5f350239db31061a491c8cc88dd8,source at the server side,KEEP_SERVER_ONLY,server mirror of a tracked file
code/04_quantum_association/model.py,github,source,True,2166,92fcbc047fa66a55f5f188fae3ee4f20210c009f3120a44f6bc314ea9e35df7b,source at the github side,KEEP,tracked at the Stage-2 development baseline
code/04_quantum_association/model.py,windows,source,False,2166,92fcbc047fa66a55f5f188fae3ee4f20210c009f3120a44f6bc314ea9e35df7b,source at the windows side,KEEP,working copy matches the Stage-2 baseline
code/04_quantum_association/model.py,server,source,False,2166,92fcbc047fa66a55f5f188fae3ee4f20210c009f3120a44f6bc314ea9e35df7b,source at the server side,KEEP_SERVER_ONLY,server mirror of a tracked file
code/04_quantum_association/run.py,github,source,True,14241,2d580bfdd52c9541c7098f44cd18f87c9720d05511f52ee218fefd865e1c2d20,source at the github side,KEEP,tracked at the Stage-2 development baseline
code/04_quantum_association/run.py,windows,source,False,14241,2d580bfdd52c9541c7098f44cd18f87c9720d05511f52ee218fefd865e1c2d20,source at the windows side,KEEP,working copy matches the Stage-2 baseline
code/04_quantum_association/run.py,server,source,False,14241,2d580bfdd52c9541c7098f44cd18f87c9720d05511f52ee218fefd865e1c2d20,source at the server side,KEEP_SERVER_ONLY,server mirror of a tracked file
code/04_quantum_association/summarize.py,github,source,True,2486,f74c83810276ab1a95c449c52c96d174e989c43e30b3c297d95224324a253d59,source at the github side,KEEP,tracked at the Stage-2 development baseline
code/04_quantum_association/summarize.py,windows,source,False,2486,f74c83810276ab1a95c449c52c96d174e989c43e30b3c297d95224324a253d59,source at the windows side,KEEP,working copy matches the Stage-2 baseline
code/04_quantum_association/summarize.py,server,source,False,2486,f74c83810276ab1a95c449c52c96d174e989c43e30b3c297d95224324a253d59,source at the server side,KEEP_SERVER_ONLY,server mirror of a tracked file
code/05_qgnn_diagnostics/pilot_heads.py,github,source,True,9568,d787180a91e76a9b612a17451ad605421a0da657ea95ecdebce75c8e540a35ee,source at the github side,KEEP,tracked at the Stage-2 development baseline
code/05_qgnn_diagnostics/pilot_heads.py,windows,source,False,9568,d787180a91e76a9b612a17451ad605421a0da657ea95ecdebce75c8e540a35ee,source at the windows side,KEEP,working copy matches the Stage-2 baseline
code/05_qgnn_diagnostics/pilot_heads.py,server,source,False,9568,d787180a91e76a9b612a17451ad605421a0da657ea95ecdebce75c8e540a35ee,source at the server side,KEEP_SERVER_ONLY,server mirror of a tracked file
code/05_qgnn_diagnostics/probe_connections_readout.py,github,source,True,10588,e52e7c472ed61bfe9829ab084b203356068b81eb8b625e489b31f71d970eaed2,source at the github side,KEEP,tracked at the Stage-2 development baseline
code/05_qgnn_diagnostics/probe_connections_readout.py,windows,source,False,10588,e52e7c472ed61bfe9829ab084b203356068b81eb8b625e489b31f71d970eaed2,source at the windows side,KEEP,working copy matches the Stage-2 baseline
code/05_qgnn_diagnostics/probe_connections_readout.py,server,source,False,10588,e52e7c472ed61bfe9829ab084b203356068b81eb8b625e489b31f71d970eaed2,source at the server side,KEEP_SERVER_ONLY,server mirror of a tracked file
code/05_qgnn_diagnostics/run_frozen_pilot.py,github,source,True,8646,f487a61e3fb5d333013830473ae6e01cab0efe24b83d3849840400b946a870ce,source at the github side,KEEP,tracked at the Stage-2 development baseline
code/05_qgnn_diagnostics/run_frozen_pilot.py,windows,source,False,8646,f487a61e3fb5d333013830473ae6e01cab0efe24b83d3849840400b946a870ce,source at the windows side,KEEP,working copy matches the Stage-2 baseline
code/05_qgnn_diagnostics/run_frozen_pilot.py,server,source,False,8646,f487a61e3fb5d333013830473ae6e01cab0efe24b83d3849840400b946a870ce,source at the server side,KEEP_SERVER_ONLY,server mirror of a tracked file
code/05_qgnn_diagnostics/verify_local_derivative.py,github,source,True,2199,e30c74107730c278341388c6d9e78aed313396ea191670de782fdac324c562e0,source at the github side,KEEP,tracked at the Stage-2 development baseline
code/05_qgnn_diagnostics/verify_local_derivative.py,windows,source,False,2199,e30c74107730c278341388c6d9e78aed313396ea191670de782fdac324c562e0,source at the windows side,KEEP,working copy matches the Stage-2 baseline
code/05_qgnn_diagnostics/verify_local_derivative.py,server,source,False,2199,e30c74107730c278341388c6d9e78aed313396ea191670de782fdac324c562e0,source at the server side,KEEP_SERVER_ONLY,server mirror of a tracked file
code/06_sensing_diagnostics/audit_multitarget_frontend.py,github,source,True,16663,ead3e7cbaac3b7c2e84842b52f00603ac9fe1592120085bf5b04319c04dad4ea,source at the github side,KEEP,tracked at the Stage-2 development baseline
code/06_sensing_diagnostics/audit_multitarget_frontend.py,windows,source,False,16663,ead3e7cbaac3b7c2e84842b52f00603ac9fe1592120085bf5b04319c04dad4ea,source at the windows side,KEEP,working copy matches the Stage-2 baseline
code/06_sensing_diagnostics/audit_multitarget_frontend.py,server,source,False,16663,ead3e7cbaac3b7c2e84842b52f00603ac9fe1592120085bf5b04319c04dad4ea,source at the server side,KEEP_SERVER_ONLY,server mirror of a tracked file
code/06_sensing_diagnostics/probe_snr_response.py,github,source,True,13580,43b15671fc405f91680f8ce1e471853dce5e3b4c2404ab0b733b75ce14d818e7,source at the github side,KEEP,tracked at the Stage-2 development baseline
code/06_sensing_diagnostics/probe_snr_response.py,windows,source,False,13580,43b15671fc405f91680f8ce1e471853dce5e3b4c2404ab0b733b75ce14d818e7,source at the windows side,KEEP,working copy matches the Stage-2 baseline
code/06_sensing_diagnostics/probe_snr_response.py,server,source,False,13580,43b15671fc405f91680f8ce1e471853dce5e3b4c2404ab0b733b75ce14d818e7,source at the server side,KEEP_SERVER_ONLY,server mirror of a tracked file
code/07_shared_frontend/.syncthing.audit_snr_response.py.tmp,server,source,False,32166,9d74930f34acedde2af63348ec1807f8b0959dd92fb46aa5c4073da812560e3d,source at the server side,KEEP_SERVER_ONLY,content preserved in Git history
code/07_shared_frontend/.syncthing.freeze07_error_decomposition.py.tmp,server,source,False,5770,067d4a9974655044e3c30582109c314ecc756efe325ab369a1339f01189d25ab,source at the server side,KEEP_SERVER_ONLY,content preserved in Git history
code/07_shared_frontend/.syncthing.freeze07_finalize.py.tmp,server,source,False,15413,19fb8487dbd2bb37af8ecfbe05d00f5ef9d07032e2e6c0504ad1f8948c228e0d,source at the server side,KEEP_SERVER_ONLY,content preserved in Git history
code/07_shared_frontend/.syncthing.freeze07_interface_check.py.tmp,server,source,False,8122,1f4cfd2699cc312dc49ebdf94519c047c486b9c53e13592f68d0a195be4c6f21,source at the server side,KEEP_SERVER_ONLY,content preserved in Git history
code/07_shared_frontend/.syncthing.freeze07_probe2.py.tmp,server,source,False,2831,1d2469fbfbcd66ae8ba90ceb965744ba3f3ee53d67f2ba4f925cfdf91fca26b2,source at the server side,KEEP_SERVER_ONLY,content preserved in Git history
code/07_shared_frontend/.syncthing.freeze08_forensics.py.tmp,server,source,False,35220,2c15e32a438582b93ef989c14946530360bbb7fbb791c36681c9ca6073952501,source at the server side,KEEP_SERVER_ONLY,content preserved in Git history
code/07_shared_frontend/.syncthing.rebuild06_cfar_calibration.py.tmp,server,source,False,9207,9726e501340b881fb36316c33937ffe5ece406fba4c82d2a0c6b5ed1c4d15a6d,source at the server side,KEEP_SERVER_ONLY,content preserved in Git history
code/07_shared_frontend/.syncthing.rebuild06_regression.py.tmp,server,source,False,9011,d63256c970feb84130626f4b058e26e1968eaab532fc896ddbf9706640f637b3,source at the server side,KEEP_SERVER_ONLY,content preserved in Git history
code/07_shared_frontend/_common.py,github,source,True,4446,542829ffae8ec4f25d4083c12c7ae5b988de3a9aa0a4b3f548227ce9df4ff709,source at the github side,KEEP,tracked at the Stage-2 development baseline
code/07_shared_frontend/_common.py,windows,source,False,4446,542829ffae8ec4f25d4083c12c7ae5b988de3a9aa0a4b3f548227ce9df4ff709,source at the windows side,KEEP,working copy matches the Stage-2 baseline
code/07_shared_frontend/_common.py,server,source,False,4446,542829ffae8ec4f25d4083c12c7ae5b988de3a9aa0a4b3f548227ce9df4ff709,source at the server side,KEEP_SERVER_ONLY,server mirror of a tracked file
code/07_shared_frontend/audit_processing_gain.py,github,source,True,7974,6c8f3dd1cba795361961d9cabb2d4bfb16b921a278d592970f74e7b477e70b0f,source at the github side,KEEP,tracked at the Stage-2 development baseline
code/07_shared_frontend/audit_processing_gain.py,windows,source,False,7974,6c8f3dd1cba795361961d9cabb2d4bfb16b921a278d592970f74e7b477e70b0f,source at the windows side,KEEP,working copy matches the Stage-2 baseline
code/07_shared_frontend/audit_processing_gain.py,server,source,False,7974,6c8f3dd1cba795361961d9cabb2d4bfb16b921a278d592970f74e7b477e70b0f,source at the server side,KEEP_SERVER_ONLY,server mirror of a tracked file
code/07_shared_frontend/audit_snr_response.py,github,source,True,32166,9d74930f34acedde2af63348ec1807f8b0959dd92fb46aa5c4073da812560e3d,source at the github side,KEEP,tracked at the Stage-2 development baseline
code/07_shared_frontend/audit_snr_response.py,windows,source,False,32166,9d74930f34acedde2af63348ec1807f8b0959dd92fb46aa5c4073da812560e3d,source at the windows side,KEEP,working copy matches the Stage-2 baseline
code/07_shared_frontend/audit_snr_response.py,server,source,False,32166,9d74930f34acedde2af63348ec1807f8b0959dd92fb46aa5c4073da812560e3d,source at the server side,KEEP_SERVER_ONLY,server mirror of a tracked file
code/07_shared_frontend/baseline_hash.py,github,source,True,2100,1a02063fb892fc7799cb339386330a9ca05998f8c20bd69699de98f99441db30,source at the github side,KEEP,tracked at the Stage-2 development baseline
code/07_shared_frontend/baseline_hash.py,windows,source,False,2100,1a02063fb892fc7799cb339386330a9ca05998f8c20bd69699de98f99441db30,source at the windows side,KEEP,working copy matches the Stage-2 baseline
code/07_shared_frontend/baseline_hash.py,server,source,False,2100,1a02063fb892fc7799cb339386330a9ca05998f8c20bd69699de98f99441db30,source at the server side,KEEP_SERVER_ONLY,server mirror of a tracked file
code/07_shared_frontend/calibrate_cfar.py,github,source,True,7576,a7bda881474213cfa91b3007a406cfc78b71eae3e3f3ba2ad9d14bb71d236458,source at the github side,KEEP,tracked at the Stage-2 development baseline
code/07_shared_frontend/calibrate_cfar.py,windows,source,False,7576,a7bda881474213cfa91b3007a406cfc78b71eae3e3f3ba2ad9d14bb71d236458,source at the windows side,KEEP,working copy matches the Stage-2 baseline
code/07_shared_frontend/calibrate_cfar.py,server,source,False,7576,a7bda881474213cfa91b3007a406cfc78b71eae3e3f3ba2ad9d14bb71d236458,source at the server side,KEEP_SERVER_ONLY,server mirror of a tracked file
code/07_shared_frontend/calibrate_covariance.py,github,source,True,14765,9e368a8afe458a3ebc2f3a4b44f19c88ddb69fea96b521d6005ce5aa62597882,source at the github side,KEEP,tracked at the Stage-2 development baseline
code/07_shared_frontend/calibrate_covariance.py,windows,source,False,14765,9e368a8afe458a3ebc2f3a4b44f19c88ddb69fea96b521d6005ce5aa62597882,source at the windows side,KEEP,working copy matches the Stage-2 baseline
code/07_shared_frontend/calibrate_covariance.py,server,source,False,14765,9e368a8afe458a3ebc2f3a4b44f19c88ddb69fea96b521d6005ce5aa62597882,source at the server side,KEEP_SERVER_ONLY,server mirror of a tracked file
code/07_shared_frontend/calibrate_tracker.py,github,source,True,6599,3b2eb8ba14edf20146a9f544cd0e634fe1af4e6b5d70431881cf71f0aa870b6f,source at the github side,KEEP,tracked at the Stage-2 development baseline
code/07_shared_frontend/calibrate_tracker.py,windows,source,False,6599,3b2eb8ba14edf20146a9f544cd0e634fe1af4e6b5d70431881cf71f0aa870b6f,source at the windows side,KEEP,working copy matches the Stage-2 baseline
code/07_shared_frontend/calibrate_tracker.py,server,source,False,6599,3b2eb8ba14edf20146a9f544cd0e634fe1af4e6b5d70431881cf71f0aa870b6f,source at the server side,KEEP_SERVER_ONLY,server mirror of a tracked file
code/07_shared_frontend/check_association.py,github,source,True,7287,bea4c70b864c222ff9e296454aff8542f432861695590f317f738a8d7f6d0e22,source at the github side,KEEP,tracked at the Stage-2 development baseline
code/07_shared_frontend/check_association.py,windows,source,False,7287,bea4c70b864c222ff9e296454aff8542f432861695590f317f738a8d7f6d0e22,source at the windows side,KEEP,working copy matches the Stage-2 baseline
code/07_shared_frontend/check_association.py,server,source,False,7287,bea4c70b864c222ff9e296454aff8542f432861695590f317f738a8d7f6d0e22,source at the server side,KEEP_SERVER_ONLY,server mirror of a tracked file
code/07_shared_frontend/check_bs_ablation.py,github,source,True,10632,dfa9dbd2772138a786b1956ad9fd72fad8f3c6a27826b0348a43a48fa1db4f00,source at the github side,KEEP,tracked at the Stage-2 development baseline
code/07_shared_frontend/check_bs_ablation.py,windows,source,False,10632,dfa9dbd2772138a786b1956ad9fd72fad8f3c6a27826b0348a43a48fa1db4f00,source at the windows side,KEEP,working copy matches the Stage-2 baseline
code/07_shared_frontend/check_bs_ablation.py,server,source,False,10632,dfa9dbd2772138a786b1956ad9fd72fad8f3c6a27826b0348a43a48fa1db4f00,source at the server side,KEEP_SERVER_ONLY,server mirror of a tracked file
code/07_shared_frontend/check_energy_budget.py,github,source,True,8560,991f7b9c5a83a0e8d30c877202e2b645e022c32a1bc8b9be5b34abc93a944a1a,source at the github side,KEEP,tracked at the Stage-2 development baseline
code/07_shared_frontend/check_energy_budget.py,windows,source,False,8560,991f7b9c5a83a0e8d30c877202e2b645e022c32a1bc8b9be5b34abc93a944a1a,source at the windows side,KEEP,working copy matches the Stage-2 baseline
code/07_shared_frontend/check_energy_budget.py,server,source,False,8560,991f7b9c5a83a0e8d30c877202e2b645e022c32a1bc8b9be5b34abc93a944a1a,source at the server side,KEEP_SERVER_ONLY,server mirror of a tracked file
code/07_shared_frontend/check_no_gt.py,github,source,True,10555,9424bd22510db97b637897438b1b05c26bc02a93149962c8ebb9ce7450fca681,source at the github side,KEEP,tracked at the Stage-2 development baseline
code/07_shared_frontend/check_no_gt.py,windows,source,False,10555,9424bd22510db97b637897438b1b05c26bc02a93149962c8ebb9ce7450fca681,source at the windows side,KEEP,working copy matches the Stage-2 baseline
code/07_shared_frontend/check_no_gt.py,server,source,False,10555,9424bd22510db97b637897438b1b05c26bc02a93149962c8ebb9ce7450fca681,source at the server side,KEEP_SERVER_ONLY,server mirror of a tracked file
code/07_shared_frontend/check_shared_echo.py,github,source,True,6238,6383b0c94c24390c1e19711846704da3ded785836c3ab986a5c46244bf432ace,source at the github side,KEEP,tracked at the Stage-2 development baseline
code/07_shared_frontend/check_shared_echo.py,windows,source,False,6238,6383b0c94c24390c1e19711846704da3ded785836c3ab986a5c46244bf432ace,source at the windows side,KEEP,working copy matches the Stage-2 baseline
code/07_shared_frontend/check_shared_echo.py,server,source,False,6238,6383b0c94c24390c1e19711846704da3ded785836c3ab986a5c46244bf432ace,source at the server side,KEEP_SERVER_ONLY,server mirror of a tracked file
code/07_shared_frontend/check_single_target.py,github,source,True,8807,e192352a24855d6d513b32037a90c1c887fc31e35b4bfe7a6df49a8d32706109,source at the github side,KEEP,tracked at the Stage-2 development baseline
code/07_shared_frontend/check_single_target.py,windows,source,False,8807,e192352a24855d6d513b32037a90c1c887fc31e35b4bfe7a6df49a8d32706109,source at the windows side,KEEP,working copy matches the Stage-2 baseline
code/07_shared_frontend/check_single_target.py,server,source,False,8807,e192352a24855d6d513b32037a90c1c887fc31e35b4bfe7a6df49a8d32706109,source at the server side,KEEP_SERVER_ONLY,server mirror of a tracked file
code/07_shared_frontend/check_tracker.py,github,source,True,10693,003eed29e73dd86af5b69c51379722e4d723c0e1bb50443bcbc24d43b57383f4,source at the github side,KEEP,tracked at the Stage-2 development baseline
code/07_shared_frontend/check_tracker.py,windows,source,False,10693,003eed29e73dd86af5b69c51379722e4d723c0e1bb50443bcbc24d43b57383f4,source at the windows side,KEEP,working copy matches the Stage-2 baseline
code/07_shared_frontend/check_tracker.py,server,source,False,10693,003eed29e73dd86af5b69c51379722e4d723c0e1bb50443bcbc24d43b57383f4,source at the server side,KEEP_SERVER_ONLY,server mirror of a tracked file
code/07_shared_frontend/freeze07_align_probe.py,github,source,True,1321,5ddac12f6967e53e3b783dca35f8463bea2ade91bf5187c60498e68e3c0e52ed,source at the github side,KEEP,tracked at the Stage-2 development baseline
code/07_shared_frontend/freeze07_align_probe.py,windows,source,False,1321,5ddac12f6967e53e3b783dca35f8463bea2ade91bf5187c60498e68e3c0e52ed,source at the windows side,KEEP,working copy matches the Stage-2 baseline
code/07_shared_frontend/freeze07_align_probe.py,server,source,False,1321,5ddac12f6967e53e3b783dca35f8463bea2ade91bf5187c60498e68e3c0e52ed,source at the server side,KEEP_SERVER_ONLY,server mirror of a tracked file
code/07_shared_frontend/freeze07_discovery.py,github,source,True,4297,1fbf5968e7d7945d0f08e93a88037da64c30360a605e552e84471b9c30c3cc19,source at the github side,KEEP,tracked at the Stage-2 development baseline
code/07_shared_frontend/freeze07_discovery.py,windows,source,False,4297,1fbf5968e7d7945d0f08e93a88037da64c30360a605e552e84471b9c30c3cc19,source at the windows side,KEEP,working copy matches the Stage-2 baseline
code/07_shared_frontend/freeze07_discovery.py,server,source,False,4297,1fbf5968e7d7945d0f08e93a88037da64c30360a605e552e84471b9c30c3cc19,source at the server side,KEEP_SERVER_ONLY,server mirror of a tracked file
code/07_shared_frontend/freeze07_error_decomposition.py,github,source,True,5770,067d4a9974655044e3c30582109c314ecc756efe325ab369a1339f01189d25ab,source at the github side,KEEP,tracked at the Stage-2 development baseline
code/07_shared_frontend/freeze07_error_decomposition.py,windows,source,False,5770,067d4a9974655044e3c30582109c314ecc756efe325ab369a1339f01189d25ab,source at the windows side,KEEP,working copy matches the Stage-2 baseline
code/07_shared_frontend/freeze07_error_decomposition.py,server,source,False,5770,067d4a9974655044e3c30582109c314ecc756efe325ab369a1339f01189d25ab,source at the server side,KEEP_SERVER_ONLY,server mirror of a tracked file
code/07_shared_frontend/freeze07_finalize.py,github,source,True,15413,19fb8487dbd2bb37af8ecfbe05d00f5ef9d07032e2e6c0504ad1f8948c228e0d,source at the github side,KEEP,tracked at the Stage-2 development baseline
code/07_shared_frontend/freeze07_finalize.py,windows,source,False,15413,19fb8487dbd2bb37af8ecfbe05d00f5ef9d07032e2e6c0504ad1f8948c228e0d,source at the windows side,KEEP,working copy matches the Stage-2 baseline
code/07_shared_frontend/freeze07_finalize.py,server,source,False,15413,19fb8487dbd2bb37af8ecfbe05d00f5ef9d07032e2e6c0504ad1f8948c228e0d,source at the server side,KEEP_SERVER_ONLY,server mirror of a tracked file
code/07_shared_frontend/freeze07_generate_f01e.py,github,source,True,29378,b9246cbf4985cb622438706f386c97feb8ad8fdcb0947f8c2becb1f3116279ba,source at the github side,KEEP,tracked at the Stage-2 development baseline
code/07_shared_frontend/freeze07_generate_f01e.py,windows,source,False,29378,b9246cbf4985cb622438706f386c97feb8ad8fdcb0947f8c2becb1f3116279ba,source at the windows side,KEEP,working copy matches the Stage-2 baseline
code/07_shared_frontend/freeze07_generate_f01e.py,server,source,False,29378,b9246cbf4985cb622438706f386c97feb8ad8fdcb0947f8c2becb1f3116279ba,source at the server side,KEEP_SERVER_ONLY,server mirror of a tracked file
code/07_shared_frontend/freeze07_interface_check.py,github,source,True,8122,1f4cfd2699cc312dc49ebdf94519c047c486b9c53e13592f68d0a195be4c6f21,source at the github side,KEEP,tracked at the Stage-2 development baseline
code/07_shared_frontend/freeze07_interface_check.py,windows,source,False,8122,1f4cfd2699cc312dc49ebdf94519c047c486b9c53e13592f68d0a195be4c6f21,source at the windows side,KEEP,working copy matches the Stage-2 baseline
code/07_shared_frontend/freeze07_interface_check.py,server,source,False,8122,1f4cfd2699cc312dc49ebdf94519c047c486b9c53e13592f68d0a195be4c6f21,source at the server side,KEEP_SERVER_ONLY,server mirror of a tracked file
code/07_shared_frontend/freeze07_probe2.py,github,source,True,2831,1d2469fbfbcd66ae8ba90ceb965744ba3f3ee53d67f2ba4f925cfdf91fca26b2,source at the github side,KEEP,tracked at the Stage-2 development baseline
code/07_shared_frontend/freeze07_probe2.py,windows,source,False,2831,1d2469fbfbcd66ae8ba90ceb965744ba3f3ee53d67f2ba4f925cfdf91fca26b2,source at the windows side,KEEP,working copy matches the Stage-2 baseline
code/07_shared_frontend/freeze07_probe2.py,server,source,False,2831,1d2469fbfbcd66ae8ba90ceb965744ba3f3ee53d67f2ba4f925cfdf91fca26b2,source at the server side,KEEP_SERVER_ONLY,server mirror of a tracked file
code/07_shared_frontend/freeze07_quality_audit.py,github,source,True,10211,f7e449792de9db19dd7ae8c35be53eedf7a9d1ef30ad48ec07724be6e74495d6,source at the github side,KEEP,tracked at the Stage-2 development baseline
code/07_shared_frontend/freeze07_quality_audit.py,windows,source,False,10211,f7e449792de9db19dd7ae8c35be53eedf7a9d1ef30ad48ec07724be6e74495d6,source at the windows side,KEEP,working copy matches the Stage-2 baseline
code/07_shared_frontend/freeze07_quality_audit.py,server,source,False,10211,f7e449792de9db19dd7ae8c35be53eedf7a9d1ef30ad48ec07724be6e74495d6,source at the server side,KEEP_SERVER_ONLY,server mirror of a tracked file
code/07_shared_frontend/freeze08_forensics.py,github,source,True,34646,c2cd12646ac8b68fe818c6767057cdcfe987eeaecfa26426ea0d7c2cf6b7bcb5,source at the github side,KEEP,tracked at the Stage-2 development baseline
code/07_shared_frontend/freeze08_forensics.py,windows,source,False,35220,2c15e32a438582b93ef989c14946530360bbb7fbb791c36681c9ca6073952501,source at the windows side,KEEP,working copy matches the Stage-2 baseline
code/07_shared_frontend/freeze08_forensics.py,server,source,False,35220,2c15e32a438582b93ef989c14946530360bbb7fbb791c36681c9ca6073952501,source at the server side,KEEP_SERVER_ONLY,server mirror of a tracked file
code/07_shared_frontend/freeze08_interface_guard.py,github,source,True,9813,758674354cfbbc61f630b6200c0376c8db7ea8f755c47798f7031942913b464c,source at the github side,KEEP,tracked at the Stage-2 development baseline
code/07_shared_frontend/freeze08_interface_guard.py,windows,source,False,9813,758674354cfbbc61f630b6200c0376c8db7ea8f755c47798f7031942913b464c,source at the windows side,KEEP,working copy matches the Stage-2 baseline
code/07_shared_frontend/freeze08_interface_guard.py,server,source,False,9813,758674354cfbbc61f630b6200c0376c8db7ea8f755c47798f7031942913b464c,source at the server side,KEEP_SERVER_ONLY,server mirror of a tracked file
code/07_shared_frontend/freeze09_audit.py,github,source,True,16523,b6ea253c92d52c27874f54f1392e611ad6e2d11f8c47658931b8703a487a38e0,source at the github side,KEEP,tracked at the Stage-2 development baseline
code/07_shared_frontend/freeze09_audit.py,windows,source,False,16523,b6ea253c92d52c27874f54f1392e611ad6e2d11f8c47658931b8703a487a38e0,source at the windows side,KEEP,working copy matches the Stage-2 baseline
code/07_shared_frontend/freeze09_audit.py,server,source,False,16523,b6ea253c92d52c27874f54f1392e611ad6e2d11f8c47658931b8703a487a38e0,source at the server side,KEEP_SERVER_ONLY,server mirror of a tracked file
code/07_shared_frontend/freeze09_repack_labels.py,github,source,True,5396,cb6ff3eb202ff3cee78aed62cc00d9d8532c2db589b3d172d1a94e855e03e001,source at the github side,KEEP,tracked at the Stage-2 development baseline
code/07_shared_frontend/freeze09_repack_labels.py,windows,source,False,5396,cb6ff3eb202ff3cee78aed62cc00d9d8532c2db589b3d172d1a94e855e03e001,source at the windows side,KEEP,working copy matches the Stage-2 baseline
code/07_shared_frontend/freeze09_repack_labels.py,server,source,False,5396,cb6ff3eb202ff3cee78aed62cc00d9d8532c2db589b3d172d1a94e855e03e001,source at the server side,KEEP_SERVER_ONLY,server mirror of a tracked file
code/07_shared_frontend/freeze10_identity_forensics.py,github,source,True,45544,60a1ac419976bbf0c40bf35bb215bba4433d1c4d86be20c9d61f67aee6af0a24,source at the github side,KEEP,tracked at the Stage-2 development baseline
code/07_shared_frontend/freeze10_identity_forensics.py,windows,source,False,45544,60a1ac419976bbf0c40bf35bb215bba4433d1c4d86be20c9d61f67aee6af0a24,source at the windows side,KEEP,working copy matches the Stage-2 baseline
code/07_shared_frontend/freeze10_identity_forensics.py,server,source,False,45544,60a1ac419976bbf0c40bf35bb215bba4433d1c4d86be20c9d61f67aee6af0a24,source at the server side,KEEP_SERVER_ONLY,server mirror of a tracked file
code/07_shared_frontend/freeze11_finalize_pm1_mask.py,github,source,True,15639,18a555d2212cc0a28939bc4615e3fa369e697df8b991737258ee79c713329b20,source at the github side,KEEP,tracked at the Stage-2 development baseline
code/07_shared_frontend/freeze11_finalize_pm1_mask.py,windows,source,False,15639,18a555d2212cc0a28939bc4615e3fa369e697df8b991737258ee79c713329b20,source at the windows side,KEEP,working copy matches the Stage-2 baseline
code/07_shared_frontend/freeze11_finalize_pm1_mask.py,server,source,False,15639,18a555d2212cc0a28939bc4615e3fa369e697df8b991737258ee79c713329b20,source at the server side,KEEP_SERVER_ONLY,server mirror of a tracked file
code/07_shared_frontend/freeze12_final_freeze_audit.py,github,source,True,29598,3c470a21372a2447ccc54acb3f74956aa76b772b2f1a3e0eef1a97daba771291,source at the github side,KEEP,tracked at the Stage-2 development baseline
code/07_shared_frontend/freeze12_final_freeze_audit.py,windows,source,False,29598,3c470a21372a2447ccc54acb3f74956aa76b772b2f1a3e0eef1a97daba771291,source at the windows side,KEEP,working copy matches the Stage-2 baseline
code/07_shared_frontend/freeze12_final_freeze_audit.py,server,source,False,29598,3c470a21372a2447ccc54acb3f74956aa76b772b2f1a3e0eef1a97daba771291,source at the server side,KEEP_SERVER_ONLY,server mirror of a tracked file
code/07_shared_frontend/isac_redesign_probe_01.py,github,source,True,49109,17f92063458120704fd6c203bcd7b6374c9ff21c92d38f0cb2bfb98fcd1d254e,source at the github side,KEEP,tracked at the Stage-2 development baseline
code/07_shared_frontend/isac_redesign_probe_01.py,windows,source,False,49109,17f92063458120704fd6c203bcd7b6374c9ff21c92d38f0cb2bfb98fcd1d254e,source at the windows side,KEEP,working copy matches the Stage-2 baseline
code/07_shared_frontend/isac_redesign_probe_01.py,server,source,False,49109,17f92063458120704fd6c203bcd7b6374c9ff21c92d38f0cb2bfb98fcd1d254e,source at the server side,KEEP_SERVER_ONLY,server mirror of a tracked file
code/07_shared_frontend/probe_contiguous_bursts.py,github,source,True,41602,4e3e75bbb37e481d106015a5d8b5ab43321f7a87ba83104cc836c66fc6553c82,source at the github side,KEEP,tracked at the Stage-2 development baseline
code/07_shared_frontend/probe_contiguous_bursts.py,windows,source,False,41602,4e3e75bbb37e481d106015a5d8b5ab43321f7a87ba83104cc836c66fc6553c82,source at the windows side,KEEP,working copy matches the Stage-2 baseline
code/07_shared_frontend/probe_contiguous_bursts.py,server,source,False,41602,4e3e75bbb37e481d106015a5d8b5ab43321f7a87ba83104cc836c66fc6553c82,source at the server side,KEEP_SERVER_ONLY,server mirror of a tracked file
code/07_shared_frontend/probe_sensing_resources.py,github,source,True,28921,8ef6391aaf35a8ef5f88a105ec50dfca30117eb2bc3375b68fdedf214b19b7b4,source at the github side,KEEP,tracked at the Stage-2 development baseline
code/07_shared_frontend/probe_sensing_resources.py,windows,source,False,28921,8ef6391aaf35a8ef5f88a105ec50dfca30117eb2bc3375b68fdedf214b19b7b4,source at the windows side,KEEP,working copy matches the Stage-2 baseline
code/07_shared_frontend/probe_sensing_resources.py,server,source,False,28921,8ef6391aaf35a8ef5f88a105ec50dfca30117eb2bc3375b68fdedf214b19b7b4,source at the server side,KEEP_SERVER_ONLY,server mirror of a tracked file
code/07_shared_frontend/rebuild06_cfar_calibration.py,github,source,True,9207,9726e501340b881fb36316c33937ffe5ece406fba4c82d2a0c6b5ed1c4d15a6d,source at the github side,KEEP,tracked at the Stage-2 development baseline
code/07_shared_frontend/rebuild06_cfar_calibration.py,windows,source,False,9207,9726e501340b881fb36316c33937ffe5ece406fba4c82d2a0c6b5ed1c4d15a6d,source at the windows side,KEEP,working copy matches the Stage-2 baseline
code/07_shared_frontend/rebuild06_cfar_calibration.py,server,source,False,9207,9726e501340b881fb36316c33937ffe5ece406fba4c82d2a0c6b5ed1c4d15a6d,source at the server side,KEEP_SERVER_ONLY,server mirror of a tracked file
code/07_shared_frontend/rebuild06_regression.py,github,source,True,9011,d63256c970feb84130626f4b058e26e1968eaab532fc896ddbf9706640f637b3,source at the github side,KEEP,tracked at the Stage-2 development baseline
code/07_shared_frontend/rebuild06_regression.py,windows,source,False,9011,d63256c970feb84130626f4b058e26e1968eaab532fc896ddbf9706640f637b3,source at the windows side,KEEP,working copy matches the Stage-2 baseline
code/07_shared_frontend/rebuild06_regression.py,server,source,False,9011,d63256c970feb84130626f4b058e26e1968eaab532fc896ddbf9706640f637b3,source at the server side,KEEP_SERVER_ONLY,server mirror of a tracked file
code/07_shared_frontend/rebuild06_stage_a.py,github,source,True,3049,fb6eb3e6cfa857e5b34194b074ed102b38d86341d9096ae60529dafe8d9e7175,source at the github side,KEEP,tracked at the Stage-2 development baseline
code/07_shared_frontend/rebuild06_stage_a.py,windows,source,False,3049,fb6eb3e6cfa857e5b34194b074ed102b38d86341d9096ae60529dafe8d9e7175,source at the windows side,KEEP,working copy matches the Stage-2 baseline
code/07_shared_frontend/rebuild06_stage_a.py,server,source,False,3049,fb6eb3e6cfa857e5b34194b074ed102b38d86341d9096ae60529dafe8d9e7175,source at the server side,KEEP_SERVER_ONLY,server mirror of a tracked file
code/07_shared_frontend/rebuild06_stage_a2_collision.py,github,source,True,9728,7ec08788e04f174e483b7e28f89879144e3d14cb8fa61a1d51ab88db1167fa8f,source at the github side,KEEP,tracked at the Stage-2 development baseline
code/07_shared_frontend/rebuild06_stage_a2_collision.py,windows,source,False,9728,7ec08788e04f174e483b7e28f89879144e3d14cb8fa61a1d51ab88db1167fa8f,source at the windows side,KEEP,working copy matches the Stage-2 baseline
code/07_shared_frontend/rebuild06_stage_a2_collision.py,server,source,False,9728,7ec08788e04f174e483b7e28f89879144e3d14cb8fa61a1d51ab88db1167fa8f,source at the server side,KEEP_SERVER_ONLY,server mirror of a tracked file
code/07_shared_frontend/rebuild06_tracker_calibration.py,github,source,True,8028,70c9c2f2f81d8bc3257ad251563003852ea2cb0bb40161ea45e57ae78dc3382a,source at the github side,KEEP,tracked at the Stage-2 development baseline
code/07_shared_frontend/rebuild06_tracker_calibration.py,windows,source,False,8028,70c9c2f2f81d8bc3257ad251563003852ea2cb0bb40161ea45e57ae78dc3382a,source at the windows side,KEEP,working copy matches the Stage-2 baseline
code/07_shared_frontend/rebuild06_tracker_calibration.py,server,source,False,8028,70c9c2f2f81d8bc3257ad251563003852ea2cb0bb40161ea45e57ae78dc3382a,source at the server side,KEEP_SERVER_ONLY,server mirror of a tracked file
code/07_shared_frontend/run_selfchecks.py,github,source,True,3260,211f608cc1fc11e5d11f4409dd5e59cea2f12715dd776325a5e4b2d336e217b6,source at the github side,KEEP,tracked at the Stage-2 development baseline
code/07_shared_frontend/run_selfchecks.py,windows,source,False,3260,211f608cc1fc11e5d11f4409dd5e59cea2f12715dd776325a5e4b2d336e217b6,source at the windows side,KEEP,working copy matches the Stage-2 baseline
code/07_shared_frontend/run_selfchecks.py,server,source,False,3260,211f608cc1fc11e5d11f4409dd5e59cea2f12715dd776325a5e4b2d336e217b6,source at the server side,KEEP_SERVER_ONLY,server mirror of a tracked file
code/07_shared_frontend/snr_transition_probe_02.py,github,source,True,26324,9ef1fbb5ef4818f082fa45e12c90c9ba5fe7fb27bb1a1f827d4932a57cc4e21d,source at the github side,KEEP,tracked at the Stage-2 development baseline
code/07_shared_frontend/snr_transition_probe_02.py,windows,source,False,26324,9ef1fbb5ef4818f082fa45e12c90c9ba5fe7fb27bb1a1f827d4932a57cc4e21d,source at the windows side,KEEP,working copy matches the Stage-2 baseline
code/07_shared_frontend/snr_transition_probe_02.py,server,source,False,26324,9ef1fbb5ef4818f082fa45e12c90c9ba5fe7fb27bb1a1f827d4932a57cc4e21d,source at the server side,KEEP_SERVER_ONLY,server mirror of a tracked file
code/deepmimo_generate_data/feature_vector.py,github,source,True,3340,7137f44e66409542260578490e1021a12daad3a4db36bdc54978d153bb975d81,source at the github side,KEEP,tracked at the Stage-2 development baseline
code/deepmimo_generate_data/feature_vector.py,windows,source,False,3436,efdff38ad20c9073ba7efc9ca8f0d61505fc0e55bdf73118226eabdc35f06b90,source at the windows side,KEEP,working copy matches the Stage-2 baseline
code/deepmimo_generate_data/feature_vector.py,server,source,False,3436,efdff38ad20c9073ba7efc9ca8f0d61505fc0e55bdf73118226eabdc35f06b90,source at the server side,KEEP_SERVER_ONLY,server mirror of a tracked file
code/deepmimo_generate_data/gen_training_data.py,github,source,True,11689,e3b462965d4b5f1bf1c220a9290f488908028f3d8f048e56e0a0c1fe5c080727,source at the github side,KEEP,tracked at the Stage-2 development baseline
code/deepmimo_generate_data/gen_training_data.py,windows,source,False,11689,e3b462965d4b5f1bf1c220a9290f488908028f3d8f048e56e0a0c1fe5c080727,source at the windows side,KEEP,working copy matches the Stage-2 baseline
code/deepmimo_generate_data/gen_training_data.py,server,source,False,11689,e3b462965d4b5f1bf1c220a9290f488908028f3d8f048e56e0a0c1fe5c080727,source at the server side,KEEP_SERVER_ONLY,server mirror of a tracked file
code/environment/remote_environment.txt,github,source,True,271,10e9473708d9eaadda8ab672617c5e485fde4152f7e76716d4d16d85b9f39e62,source at the github side,KEEP,tracked at the Stage-2 development baseline
code/environment/remote_environment.txt,windows,source,False,271,10e9473708d9eaadda8ab672617c5e485fde4152f7e76716d4d16d85b9f39e62,source at the windows side,KEEP,working copy matches the Stage-2 baseline
code/environment/remote_environment.txt,server,source,False,271,10e9473708d9eaadda8ab672617c5e485fde4152f7e76716d4d16d85b9f39e62,source at the server side,KEEP_SERVER_ONLY,server mirror of a tracked file
code/environment/requirements_main_freeze.txt,github,source,True,2276,4c4e3db4c4e9601670a8531ee0e89eaf440d3bd25fd588229b26e6d9e2173913,source at the github side,KEEP,tracked at the Stage-2 development baseline
code/environment/requirements_main_freeze.txt,windows,source,False,2276,4c4e3db4c4e9601670a8531ee0e89eaf440d3bd25fd588229b26e6d9e2173913,source at the windows side,KEEP,working copy matches the Stage-2 baseline
code/environment/requirements_main_freeze.txt,server,source,False,2276,4c4e3db4c4e9601670a8531ee0e89eaf440d3bd25fd588229b26e6d9e2173913,source at the server side,KEEP_SERVER_ONLY,server mirror of a tracked file
code/environment/requirements_pennylane_freeze.txt,github,source,True,3777,e20a2e6ddcf19a665bbc638d461bebdc906a74f31165dabf4d149e10f28672ce,source at the github side,KEEP,tracked at the Stage-2 development baseline
code/environment/requirements_pennylane_freeze.txt,windows,source,False,3777,e20a2e6ddcf19a665bbc638d461bebdc906a74f31165dabf4d149e10f28672ce,source at the windows side,KEEP,working copy matches the Stage-2 baseline
code/environment/requirements_pennylane_freeze.txt,server,source,False,3777,e20a2e6ddcf19a665bbc638d461bebdc906a74f31165dabf4d149e10f28672ce,source at the server side,KEEP_SERVER_ONLY,server mirror of a tracked file
code/figure_tools/check_figure.py,github,source,True,9709,861191858ff47c5af5247f08d0759b14956a2a7e7d8eafcc6b414d37b9d70f06,source at the github side,KEEP,tracked at the Stage-2 development baseline
code/figure_tools/check_figure.py,windows,source,False,9709,861191858ff47c5af5247f08d0759b14956a2a7e7d8eafcc6b414d37b9d70f06,source at the windows side,KEEP,working copy matches the Stage-2 baseline
code/figure_tools/check_figure.py,server,source,False,9709,861191858ff47c5af5247f08d0759b14956a2a7e7d8eafcc6b414d37b9d70f06,source at the server side,KEEP_SERVER_ONLY,server mirror of a tracked file
code/figure_tools/export_figure.py,github,source,True,6450,40ce3bcd31dfc4b33e38a1cb180c75dc730ee6fa046f04934c79f285c6f890c1,source at the github side,KEEP,tracked at the Stage-2 development baseline
code/figure_tools/export_figure.py,windows,source,False,6450,40ce3bcd31dfc4b33e38a1cb180c75dc730ee6fa046f04934c79f285c6f890c1,source at the windows side,KEEP,working copy matches the Stage-2 baseline
code/figure_tools/export_figure.py,server,source,False,6450,40ce3bcd31dfc4b33e38a1cb180c75dc730ee6fa046f04934c79f285c6f890c1,source at the server side,KEEP_SERVER_ONLY,server mirror of a tracked file
code/figure_tools/fonts/plot_second_point_results.py,github,source,True,11090,64822e514c8c4e939cca40014e67f1c59316296954e0e5d50d72278b6e106349,source at the github side,KEEP,tracked at the Stage-2 development baseline
code/figure_tools/fonts/plot_second_point_results.py,windows,source,False,11090,64822e514c8c4e939cca40014e67f1c59316296954e0e5d50d72278b6e106349,source at the windows side,KEEP,working copy matches the Stage-2 baseline
code/figure_tools/fonts/plot_second_point_results.py,server,source,False,11090,64822e514c8c4e939cca40014e67f1c59316296954e0e5d50d72278b6e106349,source at the server side,KEEP_SERVER_ONLY,server mirror of a tracked file
code/figure_tools/fonts/times.ttf,windows,source,False,1190736,931c5de5c70401d9324d5014c123802b4fb753000360ceb2f56c589403cd58c5,source at the windows side,SYNC_TO_GITHUB,untracked important file with no Git copy
code/figure_tools/fonts/times.ttf,server,source,False,1190736,931c5de5c70401d9324d5014c123802b4fb753000360ceb2f56c589403cd58c5,source at the server side,REVIEW,server-only file with no Git copy
code/figure_tools/fonts/timesbd.ttf,windows,source,False,1170096,54fbe2c70af7c85a97bed0573227e3ccc4b2486012e3ca2a40c6bc77065846f5,source at the windows side,SYNC_TO_GITHUB,untracked important file with no Git copy
code/figure_tools/fonts/timesbd.ttf,server,source,False,1170096,54fbe2c70af7c85a97bed0573227e3ccc4b2486012e3ca2a40c6bc77065846f5,source at the server side,REVIEW,server-only file with no Git copy
code/figure_tools/fonts/timesbi.ttf,windows,source,False,904204,3a29d114cb5229e8dbda5bef6c69be4a210a13b7277de4d66e9fc86963226f6c,source at the windows side,SYNC_TO_GITHUB,untracked important file with no Git copy
code/figure_tools/fonts/timesbi.ttf,server,source,False,904204,3a29d114cb5229e8dbda5bef6c69be4a210a13b7277de4d66e9fc86963226f6c,source at the server side,REVIEW,server-only file with no Git copy
code/figure_tools/fonts/timesi.ttf,windows,source,False,962864,e7f7a88b65188328aea58670f955022e23c712f55679524729da1e4e03c49d88,source at the windows side,SYNC_TO_GITHUB,untracked important file with no Git copy
code/figure_tools/fonts/timesi.ttf,server,source,False,962864,e7f7a88b65188328aea58670f955022e23c712f55679524729da1e4e03c49d88,source at the server side,REVIEW,server-only file with no Git copy
code/figure_tools/layout_tools.py,github,source,True,9351,68e1d25774148fe78f5d87035d651f5e3707382502505cb11f62f9ec7ae88e49,source at the github side,KEEP,tracked at the Stage-2 development baseline
code/figure_tools/layout_tools.py,windows,source,False,9351,68e1d25774148fe78f5d87035d651f5e3707382502505cb11f62f9ec7ae88e49,source at the windows side,KEEP,working copy matches the Stage-2 baseline
code/figure_tools/layout_tools.py,server,source,False,9351,68e1d25774148fe78f5d87035d651f5e3707382502505cb11f62f9ec7ae88e49,source at the server side,KEEP_SERVER_ONLY,server mirror of a tracked file
code/figure_tools/plot_second_point_results.py,github,source,True,10690,1b2fc7fff0dc7a61a8451ad08b034bf5c983dc64b197d086fe8ba7ebb4b4f614,source at the github side,KEEP,tracked at the Stage-2 development baseline
code/figure_tools/plot_second_point_results.py,windows,source,False,10690,1b2fc7fff0dc7a61a8451ad08b034bf5c983dc64b197d086fe8ba7ebb4b4f614,source at the windows side,KEEP,working copy matches the Stage-2 baseline
code/figure_tools/plot_second_point_results.py,server,source,False,10690,1b2fc7fff0dc7a61a8451ad08b034bf5c983dc64b197d086fe8ba7ebb4b4f614,source at the server side,KEEP_SERVER_ONLY,server mirror of a tracked file
code/figure_tools/prepare_second_point_figure_data.py,github,source,True,2629,6edec4fd1036650714df62913056a968342f666caaeee1dbf527f36a0ea944a6,source at the github side,KEEP,tracked at the Stage-2 development baseline
code/figure_tools/prepare_second_point_figure_data.py,windows,source,False,2629,6edec4fd1036650714df62913056a968342f666caaeee1dbf527f36a0ea944a6,source at the windows side,KEEP,working copy matches the Stage-2 baseline
code/figure_tools/prepare_second_point_figure_data.py,server,source,False,2629,6edec4fd1036650714df62913056a968342f666caaeee1dbf527f36a0ea944a6,source at the server side,KEEP_SERVER_ONLY,server mirror of a tracked file
code/figure_tools/profile_data.py,github,source,True,17764,d8a2a72c2607c390f2d3ed1508209d515ad4fbf833fa1602ab9da519b3596ec4,source at the github side,KEEP,tracked at the Stage-2 development baseline
code/figure_tools/profile_data.py,windows,source,False,17764,d8a2a72c2607c390f2d3ed1508209d515ad4fbf833fa1602ab9da519b3596ec4,source at the windows side,KEEP,working copy matches the Stage-2 baseline
code/figure_tools/profile_data.py,server,source,False,17764,d8a2a72c2607c390f2d3ed1508209d515ad4fbf833fa1602ab9da519b3596ec4,source at the server side,KEEP_SERVER_ONLY,server mirror of a tracked file
code/figure_tools/setup_style.py,github,source,True,11794,d58ef81684577bb605a92733dd2ca48ade03b4f819b3d255fd62f319be7fea82,source at the github side,KEEP,tracked at the Stage-2 development baseline
code/figure_tools/setup_style.py,windows,source,False,11794,d58ef81684577bb605a92733dd2ca48ade03b4f819b3d255fd62f319be7fea82,source at the windows side,KEEP,working copy matches the Stage-2 baseline
code/figure_tools/setup_style.py,server,source,False,11794,d58ef81684577bb605a92733dd2ca48ade03b4f819b3d255fd62f319be7fea82,source at the server side,KEEP_SERVER_ONLY,server mirror of a tracked file
code/figure_tools/visual_qa.py,github,source,True,12677,67675709e523c76e2748d50749de7bc6332f07df865379b26d024321fb40120f,source at the github side,KEEP,tracked at the Stage-2 development baseline
code/figure_tools/visual_qa.py,windows,source,False,12677,67675709e523c76e2748d50749de7bc6332f07df865379b26d024321fb40120f,source at the windows side,KEEP,working copy matches the Stage-2 baseline
code/figure_tools/visual_qa.py,server,source,False,12677,67675709e523c76e2748d50749de7bc6332f07df865379b26d024321fb40120f,source at the server side,KEEP_SERVER_ONLY,server mirror of a tracked file
configs/detector.json,github,config,True,1585,1bb459dd1cb6c35b53357800ae29ff302c7bb2fb24fb126953907bdd96326723,config at the github side,KEEP,tracked at the Stage-2 development baseline
configs/detector.json,windows,config,False,1585,1bb459dd1cb6c35b53357800ae29ff302c7bb2fb24fb126953907bdd96326723,config at the windows side,KEEP,working copy matches the Stage-2 baseline
configs/detector.json,server,config,False,1585,1bb459dd1cb6c35b53357800ae29ff302c7bb2fb24fb126953907bdd96326723,config at the server side,KEEP_SERVER_ONLY,server mirror of a tracked file
configs/f01a.json,github,config,True,1099,8a7dcff6381593e33ca0bb4aeb2ed87db315ded0d6c54aff09ff3d33ae0ff3c9,config at the github side,KEEP,tracked at the Stage-2 development baseline
configs/f01a.json,windows,config,False,1099,8a7dcff6381593e33ca0bb4aeb2ed87db315ded0d6c54aff09ff3d33ae0ff3c9,config at the windows side,KEEP,working copy matches the Stage-2 baseline
configs/f01a.json,server,config,False,1099,8a7dcff6381593e33ca0bb4aeb2ed87db315ded0d6c54aff09ff3d33ae0ff3c9,config at the server side,KEEP_SERVER_ONLY,server mirror of a tracked file
configs/f01b.json,github,config,True,1328,4b1c0aafb86ce8af2ffd3d53d6691e6ea2af4586471febdf5cacd6ca8c4cdfab,config at the github side,KEEP,tracked at the Stage-2 development baseline
configs/f01b.json,windows,config,False,1328,4b1c0aafb86ce8af2ffd3d53d6691e6ea2af4586471febdf5cacd6ca8c4cdfab,config at the windows side,KEEP,working copy matches the Stage-2 baseline
configs/f01b.json,server,config,False,1328,4b1c0aafb86ce8af2ffd3d53d6691e6ea2af4586471febdf5cacd6ca8c4cdfab,config at the server side,KEEP_SERVER_ONLY,server mirror of a tracked file
configs/frontend_config.json,github,config,True,6625,0726ec086c0d71099cb0230abf530f7e0136b029230b6f755868b8404490c355,config at the github side,KEEP,tracked at the Stage-2 development baseline
configs/frontend_config.json,windows,config,False,6625,0726ec086c0d71099cb0230abf530f7e0136b029230b6f755868b8404490c355,config at the windows side,KEEP,working copy matches the Stage-2 baseline
configs/frontend_config.json,server,config,False,6625,0726ec086c0d71099cb0230abf530f7e0136b029230b6f755868b8404490c355,config at the server side,KEEP_SERVER_ONLY,server mirror of a tracked file
configs/frontend_config.yaml,github,config,True,4384,2947dcd8d9f6b2935fb32635799cfa73881b087829a4981a758466e40aca8eca,config at the github side,KEEP,tracked at the Stage-2 development baseline
configs/frontend_config.yaml,windows,config,False,4384,2947dcd8d9f6b2935fb32635799cfa73881b087829a4981a758466e40aca8eca,config at the windows side,KEEP,working copy matches the Stage-2 baseline
configs/frontend_config.yaml,server,config,False,4384,2947dcd8d9f6b2935fb32635799cfa73881b087829a4981a758466e40aca8eca,config at the server side,KEEP_SERVER_ONLY,server mirror of a tracked file
configs/prediction.json,github,config,True,1158,88fedfc2fd258a6da1e1fa804aff4e495018d82edb2418e2b4de470266fa64ca,config at the github side,KEEP,tracked at the Stage-2 development baseline
configs/prediction.json,windows,config,False,1158,88fedfc2fd258a6da1e1fa804aff4e495018d82edb2418e2b4de470266fa64ca,config at the windows side,KEEP,working copy matches the Stage-2 baseline
configs/prediction.json,server,config,False,1158,88fedfc2fd258a6da1e1fa804aff4e495018d82edb2418e2b4de470266fa64ca,config at the server side,KEEP_SERVER_ONLY,server mirror of a tracked file
configs/qgat_extend100.json,github,config,True,1765,56532f7e2d691320009aa2f0eb55487f47711ca19b5d35633303f2a66679b457,config at the github side,KEEP,tracked at the Stage-2 development baseline
configs/qgat_extend100.json,windows,config,False,1765,56532f7e2d691320009aa2f0eb55487f47711ca19b5d35633303f2a66679b457,config at the windows side,KEEP,working copy matches the Stage-2 baseline
configs/qgat_extend100.json,server,config,False,1765,56532f7e2d691320009aa2f0eb55487f47711ca19b5d35633303f2a66679b457,config at the server side,KEEP_SERVER_ONLY,server mirror of a tracked file
configs/qgat_factorial.json,github,config,True,1148,a8b9d5738f1f5576e65b2d7d0c735aba405fd6772afb88df16ce7f1f2e9f2192,config at the github side,KEEP,tracked at the Stage-2 development baseline
configs/qgat_factorial.json,windows,config,False,1148,a8b9d5738f1f5576e65b2d7d0c735aba405fd6772afb88df16ce7f1f2e9f2192,config at the windows side,KEEP,working copy matches the Stage-2 baseline
configs/qgat_factorial.json,server,config,False,1148,a8b9d5738f1f5576e65b2d7d0c735aba405fd6772afb88df16ce7f1f2e9f2192,config at the server side,KEEP_SERVER_ONLY,server mirror of a tracked file
configs/qgat_factorial_full.json,github,config,True,867,5337cd938ccc8d1e6615316b5826e0f023d77e0ae64546c34d0b97dad8e4181f,config at the github side,KEEP,tracked at the Stage-2 development baseline
configs/qgat_factorial_full.json,windows,config,False,868,b67c3f0681edf32c2cd6927ed04d9bafbcb1ffced7463d45a923ba1f8c695b15,config at the windows side,KEEP,working copy matches the Stage-2 baseline
configs/qgat_factorial_full.json,server,config,False,868,b67c3f0681edf32c2cd6927ed04d9bafbcb1ffced7463d45a923ba1f8c695b15,config at the server side,KEEP_SERVER_ONLY,server mirror of a tracked file
configs/qgat_formal.json,github,config,True,683,069d25a938e67f7fb42238c7a718f277e0dc46fa568c0603ddb19ea3b7415b0d,config at the github side,KEEP,tracked at the Stage-2 development baseline
configs/qgat_formal.json,windows,config,False,684,c8200f9a8aa54fb5e3ad1f84d1838a61d318b2db784e989b0bb3556ae0ccfc33,config at the windows side,KEEP,working copy matches the Stage-2 baseline
configs/qgat_formal.json,server,config,False,684,c8200f9a8aa54fb5e3ad1f84d1838a61d318b2db784e989b0bb3556ae0ccfc33,config at the server side,KEEP_SERVER_ONLY,server mirror of a tracked file
configs/qgat_relation.json,github,config,True,921,644079c11b1f2b996a865bd9998539fa487bc3a46ccc74d1b96e83f8cc8946b9,config at the github side,KEEP,tracked at the Stage-2 development baseline
configs/qgat_relation.json,windows,config,False,921,644079c11b1f2b996a865bd9998539fa487bc3a46ccc74d1b96e83f8cc8946b9,config at the windows side,KEEP,working copy matches the Stage-2 baseline
configs/qgat_relation.json,server,config,False,921,644079c11b1f2b996a865bd9998539fa487bc3a46ccc74d1b96e83f8cc8946b9,config at the server side,KEEP_SERVER_ONLY,server mirror of a tracked file
configs/qgat_runtime_profile.json,github,config,True,2602,eabc4c91375550b2432f77f48d374628014978d699fcbf515ffbe6b1644e2c2c,config at the github side,KEEP,tracked at the Stage-2 development baseline
configs/qgat_runtime_profile.json,windows,config,False,2602,eabc4c91375550b2432f77f48d374628014978d699fcbf515ffbe6b1644e2c2c,config at the windows side,KEEP,working copy matches the Stage-2 baseline
configs/qgat_runtime_profile.json,server,config,False,2602,eabc4c91375550b2432f77f48d374628014978d699fcbf515ffbe6b1644e2c2c,config at the server side,KEEP_SERVER_ONLY,server mirror of a tracked file
configs/qgat_value.json,github,config,True,1458,7399cce1ea4367669aafd693b5adb684ac9729ca98b5424736b1cea0e4fa1830,config at the github side,KEEP,tracked at the Stage-2 development baseline
configs/qgat_value.json,windows,config,False,1458,7399cce1ea4367669aafd693b5adb684ac9729ca98b5424736b1cea0e4fa1830,config at the windows side,KEEP,working copy matches the Stage-2 baseline
configs/qgat_value.json,server,config,False,1458,7399cce1ea4367669aafd693b5adb684ac9729ca98b5424736b1cea0e4fa1830,config at the server side,KEEP_SERVER_ONLY,server mirror of a tracked file
configs/qgnn_bottleneck_diagnostic.json,github,config,True,1658,e9da27ba2b383fe172a51c0141415957ebe5113ab8997a4e5acd648b8552abb5,config at the github side,KEEP,tracked at the Stage-2 development baseline
configs/qgnn_bottleneck_diagnostic.json,windows,config,False,1658,e9da27ba2b383fe172a51c0141415957ebe5113ab8997a4e5acd648b8552abb5,config at the windows side,KEEP,working copy matches the Stage-2 baseline
configs/qgnn_bottleneck_diagnostic.json,server,config,False,1658,e9da27ba2b383fe172a51c0141415957ebe5113ab8997a4e5acd648b8552abb5,config at the server side,KEEP_SERVER_ONLY,server mirror of a tracked file
configs/qgnn_directed_context.json,github,config,True,1117,9702bc43cbaf781942be1762d9a354649db929058d3d9935f531636c6b5afbc5,config at the github side,KEEP,tracked at the Stage-2 development baseline
configs/qgnn_directed_context.json,windows,config,False,1117,9702bc43cbaf781942be1762d9a354649db929058d3d9935f531636c6b5afbc5,config at the windows side,KEEP,working copy matches the Stage-2 baseline
configs/qgnn_directed_context.json,server,config,False,1117,9702bc43cbaf781942be1762d9a354649db929058d3d9935f531636c6b5afbc5,config at the server side,KEEP_SERVER_ONLY,server mirror of a tracked file
configs/qgnn_final_test.json,windows,config,False,1136,c933fae183c1f155029f5b975040ea588108bd59ae4dc84eb68d62f62d0255cb,config at the windows side,SYNC_TO_GITHUB,untracked important file with no Git copy
configs/qgnn_final_test.json,server,config,False,1136,c933fae183c1f155029f5b975040ea588108bd59ae4dc84eb68d62f62d0255cb,config at the server side,REVIEW,server-only file with no Git copy
configs/qgnn_inherited100.json,github,config,True,960,0ec163ef338ebf7382814e232e418c6740a73a243544276112e7891354258b71,config at the github side,KEEP,tracked at the Stage-2 development baseline
configs/qgnn_inherited100.json,windows,config,False,960,0ec163ef338ebf7382814e232e418c6740a73a243544276112e7891354258b71,config at the windows side,KEEP,working copy matches the Stage-2 baseline
configs/qgnn_inherited100.json,server,config,False,960,0ec163ef338ebf7382814e232e418c6740a73a243544276112e7891354258b71,config at the server side,KEEP_SERVER_ONLY,server mirror of a tracked file
configs/qgnn_motionframe.json,github,config,True,996,52f630ffa5ba1b4241759391be0dd927beb0a8b0589210a787ea768c50966346,config at the github side,KEEP,tracked at the Stage-2 development baseline
configs/qgnn_motionframe.json,windows,config,False,996,52f630ffa5ba1b4241759391be0dd927beb0a8b0589210a787ea768c50966346,config at the windows side,KEEP,working copy matches the Stage-2 baseline
configs/qgnn_motionframe.json,server,config,False,996,52f630ffa5ba1b4241759391be0dd927beb0a8b0589210a787ea768c50966346,config at the server side,KEEP_SERVER_ONLY,server mirror of a tracked file
configs/qgnn_readout.json,github,config,True,870,021b255da0988aab5a16ede2df4e2c367c429e1c703bd520f29491205e5614cd,config at the github side,KEEP,tracked at the Stage-2 development baseline
configs/qgnn_readout.json,windows,config,False,870,021b255da0988aab5a16ede2df4e2c367c429e1c703bd520f29491205e5614cd,config at the windows side,KEEP,working copy matches the Stage-2 baseline
configs/qgnn_readout.json,server,config,False,870,021b255da0988aab5a16ede2df4e2c367c429e1c703bd520f29491205e5614cd,config at the server side,KEEP_SERVER_ONLY,server mirror of a tracked file
configs/shared_frontend.json,github,config,True,1889,5c86e3b19e5ad860dc9965fcffc9c715f7320c35626499fffce3d83725b0b4fd,config at the github side,KEEP,tracked at the Stage-2 development baseline
configs/shared_frontend.json,windows,config,False,1889,5c86e3b19e5ad860dc9965fcffc9c715f7320c35626499fffce3d83725b0b4fd,config at the windows side,KEEP,working copy matches the Stage-2 baseline
configs/shared_frontend.json,server,config,False,1889,5c86e3b19e5ad860dc9965fcffc9c715f7320c35626499fffce3d83725b0b4fd,config at the server side,KEEP_SERVER_ONLY,server mirror of a tracked file
configs/symbol_frontend.json,github,config,True,2642,789168e8a9e323960ab5ade567af561b9424b5a119de4ddfc6d85764429eb7d8,config at the github side,KEEP,tracked at the Stage-2 development baseline
configs/symbol_frontend.json,windows,config,False,2642,789168e8a9e323960ab5ade567af561b9424b5a119de4ddfc6d85764429eb7d8,config at the windows side,KEEP,working copy matches the Stage-2 baseline
configs/symbol_frontend.json,server,config,False,2642,789168e8a9e323960ab5ade567af561b9424b5a119de4ddfc6d85764429eb7d8,config at the server side,KEEP_SERVER_ONLY,server mirror of a tracked file
configs/symbol_frontend.yaml,github,config,True,2298,0c2fe494055bcd485e3a438e6e75f1fbc273a92b274235923d5703fe12d059b5,config at the github side,KEEP,tracked at the Stage-2 development baseline
configs/symbol_frontend.yaml,windows,config,False,2298,0c2fe494055bcd485e3a438e6e75f1fbc273a92b274235923d5703fe12d059b5,config at the windows side,KEEP,working copy matches the Stage-2 baseline
configs/symbol_frontend.yaml,server,config,False,2298,0c2fe494055bcd485e3a438e6e75f1fbc273a92b274235923d5703fe12d059b5,config at the server side,KEEP_SERVER_ONLY,server mirror of a tracked file
configs/training_budget.json,github,config,True,5688,0cd139ccd8b9288be9c5038b537bd4f49c6dcf7724f3098428c18c6662c9c314,config at the github side,KEEP,tracked at the Stage-2 development baseline
configs/training_budget.json,windows,config,False,5688,0cd139ccd8b9288be9c5038b537bd4f49c6dcf7724f3098428c18c6662c9c314,config at the windows side,KEEP,working copy matches the Stage-2 baseline
configs/training_budget.json,server,config,False,5688,0cd139ccd8b9288be9c5038b537bd4f49c6dcf7724f3098428c18c6662c9c314,config at the server side,KEEP_SERVER_ONLY,server mirror of a tracked file
docs/F02_新任务交接.md,github,docs,True,10497,d9cc8ab71baccefca2890dc8d3f4e51330e08cbf7009369b8a4793185c1d4f5d,docs at the github side,KEEP,tracked at the Stage-2 development baseline
docs/F02_新任务交接.md,windows,docs,False,10554,a2083c91d47ad3d77625a22eb8668aa57f0370befc3c87a9315d28bad46aa5d4,docs at the windows side,KEEP,working copy matches the Stage-2 baseline
docs/F02_新任务交接.md,server,docs,False,10554,a2083c91d47ad3d77625a22eb8668aa57f0370befc3c87a9315d28bad46aa5d4,docs at the server side,KEEP_SERVER_ONLY,server mirror of a tracked file
docs/GPT-6-pro研究交接与深度调研任务书.md,github,docs,True,24333,8ccb90a2b2dad804d247071c093393894284a99a560b30818abbf017b76a8ebe,docs at the github side,KEEP,tracked at the Stage-2 development baseline
docs/GPT-6-pro研究交接与深度调研任务书.md,windows,docs,False,24335,38d21ef4801f8bdee1a3b2240fd9d2e68f0558f44c83f9c1cb3581fb9a9f684e,docs at the windows side,KEEP,working copy matches the Stage-2 baseline
docs/GPT-6-pro研究交接与深度调研任务书.md,server,docs,False,24335,38d21ef4801f8bdee1a3b2240fd9d2e68f0558f44c83f9c1cb3581fb9a9f684e,docs at the server side,KEEP_SERVER_ONLY,server mirror of a tracked file
docs/ICCT2026官方模板/IEEEtemplate-word.doc,github,docs,True,37816,3f63404c2991a6646d74a7d7b2608933eb66a8e45f73dd99d4c91d04f88be7c3,docs at the github side,KEEP,tracked at the Stage-2 development baseline
docs/ICCT2026官方模板/IEEEtemplate-word.doc,windows,docs,False,37816,3f63404c2991a6646d74a7d7b2608933eb66a8e45f73dd99d4c91d04f88be7c3,docs at the windows side,KEEP,working copy matches the Stage-2 baseline
docs/ICCT2026官方模板/IEEEtemplate-word.doc,server,docs,False,37816,3f63404c2991a6646d74a7d7b2608933eb66a8e45f73dd99d4c91d04f88be7c3,docs at the server side,KEEP_SERVER_ONLY,server mirror of a tracked file
docs/ICCT2026官方模板/conference-latex-template_10-17-19/.DS_Store,windows,docs,False,6148,d65165279105ca6773180500688df4bdc69a2c7b771752f0a46ef120b7fd8ec3,docs at the windows side,SYNC_TO_GITHUB,untracked important file with no Git copy
docs/ICCT2026官方模板/conference-latex-template_10-17-19/.DS_Store,server,docs,False,6148,d65165279105ca6773180500688df4bdc69a2c7b771752f0a46ef120b7fd8ec3,docs at the server side,REVIEW,server-only file with no Git copy
docs/ICCT2026官方模板/conference-latex-template_10-17-19/IEEEtran.cls,github,docs,True,281957,da751920a317ed318b7b5cd7fa585a6cc7d28502d457856382e9be24b10a3bd7,docs at the github side,KEEP,tracked at the Stage-2 development baseline
docs/ICCT2026官方模板/conference-latex-template_10-17-19/IEEEtran.cls,windows,docs,False,288304,c972aca108fda004c3514d63658e02816da2e54d9a1451e870b9bd970e003f55,docs at the windows side,KEEP,working copy matches the Stage-2 baseline
docs/ICCT2026官方模板/conference-latex-template_10-17-19/IEEEtran.cls,server,docs,False,288304,c972aca108fda004c3514d63658e02816da2e54d9a1451e870b9bd970e003f55,docs at the server side,KEEP_SERVER_ONLY,server mirror of a tracked file
docs/ICCT2026官方模板/conference-latex-template_10-17-19/IEEEtran_HOWTO.pdf,github,docs,True,671626,462b4d99a973a5433ffa42de4d96e25c90e87fc44c2ebe598270af8cfd932922,docs at the github side,KEEP,tracked at the Stage-2 development baseline
docs/ICCT2026官方模板/conference-latex-template_10-17-19/IEEEtran_HOWTO.pdf,windows,docs,False,671626,462b4d99a973a5433ffa42de4d96e25c90e87fc44c2ebe598270af8cfd932922,docs at the windows side,KEEP,working copy matches the Stage-2 baseline
docs/ICCT2026官方模板/conference-latex-template_10-17-19/IEEEtran_HOWTO.pdf,server,docs,False,671626,462b4d99a973a5433ffa42de4d96e25c90e87fc44c2ebe598270af8cfd932922,docs at the server side,KEEP_SERVER_ONLY,server mirror of a tracked file
docs/ICCT2026官方模板/conference-latex-template_10-17-19/conference_101719.aux,github,docs,True,2344,ea06a5c515d8826948de78df442112e5640cdb76264f53f63ccde91b8bd570ce,docs at the github side,KEEP,tracked at the Stage-2 development baseline
docs/ICCT2026官方模板/conference-latex-template_10-17-19/conference_101719.aux,windows,docs,False,2344,ea06a5c515d8826948de78df442112e5640cdb76264f53f63ccde91b8bd570ce,docs at the windows side,KEEP,working copy matches the Stage-2 baseline
docs/ICCT2026官方模板/conference-latex-template_10-17-19/conference_101719.aux,server,docs,False,2344,ea06a5c515d8826948de78df442112e5640cdb76264f53f63ccde91b8bd570ce,docs at the server side,KEEP_SERVER_ONLY,server mirror of a tracked file
docs/ICCT2026官方模板/conference-latex-template_10-17-19/conference_101719.log,windows,docs,False,15588,220226848da5c04fdb6ca813aefc548f2ba122156cd376649428221ef2f5b4bf,docs at the windows side,SYNC_TO_GITHUB,untracked important file with no Git copy
docs/ICCT2026官方模板/conference-latex-template_10-17-19/conference_101719.log,server,docs,False,15588,220226848da5c04fdb6ca813aefc548f2ba122156cd376649428221ef2f5b4bf,docs at the server side,REVIEW,server-only file with no Git copy
docs/ICCT2026官方模板/conference-latex-template_10-17-19/conference_101719.pdf,github,docs,True,135181,7d051fa675eedc795026b48e7dbe66ff365b1d4ae10787cb45029603dd89f1b5,docs at the github side,KEEP,tracked at the Stage-2 development baseline
docs/ICCT2026官方模板/conference-latex-template_10-17-19/conference_101719.pdf,windows,docs,False,135181,7d051fa675eedc795026b48e7dbe66ff365b1d4ae10787cb45029603dd89f1b5,docs at the windows side,KEEP,working copy matches the Stage-2 baseline
docs/ICCT2026官方模板/conference-latex-template_10-17-19/conference_101719.pdf,server,docs,False,135181,7d051fa675eedc795026b48e7dbe66ff365b1d4ae10787cb45029603dd89f1b5,docs at the server side,KEEP_SERVER_ONLY,server mirror of a tracked file
docs/ICCT2026官方模板/conference-latex-template_10-17-19/conference_101719.synctex.gz,github,docs,True,46089,9b6777cd3cd4d0bdfa7c61b01409d02c88bed6821d9af284c692ae8e7ddd1c4b,docs at the github side,KEEP,tracked at the Stage-2 development baseline
docs/ICCT2026官方模板/conference-latex-template_10-17-19/conference_101719.synctex.gz,windows,docs,False,46089,9b6777cd3cd4d0bdfa7c61b01409d02c88bed6821d9af284c692ae8e7ddd1c4b,docs at the windows side,KEEP,working copy matches the Stage-2 baseline
docs/ICCT2026官方模板/conference-latex-template_10-17-19/conference_101719.synctex.gz,server,docs,False,46089,9b6777cd3cd4d0bdfa7c61b01409d02c88bed6821d9af284c692ae8e7ddd1c4b,docs at the server side,KEEP_SERVER_ONLY,server mirror of a tracked file
docs/ICCT2026官方模板/conference-latex-template_10-17-19/conference_101719.tex,github,docs,True,15354,15a1924053c271eb9a8fcb92d0b5b489128608375c18bc76cc201612270cc603,docs at the github side,KEEP,tracked at the Stage-2 development baseline
docs/ICCT2026官方模板/conference-latex-template_10-17-19/conference_101719.tex,windows,docs,False,15354,15a1924053c271eb9a8fcb92d0b5b489128608375c18bc76cc201612270cc603,docs at the windows side,KEEP,working copy matches the Stage-2 baseline
docs/ICCT2026官方模板/conference-latex-template_10-17-19/conference_101719.tex,server,docs,False,15354,15a1924053c271eb9a8fcb92d0b5b489128608375c18bc76cc201612270cc603,docs at the server side,KEEP_SERVER_ONLY,server mirror of a tracked file
docs/ICCT2026官方模板/conference-latex-template_10-17-19/fig1.png,github,docs,True,4535,db271171f451b1585286b0fe118ac924dd1de227bb587121c408b34f1cb00846,docs at the github side,KEEP,tracked at the Stage-2 development baseline
docs/ICCT2026官方模板/conference-latex-template_10-17-19/fig1.png,windows,docs,False,4535,db271171f451b1585286b0fe118ac924dd1de227bb587121c408b34f1cb00846,docs at the windows side,KEEP,working copy matches the Stage-2 baseline
docs/ICCT2026官方模板/conference-latex-template_10-17-19/fig1.png,server,docs,False,4535,db271171f451b1585286b0fe118ac924dd1de227bb587121c408b34f1cb00846,docs at the server side,KEEP_SERVER_ONLY,server mirror of a tracked file
docs/ICCT2026官方模板/icct2026_cfp.pdf,github,docs,True,2178083,5c2d83bdaf9c10b515c52b4fded6bff95222e292c6da9fecc387e9ab25884271,docs at the github side,KEEP,tracked at the Stage-2 development baseline
docs/ICCT2026官方模板/icct2026_cfp.pdf,windows,docs,False,2178083,5c2d83bdaf9c10b515c52b4fded6bff95222e292c6da9fecc387e9ab25884271,docs at the windows side,KEEP,working copy matches the Stage-2 baseline
docs/ICCT2026官方模板/icct2026_cfp.pdf,server,docs,False,2178083,5c2d83bdaf9c10b515c52b4fded6bff95222e292c6da9fecc387e9ab25884271,docs at the server side,KEEP_SERVER_ONLY,server mirror of a tracked file
docs/ICCT2026官方模板/ieee-conference-latex-template.zip,windows,docs,False,836939,f247cb6665907793d1949110f24b8a1cb262073c09b5f0026aa8d1d658cb6c1d,docs at the windows side,SYNC_TO_GITHUB,untracked important file with no Git copy
docs/ICCT2026官方模板/ieee-conference-latex-template.zip,server,docs,False,836939,f247cb6665907793d1949110f24b8a1cb262073c09b5f0026aa8d1d658cb6c1d,docs at the server side,REVIEW,server-only file with no Git copy
docs/ICCT会议论文完整研究归档.md,github,docs,True,17462,ae2769d1faa687dff140797b2ebb567b14dc50ab2e1c6dc9583d0e27eb682def,docs at the github side,KEEP,tracked at the Stage-2 development baseline
docs/ICCT会议论文完整研究归档.md,windows,docs,False,17462,ae2769d1faa687dff140797b2ebb567b14dc50ab2e1c6dc9583d0e27eb682def,docs at the windows side,KEEP,working copy matches the Stage-2 baseline
docs/ICCT会议论文完整研究归档.md,server,docs,False,17462,ae2769d1faa687dff140797b2ebb567b14dc50ab2e1c6dc9583d0e27eb682def,docs at the server side,KEEP_SERVER_ONLY,server mirror of a tracked file
docs/QGNN_性能瓶颈定位工单_BDX01.md,github,docs,True,31846,7a5ab6990054b06ee91aab6125ad64b8a154837d5d9e89dd528d52436a468317,docs at the github side,KEEP,tracked at the Stage-2 development baseline
docs/QGNN_性能瓶颈定位工单_BDX01.md,windows,docs,False,31846,7a5ab6990054b06ee91aab6125ad64b8a154837d5d9e89dd528d52436a468317,docs at the windows side,KEEP,working copy matches the Stage-2 baseline
docs/QGNN_性能瓶颈定位工单_BDX01.md,server,docs,False,31846,7a5ab6990054b06ee91aab6125ad64b8a154837d5d9e89dd528d52436a468317,docs at the server side,KEEP_SERVER_ONLY,server mirror of a tracked file
docs/QGNN架构与流程_组会讲解.md,github,docs,True,4106,e2fc501f5f0b1f15f4c84ca1bb5f2891a1301f6171f438d025504e558a120541,docs at the github side,KEEP,tracked at the Stage-2 development baseline
docs/QGNN架构与流程_组会讲解.md,windows,docs,False,4106,e2fc501f5f0b1f15f4c84ca1bb5f2891a1301f6171f438d025504e558a120541,docs at the windows side,KEEP,working copy matches the Stage-2 baseline
docs/QGNN架构与流程_组会讲解.md,server,docs,False,4106,e2fc501f5f0b1f15f4c84ca1bb5f2891a1301f6171f438d025504e558a120541,docs at the server side,KEEP_SERVER_ONLY,server mirror of a tracked file
docs/records/01_目标交互图_已完成__documents__第二研究点_多SNR对比消融与轨迹实验记录.md,github,docs,True,13921,e337028bc577d82b9bf55005d18d7dd9d463fefe5b314cd5cab2c4d996fa8d79,docs at the github side,KEEP,tracked at the Stage-2 development baseline
docs/records/01_目标交互图_已完成__documents__第二研究点_多SNR对比消融与轨迹实验记录.md,windows,docs,False,13921,e337028bc577d82b9bf55005d18d7dd9d463fefe5b314cd5cab2c4d996fa8d79,docs at the windows side,KEEP,working copy matches the Stage-2 baseline
docs/records/01_目标交互图_已完成__documents__第二研究点_多SNR对比消融与轨迹实验记录.md,server,docs,False,13921,e337028bc577d82b9bf55005d18d7dd9d463fefe5b314cd5cab2c4d996fa8d79,docs at the server side,KEEP_SERVER_ONLY,server mirror of a tracked file
docs/records/01_目标交互图_已完成__documents__第二研究点_对比实验结果与分析.md,github,docs,True,5448,9d57aa3db8bb87370709ea29bb46356ca457e8f6d0533fd55bf06b77c6dc8477,docs at the github side,KEEP,tracked at the Stage-2 development baseline
docs/records/01_目标交互图_已完成__documents__第二研究点_对比实验结果与分析.md,windows,docs,False,5448,9d57aa3db8bb87370709ea29bb46356ca457e8f6d0533fd55bf06b77c6dc8477,docs at the windows side,KEEP,working copy matches the Stage-2 baseline
docs/records/01_目标交互图_已完成__documents__第二研究点_对比实验结果与分析.md,server,docs,False,5448,9d57aa3db8bb87370709ea29bb46356ca457e8f6d0533fd55bf06b77c6dc8477,docs at the server side,KEEP_SERVER_ONLY,server mirror of a tracked file
docs/records/02_量测航迹关联图_方案__第二图_代码与初步实验结果.md,github,docs,True,13016,7f0b1e247a649da669f444d97cd7299bbdce8a19936da3516230882a1a68ccb8,docs at the github side,KEEP,tracked at the Stage-2 development baseline
docs/records/02_量测航迹关联图_方案__第二图_代码与初步实验结果.md,windows,docs,False,13016,7f0b1e247a649da669f444d97cd7299bbdce8a19936da3516230882a1a68ccb8,docs at the windows side,KEEP,working copy matches the Stage-2 baseline
docs/records/02_量测航迹关联图_方案__第二图_代码与初步实验结果.md,server,docs,False,13016,7f0b1e247a649da669f444d97cd7299bbdce8a19936da3516230882a1a68ccb8,docs at the server side,KEEP_SERVER_ONLY,server mirror of a tracked file
docs/records/04_量子关联图验证__development__结果与分析.md,github,docs,True,5023,101d687f67b84636a067f244215181f563da78ff9b3dff4c89e5e276f5dbd034,docs at the github side,KEEP,tracked at the Stage-2 development baseline
docs/records/04_量子关联图验证__development__结果与分析.md,windows,docs,False,5023,101d687f67b84636a067f244215181f563da78ff9b3dff4c89e5e276f5dbd034,docs at the windows side,KEEP,working copy matches the Stage-2 baseline
docs/records/04_量子关联图验证__development__结果与分析.md,server,docs,False,5023,101d687f67b84636a067f244215181f563da78ff9b3dff4c89e5e276f5dbd034,docs at the server side,KEEP_SERVER_ONLY,server mirror of a tracked file
docs/records/QGNN_LLM最终实验结果_截至2026-09-09.md,github,docs,True,14010,b70d9c2b82a0a7b42ac3af3dc700c51c4119982e78ab0324f705d680b5acbef3,docs at the github side,KEEP,tracked at the Stage-2 development baseline
docs/records/QGNN_LLM最终实验结果_截至2026-09-09.md,windows,docs,False,14010,b70d9c2b82a0a7b42ac3af3dc700c51c4119982e78ab0324f705d680b5acbef3,docs at the windows side,KEEP,working copy matches the Stage-2 baseline
docs/records/QGNN_LLM最终实验结果_截至2026-09-09.md,server,docs,False,14010,b70d9c2b82a0a7b42ac3af3dc700c51c4119982e78ab0324f705d680b5acbef3,docs at the server side,KEEP_SERVER_ONLY,server mirror of a tracked file
docs/records/全部实验结果汇总_截至2026-09-10.md,github,docs,True,11658,68dc501d124a18a3fc729b61c24ad2172643a60a0e8637f4123d410fe08271c9,docs at the github side,KEEP,tracked at the Stage-2 development baseline
docs/records/全部实验结果汇总_截至2026-09-10.md,windows,docs,False,11658,68dc501d124a18a3fc729b61c24ad2172643a60a0e8637f4123d410fe08271c9,docs at the windows side,KEEP,working copy matches the Stage-2 baseline
docs/records/全部实验结果汇总_截至2026-09-10.md,server,docs,False,11658,68dc501d124a18a3fc729b61c24ad2172643a60a0e8637f4123d410fe08271c9,docs at the server side,KEEP_SERVER_ONLY,server mirror of a tracked file
docs/records/未来词QGNN_LLM实验_2026-09-09__LLM组件消融实验结果_2026-09-10.md,github,docs,True,3988,a781c8b577415f21b6b128310a14b8335746c2916e0ddcb09f90e0f7e3ac7af6,docs at the github side,KEEP,tracked at the Stage-2 development baseline
docs/records/未来词QGNN_LLM实验_2026-09-09__LLM组件消融实验结果_2026-09-10.md,windows,docs,False,3988,a781c8b577415f21b6b128310a14b8335746c2916e0ddcb09f90e0f7e3ac7af6,docs at the windows side,KEEP,working copy matches the Stage-2 baseline
docs/records/未来词QGNN_LLM实验_2026-09-09__LLM组件消融实验结果_2026-09-10.md,server,docs,False,3988,a781c8b577415f21b6b128310a14b8335746c2916e0ddcb09f90e0f7e3ac7af6,docs at the server side,KEEP_SERVER_ONLY,server mirror of a tracked file
docs/records/未来词QGNN_LLM实验_2026-09-09__QGNN_LLM最终实验结果_截至2026-09-10.md,github,docs,True,25119,864426ec1de95fb2a884a18f1e932e8a4dcf30044d266e61e913fe90a35e7c6a,docs at the github side,KEEP,tracked at the Stage-2 development baseline
docs/records/未来词QGNN_LLM实验_2026-09-09__QGNN_LLM最终实验结果_截至2026-09-10.md,windows,docs,False,25119,864426ec1de95fb2a884a18f1e932e8a4dcf30044d266e61e913fe90a35e7c6a,docs at the windows side,KEEP,working copy matches the Stage-2 baseline
docs/records/未来词QGNN_LLM实验_2026-09-09__QGNN_LLM最终实验结果_截至2026-09-10.md,server,docs,False,25119,864426ec1de95fb2a884a18f1e932e8a4dcf30044d266e61e913fe90a35e7c6a,docs at the server side,KEEP_SERVER_ONLY,server mirror of a tracked file
docs/records/未来词QGNN_LLM实验_2026-09-09__QGNN_LLM有效衔接实验结果_截至2026-09-09.md,github,docs,True,16664,3988dfb659277ad59c8e14eae27ccfe4bf70092d39f67d875767c3df4398bceb,docs at the github side,KEEP,tracked at the Stage-2 development baseline
docs/records/未来词QGNN_LLM实验_2026-09-09__QGNN_LLM有效衔接实验结果_截至2026-09-09.md,windows,docs,False,16664,3988dfb659277ad59c8e14eae27ccfe4bf70092d39f67d875767c3df4398bceb,docs at the windows side,KEEP,working copy matches the Stage-2 baseline
docs/records/未来词QGNN_LLM实验_2026-09-09__QGNN_LLM有效衔接实验结果_截至2026-09-09.md,server,docs,False,16664,3988dfb659277ad59c8e14eae27ccfe4bf70092d39f67d875767c3df4398bceb,docs at the server side,KEEP_SERVER_ONLY,server mirror of a tracked file
docs/records/量子方案全上下文归档_截至2026-09-06.md,github,docs,True,267280,c961afbb30d6c71cb488524470ac50ac2677e5f643c911f9e7c16c5e2dec1699,docs at the github side,KEEP,tracked at the Stage-2 development baseline
docs/records/量子方案全上下文归档_截至2026-09-06.md,windows,docs,False,267280,c961afbb30d6c71cb488524470ac50ac2677e5f643c911f9e7c16c5e2dec1699,docs at the windows side,KEEP,working copy matches the Stage-2 baseline
docs/records/量子方案全上下文归档_截至2026-09-06.md,server,docs,False,267280,c961afbb30d6c71cb488524470ac50ac2677e5f643c911f9e7c16c5e2dec1699,docs at the server side,KEEP_SERVER_ONLY,server mirror of a tracked file
docs/references/Wei2024_symbol_level_multi_BS.pdf,github,docs,True,2221015,7e1520115a2934268794abdbb42850140ab29395beb625a6a37e29bf8409ada9,docs at the github side,KEEP,tracked at the Stage-2 development baseline
docs/references/Wei2024_symbol_level_multi_BS.pdf,windows,docs,False,2221015,7e1520115a2934268794abdbb42850140ab29395beb625a6a37e29bf8409ada9,docs at the windows side,KEEP,working copy matches the Stage-2 baseline
docs/references/Wei2024_symbol_level_multi_BS.pdf,server,docs,False,2221015,7e1520115a2934268794abdbb42850140ab29395beb625a6a37e29bf8409ada9,docs at the server side,KEEP_SERVER_ONLY,server mirror of a tracked file
docs/代码索引与复现说明.md,github,docs,True,2913,c20effb6eaabe492686356db7ce8fa1729bae8b0a57dcbea1433c0b96b6d303f,docs at the github side,KEEP,tracked at the Stage-2 development baseline
docs/代码索引与复现说明.md,windows,docs,False,2913,c20effb6eaabe492686356db7ce8fa1729bae8b0a57dcbea1433c0b96b6d303f,docs at the windows side,KEEP,working copy matches the Stage-2 baseline
docs/代码索引与复现说明.md,server,docs,False,2913,c20effb6eaabe492686356db7ce8fa1729bae8b0a57dcbea1433c0b96b6d303f,docs at the server side,KEEP_SERVER_ONLY,server mirror of a tracked file
docs/历史实验版本索引.md,github,docs,True,4375,66d4b71cbbf9baf8dbe51caffa076c9fbee6fbe0163d0720a4863dad9b274ad4,docs at the github side,KEEP,tracked at the Stage-2 development baseline
docs/历史实验版本索引.md,windows,docs,False,4377,865da39bde3926e2c0a3582552eeb2140bec81963cb520cd4e118abdf4299e43,docs at the windows side,KEEP,working copy matches the Stage-2 baseline
docs/历史实验版本索引.md,server,docs,False,4377,865da39bde3926e2c0a3582552eeb2140bec81963cb520cd4e118abdf4299e43,docs at the server side,KEEP_SERVER_ONLY,server mirror of a tracked file
docs/对话研究决策时间线.md,github,docs,True,4939,a2ae475ee13ce14fea0ff9ee2c4e01bbda30c1eb1773732168f73319d02379b3,docs at the github side,KEEP,tracked at the Stage-2 development baseline
docs/对话研究决策时间线.md,windows,docs,False,4939,a2ae475ee13ce14fea0ff9ee2c4e01bbda30c1eb1773732168f73319d02379b3,docs at the windows side,KEEP,working copy matches the Stage-2 baseline
docs/对话研究决策时间线.md,server,docs,False,4939,a2ae475ee13ce14fea0ff9ee2c4e01bbda30c1eb1773732168f73319d02379b3,docs at the server side,KEEP_SERVER_ONLY,server mirror of a tracked file
experiments/qgat_audit/diagnose.py,github,source,True,10193,2692be19e3aead62da40e525dbfb9004990f3240d512976fed2d29349fe1b4b4,source at the github side,KEEP,tracked at the Stage-2 development baseline
experiments/qgat_audit/diagnose.py,windows,source,False,10193,2692be19e3aead62da40e525dbfb9004990f3240d512976fed2d29349fe1b4b4,source at the windows side,KEEP,working copy matches the Stage-2 baseline
experiments/qgat_audit/diagnose.py,server,source,False,10193,2692be19e3aead62da40e525dbfb9004990f3240d512976fed2d29349fe1b4b4,source at the server side,KEEP_SERVER_ONLY,server mirror of a tracked file
experiments/qgat_audit/parameter_audit.py,github,source,True,11987,2d9e5e6aab07299ac8a1d4a90ad2c6d4b3b6a082a582daf63249d0473956422f,source at the github side,KEEP,tracked at the Stage-2 development baseline
experiments/qgat_audit/parameter_audit.py,windows,source,False,11987,2d9e5e6aab07299ac8a1d4a90ad2c6d4b3b6a082a582daf63249d0473956422f,source at the windows side,KEEP,working copy matches the Stage-2 baseline
experiments/qgat_audit/parameter_audit.py,server,source,False,11987,2d9e5e6aab07299ac8a1d4a90ad2c6d4b3b6a082a582daf63249d0473956422f,source at the server side,KEEP_SERVER_ONLY,server mirror of a tracked file
experiments/qgat_audit/plot_curves.py,github,source,True,2326,34b0c8c309d74520ef71e80d50177ae7537717612da5bb0164b1dfb519291b02,source at the github side,KEEP,tracked at the Stage-2 development baseline
experiments/qgat_audit/plot_curves.py,windows,source,False,2326,34b0c8c309d74520ef71e80d50177ae7537717612da5bb0164b1dfb519291b02,source at the windows side,KEEP,working copy matches the Stage-2 baseline
experiments/qgat_audit/plot_curves.py,server,source,False,2326,34b0c8c309d74520ef71e80d50177ae7537717612da5bb0164b1dfb519291b02,source at the server side,KEEP_SERVER_ONLY,server mirror of a tracked file
experiments/qgat_candidate/check_graph.py,github,source,True,4323,5b67067144b50478e8e126dc70282dca6aefd08230daf9ae9ed1225dd9adf3f7,source at the github side,KEEP,tracked at the Stage-2 development baseline
experiments/qgat_candidate/check_graph.py,windows,source,False,4323,5b67067144b50478e8e126dc70282dca6aefd08230daf9ae9ed1225dd9adf3f7,source at the windows side,KEEP,working copy matches the Stage-2 baseline
experiments/qgat_candidate/check_graph.py,server,source,False,4323,5b67067144b50478e8e126dc70282dca6aefd08230daf9ae9ed1225dd9adf3f7,source at the server side,KEEP_SERVER_ONLY,server mirror of a tracked file
experiments/qgat_candidate/graph.py,github,source,True,7190,8d5c4b6de2945c50098b9802aab162d47f455e4ee4191e8b9d61d22044ca9a70,source at the github side,KEEP,tracked at the Stage-2 development baseline
experiments/qgat_candidate/graph.py,windows,source,False,7190,8d5c4b6de2945c50098b9802aab162d47f455e4ee4191e8b9d61d22044ca9a70,source at the windows side,KEEP,working copy matches the Stage-2 baseline
experiments/qgat_candidate/graph.py,server,source,False,7190,8d5c4b6de2945c50098b9802aab162d47f455e4ee4191e8b9d61d22044ca9a70,source at the server side,KEEP_SERVER_ONLY,server mirror of a tracked file
experiments/qgat_candidate/run_formal.py,github,source,True,20846,2019055fd3d3b428e1610ae97fca0edcb02148341b4335ab10ad926cd40b4402,source at the github side,KEEP,tracked at the Stage-2 development baseline
experiments/qgat_candidate/run_formal.py,windows,source,False,20846,2019055fd3d3b428e1610ae97fca0edcb02148341b4335ab10ad926cd40b4402,source at the windows side,KEEP,working copy matches the Stage-2 baseline
experiments/qgat_candidate/run_formal.py,server,source,False,20846,2019055fd3d3b428e1610ae97fca0edcb02148341b4335ab10ad926cd40b4402,source at the server side,KEEP_SERVER_ONLY,server mirror of a tracked file
experiments/qgat_candidate/run_trial.py,github,source,True,16138,7c9e2a5170fb9cf898b0c2828cb78a6f5779af407ec7bfc9d84b967151cc9173,source at the github side,KEEP,tracked at the Stage-2 development baseline
experiments/qgat_candidate/run_trial.py,windows,source,False,16139,8db310946c42abda882982fea490ba50c05b8468005f004ce072e6a1c54738d1,source at the windows side,KEEP,working copy matches the Stage-2 baseline
experiments/qgat_candidate/run_trial.py,server,source,False,16139,8db310946c42abda882982fea490ba50c05b8468005f004ce072e6a1c54738d1,source at the server side,KEEP_SERVER_ONLY,server mirror of a tracked file
experiments/qgat_factorial/check_graph.py,github,source,True,7422,51479ff87afcc8f0db7fe2fbf633cf019cb6baf82527cde130c74a321d68737d,source at the github side,KEEP,tracked at the Stage-2 development baseline
experiments/qgat_factorial/check_graph.py,windows,source,False,7422,51479ff87afcc8f0db7fe2fbf633cf019cb6baf82527cde130c74a321d68737d,source at the windows side,KEEP,working copy matches the Stage-2 baseline
experiments/qgat_factorial/check_graph.py,server,source,False,7422,51479ff87afcc8f0db7fe2fbf633cf019cb6baf82527cde130c74a321d68737d,source at the server side,KEEP_SERVER_ONLY,server mirror of a tracked file
experiments/qgat_factorial/graph.py,github,source,True,6345,5bc2ced42fe0bf01d06a8c1d200bfe892af265844168913eac9b4aea954e7030,source at the github side,KEEP,tracked at the Stage-2 development baseline
experiments/qgat_factorial/graph.py,windows,source,False,6345,5bc2ced42fe0bf01d06a8c1d200bfe892af265844168913eac9b4aea954e7030,source at the windows side,KEEP,working copy matches the Stage-2 baseline
experiments/qgat_factorial/graph.py,server,source,False,6345,5bc2ced42fe0bf01d06a8c1d200bfe892af265844168913eac9b4aea954e7030,source at the server side,KEEP_SERVER_ONLY,server mirror of a tracked file
experiments/qgat_factorial/report_trial.py,github,source,True,4617,ac999be9214b52a13a067853d4158a6a21952be792e495599c86a905a0469715,source at the github side,KEEP,tracked at the Stage-2 development baseline
experiments/qgat_factorial/report_trial.py,windows,source,False,4617,ac999be9214b52a13a067853d4158a6a21952be792e495599c86a905a0469715,source at the windows side,KEEP,working copy matches the Stage-2 baseline
experiments/qgat_factorial/report_trial.py,server,source,False,4617,ac999be9214b52a13a067853d4158a6a21952be792e495599c86a905a0469715,source at the server side,KEEP_SERVER_ONLY,server mirror of a tracked file
experiments/qgat_factorial/run_full.py,github,source,True,11511,fd9fb603e1473dcc288baff979c767f4bb21dcdfad53d4aa97ca6ee96fbadefa,source at the github side,KEEP,tracked at the Stage-2 development baseline
experiments/qgat_factorial/run_full.py,windows,source,False,11512,402804a13ab02d82d0eac9d4a851b9a2277630b7690fc6a7cab7afac8875b057,source at the windows side,KEEP,working copy matches the Stage-2 baseline
experiments/qgat_factorial/run_full.py,server,source,False,11512,402804a13ab02d82d0eac9d4a851b9a2277630b7690fc6a7cab7afac8875b057,source at the server side,KEEP_SERVER_ONLY,server mirror of a tracked file
experiments/qgat_factorial/run_trial.py,github,source,True,17363,ef6528ff7c380ed48be8c619318e6a27d1a45c1d3e62e81a346e0536e9d80b03,source at the github side,KEEP,tracked at the Stage-2 development baseline
experiments/qgat_factorial/run_trial.py,windows,source,False,17363,ef6528ff7c380ed48be8c619318e6a27d1a45c1d3e62e81a346e0536e9d80b03,source at the windows side,KEEP,working copy matches the Stage-2 baseline
experiments/qgat_factorial/run_trial.py,server,source,False,17363,ef6528ff7c380ed48be8c619318e6a27d1a45c1d3e62e81a346e0536e9d80b03,source at the server side,KEEP_SERVER_ONLY,server mirror of a tracked file
experiments/qgat_relation/benchmark_batches.py,github,source,True,24524,37ca4940a63aae408769ab16d1bd8da6e9179cec6f2b8f9c1d5a957fa914938e,source at the github side,KEEP,tracked at the Stage-2 development baseline
experiments/qgat_relation/benchmark_batches.py,windows,source,False,24524,37ca4940a63aae408769ab16d1bd8da6e9179cec6f2b8f9c1d5a957fa914938e,source at the windows side,KEEP,working copy matches the Stage-2 baseline
experiments/qgat_relation/benchmark_batches.py,server,source,False,24524,37ca4940a63aae408769ab16d1bd8da6e9179cec6f2b8f9c1d5a957fa914938e,source at the server side,KEEP_SERVER_ONLY,server mirror of a tracked file
experiments/qgat_relation/benchmark_global_batches.py,github,source,True,21555,193f434aa8f8f0484702f7f31be0596d4b168afbf395eed623f6d023fba8ba8f,source at the github side,KEEP,tracked at the Stage-2 development baseline
experiments/qgat_relation/benchmark_global_batches.py,windows,source,False,21555,193f434aa8f8f0484702f7f31be0596d4b168afbf395eed623f6d023fba8ba8f,source at the windows side,KEEP,working copy matches the Stage-2 baseline
experiments/qgat_relation/benchmark_global_batches.py,server,source,False,21555,193f434aa8f8f0484702f7f31be0596d4b168afbf395eed623f6d023fba8ba8f,source at the server side,KEEP_SERVER_ONLY,server mirror of a tracked file
experiments/qgat_relation/check_batch_quality.py,github,source,True,10721,7bdff3e6e41734fb7ddb8d4097bc6606852dd1c9416f382e585d3249b3141574,source at the github side,KEEP,tracked at the Stage-2 development baseline
experiments/qgat_relation/check_batch_quality.py,windows,source,False,10721,7bdff3e6e41734fb7ddb8d4097bc6606852dd1c9416f382e585d3249b3141574,source at the windows side,KEEP,working copy matches the Stage-2 baseline
experiments/qgat_relation/check_batch_quality.py,server,source,False,10721,7bdff3e6e41734fb7ddb8d4097bc6606852dd1c9416f382e585d3249b3141574,source at the server side,KEEP_SERVER_ONLY,server mirror of a tracked file
experiments/qgat_relation/check_graph.py,github,source,True,12714,d0301f060757e519a055f80c7a47cd0722f66a41825750e5ae62844d07d6facb,source at the github side,KEEP,tracked at the Stage-2 development baseline
experiments/qgat_relation/check_graph.py,windows,source,False,12714,d0301f060757e519a055f80c7a47cd0722f66a41825750e5ae62844d07d6facb,source at the windows side,KEEP,working copy matches the Stage-2 baseline
experiments/qgat_relation/check_graph.py,server,source,False,12714,d0301f060757e519a055f80c7a47cd0722f66a41825750e5ae62844d07d6facb,source at the server side,KEEP_SERVER_ONLY,server mirror of a tracked file
experiments/qgat_relation/console.py,github,source,True,15941,92cde3c5273a4086e9ca8b6e60e38c8a7dae52417582abf7e7c979201c481ac9,source at the github side,KEEP,tracked at the Stage-2 development baseline
experiments/qgat_relation/console.py,windows,source,False,15941,92cde3c5273a4086e9ca8b6e60e38c8a7dae52417582abf7e7c979201c481ac9,source at the windows side,KEEP,working copy matches the Stage-2 baseline
experiments/qgat_relation/console.py,server,source,False,15941,92cde3c5273a4086e9ca8b6e60e38c8a7dae52417582abf7e7c979201c481ac9,source at the server side,KEEP_SERVER_ONLY,server mirror of a tracked file
experiments/qgat_relation/graph.py,github,source,True,6075,7de38febb2a11056e63ef95b5d7b1f0509443820c6fb0d23a5c3c99effbc9cd7,source at the github side,KEEP,tracked at the Stage-2 development baseline
experiments/qgat_relation/graph.py,windows,source,False,6075,7de38febb2a11056e63ef95b5d7b1f0509443820c6fb0d23a5c3c99effbc9cd7,source at the windows side,KEEP,working copy matches the Stage-2 baseline
experiments/qgat_relation/graph.py,server,source,False,6075,7de38febb2a11056e63ef95b5d7b1f0509443820c6fb0d23a5c3c99effbc9cd7,source at the server side,KEEP_SERVER_ONLY,server mirror of a tracked file
experiments/qgat_relation/run.py,github,source,True,20228,2f32c8714b741184ef5a3b512c9b7ece3ea0aec36db2cd79f823c32b8cc2e24a,source at the github side,KEEP,tracked at the Stage-2 development baseline
experiments/qgat_relation/run.py,windows,source,False,20228,2f32c8714b741184ef5a3b512c9b7ece3ea0aec36db2cd79f823c32b8cc2e24a,source at the windows side,KEEP,working copy matches the Stage-2 baseline
experiments/qgat_relation/run.py,server,source,False,20228,2f32c8714b741184ef5a3b512c9b7ece3ea0aec36db2cd79f823c32b8cc2e24a,source at the server side,KEEP_SERVER_ONLY,server mirror of a tracked file
experiments/qgat_relation/run_extend100.py,github,source,True,25724,5789135283515bcce1f8a43fbae0f20c3625da8704aabe3a5eee4cbd57d89d50,source at the github side,KEEP,tracked at the Stage-2 development baseline
experiments/qgat_relation/run_extend100.py,windows,source,False,25724,5789135283515bcce1f8a43fbae0f20c3625da8704aabe3a5eee4cbd57d89d50,source at the windows side,KEEP,working copy matches the Stage-2 baseline
experiments/qgat_relation/run_extend100.py,server,source,False,25724,5789135283515bcce1f8a43fbae0f20c3625da8704aabe3a5eee4cbd57d89d50,source at the server side,KEEP_SERVER_ONLY,server mirror of a tracked file
experiments/qgat_relation/run_gnn.py,github,source,True,13392,e24b2a346d6cfea06279b4f5e25b8a39ef7d61086f4c4a352e2efc46bd41e45a,source at the github side,KEEP,tracked at the Stage-2 development baseline
experiments/qgat_relation/run_gnn.py,windows,source,False,13392,e24b2a346d6cfea06279b4f5e25b8a39ef7d61086f4c4a352e2efc46bd41e45a,source at the windows side,KEEP,working copy matches the Stage-2 baseline
experiments/qgat_relation/run_gnn.py,server,source,False,13392,e24b2a346d6cfea06279b4f5e25b8a39ef7d61086f4c4a352e2efc46bd41e45a,source at the server side,KEEP_SERVER_ONLY,server mirror of a tracked file
experiments/qgat_relation/run_gnn_fast.py,github,source,True,11268,fc22a3b0093f99f61eab95319da189d0415de7b6a78d005b0917e4c2681936ee,source at the github side,KEEP,tracked at the Stage-2 development baseline
experiments/qgat_relation/run_gnn_fast.py,windows,source,False,11268,fc22a3b0093f99f61eab95319da189d0415de7b6a78d005b0917e4c2681936ee,source at the windows side,KEEP,working copy matches the Stage-2 baseline
experiments/qgat_relation/run_gnn_fast.py,server,source,False,11268,fc22a3b0093f99f61eab95319da189d0415de7b6a78d005b0917e4c2681936ee,source at the server side,KEEP_SERVER_ONLY,server mirror of a tracked file
experiments/qgat_value/check_graph.py,github,source,True,16235,47c950c41af20d04b03f5d7e0df260874aa624229251a290f4640e804f13ddba,source at the github side,KEEP,tracked at the Stage-2 development baseline
experiments/qgat_value/check_graph.py,windows,source,False,16235,47c950c41af20d04b03f5d7e0df260874aa624229251a290f4640e804f13ddba,source at the windows side,KEEP,working copy matches the Stage-2 baseline
experiments/qgat_value/check_graph.py,server,source,False,16235,47c950c41af20d04b03f5d7e0df260874aa624229251a290f4640e804f13ddba,source at the server side,KEEP_SERVER_ONLY,server mirror of a tracked file
experiments/qgat_value/check_training.py,github,source,True,15567,78dc2251f5cbcaa8112eb12581c9871a7283cd68b37c79853a5f1f86858a9676,source at the github side,KEEP,tracked at the Stage-2 development baseline
experiments/qgat_value/check_training.py,windows,source,False,15567,78dc2251f5cbcaa8112eb12581c9871a7283cd68b37c79853a5f1f86858a9676,source at the windows side,KEEP,working copy matches the Stage-2 baseline
experiments/qgat_value/check_training.py,server,source,False,15567,78dc2251f5cbcaa8112eb12581c9871a7283cd68b37c79853a5f1f86858a9676,source at the server side,KEEP_SERVER_ONLY,server mirror of a tracked file
experiments/qgat_value/graph.py,github,source,True,5829,078c9b419d984f416a07e45642331eff8365a9db4b378a0e2e44471dd7ac6531,source at the github side,KEEP,tracked at the Stage-2 development baseline
experiments/qgat_value/graph.py,windows,source,False,5829,078c9b419d984f416a07e45642331eff8365a9db4b378a0e2e44471dd7ac6531,source at the windows side,KEEP,working copy matches the Stage-2 baseline
experiments/qgat_value/graph.py,server,source,False,5829,078c9b419d984f416a07e45642331eff8365a9db4b378a0e2e44471dd7ac6531,source at the server side,KEEP_SERVER_ONLY,server mirror of a tracked file
experiments/qgat_value/run.py,github,source,True,21230,3d10543012abb24ae4e6876d08a0afea6378b1daf01a7c690e7e8a210a6b56c2,source at the github side,KEEP,tracked at the Stage-2 development baseline
experiments/qgat_value/run.py,windows,source,False,21230,3d10543012abb24ae4e6876d08a0afea6378b1daf01a7c690e7e8a210a6b56c2,source at the windows side,KEEP,working copy matches the Stage-2 baseline
experiments/qgat_value/run.py,server,source,False,21230,3d10543012abb24ae4e6876d08a0afea6378b1daf01a7c690e7e8a210a6b56c2,source at the server side,KEEP_SERVER_ONLY,server mirror of a tracked file
experiments/qgnn_bottleneck/analysis.py,github,source,True,8416,a1516ac44a10bb86b19292209e7b0d7860a78079bb4b021f044879ff7cc67146,source at the github side,KEEP,tracked at the Stage-2 development baseline
experiments/qgnn_bottleneck/analysis.py,windows,source,False,8416,a1516ac44a10bb86b19292209e7b0d7860a78079bb4b021f044879ff7cc67146,source at the windows side,KEEP,working copy matches the Stage-2 baseline
experiments/qgnn_bottleneck/analysis.py,server,source,False,8416,a1516ac44a10bb86b19292209e7b0d7860a78079bb4b021f044879ff7cc67146,source at the server side,KEEP_SERVER_ONLY,server mirror of a tracked file
experiments/qgnn_bottleneck/diagnose.py,github,source,True,76529,b2219251d1602b41e443e9b59c3491aaac81d20d71ee23df809734677441af60,source at the github side,KEEP,tracked at the Stage-2 development baseline
experiments/qgnn_bottleneck/diagnose.py,windows,source,False,76529,b2219251d1602b41e443e9b59c3491aaac81d20d71ee23df809734677441af60,source at the windows side,KEEP,working copy matches the Stage-2 baseline
experiments/qgnn_bottleneck/diagnose.py,server,source,False,76529,b2219251d1602b41e443e9b59c3491aaac81d20d71ee23df809734677441af60,source at the server side,KEEP_SERVER_ONLY,server mirror of a tracked file
experiments/qgnn_bottleneck/metrics.py,github,source,True,8354,0ae0454ed24400995335e3e1ad3d1f4b3e63f933f1ca188366d70b8b81a943dc,source at the github side,KEEP,tracked at the Stage-2 development baseline
experiments/qgnn_bottleneck/metrics.py,windows,source,False,8354,0ae0454ed24400995335e3e1ad3d1f4b3e63f933f1ca188366d70b8b81a943dc,source at the windows side,KEEP,working copy matches the Stage-2 baseline
experiments/qgnn_bottleneck/metrics.py,server,source,False,8354,0ae0454ed24400995335e3e1ad3d1f4b3e63f933f1ca188366d70b8b81a943dc,source at the server side,KEEP_SERVER_ONLY,server mirror of a tracked file
experiments/qgnn_bottleneck/plot_results.py,github,source,True,12613,6102c8af0799f50138b8f84358bf3a09e85c6c92f8b2a62844f5b6906db22a5f,source at the github side,KEEP,tracked at the Stage-2 development baseline
experiments/qgnn_bottleneck/plot_results.py,windows,source,False,12613,6102c8af0799f50138b8f84358bf3a09e85c6c92f8b2a62844f5b6906db22a5f,source at the windows side,KEEP,working copy matches the Stage-2 baseline
experiments/qgnn_bottleneck/plot_results.py,server,source,False,12613,6102c8af0799f50138b8f84358bf3a09e85c6c92f8b2a62844f5b6906db22a5f,source at the server side,KEEP_SERVER_ONLY,server mirror of a tracked file
experiments/qgnn_bottleneck/tests/test_metrics.py,github,source,True,2618,0127907e65c462983086130d878984224bc28833e5270434fc1cf84cf84e7b5c,source at the github side,KEEP,tracked at the Stage-2 development baseline
experiments/qgnn_bottleneck/tests/test_metrics.py,windows,source,False,2618,0127907e65c462983086130d878984224bc28833e5270434fc1cf84cf84e7b5c,source at the windows side,KEEP,working copy matches the Stage-2 baseline
experiments/qgnn_bottleneck/tests/test_metrics.py,server,source,False,2618,0127907e65c462983086130d878984224bc28833e5270434fc1cf84cf84e7b5c,source at the server side,KEEP_SERVER_ONLY,server mirror of a tracked file
experiments/qgnn_cases/diagnose.py,github,source,True,15372,1c55fba70cd0def9318391e86177fab1cea8022f1d4b1f989b0bea233998fd41,source at the github side,KEEP,tracked at the Stage-2 development baseline
experiments/qgnn_cases/diagnose.py,windows,source,False,15372,1c55fba70cd0def9318391e86177fab1cea8022f1d4b1f989b0bea233998fd41,source at the windows side,KEEP,working copy matches the Stage-2 baseline
experiments/qgnn_cases/diagnose.py,server,source,False,15372,1c55fba70cd0def9318391e86177fab1cea8022f1d4b1f989b0bea233998fd41,source at the server side,KEEP_SERVER_ONLY,server mirror of a tracked file
experiments/qgnn_cases/plot_cases.py,github,source,True,11012,19d3fbf1963b06ace9ccb8629a5a57aef7c9a3ea9c7dabd9550df6079ced248b,source at the github side,KEEP,tracked at the Stage-2 development baseline
experiments/qgnn_cases/plot_cases.py,windows,source,False,11012,19d3fbf1963b06ace9ccb8629a5a57aef7c9a3ea9c7dabd9550df6079ced248b,source at the windows side,KEEP,working copy matches the Stage-2 baseline
experiments/qgnn_cases/plot_cases.py,server,source,False,11012,19d3fbf1963b06ace9ccb8629a5a57aef7c9a3ea9c7dabd9550df6079ced248b,source at the server side,KEEP_SERVER_ONLY,server mirror of a tracked file
experiments/qgnn_cases/stratify.py,github,source,True,17163,098e62dfacaec51eb76fcb7b9d210ee3b82da1653c6fa5920452e7eb32638b9e,source at the github side,KEEP,tracked at the Stage-2 development baseline
experiments/qgnn_cases/stratify.py,windows,source,False,17163,098e62dfacaec51eb76fcb7b9d210ee3b82da1653c6fa5920452e7eb32638b9e,source at the windows side,KEEP,working copy matches the Stage-2 baseline
experiments/qgnn_cases/stratify.py,server,source,False,17163,098e62dfacaec51eb76fcb7b9d210ee3b82da1653c6fa5920452e7eb32638b9e,source at the server side,KEEP_SERVER_ONLY,server mirror of a tracked file
experiments/qgnn_cases/weighted_gate_control.py,github,source,True,9257,41b872b8ba9700bcefcc3598928b264021ee210e75873df0db1db5e0d3753ec2,source at the github side,KEEP,tracked at the Stage-2 development baseline
experiments/qgnn_cases/weighted_gate_control.py,windows,source,False,9257,41b872b8ba9700bcefcc3598928b264021ee210e75873df0db1db5e0d3753ec2,source at the windows side,KEEP,working copy matches the Stage-2 baseline
experiments/qgnn_cases/weighted_gate_control.py,server,source,False,9257,41b872b8ba9700bcefcc3598928b264021ee210e75873df0db1db5e0d3753ec2,source at the server side,KEEP_SERVER_ONLY,server mirror of a tracked file
experiments/qgnn_directed_context/check_graph.py,github,source,True,7906,8fadb2c58917a1c0527761b3dcd9f4ba1af98c38a829434ada5caced88fd2687,source at the github side,KEEP,tracked at the Stage-2 development baseline
experiments/qgnn_directed_context/check_graph.py,windows,source,False,7906,8fadb2c58917a1c0527761b3dcd9f4ba1af98c38a829434ada5caced88fd2687,source at the windows side,KEEP,working copy matches the Stage-2 baseline
experiments/qgnn_directed_context/check_graph.py,server,source,False,7906,8fadb2c58917a1c0527761b3dcd9f4ba1af98c38a829434ada5caced88fd2687,source at the server side,KEEP_SERVER_ONLY,server mirror of a tracked file
experiments/qgnn_directed_context/check_training.py,github,source,True,6372,10086dd7bb5569730101cc01a13674ff4d8850c70459eaea2aaf96fc10d507cf,source at the github side,KEEP,tracked at the Stage-2 development baseline
experiments/qgnn_directed_context/check_training.py,windows,source,False,6372,10086dd7bb5569730101cc01a13674ff4d8850c70459eaea2aaf96fc10d507cf,source at the windows side,KEEP,working copy matches the Stage-2 baseline
experiments/qgnn_directed_context/check_training.py,server,source,False,6372,10086dd7bb5569730101cc01a13674ff4d8850c70459eaea2aaf96fc10d507cf,source at the server side,KEEP_SERVER_ONLY,server mirror of a tracked file
experiments/qgnn_directed_context/diagnose.py,github,source,True,21651,0d4dbdc3036d03d28cb08a99b34331ec535eeec82d699269de6ae3684e92cf01,source at the github side,KEEP,tracked at the Stage-2 development baseline
experiments/qgnn_directed_context/diagnose.py,windows,source,False,21651,0d4dbdc3036d03d28cb08a99b34331ec535eeec82d699269de6ae3684e92cf01,source at the windows side,KEEP,working copy matches the Stage-2 baseline
experiments/qgnn_directed_context/diagnose.py,server,source,False,21651,0d4dbdc3036d03d28cb08a99b34331ec535eeec82d699269de6ae3684e92cf01,source at the server side,KEEP_SERVER_ONLY,server mirror of a tracked file
experiments/qgnn_directed_context/graph.py,github,source,True,2186,159eb9bad0a98e045db5f2a5c7a71f2e8b45b9eb60d0fb329de44bef010ead7d,source at the github side,KEEP,tracked at the Stage-2 development baseline
experiments/qgnn_directed_context/graph.py,windows,source,False,2186,159eb9bad0a98e045db5f2a5c7a71f2e8b45b9eb60d0fb329de44bef010ead7d,source at the windows side,KEEP,working copy matches the Stage-2 baseline
experiments/qgnn_directed_context/graph.py,server,source,False,2186,159eb9bad0a98e045db5f2a5c7a71f2e8b45b9eb60d0fb329de44bef010ead7d,source at the server side,KEEP_SERVER_ONLY,server mirror of a tracked file
experiments/qgnn_directed_context/run.py,github,source,True,11430,7405f7c93562c5353742fa36a81d49fc89d5c887201407e100b63e8707060787,source at the github side,KEEP,tracked at the Stage-2 development baseline
experiments/qgnn_directed_context/run.py,windows,source,False,11430,7405f7c93562c5353742fa36a81d49fc89d5c887201407e100b63e8707060787,source at the windows side,KEEP,working copy matches the Stage-2 baseline
experiments/qgnn_directed_context/run.py,server,source,False,11430,7405f7c93562c5353742fa36a81d49fc89d5c887201407e100b63e8707060787,source at the server side,KEEP_SERVER_ONLY,server mirror of a tracked file
experiments/qgnn_final_test/__init__.py,windows,source,False,61,b4ec554dfa9f3aa9a85a0bb93b98307ea5ee2fb2a8574dcea61718626e6864a1,source at the windows side,SYNC_TO_GITHUB,untracked important file with no Git copy
experiments/qgnn_final_test/__init__.py,server,source,False,61,b4ec554dfa9f3aa9a85a0bb93b98307ea5ee2fb2a8574dcea61718626e6864a1,source at the server side,REVIEW,server-only file with no Git copy
experiments/qgnn_final_test/evaluate.py,windows,source,False,21042,28fa4f001aba7930c4e1f434e225bd77a3ad19ceab5d2f520780b0f1e01a6595,source at the windows side,SYNC_TO_GITHUB,untracked important file with no Git copy
experiments/qgnn_final_test/evaluate.py,server,source,False,21042,28fa4f001aba7930c4e1f434e225bd77a3ad19ceab5d2f520780b0f1e01a6595,source at the server side,REVIEW,server-only file with no Git copy
experiments/qgnn_hzy/README.md,windows,source,False,1688,2532253109ed9c7d2b1bd838e051bfd3e9f51c8503b64ff52b2ebc085d8b59ab,source at the windows side,SYNC_TO_GITHUB,untracked important file with no Git copy
experiments/qgnn_hzy/README.md,server,source,False,1688,2532253109ed9c7d2b1bd838e051bfd3e9f51c8503b64ff52b2ebc085d8b59ab,source at the server side,REVIEW,server-only file with no Git copy
experiments/qgnn_hzy/check_graph.py,windows,source,False,8839,b5a1c8c78452825de37f735b8ae24711a0d8fa0495454149ed2207343eb0ffeb,source at the windows side,SYNC_TO_GITHUB,untracked important file with no Git copy
experiments/qgnn_hzy/check_graph.py,server,source,False,8839,b5a1c8c78452825de37f735b8ae24711a0d8fa0495454149ed2207343eb0ffeb,source at the server side,REVIEW,server-only file with no Git copy
experiments/qgnn_hzy/graph.py,windows,source,False,2195,33b30cc31ba87e944d8dea2297374d08ec014e8855018d0b9a14cf6b5c0eced4,source at the windows side,SYNC_TO_GITHUB,untracked important file with no Git copy
experiments/qgnn_hzy/graph.py,server,source,False,2195,33b30cc31ba87e944d8dea2297374d08ec014e8855018d0b9a14cf6b5c0eced4,source at the server side,REVIEW,server-only file with no Git copy
experiments/qgnn_inherited/check_graph.py,github,source,True,5971,8fc301c9c2ab7335654f6abe1fa2c53350c662351be1a785ff56694c770d633e,source at the github side,KEEP,tracked at the Stage-2 development baseline
experiments/qgnn_inherited/check_graph.py,windows,source,False,5971,8fc301c9c2ab7335654f6abe1fa2c53350c662351be1a785ff56694c770d633e,source at the windows side,KEEP,working copy matches the Stage-2 baseline
experiments/qgnn_inherited/check_graph.py,server,source,False,5971,8fc301c9c2ab7335654f6abe1fa2c53350c662351be1a785ff56694c770d633e,source at the server side,KEEP_SERVER_ONLY,server mirror of a tracked file
experiments/qgnn_inherited/check_observability.py,github,source,True,5392,0a4518cc08522736cd749cf434cc13bb85dd923d92d2fe6098e5c4f4f2949f80,source at the github side,KEEP,tracked at the Stage-2 development baseline
experiments/qgnn_inherited/check_observability.py,windows,source,False,5392,0a4518cc08522736cd749cf434cc13bb85dd923d92d2fe6098e5c4f4f2949f80,source at the windows side,KEEP,working copy matches the Stage-2 baseline
experiments/qgnn_inherited/check_observability.py,server,source,False,5392,0a4518cc08522736cd749cf434cc13bb85dd923d92d2fe6098e5c4f4f2949f80,source at the server side,KEEP_SERVER_ONLY,server mirror of a tracked file
experiments/qgnn_inherited/distributed.py,github,source,True,8638,ad3f24883e449421a954c3fea70583dedee0e624946561e66783aafca599ec21,source at the github side,KEEP,tracked at the Stage-2 development baseline
experiments/qgnn_inherited/distributed.py,windows,source,False,8638,ad3f24883e449421a954c3fea70583dedee0e624946561e66783aafca599ec21,source at the windows side,KEEP,working copy matches the Stage-2 baseline
experiments/qgnn_inherited/distributed.py,server,source,False,8638,ad3f24883e449421a954c3fea70583dedee0e624946561e66783aafca599ec21,source at the server side,KEEP_SERVER_ONLY,server mirror of a tracked file
experiments/qgnn_inherited/graph.py,github,source,True,6242,f950b3f5294232ccb17c4aa802b13f44114b6bc1f85470d0e7dc9169e6c23b83,source at the github side,KEEP,tracked at the Stage-2 development baseline
experiments/qgnn_inherited/graph.py,windows,source,False,6242,f950b3f5294232ccb17c4aa802b13f44114b6bc1f85470d0e7dc9169e6c23b83,source at the windows side,KEEP,working copy matches the Stage-2 baseline
experiments/qgnn_inherited/graph.py,server,source,False,6242,f950b3f5294232ccb17c4aa802b13f44114b6bc1f85470d0e7dc9169e6c23b83,source at the server side,KEEP_SERVER_ONLY,server mirror of a tracked file
experiments/qgnn_inherited/run.py,github,source,True,21917,6f34707705480d7a8a9249453ea3ad32daf528b84a53063383d51d6090a01714,source at the github side,KEEP,tracked at the Stage-2 development baseline
experiments/qgnn_inherited/run.py,windows,source,False,22216,72735f216bedd8904acac8740ab72346510da4667d407d3789f053c1e11bf797,source at the windows side,KEEP,working copy matches the Stage-2 baseline
experiments/qgnn_inherited/run.py,server,source,False,22216,72735f216bedd8904acac8740ab72346510da4667d407d3789f053c1e11bf797,source at the server side,KEEP_SERVER_ONLY,server mirror of a tracked file
experiments/qgnn_motionframe/check_graph.py,github,source,True,13779,fe5eb889327c398a31d82b293c427841a86a13397ebc8f09739a83d3081715b2,source at the github side,KEEP,tracked at the Stage-2 development baseline
experiments/qgnn_motionframe/check_graph.py,windows,source,False,13779,fe5eb889327c398a31d82b293c427841a86a13397ebc8f09739a83d3081715b2,source at the windows side,KEEP,working copy matches the Stage-2 baseline
experiments/qgnn_motionframe/check_graph.py,server,source,False,13779,fe5eb889327c398a31d82b293c427841a86a13397ebc8f09739a83d3081715b2,source at the server side,KEEP_SERVER_ONLY,server mirror of a tracked file
experiments/qgnn_motionframe/check_training.py,github,source,True,7697,6e708af47037de486f5091773a2c43dc0a18833b1386d5913a30637a554b470d,source at the github side,KEEP,tracked at the Stage-2 development baseline
experiments/qgnn_motionframe/check_training.py,windows,source,False,7697,6e708af47037de486f5091773a2c43dc0a18833b1386d5913a30637a554b470d,source at the windows side,KEEP,working copy matches the Stage-2 baseline
experiments/qgnn_motionframe/check_training.py,server,source,False,7697,6e708af47037de486f5091773a2c43dc0a18833b1386d5913a30637a554b470d,source at the server side,KEEP_SERVER_ONLY,server mirror of a tracked file
experiments/qgnn_motionframe/graph.py,github,source,True,5354,c872e90c784f0d25259107cb4858ef1908dc09216d505a7b3a8866f8a9347d87,source at the github side,KEEP,tracked at the Stage-2 development baseline
experiments/qgnn_motionframe/graph.py,windows,source,False,5354,c872e90c784f0d25259107cb4858ef1908dc09216d505a7b3a8866f8a9347d87,source at the windows side,KEEP,working copy matches the Stage-2 baseline
experiments/qgnn_motionframe/graph.py,server,source,False,5354,c872e90c784f0d25259107cb4858ef1908dc09216d505a7b3a8866f8a9347d87,source at the server side,KEEP_SERVER_ONLY,server mirror of a tracked file
experiments/qgnn_motionframe/run.py,github,source,True,20688,6b48355b361f1401a1f12e352014d2a5144c256f3f991c92c84d29ab0193fc54,source at the github side,KEEP,tracked at the Stage-2 development baseline
experiments/qgnn_motionframe/run.py,windows,source,False,20688,6b48355b361f1401a1f12e352014d2a5144c256f3f991c92c84d29ab0193fc54,source at the windows side,KEEP,working copy matches the Stage-2 baseline
experiments/qgnn_motionframe/run.py,server,source,False,20688,6b48355b361f1401a1f12e352014d2a5144c256f3f991c92c84d29ab0193fc54,source at the server side,KEEP_SERVER_ONLY,server mirror of a tracked file
experiments/qgnn_readout/check_graph.py,github,source,True,9836,a558721ba48b4cd7660339fa2ac041a1e6f3270cdb93463eb8c2ee34e68080fb,source at the github side,KEEP,tracked at the Stage-2 development baseline
experiments/qgnn_readout/check_graph.py,windows,source,False,9836,a558721ba48b4cd7660339fa2ac041a1e6f3270cdb93463eb8c2ee34e68080fb,source at the windows side,KEEP,working copy matches the Stage-2 baseline
experiments/qgnn_readout/check_graph.py,server,source,False,9836,a558721ba48b4cd7660339fa2ac041a1e6f3270cdb93463eb8c2ee34e68080fb,source at the server side,KEEP_SERVER_ONLY,server mirror of a tracked file
experiments/qgnn_readout/check_training.py,github,source,True,3525,31cfa5d9794a011315e9606833a29374068bdf36c1ab55fe9bcc07618f99810d,source at the github side,KEEP,tracked at the Stage-2 development baseline
experiments/qgnn_readout/check_training.py,windows,source,False,3525,31cfa5d9794a011315e9606833a29374068bdf36c1ab55fe9bcc07618f99810d,source at the windows side,KEEP,working copy matches the Stage-2 baseline
experiments/qgnn_readout/check_training.py,server,source,False,3525,31cfa5d9794a011315e9606833a29374068bdf36c1ab55fe9bcc07618f99810d,source at the server side,KEEP_SERVER_ONLY,server mirror of a tracked file
experiments/qgnn_readout/graph.py,github,source,True,3992,8e15be24c17d7d4153731af4375f4773522bd0c5eaee4bc7730ca46d6b92956d,source at the github side,KEEP,tracked at the Stage-2 development baseline
experiments/qgnn_readout/graph.py,windows,source,False,3992,8e15be24c17d7d4153731af4375f4773522bd0c5eaee4bc7730ca46d6b92956d,source at the windows side,KEEP,working copy matches the Stage-2 baseline
experiments/qgnn_readout/graph.py,server,source,False,3992,8e15be24c17d7d4153731af4375f4773522bd0c5eaee4bc7730ca46d6b92956d,source at the server side,KEEP_SERVER_ONLY,server mirror of a tracked file
experiments/qgnn_readout/run.py,github,source,True,17893,a134383f5a14989d342d82ee6f826ef16ede7922847c56f46980ace8f9d9a9b8,source at the github side,KEEP,tracked at the Stage-2 development baseline
experiments/qgnn_readout/run.py,windows,source,False,17893,a134383f5a14989d342d82ee6f826ef16ede7922847c56f46980ace8f9d9a9b8,source at the windows side,KEEP,working copy matches the Stage-2 baseline
experiments/qgnn_readout/run.py,server,source,False,17893,a134383f5a14989d342d82ee6f826ef16ede7922847c56f46980ace8f9d9a9b8,source at the server side,KEEP_SERVER_ONLY,server mirror of a tracked file
experiments/snr_downstream_smoke_01/probe.py,github,source,True,20511,ce4dd4ee5a23a676415067926f8d72c4d7d17388fc7be4e87969934f5eec599f,source at the github side,KEEP,tracked at the Stage-2 development baseline
experiments/snr_downstream_smoke_01/probe.py,windows,source,False,20511,ce4dd4ee5a23a676415067926f8d72c4d7d17388fc7be4e87969934f5eec599f,source at the windows side,KEEP,working copy matches the Stage-2 baseline
experiments/snr_downstream_smoke_01/probe.py,server,source,False,20511,ce4dd4ee5a23a676415067926f8d72c4d7d17388fc7be4e87969934f5eec599f,source at the server side,KEEP_SERVER_ONLY,server mirror of a tracked file
frontend/calibrate_angular_mixture.py,server,source,False,2980,568a598fd045fd3cfd1d677dd2fa8e11966ea1e0f5fcfb8fc8f61d66d1cdc14b,source at the server side,REVIEW,post-takeover runtime source; unique path on the server (content also preserved in the tracked handoff snapshot)
frontend/calibrate_detector.py,server,source,False,8114,01d900b92692d7a342b31fd133ee6eae3a2ddf9e4a47fccd148d2831e127a9e4,source at the server side,REVIEW,post-takeover runtime source; unique path on the server (content also preserved in the tracked handoff snapshot)
frontend/check_covariance_consistency.py,server,source,False,2495,cca6ae17a28ca331ea304345d9d989c671e796c5f7ee8da97bb81376357c68fb,source at the server side,REVIEW,post-takeover runtime source; unique path on the server (content also preserved in the tracked handoff snapshot)
frontend/check_frontend_causality.py,server,source,False,2914,98d1ed15b41b854fe961cc8913d3744ee6bbc47c85181f95c4ed5926664176be,source at the server side,REVIEW,post-takeover runtime source; unique path on the server (content also preserved in the tracked handoff snapshot)
frontend/check_ofdm.py,server,source,False,12782,da4d8856dc0a85ba58a6b17be09dfb8c4e470cbdfd11c73f1c0de9e754e52856,source at the server side,REVIEW,post-takeover runtime source; unique path on the server (content also preserved in the tracked handoff snapshot)
frontend/check_symbol_causality.py,server,source,False,2130,c72a7e27bd4e396c28b477b490b79982227bfe93a1458cfd9076d585fbfd36cc,source at the server side,REVIEW,post-takeover runtime source; unique path on the server (content also preserved in the tracked handoff snapshot)
frontend/check_symbol_dataset.py,server,source,False,15184,ddc6dea478b7f42b1da31f4dd957ca55ea3c14eaaa11bec258b926c1b2c9ac72,source at the server side,REVIEW,post-takeover runtime source; unique path on the server (content also preserved in the tracked handoff snapshot)
frontend/check_symbol_gpu.py,server,source,False,13257,5c87f0a9d21506ad76abc5cc51add4923b8b33c9989136e95f57174451b58f7d,source at the server side,REVIEW,post-takeover runtime source; unique path on the server (content also preserved in the tracked handoff snapshot)
frontend/check_symbol_level.py,server,source,False,18909,1ba067b5a50242d21d79696fefa11da2eef68f9528affd589e255c832bc2363f,source at the server side,REVIEW,post-takeover runtime source; unique path on the server (content also preserved in the tracked handoff snapshot)
frontend/controlled_isac/__init__.py,github,source,True,355,c8d725db4e35dcbb17b32b35bdc3d8bb9d38b4da014e5d9cf6179fa7be4e28ca,source at the github side,KEEP,tracked at the Stage-2 development baseline
frontend/controlled_isac/__init__.py,windows,source,False,355,c8d725db4e35dcbb17b32b35bdc3d8bb9d38b4da014e5d9cf6179fa7be4e28ca,source at the windows side,KEEP,working copy matches the Stage-2 baseline
frontend/controlled_isac/__init__.py,server,source,False,355,c8d725db4e35dcbb17b32b35bdc3d8bb9d38b4da014e5d9cf6179fa7be4e28ca,source at the server side,KEEP_SERVER_ONLY,server mirror of a tracked file
frontend/controlled_isac/cross_bs_association.py,github,source,True,4538,f7fb8a6724b250035ad812e50b55e8caac7b1e890c40dbe326e9584a31e356aa,source at the github side,KEEP,tracked at the Stage-2 development baseline
frontend/controlled_isac/cross_bs_association.py,windows,source,False,4538,f7fb8a6724b250035ad812e50b55e8caac7b1e890c40dbe326e9584a31e356aa,source at the windows side,KEEP,working copy matches the Stage-2 baseline
frontend/controlled_isac/cross_bs_association.py,server,source,False,4538,f7fb8a6724b250035ad812e50b55e8caac7b1e890c40dbe326e9584a31e356aa,source at the server side,KEEP_SERVER_ONLY,server mirror of a tracked file
frontend/controlled_isac/measurement.py,github,source,True,7850,ec8dfe4bb35904b538c810cd8712938496f0db5283f4adda6694302ac8949e3f,source at the github side,KEEP,tracked at the Stage-2 development baseline
frontend/controlled_isac/measurement.py,windows,source,False,7850,ec8dfe4bb35904b538c810cd8712938496f0db5283f4adda6694302ac8949e3f,source at the windows side,KEEP,working copy matches the Stage-2 baseline
frontend/controlled_isac/measurement.py,server,source,False,7850,ec8dfe4bb35904b538c810cd8712938496f0db5283f4adda6694302ac8949e3f,source at the server side,KEEP_SERVER_ONLY,server mirror of a tracked file
frontend/controlled_isac/temporal_association.py,github,source,True,2652,9e33720e40d029a38f2ff8f27b0a5fd2bddf6918075e35625550c99433f38c64,source at the github side,KEEP,tracked at the Stage-2 development baseline
frontend/controlled_isac/temporal_association.py,windows,source,False,2652,9e33720e40d029a38f2ff8f27b0a5fd2bddf6918075e35625550c99433f38c64,source at the windows side,KEEP,working copy matches the Stage-2 baseline
frontend/controlled_isac/temporal_association.py,server,source,False,2652,9e33720e40d029a38f2ff8f27b0a5fd2bddf6918075e35625550c99433f38c64,source at the server side,KEEP_SERVER_ONLY,server mirror of a tracked file
frontend/controlled_isac/velocity_fusion.py,github,source,True,2086,e7940da29327b9a691f0855e83920b54b1799485a97a7be7a9b7769e59e000f5,source at the github side,KEEP,tracked at the Stage-2 development baseline
frontend/controlled_isac/velocity_fusion.py,windows,source,False,2086,e7940da29327b9a691f0855e83920b54b1799485a97a7be7a9b7769e59e000f5,source at the windows side,KEEP,working copy matches the Stage-2 baseline
frontend/controlled_isac/velocity_fusion.py,server,source,False,2086,e7940da29327b9a691f0855e83920b54b1799485a97a7be7a9b7769e59e000f5,source at the server side,KEEP_SERVER_ONLY,server mirror of a tracked file
frontend/detector.py,server,source,False,11057,db3bf5ce2aa521fcccad38fd8092f7e10b0d3a824a42b95f6f5103078ee48d2f,source at the server side,REVIEW,post-takeover runtime source; unique path on the server (content also preserved in the tracked handoff snapshot)
frontend/diagnose_detector.py,server,source,False,12186,6b6c7aeb28824974cb0f01d13e15ce4c2e1179900aecd18d58510f04d5ec4627,source at the server side,REVIEW,post-takeover runtime source; unique path on the server (content also preserved in the tracked handoff snapshot)
frontend/diagnose_false_tracks.py,server,source,False,7462,a9857bf3ae0d46a48dff8e935b20a497a05e52ab0de2f3a2c40cb2873e266b01,source at the server side,REVIEW,post-takeover runtime source; unique path on the server (content also preserved in the tracked handoff snapshot)
frontend/diagnose_tracking_coverage.py,server,source,False,2894,032cbee6b72c68ef66ea17a3aeb78eb49b39e533167b091de3b07da616739de0,source at the server side,REVIEW,post-takeover runtime source; unique path on the server (content also preserved in the tracked handoff snapshot)
frontend/echo_source.py,server,source,False,5841,5c59a41a04ae588765c8df4ffd7e16e2ed612e31ddb1352538323f7d652ccde4,source at the server side,REVIEW,post-takeover runtime source; unique path on the server (content also preserved in the tracked handoff snapshot)
frontend/f01e_dataset.py,github,source,True,8431,6586118489362c1aad173838436f96d58cc9064a823a691339205704e04ee192,source at the github side,KEEP,tracked at the Stage-2 development baseline
frontend/f01e_dataset.py,windows,source,False,8431,6586118489362c1aad173838436f96d58cc9064a823a691339205704e04ee192,source at the windows side,KEEP,working copy matches the Stage-2 baseline
frontend/f01e_dataset.py,server,source,False,8431,6586118489362c1aad173838436f96d58cc9064a823a691339205704e04ee192,source at the server side,KEEP_SERVER_ONLY,server mirror of a tracked file
frontend/finalize_frontend.py,server,source,False,25197,f3470f56393718e358b9918f6e8d4300c92e31f4fa8dcc6d7e4aaf3489fcb8c3,source at the server side,REVIEW,post-takeover runtime source; unique path on the server (content also preserved in the tracked handoff snapshot)
frontend/fusion/__init__.py,github,source,True,91,36e903474aebb685d2b7623d63ec4cfc6df9e85be8b5eabb898f843272dddc21,source at the github side,KEEP,tracked at the Stage-2 development baseline
frontend/fusion/__init__.py,windows,source,False,91,36e903474aebb685d2b7623d63ec4cfc6df9e85be8b5eabb898f843272dddc21,source at the windows side,KEEP,working copy matches the Stage-2 baseline
frontend/fusion/__init__.py,server,source,False,91,36e903474aebb685d2b7623d63ec4cfc6df9e85be8b5eabb898f843272dddc21,source at the server side,KEEP_SERVER_ONLY,server mirror of a tracked file
frontend/fusion/association.py,github,source,True,6921,d0c9362d378eb7c55a99738bf3beccd4378474fc29e23a04309679aa384f90f6,source at the github side,KEEP,tracked at the Stage-2 development baseline
frontend/fusion/association.py,windows,source,False,6921,d0c9362d378eb7c55a99738bf3beccd4378474fc29e23a04309679aa384f90f6,source at the windows side,KEEP,working copy matches the Stage-2 baseline
frontend/fusion/association.py,server,source,False,6921,d0c9362d378eb7c55a99738bf3beccd4378474fc29e23a04309679aa384f90f6,source at the server side,KEEP_SERVER_ONLY,server mirror of a tracked file
frontend/generate_symbol_gpu.py,server,source,False,6626,234a9663cc6891fb057c0efadfd237373bfda37a2b86270dcaeadc0d0473c9ec,source at the server side,REVIEW,post-takeover runtime source; unique path on the server (content also preserved in the tracked handoff snapshot)
frontend/jpda.py,server,source,False,8716,bde4408daf09fbc20b2deb8455de7b46bf6d07a494fc098fcd024d7019ca48ed,source at the server side,REVIEW,post-takeover runtime source; unique path on the server (content also preserved in the tracked handoff snapshot)
frontend/measurement_mixture.py,server,source,False,5546,6357b4519012f81aa2e235e11424b77001bf5adbec7e2ccf5481990132158dc5,source at the server side,REVIEW,post-takeover runtime source; unique path on the server (content also preserved in the tracked handoff snapshot)
frontend/ofdm_echo.py,server,source,False,9282,43265204a3edd81aeadc1cb66dda10ac3200c8637c981a3f94161ba6f8e47ef0,source at the server side,REVIEW,post-takeover runtime source; unique path on the server (content also preserved in the tracked handoff snapshot)
frontend/pack_symbol_dataset.py,server,source,False,11680,f964fef067a008e4474fd03b315c4ed033a7463e616d45707c978e6c438d192d,source at the server side,REVIEW,post-takeover runtime source; unique path on the server (content also preserved in the tracked handoff snapshot)
frontend/review_source.py,server,source,False,5406,a6bd13f5f8c68bfedf9953d15d6bd16beccfb622809daa00ac6546fa390a8f4f,source at the server side,REVIEW,post-takeover runtime source; unique path on the server (content also preserved in the tracked handoff snapshot)
frontend/run_echo_audit.py,server,source,False,15924,2bc4e0aec243b1b82293dd69bbe302ad649061e977d4da0d02750b37d1e4104d,source at the server side,REVIEW,post-takeover runtime source; unique path on the server (content also preserved in the tracked handoff snapshot)
frontend/run_frontend.py,server,source,False,16282,edb8ec5f296cad983efc22f6312e0b297d76bd5128488e54ee74405d27887f89,source at the server side,REVIEW,post-takeover runtime source; unique path on the server (content also preserved in the tracked handoff snapshot)
frontend/run_symbol_frontend.py,server,source,False,7323,0ae6f6652f3455b49326fb4a3b5fa5a55667214672e795e857bed42bd6f8d802,source at the server side,REVIEW,post-takeover runtime source; unique path on the server (content also preserved in the tracked handoff snapshot)
frontend/scene_manifest.py,server,source,False,15526,4482c0c61dd24cea6e869c35a927c013c74c9f8d82ef3755ea74b96c3b4e15a4,source at the server side,REVIEW,post-takeover runtime source; unique path on the server (content also preserved in the tracked handoff snapshot)
frontend/sensing/__init__.py,github,source,True,202,cc84e0964bf7904b6dad2d0a5a5139e209e87e9ab19cfea762541ff7cbef92bd,source at the github side,KEEP,tracked at the Stage-2 development baseline
frontend/sensing/__init__.py,windows,source,False,202,cc84e0964bf7904b6dad2d0a5a5139e209e87e9ab19cfea762541ff7cbef92bd,source at the windows side,KEEP,working copy matches the Stage-2 baseline
frontend/sensing/__init__.py,server,source,False,202,cc84e0964bf7904b6dad2d0a5a5139e209e87e9ab19cfea762541ff7cbef92bd,source at the server side,KEEP_SERVER_ONLY,server mirror of a tracked file
frontend/sensing/coords.py,github,source,True,5274,318d401f6ec318ed1d69bf84d75913a4a5a5d502acca8e814d02f1fba3a0fe63,source at the github side,KEEP,tracked at the Stage-2 development baseline
frontend/sensing/coords.py,windows,source,False,5274,318d401f6ec318ed1d69bf84d75913a4a5a5d502acca8e814d02f1fba3a0fe63,source at the windows side,KEEP,working copy matches the Stage-2 baseline
frontend/sensing/coords.py,server,source,False,5274,318d401f6ec318ed1d69bf84d75913a4a5a5d502acca8e814d02f1fba3a0fe63,source at the server side,KEEP_SERVER_ONLY,server mirror of a tracked file
frontend/sensing/detector.py,github,source,True,12003,f6b8d70dcd0b6941b846678107e83bfcf541d6de902becb6dcf7028b89cf383d,source at the github side,KEEP,tracked at the Stage-2 development baseline
frontend/sensing/detector.py,windows,source,False,12003,f6b8d70dcd0b6941b846678107e83bfcf541d6de902becb6dcf7028b89cf383d,source at the windows side,KEEP,working copy matches the Stage-2 baseline
frontend/sensing/detector.py,server,source,False,12003,f6b8d70dcd0b6941b846678107e83bfcf541d6de902becb6dcf7028b89cf383d,source at the server side,KEEP_SERVER_ONLY,server mirror of a tracked file
frontend/sensing/simulator.py,github,source,True,7258,46970810a3425159abb83cdcbc80662c1b770f935358532f42ea03dcff22805d,source at the github side,KEEP,tracked at the Stage-2 development baseline
frontend/sensing/simulator.py,windows,source,False,7258,46970810a3425159abb83cdcbc80662c1b770f935358532f42ea03dcff22805d,source at the windows side,KEEP,working copy matches the Stage-2 baseline
frontend/sensing/simulator.py,server,source,False,7258,46970810a3425159abb83cdcbc80662c1b770f935358532f42ea03dcff22805d,source at the server side,KEEP_SERVER_ONLY,server mirror of a tracked file
frontend/sensing/waveform.py,github,source,True,6365,5f9b18564a7c1030171f1a64a38433e5a68d5ada9a6b58fb7ace87b297b8f783,source at the github side,KEEP,tracked at the Stage-2 development baseline
frontend/sensing/waveform.py,windows,source,False,6365,5f9b18564a7c1030171f1a64a38433e5a68d5ada9a6b58fb7ace87b297b8f783,source at the windows side,KEEP,working copy matches the Stage-2 baseline
frontend/sensing/waveform.py,server,source,False,6365,5f9b18564a7c1030171f1a64a38433e5a68d5ada9a6b58fb7ace87b297b8f783,source at the server side,KEEP_SERVER_ONLY,server mirror of a tracked file
frontend/station_geometry.py,server,source,False,2483,5c197e24cf68940c8d101e9b4ccc252a55a801592003cbe7b6580e34dc0fc69a,source at the server side,REVIEW,post-takeover runtime source; unique path on the server (content also preserved in the tracked handoff snapshot)
frontend/symbol_dataset.py,github,source,True,5315,e196469949eacde873a2f9c88f2b1a6ba7f4046f761c6f1dc7ee0d5828a1bc3c,source at the github side,KEEP,tracked at the Stage-2 development baseline
frontend/symbol_dataset.py,windows,source,False,5315,e196469949eacde873a2f9c88f2b1a6ba7f4046f761c6f1dc7ee0d5828a1bc3c,source at the windows side,KEEP,working copy matches the Stage-2 baseline
frontend/symbol_dataset.py,server,source,False,5315,e196469949eacde873a2f9c88f2b1a6ba7f4046f761c6f1dc7ee0d5828a1bc3c,source at the server side,KEEP_SERVER_ONLY,server mirror of a tracked file
frontend/symbol_level.py,server,source,False,12124,4a0f00058be221cd0caa2994841bb923dcb64e3b21001fb9f8dc11e25f6f41b0,source at the server side,REVIEW,post-takeover runtime source; unique path on the server (content also preserved in the tracked handoff snapshot)
frontend/symbol_level_gpu.py,server,source,False,20065,193849acb2e7b1a87de887c7bc6846634510fa35423ec2ac4ba0ef72e13269c7,source at the server side,REVIEW,post-takeover runtime source; unique path on the server (content also preserved in the tracked handoff snapshot)
frontend/tracker.py,server,source,False,17244,d580d03d0fc6f9cf2d28feadddfa07dda5602f457ba3fc9cd28adc5b2e61870c,source at the server side,REVIEW,post-takeover runtime source; unique path on the server (content also preserved in the tracked handoff snapshot)
frontend/tracking/__init__.py,github,source,True,78,685386e5a0f05e04aca1887ee5f1d8a9a9441fd3e6d2243ad5152f62d90263c8,source at the github side,KEEP,tracked at the Stage-2 development baseline
frontend/tracking/__init__.py,windows,source,False,78,685386e5a0f05e04aca1887ee5f1d8a9a9441fd3e6d2243ad5152f62d90263c8,source at the windows side,KEEP,working copy matches the Stage-2 baseline
frontend/tracking/__init__.py,server,source,False,78,685386e5a0f05e04aca1887ee5f1d8a9a9441fd3e6d2243ad5152f62d90263c8,source at the server side,KEEP_SERVER_ONLY,server mirror of a tracked file
frontend/tracking/cv_kf.py,github,source,True,9157,9d3d3338350ff2c438505bab67aeffba36fc66bb5b966dc915b1f12b48e54dd5,source at the github side,KEEP,tracked at the Stage-2 development baseline
frontend/tracking/cv_kf.py,windows,source,False,9157,9d3d3338350ff2c438505bab67aeffba36fc66bb5b966dc915b1f12b48e54dd5,source at the windows side,KEEP,working copy matches the Stage-2 baseline
frontend/tracking/cv_kf.py,server,source,False,9157,9d3d3338350ff2c438505bab67aeffba36fc66bb5b966dc915b1f12b48e54dd5,source at the server side,KEEP_SERVER_ONLY,server mirror of a tracked file
prediction/check_interfaces.py,server,source,False,13500,ca44fe86b5658e507d5d99cac22d08e8952d017e9962feda997fc7fee45e45a3,source at the server side,REVIEW,post-takeover runtime source; unique path on the server (content also preserved in the tracked handoff snapshot)
prediction/check_pennylane.py,server,source,False,14142,ac893ba94cd24ea6dcd181074b0cc115028e3cec4ebaf3e1af74f6ed1e09b9fe,source at the server side,REVIEW,post-takeover runtime source; unique path on the server (content also preserved in the tracked handoff snapshot)
prediction/check_plain_baseline.py,server,source,False,6235,8625458c78b28b878e90599f7506771ddb7d2765ab95863f536e091f5b511c56,source at the server side,REVIEW,post-takeover runtime source; unique path on the server (content also preserved in the tracked handoff snapshot)
prediction/check_primary_models.py,server,source,False,3749,562c7ad8d18ac8586ce1a0dac01b7adf62a5d9d43169222088b26da472404b78,source at the server side,REVIEW,post-takeover runtime source; unique path on the server (content also preserved in the tracked handoff snapshot)
prediction/check_quantum.py,server,source,False,14511,0a02711508b11e17767260146a09681327f06252537b67a058ad3c06410a647d,source at the server side,REVIEW,post-takeover runtime source; unique path on the server (content also preserved in the tracked handoff snapshot)
prediction/check_training.py,server,source,False,8808,aac2f311591af77b6593dba017639501a9309a737803d49b07e1c91c991034c4,source at the server side,REVIEW,post-takeover runtime source; unique path on the server (content also preserved in the tracked handoff snapshot)
prediction/classical.py,server,source,False,5051,5d9b3fe6b80350271b105ad8367c34120df090d566a81071f42ec77fa9e4e041,source at the server side,REVIEW,post-takeover runtime source; unique path on the server (content also preserved in the tracked handoff snapshot)
prediction/evaluation_cache.py,server,source,False,2687,095274ff0af7d50fd0c54ede0b1fa0035962b71d748101caffb7f1783fec50f0,source at the server side,REVIEW,post-takeover runtime source; unique path on the server (content also preserved in the tracked handoff snapshot)
prediction/model.py,server,source,False,1729,4d9a6f2e97591deb27f9027ae1fc0f978d7a4ab81c98cb835ab0d7b5ffac85cc,source at the server side,REVIEW,post-takeover runtime source; unique path on the server (content also preserved in the tracked handoff snapshot)
prediction/preflight.py,server,source,False,11370,808e50747d03c7e7ce2396c6fe034cae23115a0a6d6daef9d24c6273df733c9b,source at the server side,REVIEW,post-takeover runtime source; unique path on the server (content also preserved in the tracked handoff snapshot)
prediction/quantum.py,server,source,False,13914,a24636708d085a02cc9e3535b661f74c7d992d6bc9365e7b353117e6188c8792,source at the server side,REVIEW,post-takeover runtime source; unique path on the server (content also preserved in the tracked handoff snapshot)
prediction/quantum_torch_reference.py,server,source,False,11623,a9258fef7f90e16bab4a40177035c2920129cbf4d54af2e09f16b389276be61f,source at the server side,REVIEW,post-takeover runtime source; unique path on the server (content also preserved in the tracked handoff snapshot)
prediction/reference.py,server,source,False,5004,3442f1c0ab572780f234b71789f291f402cb591d3c6787895d90298a59ce76ee,source at the server side,REVIEW,post-takeover runtime source; unique path on the server (content also preserved in the tracked handoff snapshot)
prediction/temporal.py,server,source,False,6437,1c5e5f45bdff854eb7ff58a25221aad03dd9db2b70a8686d0fdaefd206f62f99,source at the server side,REVIEW,post-takeover runtime source; unique path on the server (content also preserved in the tracked handoff snapshot)
prediction/training.py,server,source,False,18251,27e746f9083bb67fc1b7cbb68d1c81672c22b6271b94861ce2c081e1ba065cb1,source at the server side,REVIEW,post-takeover runtime source; unique path on the server (content also preserved in the tracked handoff snapshot)
scripts/check_environment.py,server,source,False,2595,25964f51eab2136d1b5f33dbb50e86a42d6ea9b1b4c97010f492a9a7a239f70d,source at the server side,REVIEW,unique important server-only source (no Git copy)
scripts/check_evaluation_cache.py,server,source,False,3850,e0047feef36e1ee3b70d73b7726f335ff24053fb639e440c46e6c3a80dd79fea,source at the server side,REVIEW,unique important server-only source (no Git copy)
scripts/check_quantum_speed.py,server,source,False,7467,69ff43e23e1f4fd2a3a06c8924dfff6db8fc149374bfad3d78d6515072a8da51,source at the server side,REVIEW,unique important server-only source (no Git copy)
scripts/rebuild_f01d_gpu.py,server,source,False,1287,74320c6a453c36f54ab99623b19ce85a7c197f851608d69d2965bc38a805e085,source at the server side,REVIEW,post-takeover runtime source; unique path on the server (content also preserved in the tracked handoff snapshot)
scripts/run_f01d_gpu.py,server,source,False,4141,f4d3b4bae329802ee5bc3af5271775ec9b10480ba26f1f1e02dd48a91aaedf9b,source at the server side,REVIEW,post-takeover runtime source; unique path on the server (content also preserved in the tracked handoff snapshot)
scripts/run_f02.py,server,source,False,7492,8aa23d4e329471d7e964b27caaab325c2c9a51ff57e683a40b04930f1b106f6b,source at the server side,REVIEW,unique important server-only source (no Git copy)
scripts/run_f03_short.py,server,source,False,13017,4bf6d6905c08f5cb5cec428ef2f83f70a72f680c07b35ba0ad7728082fcccfc8,source at the server side,REVIEW,unique important server-only source (no Git copy)
scripts/run_f04.py,server,source,False,19816,a086a6fcaf78878fbaf9af7346b239536f1b4d5682061ff9a5fa4a3d49a164a4,source at the server side,REVIEW,unique important server-only source (no Git copy)
scripts/run_f05.py,server,source,False,10393,8a3718c85f333b09a743acf623dbf2da812103c4784c8f0ee5debe2ec9d130ae,source at the server side,REVIEW,unique important server-only source (no Git copy)
reports/2026_09_15_QGNN组会汇报_电路更新版.pptx,windows,result,False,316247,bedf83cce7e0c3ae946ce8be40c5e7273e4e59245ffca05ad5ac771dc84b66c5,untracked local artifact,REVIEW,untracked Stage-1 meeting artifact; no copy on the server; not in Git
reports/QGNN_审计与改进执行方案.md,windows,docs,False,18773,bbf23bd53e2bcd65310f7398405d9c72528c580ab59c2f01a12ebc0f92a7557a,untracked local artifact,REVIEW,untracked Stage-1 QGNN plan; no copy on the server; not in Git
data/,server,large_asset,False,3.3G,,large asset,KEEP,raw + formal datasets (f01e/f01d/f01_source/cleaned NGSIM); formal experiment assets
data/,windows,large_asset,False,2.57G,,large asset,KEEP,"partial local dataset copies (raw CSV, cleaned dataset, multitarget npz, prompt bank)"
models/gpt2,server,large_asset,False,526M,,large asset,KEEP,GPT-2 base weights; content also in Git only as config/merges
models/gpt2,windows,large_asset,False,526M,,large asset,REVIEW,duplicate of the server model weights
checkpoints/,server,large_asset,False,88M,,large asset,KEEP,Stage-1 QGAT candidate training checkpoints
results/,server,large_asset,False,990M,,large asset,KEEP,Stage-0/1 training runs; tracked subset also in Git
results/,windows,large_asset,False,3.16G,,large asset,REVIEW,local results include tracked files + duplicates; unique checkpoints present
reports/,server,large_asset,False,1.5G,,large asset,KEEP,current + historical reports; tracked subset in Git
reports/,windows,large_asset,False,663M,,large asset,REVIEW,local reports; only copy of two untracked Stage-1 artifacts (see CSV)
archive/,windows,large_asset,False,447M,,large asset,REVIEW,senior archive verification + bundles; manifests tracked in Git
archive/,server,large_asset,False,356K,,large asset,KEEP,small archive mirror
