split,scene_id,frame,timestamp,vehicle_id,snr_db,n_bs,rank,condition_ratio,x_hat,y_hat,vx_hat,vy_hat,x_true,y_true,vx_true,vy_true,position_error,velocity_error,vx_error,vy_error,quality
train,0,144,14.414414414414415,6,-10.0,2,2,0.35769878255095927,26.18163212842985,-4.536319146654849,18.054828423842924,-13.479819625859436,26.801691,-4.677348,17.135002,-13.671442,0.6358947567708808,0.939574256922213,0.9198264238429239,0.1916223741405645,32.15727143265233
train,0,144,14.414414414414415,6,-5.0,2,2,0.3540815812057917,26.452211829458196,-4.596546250694647,17.65185818801498,-13.563376127601401,26.801691,-4.677348,17.135002,-13.671442,0.35869849920705454,0.5280327185569536,0.5168561880149802,0.10806587239859944,52.816630114813634
train,0,144,14.414414414414415,6,0.0,2,2,0.3520624590043541,26.604890328034458,-4.6314187837803775,17.425547595205973,-13.61056828224382,26.801691,-4.677348,17.135002,-13.671442,0.20208908280418955,0.2968540927914796,0.29054559520597323,0.06087371775618067,69.82952421158195
train,0,144,14.414414414414415,6,5.0,2,2,0.35093177257287445,26.690910859559636,-4.651337028849752,17.298390095251136,-13.637165090861474,26.801691,-4.677348,17.135002,-13.671442,0.11379283868577188,0.16694482971893781,0.16338809525113618,0.034276909138526435,81.70638124760524
train,0,144,14.414414414414415,6,10.0,2,2,0.3502976853469395,26.739319052534753,-4.662614413067767,17.226944312418446,-13.652130336107886,26.801691,-4.677348,17.135002,-13.671442,0.06408852014594622,0.09394854535932513,0.09194231241844619,0.019311663892114694,89.25022149132641
train,0,145,14.514514514514515,6,-10.0,2,2,0.32637020462447375,28.36948922308543,-6.658917176247512,16.67741173221335,-13.605205866470834,28.518288,-6.04572,17.127637,-13.695923,0.6309927519149438,0.4592737637502372,-0.4502252677866494,0.0907171335291661,45.82050470480537
train,0,145,14.514514514514515,6,-5.0,2,2,0.32626249787947165,28.435040882805463,-6.390933294421493,16.874200918347174,-13.645628921309335,28.518288,-6.04572,17.127637,-13.695923,0.3551088581921618,0.25837829211232227,-0.2534360816528256,0.0502940786906656,64.45775381210062
train,0,145,14.514514514514515,6,0.0,2,2,0.3261958669353324,28.47160812150616,-6.2400048260436805,16.985026299985222,-13.667872719764075,28.518288,-6.04572,17.127637,-13.695923,0.19981392515793905,0.14534314562448059,-0.14261070001477805,0.028050280235925484,78.10755046813505
train,0,145,14.514514514514515,6,5.0,2,2,0.32615644674797534,28.492075808260886,-6.155084426768314,17.04738902688538,-13.680230093609397,28.518288,-6.04572,17.127637,-13.695923,0.11246180168452659,0.08176799190385561,-0.08024797311461995,0.015692906390603056,87.01884018540417
train,0,145,14.514514514514515,6,10.0,2,2,0.326133599258204,28.503551884850797,-6.107361524838662,17.082453475584416,-13.68713698099113,28.518288,-6.04572,17.127637,-13.695923,0.06337847169288578,0.046029827380058036,-0.045183524415584486,0.008786019008869772,92.46593166541066
train,0,146,14.614614614614615,6,-10.0,2,2,0.30928935121916473,29.8274105868339,-7.171660392472792,16.69229867021566,-13.993135068880491,30.232427,-7.416596,17.119331,-13.72171,0.47331992010547913,0.5059922713815103,-0.427032329784339,-0.27142506888049134,50.01418258116893
train,0,146,14.614614614614615,6,-5.0,2,2,0.30719781535074553,30.004493595282042,-7.278478945773117,16.87912056209306,-13.874587369629763,30.232427,-7.416596,17.119331,-13.72171,0.26651446049817357,0.28473240880580925,-0.24021043790693852,-0.1528773696297634,67.70547024782834
train,0,146,14.614614614614615,6,0.0,2,2,0.3060280668392386,30.10418161199847,-7.338805193717843,16.984219237616113,-13.807761541840081,30.232427,-7.416596,17.119331,-13.72171,0.14999429684388438,0.1601875656458234,-0.135111762383886,-0.08605154184008157,80.2960226451692
train,0,146,14.614614614614615,6,5.0,2,2,0.3053723905570377,30.160263937052896,-7.372810186739118,17.04332770149205,-13.77013531924029,30.232427,-7.416596,17.119331,-13.72171,0.08440796820694543,0.09011943701340192,-0.07600329850794907,-0.04842531924029103,88.38432274094714
train,0,146,14.614614614614615,6,10.0,2,2,0.30500453594831534,30.19179055741256,-7.391956616963246,17.076558039262324,-13.74896851940491,30.232427,-7.416596,17.119331,-13.72171,0.047522833065741205,0.05072034158416699,-0.04277296073767545,-0.027258519404909975,93.28552832897017
train,0,147,14.714714714714715,6,-10.0,2,2,0.28535239763905607,31.904757557539256,-8.642754305748394,17.46312728472922,-13.357018008616691,31.943832,-8.788279,17.111899,-13.749706,0.15067929084861437,0.5268445373831712,0.3512282847292205,0.39268799138330834,57.81231078246596
train,0,147,14.714714714714715,6,-5.0,2,2,0.28503993072604494,31.921785205361623,-8.706482153330919,17.309588186491727,-13.52897204435861,31.943832,-8.788279,17.111899,-13.749706,0.08471590924278538,0.29631823033498134,0.19768918649172562,0.2207339556413892,73.47754555997403
train,0,147,14.714714714714715,6,0.0,2,2,0.28486365834969324,31.931408838577823,-8.742281746491999,17.223132502620395,-13.625597395305828,31.943832,-8.788279,17.111899,-13.749706,0.04764538036369009,0.1666608468247276,0.11123350262039366,0.12410860469417173,84.08537030565199
train,0,147,14.714714714714715,6,5.0,2,2,0.284764393577541,31.936834304054564,-8.76239266687215,17.17448536216719,-13.679903586263986,31.943832,-8.788279,17.111899,-13.749706,0.026815480442288122,0.09375195834059187,0.06258636216718827,0.06980241373601359,90.70918771395114
train,0,147,14.714714714714715,6,10.0,2,2,0.28470859316481417,31.939886800212662,-8.773679686880376,17.14713118549414,-13.710419353256249,31.943832,-8.788279,17.111899,-13.749706,0.015122980689229772,0.05277070690318261,0.03523218549413798,0.03928664674375071,94.65846114750369
train,0,148,14.814814814814815,6,-10.0,2,2,0.2680571843532971,33.55608364641044,-9.772375566293231,16.893514528313872,-14.36550162258595,33.65413,-10.163424,17.106623,-13.7808,0.40315253311460836,0.622327251660283,-0.21310847168612668,-0.5847016225859516,47.63984845912262
train,0,148,14.814814814814815,6,-5.0,2,2,0.26729780345027115,33.59728547062822,-9.9408395711986,16.986687583400585,-14.108882110578534,33.65413,-10.163424,17.106623,-13.7808,0.22972837975388305,0.34931701280719374,-0.11993541659941442,-0.328082110578535,65.83043516584553
train,0,148,14.814814814814815,6,0.0,2,2,0.2668552765986326,33.6216233397482,-10.037374057709949,17.03914498604634,-13.965073954567805,33.65413,-10.163424,17.106623,-13.7808,0.1301740024430813,0.19624008942921822,-0.06747801395365727,-0.18427395456780538,79.01837266884128
train,0,148,14.814814814814815,6,5.0,2,2,0.2666015562049474,33.63568611090277,-10.092194260378623,17.068669230605607,-13.884362051149692,33.65413,-10.163424,17.106623,-13.7808,0.07357888862683479,0.11029772005610186,-0.03795376939439166,-0.10356205114969264,87.58263133091594
train,0,148,14.814814814814815,6,10.0,2,2,0.266457423311428,33.64371960337674,-10.123136851440421,17.085283232516893,-13.839028273058148,33.65413,-10.163424,17.106623,-13.7808,0.04161046379115706,0.06201546145573127,-0.02133976748310573,-0.05822827305814826,92.80388847729635
train,0,149,14.914914914914915,6,-10.0,2,2,0.25284873999584223,34.91577665518007,-11.485144649593634,17.48578637272205,-13.402130372726262,35.365816,-11.54346,17.1028,-13.813768,0.4538018201582859,0.5622491421766214,0.38298637272205127,0.41163762727373765,48.55187715377886
train,0,149,14.914914914914915,6,-5.0,2,2,0.25128897704562286,35.11192486135713,-11.510557822291004,17.318175141280086,-13.581679319961847,35.365816,-11.54346,17.1028,-13.813768,0.25601418628538497,0.316625341505177,0.21537514128008795,0.23208868003815297,66.55249424346881
train,0,149,14.914914914914915,6,0.0,2,2,0.2504139827392153,35.22276651811223,-11.524915826787193,17.223925096203583,-13.683051962256592,35.365816,-11.54346,17.1028,-13.813768,0.1442464579409371,0.1782076638466027,0.1211250962035848,0.130716037743408,79.5113339683744
train,0,149,14.914914914914915,6,5.0,2,2,0.24992272797306697,35.285256461592084,-11.533001440684314,17.170933435700547,-13.740177665685795,35.365816,-11.54346,17.1028,-13.813768,0.08123558759224044,0.10028809682528217,0.06813343570054897,0.07359033431420414,87.89197323137094
train,0,149,14.914914914914915,6,10.0,2,2,0.24964693040513355,35.32042492346384,-11.53753809558894,17.141149721841686,-13.772324840888455,35.365816,-11.54346,17.1028,-13.813768,0.04577574446107346,0.056464472037552636,0.03834972184168706,0.0414431591115445,92.98902068766702
train,0,307,30.73073073073073,7,-10.0,2,2,0.2486127531089566,-34.67434892972251,-32.34687791442551,-1.7815785221068012,-12.772125158310478,-34.958196,-31.79929,-2.559274,-12.631489,0.6167833358076372,0.7903092972753518,0.7776954778931986,-0.14063615831047827,36.696011911916614
train,0,307,30.73073073073073,11,-10.0,3,2,0.5012113169064452,-26.96518626361133,8.837400560235377,-1.8220772262171037,-10.798365689244358,-27.157824,8.637535,-1.507182,-11.833878,0.2775887959719425,1.0823330121643757,-0.31489522621710364,1.0355123107556423,32.7141298387842
train,0,307,30.73073073073073,12,-10.0,3,2,0.37888513916248073,-29.445782349015523,32.65219955016433,5.206729998343945,-11.699977674349027,-29.419874,32.626923,5.45297,-11.577584,0.03619594641559094,0.27498063556590613,-0.24624000165605509,-0.12239367434902704,75.77872108435247
train,0,307,30.73073073073073,13,-10.0,2,2,0.23577619547122294,37.75869221089935,-9.889149947984906,-12.226718475575431,8.01676592134197,38.10423,-9.051211,-11.491726,8.709573,0.9063873588298872,1.0100473193822046,-0.7349924755754316,-0.6928070786580314,25.740491961617558
train,0,307,30.73073073073073,14,-10.0,2,2,0.20725206429828316,42.48329655072148,-9.213633453516033,-17.67284185193102,14.050504717966895,42.730501,-8.559904,-17.509898,14.853714,0.6989078895945221,0.8195705275485784,-0.162943851931022,-0.8032092820331052,34.05780386047649
train,0,307,30.73073073073073,15,-10.0,1,1,2.8466275370597876e-17,75.96386497837946,-36.45372042444643,-16.433933239922162,10.742084720561158,74.782965,-37.836636,-14.364461,12.972474,1.8185104476040987,3.0425896354329756,-2.0694722399221614,-2.2303892794388425,2.887959062443248
train,0,307,30.73073073073073,7,-5.0,2,2,0.24962311475503005,-34.79851398640834,-32.1009412524873,-2.1234352485545225,-12.7114185886849,-34.958196,-31.79929,-2.559274,-12.631489,0.341308985512903,0.4431073869942701,0.43583875144547735,-0.07992958868489985,57.15990909463628
train,0,307,30.73073073073073,11,-5.0,3,2,0.5013613416540491,-27.04909547915272,8.74962528870159,-1.6841116465218762,-11.25138932869008,-27.157824,8.637535,-1.507182,-11.833878,0.156160571421995,0.6087669110774282,-0.17692964652187615,0.5824886713099211,53.34035832358657
train,0,307,30.73073073073073,12,-5.0,3,2,0.3785847157269581,-29.461561064565302,32.65298004099132,5.326594694388174,-11.644144551739247,-29.419874,32.626923,5.45297,-11.577584,0.049160764205765914,0.14283215645055355,-0.12637530561182597,-0.06656055173924713,85.97998601195478
train,0,307,30.73073073073073,13,-5.0,2,2,0.23544471903060957,37.91018673457446,-9.522340541753694,-11.903258181948775,8.317430547647085,38.10423,-9.051211,-11.491726,8.709573,0.5095251063196521,0.5684491531499355,-0.4115321819487754,-0.3921424523529158,46.608800150233016
train,0,307,30.73073073073073,14,-5.0,2,2,0.20706257889202054,42.590705110888536,-8.926188977619981,-17.600305409775654,14.400770185707797,42.730501,-8.559904,-17.509898,14.853714,0.392055576981803,0.46187833749583085,-0.0904074097756542,-0.4529438142922029,54.5617236776763
train,0,307,30.73073073073073,15,-5.0,1,1,3.6008999484331475e-17,75.44931556738132,-37.061246339340116,-16.194909949240284,10.73021279060717,74.782965,-37.836636,-14.364461,12.972474,1.0223757648280052,2.8945256410891664,-1.8304489492402833,-2.2422612093928294,4.643150746266164
train,0,307,30.73073073073073,7,0.0,2,2,0.2501605877367042,-34.86832002621406,-31.967006103575127,-2.314619486646556,-12.676707844550604,-34.958196,-31.79929,-2.559274,-12.631489,0.1902797468528759,0.24879826126141263,0.2446545133534439,-0.045218844550603876,73.10888353296686
train,0,307,30.73073073073073,11,0.0,3,2,0.5014448604114982,-27.096543678188254,8.700476914769103,-1.6066321861536286,-11.506245403227389,-27.157824,8.637535,-1.507182,-11.833878,0.08784624338099135,0.34239371780737426,-0.09945018615362855,0.32763259677261125,70.22377426156126
train,0,307,30.73073073073073,12,0.0,3,2,0.3785897828669202,-29.455515238327543,32.647069125651576,5.387890526061807,-11.61394747162218,-29.419874,32.626923,5.45297,-11.577584,0.04094098494528291,0.07454958079351655,-0.06507947393819258,-0.03636347162218101,91.84647306626205
train,0,307,30.73073073073073,13,0.0,2,2,0.23524877278125367,37.99517630140351,-9.316170430183016,-11.722590624992515,8.488240696684691,38.10423,-9.051211,-11.491726,8.709573,0.28652435990763936,0.3198225501177092,-0.23086462499251503,-0.22133230331530918,65.09007963728203
train,0,307,30.73073073073073,14,0.0,2,2,0.20694653786204928,42.651626070929,-8.765502800417202,-17.560350773813493,14.598593779491402,42.730501,-8.559904,-17.509898,14.853714,0.22020926676447544,0.2600611645321752,-0.050452773813493224,-0.25512022050859784,71.12227444271831
train,0,307,30.73073073073073,15,0.0,1,1,4.555467702281669e-17,75.15850868104022,-37.40117529617633,-16.060836972454766,10.722392362184836,74.782965,-37.836636,-14.364461,12.972474,0.5750296348396621,2.817899717299184,-1.6963759724547653,-2.250081637815164,5.636130072349041
train,0,307,30.73073073073073,7,5.0,2,2,0.2504529503820932,-34.907634395189554,-31.893038550607525,-2.4218041140735935,-12.657007617248563,-34.958196,-31.79929,-2.559274,-12.631489,0.10651416160313897,0.1398183441573309,0.1374698859264063,-0.025518617248563302,83.88124551336806
train,0,307,30.73073073073073,11,5.0,3,2,0.5014916490384544,-27.12330210812633,8.672905873153884,-1.5631020725836933,-11.649579384544591,-27.157824,8.637535,-1.507182,-11.833878,0.049425293992099696,0.19259551961701077,-0.05592007258369325,0.18429861545540938,81.96840240984015
train,0,307,30.73073073073073,12,5.0,3,2,0.37867275437613,-29.444805096896495,32.64048619170379,5.418924090084982,-11.597599503513473,-29.419874,32.626923,5.45297,-11.577584,0.028381680035831615,0.03949359901097116,-0.03404590991501788,-0.020015503513473476,95.25297097105707
train,0,307,30.73073073073073,13,5.0,2,2,0.23513560571559242,38.0428969925069,-9.200292800634047,-11.621392822431211,8.584834952778206,38.10423,-9.051211,-11.491726,8.709573,0.16120521420983527,0.17992516573318507,-0.12966682243121141,-0.12473804722179516,78.53871245983349
train,0,307,30.73073073073073,14,5.0,2,2,0.20687831707019236,42.68604025370374,-8.675481669876994,-17.538142532197902,14.710104710910604,42.730501,-8.559904,-17.509898,14.853714,0.12383438833949129,0.1463604506410115,-0.028244532197902572,-0.14360928908939563,82.55384629078144
train,0,307,30.73073073073073,15,5.0,1,1,2.882419945460439e-17,74.99460276420263,-37.59167305757259,-15.985569462522403,10.717619303373787,74.782965,-37.836636,-14.364461,12.972474,0.3237242443799614,2.7771140326171406,-1.6211084625224021,-2.2548546966262126,6.105877179294151
train,0,307,30.73073073073073,7,10.0,2,2,0.25061400994831967,-34.92978551527323,-31.8518846362655,-2.4819599531103296,-12.645874814953716,-34.958196,-31.79929,-2.559274,-12.631489,0.05977751589276907,0.07864104220024483,0.07731404688967025,-0.014385814953715936,90.59407253031296
train,0,307,30.73073073073073,11,10.0,3,2,0.5015179436272363,-27.138360187762252,8.657425926378522,-1.5386439201950737,-11.730161683002079,-27.157824,8.637535,-1.507182,-11.833878,0.027829641374300055,0.10838324055855936,-0.031461920195073656,0.10371631699792161,89.41344423824087
train,0,307,30.73073073073073,12,10.0,3,2,0.3787521098271751,-29.435694955101706,32.6353827387322,5.434789816851961,-11.588685072505696,-29.419874,32.626923,5.45297,-11.577584,0.01794073018991325,0.021301475772184324,-0.018180183148039042,-0.011101072505695697,97.2534233031085
train,0,307,30.73073073073073,13,10.0,2,2,0.23507106815220197,38.06968882060717,-9.135206417683987,-11.564626395263566,8.639311932844135,38.10423,-9.051211,-11.491726,8.709573,0.09082028003565726,0.10124764287362562,-0.07290039526356651,-0.07026106715586522,87.28316954019725
train,0,307,30.73073073073073,14,10.0,2,2,0.20683903518891764,42.70542442783559,-8.625028778047215,-17.525731801747508,14.772885438849155,42.730501,-8.559904,-17.509898,14.853714,0.06978589533147667,0.08236483215241394,-0.015833801747508147,-0.08082856115084525,89.76690102902248
train,0,307,30.73073073073073,15,10.0,1,1,3.651154661303432e-17,74.90246351858121,-37.698383254648434,-15.943315444338543,10.7147915141617,74.782965,-37.836636,-14.364461,12.972474,0.18273947997175782,2.754979412494506,-1.5788544443385426,-2.2576824858383002,6.322639820564711
train,0,308,30.83083083083083,7,-10.0,2,2,0.24042603579613134,-34.67323897602389,-33.626794037443666,-2.7404050898490335,-12.718363192553776,-35.220108,-33.066388,-2.557793,-12.635439,0.7830202144184376,0.20055821366806972,-0.18261208984903332,-0.08292419255377581,44.56162462396248
train,0,308,30.83083083083083,11,-10.0,3,2,0.505457033188192,-27.43644457125681,7.451191828465081,-1.1517683464462205,-11.56821218746709,-27.332838,7.453031,-1.652458,-11.876865,0.10362289399320819,0.5881808292185999,0.5006896535537795,0.30865281253291066,55.03290131057241
train,0,308,30.83083083083083,12,-10.0,3,2,0.3571747918034748,-28.84341010332162,31.351824904968208,4.77724501198625,-12.028237725840434,-28.887693,31.462172,5.046999,-11.65265,0.11890103582468545,0.46242118663758414,-0.2697539880137496,-0.3755877258404343,62.03553073052062
train,0,308,30.83083083083083,13,-10.0,2,2,0.2427168912603474,37.348385591046544,-7.68665000816099,-11.123662042631212,8.553309376001572,36.957162,-8.184867,-11.375388,8.604648,0.6334635499762147,0.2569077887633702,0.25172595736878733,-0.05133862399842748,50.48079992391139
train,0,308,30.83083083083083,14,-10.0,2,2,0.2184725862525253,41.16700530432528,-6.755435377098726,-17.298654751424287,14.248276299172934,40.96564,-7.070623,-17.57189,14.834937,0.3740203516069254,0.6471694360514374,0.2732352485757126,-0.5866607008270659,47.356058683299146
train,0,308,30.83083083083083,15,-10.0,1,1,0.0,73.26759555605378,-36.66213477754562,-16.601815972902603,11.167342001271107,73.344051,-36.537154,-14.396475,12.985061,0.1465115342385021,2.857906780338184,-2.2053409729026026,-1.8177189987288926,5.7173784580951414
train,0,308,30.83083083083083,7,-5.0,2,2,0.24088723804353326,-34.91280883411228,-33.382026800613076,-2.6605641288302633,-12.681605546559725,-35.220108,-33.066388,-2.557793,-12.635439,0.4405231319780466,0.11266434636697531,-0.10277112883026307,-0.046166546559724964,63.46370784025377
train,0,308,30.83083083083083,11,-5.0,3,2,0.5055959664052008,-27.389938385365333,7.451117771865787,-1.3707766425985632,-11.70321111598109,-27.332838,7.453031,-1.652458,-11.876865,0.05713242906408974,0.3309079306126848,0.28168135740143674,0.17365388401891124,71.4763348953534
train,0,308,30.83083083083083,12,-5.0,3,2,0.35817463171147224,-28.86630226688955,31.404708906445673,4.8972034704527765,-11.867504111036352,-28.887693,31.462172,5.046999,-11.65265,0.061315337264305596,0.261917906416408,-0.14979552954722308,-0.21485411103635244,76.41438801939267
train,0,308,30.83083083083083,13,-5.0,2,2,0.2435947513031136,37.17678584522458,-7.904185488194992,-11.23394690252968,8.575105831812865,36.957162,-8.184867,-11.375388,8.604648,0.3563940858942196,0.1444933346379862,0.1414410974703184,-0.02954216818713462,68.07424225933629
train,0,308,30.83083083083083,14,-5.0,2,2,0.21884749615208454,41.078238847724144,-6.893845097807037,-17.418708449493582,14.504942094511298,40.96564,-7.070623,-17.57189,14.834937,0.20959228805600125,0.36381482249084823,0.15318155050641735,-0.3299949054887019,65.71327615506762
train,0,308,30.83083083083083,15,-5.0,1,1,0.0,73.30106982417846,-36.60745473681057,-16.31021144277896,10.959054141421257,73.344051,-36.537154,-14.396475,12.985061,0.08239887785103882,2.7869501185755685,-1.9137364427789603,-2.026006858578743,6.153384355748245
train,0,308,30.83083083083083,7,0.0,2,2,0.24114056568773448,-35.04733845758678,-33.24407381479509,-2.615609208679946,-12.66125497889958,-35.220108,-33.066388,-2.557793,-12.635439,0.247833741780788,0.06331807603415132,-0.057816208679945635,-0.02581597889957976,77.4301198317529
train,0,308,30.83083083083083,11,0.0,3,2,0.5056722869502747,-27.364604326937396,7.451663845584375,-1.494004945587066,-11.779179291794122,-27.332838,7.453031,-1.652458,-11.876865,0.03179573302016765,0.18614475023613253,0.1584530544129339,0.09768570820587819,82.79183250547175
train,0,308,30.83083083083083,12,0.0,3,2,0.35867702058900136,-28.876626162991467,31.431108603663183,4.963252328846489,-11.77449344631138,-28.887693,31.462172,5.046999,-11.65265,0.03297589230561439,0.1478490119626389,-0.0837466711535102,-0.12184344631138089,85.94335122455136
train,0,308,30.83083083083083,13,0.0,2,2,0.24408375622995843,37.08056345734967,-8.026831808029971,-11.295885045202757,8.587817691382098,36.957162,-8.184867,-11.375388,8.604648,0.2005069614178693,0.08126487008336444,0.0795029547972419,-0.01683030861790158,80.54539056775764
train,0,308,30.83083083083083,14,0.0,2,2,0.21905506845728395,41.028764229232124,-6.971357546678287,-17.48589230450768,14.64932867739116,40.96564,-7.070623,-17.57189,14.834937,0.11763629771169659,0.20456307841753088,0.0859976954923205,-0.18560832260883942,78.98001660576465
train,0,308,30.83083083083083,15,0.0,1,1,-4.5556937524913476e-17,73.3198767528223,-36.57670556068122,-16.14612568828093,10.842050903470678,73.344051,-36.537154,-14.396475,12.985061,0.04635428975756716,2.766544741157919,-1.7496506882809282,-2.1430100965293217,6.285448073633675
train,0,308,30.83083083083083,7,5.0,2,2,0.24128107968919404,-35.1229026787922,-33.16642180201307,-2.590309767966561,-12.649914720497268,-35.220108,-33.066388,-2.557793,-12.635439,0.1394834614436465,0.03559335166721702,-0.03251676796656078,-0.014475720497268085,86.59282758355492
train,0,308,30.83083083083083,11,5.0,3,2,0.5057144715257552,-27.350643604826306,7.452159193316168,-1.5633183112301023,-11.821910097629061,-27.332838,7.453031,-1.652458,-11.876865,0.01782693496158531,0.10471831458056265,0.08913968876989764,0.05495490237093925,89.9222408677077
train,0,308,30.83083083083083,12,5.0,3,2,0.3589437471851159,-28.88175680973019,31.445064264877047,5.000036175226568,-11.72148239397793,-28.887693,31.462172,5.046999,-11.65265,0.018108367015179493,0.08332709866203782,-0.0469628247734315,-0.06883239397792984,91.82624596484565
train,0,308,30.83083083083083,13,5.0,2,2,0.24435720302138264,37.026552776020914,-8.095872828135475,-11.330688012546732,8.595106930233205,36.957162,-8.184867,-11.375388,8.604648,0.11284964520386333,0.04570690200196322,0.0446999874532672,-0.009541069766793697,88.5365680767654
train,0,308,30.83083083083083,14,5.0,2,2,0.21917072891219877,41.001087399353516,-7.014847948172168,-17.52356385541341,14.73053369287854,40.96564,-7.070623,-17.57189,14.834937,0.06608611448197703,0.11504549877549268,0.04832614458658924,-0.10440330712146029,87.57490516600721
train,0,308,30.83083083083083,15,5.0,1,1,0.0,73.33044088922836,-36.5594236979981,-16.053829370761072,10.776303031169816,73.344051,-36.537154,-14.396475,12.985061,0.026099321143331022,2.7614190690932205,-1.6573543707610714,-2.2087579688301844,6.319422212298235
train,0,308,30.83083083083083,7,10.0,2,2,0.24135943952705752,-35.16532039916863,-33.12277236435353,-2.5760743266562023,-12.643573954438205,-35.220108,-33.066388,-2.557793,-12.635439,0.07861855854955183,0.020009607393010886,-0.01828132665620208,-0.008134954438205,92.20784442633028
train,0,308,30.83083083083083,11,10.0,3,2,0.5057378393599651,-27.342923855066697,7.4524912344882885,-1.6022879564803367,-11.845933410811634,-27.332838,7.453031,-1.652458,-11.876865,0.010100288076786734,0.05893892157549854,0.050170043519663254,0.03093158918836636,94.19546987249177
train,0,308,30.83083083083083,12,10.0,3,2,0.35908913200222964,-28.884451799932393,31.452651397372637,5.020615387417825,-11.691475123730777,-28.887693,31.462172,5.046999,-11.65265,0.01005719902688483,0.04694129573836314,-0.026383612582174365,-0.03882512373077773,95.31275077886596
train,0,308,30.83083083083083,13,10.0,2,2,0.24451040293788956,36.99623408741458,-8.13467176238753,-11.350247622507533,8.599244532003656,36.957162,-8.184867,-11.375388,8.604648,0.06360966824237545,0.025714510433823213,0.025140377492466115,-0.005403467996343281,93.36901099516814
train,0,308,30.83083083083083,14,10.0,2,2,0.21923537531069523,40.985578184381524,-7.039274819420736,-17.544704951474934,14.77618981734697,40.96564,-7.070623,-17.57189,14.834937,0.03715157630655466,0.06473220475913635,0.02718504852506598,-0.058747182653030805,92.80814611809289
train,0,308,30.83083083083083,15,10.0,1,1,0.0,73.33636651816857,-36.5497257328269,-16.001935251364863,10.73935964553213,73.344051,-36.537154,-14.396475,12.985061,0.014734304438565576,2.7605574060633757,-1.6054602513648621,-2.2457013544678706,6.325401168710856
train,0,309,30.93093093093093,7,-10.0,2,2,0.2342065316630312,-34.98544551126909,-34.41718910716775,-3.002336925214039,-12.152098701198232,-35.480264,-34.3377,-2.551062,-12.634755,0.501162503533799,0.6607618034511058,-0.4512749252140389,0.48265629880176775,43.634633383995606
train,0,309,30.93093093093093,11,-10.0,3,2,0.5086638031927864,-27.607938724629086,5.85392511982824,-2.010417638985809,-12.394392360205437,-27.52527,6.260131,-1.779143,-11.919933,0.4145326707485362,0.5278253907539581,-0.23127463898580913,-0.47445936020543655,51.1122486154018
train,0,309,30.93093093093093,12,-10.0,3,2,0.34548615694082746,-28.692618288225784,30.62605518836159,4.186413745858306,-12.001791854378999,-28.396561,30.290195,4.634587,-11.725676,0.4477186438354879,0.5264021568795096,-0.44817325414169407,-0.27611585437899855,50.104928734939016
train,0,309,30.93093093093093,13,-10.0,2,2,0.2551986504021644,35.767013971272334,-7.349645421794866,-11.240478487247527,8.856625977988541,35.821442,-7.330405,-11.256349,8.500704,0.05772871159157926,0.35627563429218867,0.015870512752472976,0.3559219779885403,69.70331316065803
train,0,309,30.93093093093093,14,-10.0,2,2,0.23433239792052607,39.01107835246802,-5.2973546460623036,-17.31796395345541,15.078079813283013,39.195152,-5.58291,-17.625137,14.812684,0.33974250231345987,0.40594361459645456,0.30717304654458744,0.2653958132830123,58.898559347610956
train,0,309,30.93093093093093,15,-10.0,1,1,2.84686670717242e-17,72.2630804093443,-36.024340159996044,-15.754053169085184,10.60290180991864,71.900531,-35.234761,-14.428439,12.996498,0.8688367649426202,2.7361570946222025,-1.3256141690851848,-2.393596190081361,5.665417435248102
train,0,309,30.93093093093093,7,-5.0,2,2,0.23349305948548751,-35.201839343787505,-34.382595087489,-2.8045656535394956,-12.362407547257904,-35.480264,-34.3377,-2.551062,-12.634755,0.2820210241589985,0.37207154872817266,-0.25350365353949567,0.27234745274209615,62.69578981495223
train,0,309,30.93093093093093,11,-5.0,3,2,0.5085036344540678,-27.57221824787575,6.031743804015006,-1.9099505402899561,-12.186818095576323,-27.52527,6.260131,-1.779143,-11.919933,0.23316270985835413,0.2972175412681613,-0.13080754028995623,-0.26688509557632223,68.53945234865893
train,0,309,30.93093093093093,12,-5.0,3,2,0.34287158452753536,-28.566225835426632,30.480623236587476,4.38478690359667,-11.880634782269853,-28.396561,30.290195,4.634587,-11.725676,0.2550471910650307,0.293959712147207,-0.24980009640333023,-0.15495878226985305,67.76120192663515
train,0,309,30.93093093093093,13,-5.0,2,2,0.2550328320331258,35.79025263295941,-7.340612886930806,-11.2475474147496,8.700797484226094,35.821442,-7.330405,-11.256349,8.500704,0.032817336454757144,0.20028696995226053,0.008801585250399313,0.20009348422609285,81.63127306749146
train,0,309,30.93093093093093,14,-5.0,2,2,0.23363182153353704,39.091720519616864,-5.422148151203919,-17.452217454830134,14.961932457795468,39.195152,-5.58291,-17.625137,14.812684,0.1911607783060669,0.22842125832785007,0.17291954516986507,0.14924845779546736,74.24075936745785
train,0,309,30.93093093093093,15,-5.0,1,1,0.0,72.10494677253467,-35.67836654148897,-15.853471584799932,10.632776604791177,71.900531,-35.234761,-14.428439,12.996498,0.4884380047669002,2.7600537498225513,-1.4250325847999328,-2.363721395208824,6.063158963719711
train,0,309,30.93093093093093,7,0.0,2,2,0.2330901041247278,-35.32362525647423,-34.363011898664055,-2.693540210157924,-12.481299594731858,-35.480264,-34.3377,-2.551062,-12.634755,0.15867069101541995,0.20940057730535325,-0.14247821015792406,0.15345540526814183,76.89525045428307
train,0,309,30.93093093093093,11,0.0,3,2,0.5083990643877287,-27.551829041407384,6.131694192687594,-1.8529413377214028,-12.070046736506201,-27.52527,6.260131,-1.779143,-11.919933,0.13115409316175877,0.16727321524468705,-0.07379833772140287,-0.15011373650620108,80.85118591375434
train,0,309,30.93093093093093,12,0.0,3,2,0.341436284874948,-28.49302891634687,30.39781906482873,4.494792634872315,-11.812672445385031,-28.396561,30.290195,4.634587,-11.725676,0.14453026746867118,0.16465371550949934,-0.13979436512768473,-0.08699644538503115,80.32504927485938
train,0,309,30.93093093093093,13,0.0,2,2,0.25493580957306683,35.80371992282724,-7.335947257775849,-11.251437999524553,8.613213380021113,35.821442,-7.330405,-11.256349,8.500704,0.018568485144757587,0.1126165108605526,0.004911000475447125,0.11250938002111255,89.21356764932295
train,0,309,30.93093093093093,14,0.0,2,2,0.2332384123863149,39.137008219018846,-5.4924387492284374,-17.52783455801899,14.896617399450971,39.195152,-5.58291,-17.625137,14.812684,0.10754416061765255,0.12850128699302357,0.09730244198100735,0.08393339945097011,84.57208915335191
train,0,309,30.93093093093093,15,0.0,1,1,0.0,72.01564464528602,-35.48414022680306,-15.909418515305209,10.649438927617881,71.900531,-35.234761,-14.428439,12.996498,0.2746655240322836,2.7752453250127043,-1.4809795153052097,-2.3470590723821196,6.149471748246956
train,0,309,30.93093093093093,7,5.0,2,2,0.23286299691282478,-35.3921306823222,-34.35196015487531,-2.6311720948613937,-12.548349245739074,-35.480264,-34.3377,-2.551062,-12.634755,0.08927952565938098,0.11782861141548412,-0.08011009486139375,0.08640575426092667,86.25756796117595
train,0,309,30.93093093093093,11,5.0,3,2,0.5083356190859458,-27.54028389630835,6.187877479385903,-1.820723728921042,-12.004373261359133,-27.52527,6.260131,-1.779143,-11.919933,0.0737969397975939,0.09412287052573237,-0.04158072892104214,-0.0844402613591324,88.72717777124804
train,0,309,30.93093093093093,12,5.0,3,2,0.34064255434757723,-28.451172296550084,30.35090836898778,4.556174140114269,-11.774554608202946,-28.396561,30.290195,4.634587,-11.725676,0.0816609263033904,0.09239964791770769,-0.07841285988573077,-0.04887860820294598,88.39865519416779
train,0,309,30.93093093093093,13,5.0,2,2,0.2548800560536562,35.81142097264181,-7.333448716984053,-11.253599971629628,8.563979389566287,35.821442,-7.330405,-11.256349,8.500704,0.010473070342192367,0.06333507781432302,0.002749028370372386,0.06327538956628587,93.78219657106743
train,0,309,30.93093093093093,14,5.0,2,2,0.2330173967792058,39.16245172566708,-5.531994059977183,-17.570391914487885,14.859890557234486,39.195152,-5.58291,-17.625137,14.812684,0.06051232014933101,0.07228750537721819,0.054745085512113434,0.0472065572344853,91.0035129787821
train,0,309,30.93093093093093,15,5.0,1,1,2.8826960222105166e-17,71.96530104428729,-35.37506216222714,-15.940886442528084,10.658768196699793,71.900531,-35.234761,-14.428439,12.996498,0.15453017426788546,2.7843271897619672,-1.5124474425280852,-2.337729803300208,6.150651926958514
train,0,309,30.93093093093093,7,10.0,2,2,0.23273519009190444,-35.43063987838542,-34.34573678646146,-2.5961312158498115,-12.586102662805853,-35.480264,-34.3377,-2.551062,-12.634755,0.05027070103594637,0.06631956070247967,-0.045069215849811606,0.048652337194146966,92.0149471116278
train,0,309,30.93093093093093,11,10.0,3,2,0.5082984351503084,-27.533789703729628,6.219444657293586,-1.802560348037252,-11.967450925935687,-27.52527,6.260131,-1.779143,-11.919933,0.04156878437559187,0.05297476261699691,-0.02341734803725215,-0.04751792593568638,93.48799705065802
train,0,309,30.93093093093093,12,10.0,3,2,0.34020103877091595,-28.427424850759778,30.324424708264143,4.590533235947098,-11.753166312537662,-28.396561,30.290195,4.634587,-11.725676,0.04608958897159109,0.051927366683157165,-0.044053764052901734,-0.027490312537661765,93.29242485898406
train,0,309,30.93093093093093,13,10.0,2,2,0.2548483248060417,35.81579411205413,-7.332074859737549,-11.254808131492718,8.536306697086053,35.821442,-7.330405,-11.256349,8.500704,0.0058895729719722215,0.03563602552976276,0.0015408685072824113,0.035602697086051904,96.45250912115124
train,0,309,30.93093093093093,14,10.0,2,2,0.23289324841064013,39.17674443274234,-5.554232159933071,-17.594328361353046,14.839242931108243,39.195152,-5.58291,-17.625137,14.812684,0.034077221765420884,0.04067614825534588,0.030808638646952602,0.02655893110824259,94.83191574045917
train,0,309,30.93093093093093,15,10.0,1,1,0.0,71.93694020430371,-35.31383789090077,-15.95857393194533,10.664006653071475,71.900531,-35.234761,-14.428439,12.996498,0.08705621650727696,2.7895929440432323,-1.5301349319453301,-2.332491346928526,6.136282907434798
train,0,310,31.03103103103103,7,-10.0,2,2,0.2215642882661598,-35.9965592197231,-35.88758787591087,-2.3111522913791798,-12.536505101534294,-35.736398,-35.6057,-2.54179,-12.629034,0.38359436235866834,0.24850623672081062,0.23063770862082045,0.09252889846570689,63.31450232935407
train,0,310,31.03103103103103,11,-10.0,3,2,0.5084307229544826,-27.91877391593013,5.348054205227516,-1.1765155598313013,-12.399162182729365,-27.724558,5.068312,-1.887675,-11.96356,0.34055179251640205,0.8339646341060538,0.7111594401686987,-0.43560218272936524,40.623734233223644
train,0,310,31.03103103103103,12,-10.0,3,2,0.3295148121448753,-28.077603503434165,29.13961990784466,5.462477699425461,-11.553225071547262,-27.944997,29.111666,4.214601,-11.797269,0.1355208681968314,1.2715162979622512,1.2478766994254613,0.24404392845273826,27.839398611183857
train,0,310,31.03103103103103,13,-10.0,2,2,0.26676059227115184,34.525977290951,-6.464365045532508,-11.445639666870797,8.007146710239148,34.697922,-6.489202,-11.134524,8.399762,0.17372926430848012,0.5009388425012165,-0.31111566687079595,-0.3926152897608528,58.848196546905044
train,0,310,31.03103103103103,14,-10.0,2,2,0.24795353999359485,37.29795452377877,-4.131562981935721,-17.712929155707958,14.640127277013633,37.419822,-4.096912,-17.669735,14.786285,0.1266979570065851,0.15240674222580433,-0.04319415570795826,-0.14615772298636642,82.02121119972388
train,0,310,31.03103103103103,15,-10.0,1,1,5.694071265165427e-17,70.3098423045013,-34.99487895814919,-16.082865687091722,10.869719140625376,70.454525,-33.930564,-14.459796,13.00565,1.074104004515802,2.6826397158740556,-1.6230696870917214,-2.135930859374623,5.559395410218042
train,0,310,31.03103103103103,7,-5.0,2,2,0.2227052663431675,-35.88245079164693,-35.76352594300873,-2.412299533898212,-12.576793121408146,-35.736398,-35.6057,-2.54179,-12.629034,0.21503591847516307,0.1396312651497053,0.12949046610178838,0.05224087859185467,77.38378420932351
train,0,310,31.03103103103103,11,-5.0,3,2,0.5087074368092083,-27.83341873314615,5.225288613054224,-1.4870692458774661,-12.208392398502122,-27.724558,5.068312,-1.887675,-11.96356,0.19102962143891034,0.4694974692076478,0.40060575412253385,-0.24483239850212257,60.23762960935196
train,0,310,31.03103103103103,12,-5.0,3,2,0.3289650869158679,-28.019503888671156,29.126432448122845,4.912498654392439,-11.65956347460511,-27.944997,29.111666,4.214601,-11.797269,0.07595606920859371,0.7113536024585461,0.6978976543924391,0.13770552539489067,48.89978028043556
train,0,310,31.03103103103103,13,-5.0,2,2,0.26612270799791,34.60012189244873,-6.475495073848881,-11.309498890656275,8.178753959925862,34.697922,-6.489202,-11.134524,8.399762,0.09875596620737016,0.2818878609262689,-0.1749748906562747,-0.221008040074139,74.17920716336495
train,0,310,31.03103103103103,14,-5.0,2,2,0.24757030054696239,37.35120621511724,-4.116386034279661,-17.694028531690325,14.704075922502586,37.419822,-4.096912,-17.669735,14.786285,0.07132575934543901,0.08572343964730188,-0.024293531690325665,-0.08220907749741357,89.44768639084903
train,0,310,31.03103103103103,15,-5.0,1,1,3.601428497441853e-17,70.37443262411654,-34.52889198551483,-16.058597427533446,10.772131239442174,70.454525,-33.930564,-14.459796,13.00565,0.6036647802587953,2.7467748466968938,-1.598801427533445,-2.233518760557825,6.006505749934454
train,0,310,31.03103103103103,7,0.0,2,2,0.22334724225974284,-35.81844675148858,-35.69424997474753,-2.4690309033881204,-12.599589752539755,-35.736398,-35.6057,-2.54179,-12.629034,0.12071907740130629,0.07849108132951833,0.07275909661187985,0.029444247460245876,86.58939252101612
train,0,310,31.03103103103103,11,0.0,3,2,0.5088648155669725,-27.785663984830002,5.15648859114175,-1.6621687023515135,-12.101210491622131,-27.724558,5.068312,-1.887675,-11.96356,0.10728025264429644,0.2641983121122133,0.2255062976484865,-0.13765049162213217,75.19024122474764
train,0,310,31.03103103103103,12,0.0,3,2,0.32867699870591877,-27.986879733446244,29.119662831431757,4.605847856364785,-11.719700342959174,-27.944997,29.111666,4.214601,-11.797269,0.04263933247457128,0.39886213052938996,0.39124685636478507,0.0775686570408265,66.95598115857064
train,0,310,31.03103103103103,13,0.0,2,2,0.2657590923727778,34.64256399900761,-6.481569753438969,-11.232932602165754,8.27539930649595,34.697922,-6.489202,-11.134524,8.399762,0.05588165585808318,0.15858856363496004,-0.09840860216575287,-0.12436269350405027,84.52303851848367
train,0,310,31.03103103103103,14,0.0,2,2,0.24735474761981432,37.38120630120418,-4.107855396184202,-17.68339913650602,14.740045730021269,37.419822,-4.096912,-17.669735,14.786285,0.04013639387805209,0.04821595912787682,-0.013664136506019275,-0.046239269978730846,93.91921125757663
train,0,310,31.03103103103103,15,0.0,1,1,4.556145177642695e-17,70.40984303345897,-34.26706053408982,-16.044716969377706,10.717381698454885,70.454525,-33.930564,-14.459796,13.00565,0.33945013711654176,2.783549226981504,-1.5849209693777055,-2.2882683015451146,6.055697694593828
train,0,310,31.03103103103103,7,5.0,2,2,0.22370831802569477,-35.7824989759284,-35.655459959012404,-2.5008810555802747,-12.612452879831201,-35.736398,-35.6057,-2.54179,-12.629034,0.06783327724993746,0.04414153689653733,0.04090894441972548,0.016581120168799757,92.22573134890824
train,0,310,31.03103103103103,11,5.0,3,2,0.5089538013214746,-27.75888688439502,5.1178815125732795,-1.7607693341161892,-12.040972298466333,-27.724558,5.068312,-1.887675,-11.96356,0.060296010486262035,0.1486529918543656,0.1269056658838108,-0.07741229846633324,85.17892970354322
train,0,310,31.03103103103103,12,5.0,3,2,0.3285216629131247,-27.968558295752757,29.11605485608901,4.434270576779753,-11.753599428083492,-27.944997,29.111666,4.214601,-11.797269,0.023966574960117153,0.22396819969354284,0.21966957677975252,0.04366957191650833,79.83191156160433
train,0,310,31.03103103103103,13,5.0,2,2,0.26555314536627295,34.6666613767555,-6.48491613801349,-11.189879778835095,8.329785557386577,34.697922,-6.489202,-11.134524,8.399762,0.031553053395859086,0.08922423869817943,-0.05535577883509468,-0.06997644261342373,90.97011830203635
train,0,310,31.03103103103103,14,5.0,2,2,0.24723354340550865,37.39809119448569,-4.103056354533059,-17.67742291153348,14.760272620755257,37.419822,-4.096912,-17.669735,14.786285,0.022582758930851984,0.027124672490537197,-0.007687911533480474,-0.02601237924474198,96.5320716346872
train,0,310,31.03103103103103,15,5.0,1,1,2.882851754953909e-17,70.42943417064782,-34.11995957057911,-16.03683305969569,10.686646055763866,70.454525,-33.930564,-14.459796,13.00565,0.19105033858271236,2.80442956428511,-1.5770370596956909,-2.319003944236133,6.014904973155907
train,0,310,31.03103103103103,7,10.0,2,2,0.2239113021664412,-35.76228806864326,-35.63372125648733,-2.5187657957287874,-12.619698434067994,-35.736398,-35.6057,-2.54179,-12.629034,0.03815083838503655,0.024844854066655018,0.023024204271212767,0.009335565932007128,95.54933262824439
train,0,310,31.03103103103103,11,10.0,3,2,0.509003974507283,-27.743854412145602,5.096209094600222,-1.8162418134315574,-12.007119703690721,-27.724558,5.068312,-1.887675,-11.96356,0.033920486565300674,0.08366688669327553,0.07143318656844255,-0.04355970369072182,91.36739594870825
train,0,310,31.03103103103103,12,10.0,3,2,0.32843647168375545,-27.95827487909787,29.114080060676972,4.338094079590116,-11.772674968511717,-27.944997,29.111666,4.214601,-11.797269,0.013495546016733511,0.12591825559265538,0.12349307959011568,0.024594031488282653,88.10513251366486
train,0,310,31.03103103103103,13,10.0,2,2,0.2654369974288839,34.680272814793,-6.486761138343785,-11.165680456655867,8.360368656835748,34.697922,-6.489202,-11.134524,8.399762,0.017817169923860517,0.05022509608756831,-0.031156456655866194,-0.039393343164253025,94.81033522703514
train,0,310,31.03103103103103,14,10.0,2,2,0.24716542937648556,37.407586187468425,-4.100351537596239,-17.67406498899824,14.77164139209171,37.419822,-4.096912,-17.669735,14.786285,0.01271005614400971,0.015270365329507433,-0.0043299889982399975,-0.014643607908290335,98.03282614815025
train,0,310,31.03103103103103,15,10.0,1,1,0.0,70.44028992615873,-34.03740579839065,-16.03236651692513,10.66939910656396,70.454525,-33.930564,-14.459796,13.00565,0.10778593234098696,2.8162113322303886,-1.5725705169251292,-2.3362508934360395,5.9708956572649265
train,0,311,31.13113113113113,7,-10.0,2,2,0.21101069493590507,-36.338181969785815,-37.616669759535355,-1.5059905828912663,-12.890988405998536,-35.99553,-36.870733,-2.529404,-12.620704,0.8208727195029702,1.0585030384671348,1.0234134171087337,-0.2702844059985363,26.19765797479145
train,0,311,31.13113113113113,11,-10.0,3,2,0.5089946599593995,-27.753820754514926,4.217334788213904,-2.030711459264502,-11.937805327922241,-27.929505,3.87224,-1.98325,-12.011214,0.3872407093321394,0.08741523466613818,-0.04746145926450218,0.07340867207775936,67.23443647705413
train,0,311,31.13113113113113,12,-10.0,3,2,0.32559529281436006,-27.703441059984012,28.336015677367218,4.052245591613084,-11.772321089829259,-27.542411,27.926135,3.788994,-11.86793,0.4403780760862929,0.2800758186471275,0.26325159161308376,0.09560891017074091,59.33944735657391
train,0,311,31.13113113113113,13,-10.0,2,2,0.2759517447993544,33.51660761236779,-6.154023220362938,-10.463348173898027,9.344001216477395,33.586915,-5.658058,-11.00991,8.30382,0.5009237752046946,1.175034804958694,0.5465618261019731,1.0401812164773947,27.877415991185917
train,0,311,31.13113113113113,14,-10.0,2,2,0.26604824925854204,35.13004295097336,-3.2239963043159205,-18.094255200873867,14.54924046243442,35.641466,-2.614538,-17.706045,14.75563,0.7956085468214513,0.439663281704377,-0.3882102008738677,-0.20638953756557932,40.29234564649043
train,0,311,31.13113113113113,15,-10.0,1,1,-2.8472055408598934e-17,68.97964715401028,-33.219512897708796,-15.9681793958959,10.651443935112658,69.006049,-32.624261,-14.491415,13.01134,0.5958371247225132,2.7838718573340526,-1.4767643958959003,-2.3598960648873426,5.802264484591538
train,0,311,31.13113113113113,7,-5.0,2,2,0.21326155945391181,-36.18790851121813,-37.29012253270474,-1.9558509431851139,-12.771504326597013,-35.99553,-36.870733,-2.529404,-12.620704,0.46140770661184866,0.5930462439670836,0.5735530568148861,-0.1508003265970128,47.170602896040855
train,0,311,31.13113113113113,11,-5.0,3,2,0.5087228752881026,-27.830261669131808,4.066128570255539,-2.008561781120344,-11.969699474190246,-27.929505,3.87224,-1.98325,-12.011214,0.21781188304945664,0.048622444577509104,-0.025311781120343824,0.04151452580975423,79.9976494117707
train,0,311,31.13113113113113,12,-5.0,3,2,0.3252440783926198,-27.63207332657514,28.157196422004763,3.9350910642522736,-11.815041937543635,-27.542411,27.926135,3.788994,-11.86793,0.24784816631504497,0.15537534982590145,0.14609706425227342,0.05288806245636479,74.63774308869286
train,0,311,31.13113113113113,13,-5.0,2,2,0.27604830861745966,33.54738976882937,-5.936550373450948,-10.70421159311836,8.889377159766179,33.586915,-5.658058,-11.00991,8.30382,0.2812832130956878,0.6605518172887016,0.3056984068816391,0.5855571597661786,48.7752226634978
train,0,311,31.13113113113113,14,-5.0,2,2,0.2644607799578347,35.35203737501954,-2.9558599546551254,-17.92422749686246,14.637395442532032,35.641466,-2.614538,-17.706045,14.75563,0.44751492230726214,0.24815924829992544,-0.21818249686246105,-0.11823455746796796,59.94663906734557
train,0,311,31.13113113113113,15,-5.0,1,1,0.0,68.9915902924073,-32.9589082697528,-16.013243260755416,10.63824735558924,69.006049,-32.624261,-14.491415,13.01134,0.3349594742327119,2.81913638446073,-1.5218282607554166,-2.373092644410761,5.848611084658954
train,0,311,31.13113113113113,7,0.0,2,2,0.21454190318235472,-36.10363220299709,-37.106568068195415,-2.2074706280188487,-12.705133064688479,-35.99553,-36.870733,-2.529404,-12.620704,0.25943065679205884,0.3328203163259803,0.32193337198115124,-0.08442906468847866,65.57420974416681
train,0,311,31.13113113113113,11,0.0,3,2,0.5085664970110505,-27.873548376379798,3.981231860229474,-1.9970484406873015,-11.987794876598128,-27.929505,3.87224,-1.98325,-12.011214,0.12251681241059943,0.027181837802347054,-0.013798440687301516,0.023419123401872355,88.20593783582416
train,0,311,31.13113113113113,12,0.0,3,2,0.32511208899558247,-27.592545275768774,28.056249345323923,3.870541167258414,-11.838445910899658,-27.542411,27.926135,3.788994,-11.86793,0.1394388341386034,0.08671362060223635,0.08154716725841382,0.029484089100341393,84.85702221011837
train,0,311,31.13113113113113,13,0.0,2,2,0.27609743416595495,33.56468630498344,-5.814568256243294,-10.838513450103562,8.633321219971403,33.586915,-5.658058,-11.00991,8.30382,0.15808091343195335,0.3714132890447582,0.17139654989643738,0.32950121997140336,66.78744589775954
train,0,311,31.13113113113113,14,0.0,2,2,0.2635567031624594,35.478107871840656,-2.806077862551311,-17.828697726033436,14.688458062734698,35.641466,-2.614538,-17.706045,14.75563,0.2517407336564746,0.13984191202714183,-0.12265272603343647,-0.0671719372653019,74.9780913587494
train,0,311,31.13113113113113,15,0.0,1,1,4.5564041412218344e-17,68.99801939705074,-32.81246774345469,-16.038567226534198,10.63076067311826,69.006049,-32.624261,-14.491415,13.01134,0.1883779520149407,2.839161486010693,-1.5471522265341981,-2.3805793268817403,5.811078244953707
train,0,311,31.13113113113113,7,5.0,2,2,0.21526646590461837,-36.05632272754585,-37.00338284927759,-2.348524565536612,-12.66807255466084,-35.99553,-36.870733,-2.529404,-12.620704,0.14591688811042744,0.1869790089353671,0.18087943446338794,-0.047368554660840445,78.88517176178757
train,0,311,31.13113113113113,11,5.0,3,2,0.5084775616847194,-27.89798751112756,3.9335409320753265,-1.9908752476315688,-11.998019118314863,-27.929505,3.87224,-1.98325,-12.011214,0.06892863249860734,0.015239727823275857,-0.007625247631568799,0.013194881685137716,93.18408496536966
train,0,311,31.13113113113113,12,5.0,3,2,0.3250580555991746,-27.57051356369253,27.999383800382624,3.8346663675036874,-11.851428612563698,-27.542411,27.926135,3.788994,-11.86793,0.07845470568159886,0.04856192892292062,0.045672367503687195,0.016501387436301584,91.18606493691564
train,0,311,31.13113113113113,13,5.0,2,2,0.2761234267538567,33.57440468188829,-5.746096054235948,-10.913665843031108,8.489220788595357,33.586915,-5.658058,-11.00991,8.30382,0.08892247777085331,0.20889325063877265,0.09624415696889166,0.18540078859535747,79.6895161555424
train,0,311,31.13113113113113,14,5.0,2,2,0.26304491328872276,35.549376832166736,-2.7222173911621748,-17.77500414763564,14.717647974857353,35.641466,-2.614538,-17.706045,14.75563,0.14168721224330694,0.07872736675750623,-0.06895914763564193,-0.03798202514264659,85.03644156959602
train,0,311,31.13113113113113,15,5.0,1,1,0.0,69.00152737096809,-32.730190253043105,-16.0527979655471,10.626534765590952,69.006049,-32.624261,-14.491415,13.01134,0.10602571282181053,2.850475885034893,-1.5613829655471,-2.3848052344090487,5.77029454710811
train,0,311,31.13113113113113,7,10.0,2,2,0.21567516897528363,-36.02976553080483,-36.94539226368706,-2.427680144499929,-12.647321426968254,-35.99553,-36.870733,-2.529404,-12.620704,0.08213450690046381,0.10514861005362688,0.10172385550007101,-0.02661742696825442,87.5092846661934
train,0,311,31.13113113113113,11,10.0,3,2,0.5084272738762082,-27.911759525703154,3.906755179071477,-1.9875023209724447,-12.003781997850222,-27.929505,3.87224,-1.98325,-12.011214,0.038809785420124594,0.008562528225180258,-0.0042523209724447675,0.0074320021497786826,96.10362694189466
train,0,311,31.13113113113113,12,10.0,3,2,0.325033921807584,-27.558188027455238,27.96739689056587,3.814632225078349,-11.858676346028934,-27.542411,27.926135,3.788994,-11.86793,0.04417531220481798,0.027257085262079556,0.025638225078348675,0.009253653971065035,94.94165160170368
train,0,311,31.13113113113113,13,10.0,2,2,0.2761375231675105,33.57985985996494,-5.707673909087309,-10.955792949102896,8.408183327665723,33.586915,-5.658058,-11.00991,8.30382,0.05011500209991448,0.11756002449499048,0.05411705089710317,0.1043633276657232,88.00326975566153
train,0,311,31.13113113113113,14,10.0,2,2,0.2627562287933649,35.589544466527094,-2.6752514558869516,-17.74481822911325,14.73421892473846,35.641466,-2.614538,-17.706045,14.75563,0.07988722904141185,0.044292182602846564,-0.038773229113250096,-0.021411075261539736,91.270348464713
train,0,311,31.13113113113113,15,10.0,1,1,3.651908123818301e-17,69.00343665049013,-32.68401176346288,-16.060789456027543,10.62416210569764,69.006049,-32.624261,-14.491415,13.01134,0.05980784316758756,2.8568434472819124,-1.5693744560275427,-2.3871778943023614,5.741386722917301
train,0,312,31.23123123123123,7,-10.0,2,2,0.211404294224473,-36.198817090379336,-37.637050611805044,-2.7817091282204416,-13.402885952833794,-36.250796,-38.130313,-2.512686,-12.613719,0.4959935389227822,0.8337613105454628,-0.2690231282204416,-0.7891669528337939,37.90307722907856
train,0,312,31.23123123123123,11,-10.0,3,2,0.5063376153777511,-28.290389510671805,2.779567351879694,-1.4843099356870664,-12.875542031662881,-28.14198,2.674128,-2.06874,-12.063777,0.18205175028725853,1.0002604494347753,0.5844300643129337,-0.8117650316628815,36.17895527874014
train,0,312,31.23123123123123,12,-10.0,3,2,0.3285681978926731,-27.347234345919553,26.766100552246474,2.4242315863965542,-12.160296231584683,-27.188029,26.730587,3.364632,-11.935868,0.1631182226562301,0.96680968604879,-0.9404004136034456,-0.2244282315846835,37.51333853148899
train,0,312,31.23123123123123,13,-10.0,2,2,0.2834923189859554,32.839026925334,-5.274774164586169,-11.326009314380713,8.711282751563935,32.4893,-4.832944,-10.883031,8.210745,0.5634916296111345,0.6684069327529879,-0.4429783143807118,0.500537751563936,41.71801322765916
train,0,312,31.23123123123123,14,-10.0,2,2,0.27915401929917805,33.83063633002131,-0.7746744376731739,-18.327437373742608,14.411662568319318,33.861404,-1.137329,-17.735515,14.722228,0.3639573891163349,0.6684481908810078,-0.5919223737426087,-0.31056543168068096,46.714774862640475
train,0,312,31.23123123123123,15,-10.0,1,1,0.0,66.72881906402822,-32.08108545008203,-15.348880546177947,10.295685042043118,67.558161,-31.320375,-14.525026,13.013928,1.1253836837387636,2.840348762342443,-0.8238545461779463,-2.718242957956882,4.71146658787539
train,0,312,31.23123123123123,7,-5.0,2,2,0.21021059928677452,-36.221618826870255,-37.85132292455946,-2.6633415985118485,-13.057562022345545,-36.250796,-38.130313,-2.512686,-12.613719,0.2805116211962725,0.46871498572991177,-0.1506555985118485,-0.4438430223455452,57.912196886126054
train,0,312,31.23123123123123,11,-5.0,3,2,0.5063122648584428,-28.22495661809968,2.7332642828107785,-1.740122547337493,-12.520231119332369,-28.14198,2.674128,-2.06874,-12.063777,0.10189317492323154,0.5624409242310551,0.32861745266250697,-0.4564541193323688,56.46235675624306
train,0,312,31.23123123123123,12,-5.0,3,2,0.3281174180790867,-27.27890885902693,26.751298454169174,2.83314526878536,-12.064479900293716,-27.188029,26.730587,3.364632,-11.935868,0.09321004833469711,0.5468264499403658,-0.5314867312146396,-0.12861190029371627,57.42366465333486
train,0,312,31.23123123123123,13,-5.0,2,2,0.2852142197233768,32.68523188314329,-5.080238917255403,-11.133138689992071,8.490873816257754,32.4893,-4.832944,-10.883031,8.210745,0.3155060679803662,0.3755342997532186,-0.25010768999207045,0.2801288162577542,61.23327418905609
train,0,312,31.23123123123123,14,-5.0,2,2,0.27894967462841175,33.844079956660416,-0.9335831702014022,-18.068670560905915,14.548189943722603,33.861404,-1.137329,-17.735515,14.722228,0.2044810153484939,0.375874810003742,-0.33315556090591514,-0.17403805627739644,65.18796853671554
train,0,312,31.23123123123123,15,-5.0,1,1,7.203763498460337e-17,67.092442302048,-31.749425219704662,-15.683762774983133,10.427754477887795,67.558161,-31.320375,-14.525026,13.013928,0.6332282342494888,2.8338956226672423,-1.158736774983133,-2.5861735221122046,5.481558610862757
train,0,312,31.23123123123123,7,0.0,2,2,0.20953786473591632,-36.23441327497367,-37.972896893596804,-2.5972125015159317,-12.863344037877663,-36.250796,-38.130313,-2.512686,-12.613719,0.15826630795728772,0.26354769775876974,-0.08452650151593177,-0.24962503787766366,73.5343418555739
train,0,312,31.23123123123123,11,0.0,3,2,0.5063014326238658,-28.188490361614015,2.7073434305474997,-1.8839457927441436,-12.320464849894584,-28.14198,2.674128,-2.06874,-12.063777,0.057153115085025706,0.31628713429228367,0.18479420725585638,-0.2566878498945844,72.5126292504143
train,0,312,31.23123123123123,12,0.0,3,2,0.3278775440178369,-27.239570236149447,26.7424359825293,3.0649063846330464,-12.008951423596764,-27.188029,26.730587,3.364632,-11.935868,0.052885701383197516,0.3085071009097248,-0.2997256153669534,-0.07308342359676523,73.1244622508666
train,0,312,31.23123123123123,13,0.0,2,2,0.286179464188309,32.59926408130577,-4.971662836382323,-11.023997657255956,8.36786181618589,32.4893,-4.832944,-10.883031,8.210745,0.1770169899887785,0.21108598339612436,-0.14096665725595514,0.15711681618589068,75.9203376499264
train,0,312,31.23123123123123,14,0.0,2,2,0.2788323286721029,33.851651922000606,-1.0227901848569778,-17.92296844471228,14.624540348083979,33.861404,-1.137329,-17.735515,14.722228,0.11495322178901157,0.21138039471853826,-0.1874534447122791,-0.09768765191602036,78.6143684367303
train,0,312,31.23123123123123,15,0.0,1,1,-4.5566943809838066e-17,67.29640778320652,-31.5621387853802,-15.872637295226584,10.50088909809416,67.558161,-31.320375,-14.525026,13.013928,0.356320746551612,2.8515646100894125,-1.3476112952265833,-2.5130389019058406,5.648723313881013
train,0,312,31.23123123123123,7,5.0,2,2,0.20915912419251212,-36.24161256804857,-38.04159256433488,-2.5601701979406326,-12.754129095993509,-36.250796,-38.130313,-2.512686,-12.613719,0.08919445681776357,0.14822194206989622,-0.04748419794063263,-0.1404100959935093,84.1146378451623
train,0,312,31.23123123123123,11,5.0,3,2,0.5062964087497511,-28.16808346566698,2.692811416720258,-1.964806647473832,-12.208151674992067,-28.14198,2.674128,-2.06874,-12.063777,0.03210079407382466,0.17789375634460478,0.10393335252616809,-0.1443746749920667,83.46299404442547
train,0,312,31.23123123123123,12,5.0,3,2,0.3277471525420857,-27.2171740467196,26.737302217906638,3.195788571570189,-11.977209688829188,-27.188029,26.730587,3.364632,-11.935868,0.029908659278229468,0.173831063274612,-0.16884342842981104,-0.04134168882918843,83.82949441221642
train,0,312,31.23123123123123,13,5.0,2,2,0.2867211591283854,32.5510960494219,-4.910872641468126,-10.962415429554278,8.298988685355488,32.4893,-4.832944,-10.883031,8.210745,0.09945664827059908,0.11869640121240604,-0.0793844295542776,0.08824368535548821,85.65382894268481
train,0,312,31.23123123123123,14,5.0,2,2,0.27876560562070213,33.85591155379406,-1.072887705394855,-17.840986782797938,14.667333337539414,33.861404,-1.137329,-17.735515,14.722228,0.06467493653427325,0.11890214856442671,-0.10547178279793812,-0.05489466246058505,87.34071129027157
train,0,312,31.23123123123123,15,5.0,1,1,2.883190640089394e-17,67.4108893929994,-31.45664303842115,-15.9790061697759,10.541662117461065,67.558161,-31.320375,-14.525026,13.013928,0.20064372535339475,2.8681277740134887,-1.4539801697758996,-2.4722658825389345,5.640839077662472
train,0,312,31.23123123123123,7,10.0,2,2,0.2089460710282538,-36.24568013587748,-38.080302954008,-2.539396010347783,-12.692732954159538,-36.250796,-38.130313,-2.512686,-12.613719,0.05027103306917826,0.08340641225172298,-0.026710010347783086,-0.07901395415953871,90.72068126964717
train,0,312,31.23123123123123,11,10.0,3,2,0.5062939465602698,-28.15663548579087,2.684666705481532,-2.0102599806368553,-12.145021551783222,-28.14198,2.674128,-2.06874,-12.063777,0.01805124862697344,0.10010289635754985,0.05848001936314473,-0.08124455178322165,90.32847484795458
train,0,312,31.23123123123123,12,10.0,3,2,0.32767543223513573,-27.204512627179533,26.734366173282165,3.269540427423109,-11.95920069934537,-27.188029,26.730587,3.364632,-11.935868,0.016911301419182644,0.097912318090665,-0.09509157257689083,-0.023332699345370855,90.54148561281367
train,0,312,31.23123123123123,13,10.0,2,2,0.2870251979044216,32.524085363823865,-4.876793646933946,-10.92772950161796,8.260368883025242,32.4893,-4.832944,-10.883031,8.210745,0.05597153805810854,0.06678686857005453,-0.04469850161795996,0.04962388302524268,91.65491943037632
train,0,312,31.23123123123123,14,10.0,2,2,0.27872790846735646,33.858303396541615,-1.1010054966935934,-17.79488999109975,14.691338769737854,33.861404,-1.137329,-17.735515,14.722228,0.03645559811958496,0.0669293217826345,-0.05937499109975164,-0.030889230262145517,92.66180656931877
train,0,312,31.23123123123123,15,10.0,1,1,7.304254007566703e-17,67.47510477655305,-31.39738556319864,-16.038840140409693,10.564488511958555,67.558161,-31.320375,-14.525026,13.013928,0.1132650126801777,2.8794768721559607,-1.5138141404096928,-2.4494394880414454,5.603920934905933
train,0,633,63.36336336336337,20,-10.0,3,2,0.516773189890306,-0.9763077139024124,22.253986662552883,0.9058969746291667,0.44723444390756845,-1.186225,22.110729,0.061626,-0.089514,0.25414174171649256,1.000446085822959,0.8442709746291668,0.5367484439075685,35.62148930154714
train,0,633,63.36336336336337,21,-10.0,3,2,0.38936016629235337,20.94484492480743,3.4038457020981365,0.26842383718867985,-0.7528438148295523,21.198606,3.768494,0.082926,-0.080438,0.44425562961612086,0.6975234959614423,0.18549783718867985,-0.6724058148295523,43.73665136850324
train,0,633,63.36336336336337,22,-10.0,2,2,0.14837806501386452,-44.533862049899774,60.92457789277698,-12.969765863382957,9.560881688344667,-44.34133,61.032388,-13.056179,10.318616,0.22066175350079997,0.7626457350826648,0.0864131366170433,-0.7577343116553337,45.20660287233349
train,0,633,63.36336336336337,23,-10.0,2,2,0.37596256419804813,25.23866991894657,-0.38538391662101185,-0.25906002331714334,-0.9228725463407933,25.627482,0.189562,-0.010631,-0.020835,0.6940732248201732,0.9356221003347605,-0.24842902331714334,-0.9020375463407933,31.19358682536116
train,0,633,63.36336336336337,24,-10.0,2,2,0.2490420180821429,-26.35822150841414,47.364925116944654,-13.899399348203945,9.20519181459281,-26.77197,47.219205,-12.869042,10.185361,0.43865951120651375,1.4220998196398376,-1.0303573482039443,-0.9801691854071901,22.57748363925174
train,0,633,63.36336336336337,25,-10.0,2,2,0.33277134659434554,27.90079041343988,-6.233751695634814,12.968088724408613,-9.904253608514574,27.929155,-6.18027,12.217616,-9.649577,0.06053793470792945,0.7925083501173802,0.7504727244086133,-0.25467660851457374,45.166380710841445
train,0,633,63.36336336336337,26,-10.0,3,2,0.6073425143448692,-5.4260516849563,30.215916811409272,-11.67754715565421,10.271339443966218,-5.48817,29.949611,-12.490119,9.992139,0.27345469506706005,0.8592007274987911,0.8125718443457899,0.2792004439662179,40.589247687405475
train,0,633,63.36336336336337,27,-10.0,3,2,0.3870346552024306,10.83122730504908,6.706508360117601,11.55562070363394,-9.774178225207859,10.840234,7.067017,11.957691,-9.555542,0.36062113080599717,0.4576705389174979,-0.40207029636606073,-0.21863622520785775,55.84027517229785
train,0,633,63.36336336336337,28,-10.0,3,2,0.5064273653779916,-5.876498556298882,20.787259561035437,12.178940765774337,-9.539057127216651,-5.885397,20.632858,11.833365,-9.652956,0.15465776524469188,0.363862011086396,0.3455757657743366,0.11389887278334854,67.34332504706498
train,0,633,63.36336336336337,29,-10.0,2,2,0.21296799246490575,40.484130007747105,-12.531849827519968,-4.887376708750524,3.7323526774642817,40.787833,-12.055112,-5.06777,4.129811,0.5652561045153085,0.43648007707193887,0.18039329124947656,-0.39745832253571844,48.96015550493231
train,0,633,63.36336336336337,30,-10.0,2,2,0.23030310577769844,39.487008266089695,-5.956866020517102,-12.16838292895448,11.011240814329359,39.281369,-5.681813,-12.080092,10.065296,0.3434263703524971,0.9500562509095183,-0.08829092895448021,0.9459448143293585,36.413812067520006
train,0,633,63.36336336336337,31,-10.0,3,2,0.4393873307738907,-22.638019143271276,-7.96827361751226,1.7957207274318643,5.265092352737792,-22.844433,-7.423186,2.095566,5.165834,0.5828612107653222,0.3158471276894558,-0.29984527256813553,0.09925835273779171,51.5335128698865
train,0,633,63.36336336336337,32,-10.0,2,2,0.3282654710935969,-26.796660535687927,38.443748848456956,12.932559312872868,-9.160172114441355,-26.872287,38.215971,11.950694,-10.078419,0.24000439652644617,1.344335090467063,0.981865312872868,0.918246885558645,25.52297750371172
train,0,633,63.36336336336337,33,-10.0,2,2,0.26162137749168596,-34.44826643311929,-30.58905165975704,-1.1163142867997455,-10.101243035193672,-34.423445,-30.894058,-2.003923,-10.057872,0.3060146583588772,0.888667696297543,0.8876087132002544,-0.04337103519367247,39.067454076687866
train,0,633,63.36336336336337,34,-10.0,2,2,0.15776298780259912,50.93039390928621,-15.918936156848538,-10.892422760074837,11.977660013853885,50.55349,-16.327872,-11.821647,10.251688,0.5561340491727028,1.9602135293562628,0.9292242399251638,1.7259720138538857,13.034408430728655
train,0,633,63.36336336336337,35,-10.0,2,2,0.17974883492234528,-43.92096879093389,52.30784897237837,11.872405705394382,-9.08658847057135,-43.845438,52.398082,11.500644,-9.924864,0.11767285010937995,0.917012883680825,0.37176170539438225,0.8382755294286497,39.67170157250039
train,0,633,63.36336336336337,36,-10.0,1,1,0.0,74.94368846976187,-39.55016115489768,-12.136773260719194,8.36667292933037,75.226463,-38.261823,-11.052474,9.926121,1.3190059273242682,1.8993638861238307,-1.0842992607191935,-1.5594480706696299,9.901975497089968
train,0,633,63.36336336336337,20,-5.0,3,2,0.5161511094626996,-1.0689912543928677,22.190578533820226,0.5363827461023536,0.21260282757043497,-1.186225,22.110729,0.061626,-0.089514,0.14184392535595358,0.5627331032300469,0.4747567461023536,0.30211682757043495,55.971105751460136
train,0,633,63.36336336336337,21,-5.0,3,2,0.38648629098224563,21.056143458230178,3.5671879444691794,0.18692781237480932,-0.46050491584211584,21.198606,3.768494,0.082926,-0.080438,0.24661651161448336,0.39403963949707266,0.10400181237480932,-0.3800669158421158,62.822837379684856
train,0,633,63.36336336336337,22,-5.0,2,2,0.14836485428284596,-44.44816589949598,60.97131296057588,-13.007900370355541,9.892623284666858,-44.34133,61.032388,-13.056179,10.318616,0.12306124435326296,0.42871974481851305,0.04827862964445906,-0.42599271533314287,64.01631828592251
train,0,633,63.36336336336337,23,-5.0,2,2,0.3737289408550049,25.40839366601074,-0.1343904131849932,-0.14851011028918434,-0.5296503597575032,25.627482,0.189562,-0.010631,-0.020835,0.3910816591181068,0.5271657418490834,-0.13787911028918434,-0.5088153597575031,51.87202428018942
train,0,633,63.36336336336337,24,-5.0,2,2,0.24915259687672303,-26.538678671208245,47.300355808670545,-13.446944710916531,9.632946064801507,-26.77197,47.219205,-12.869042,10.185361,0.24700262718705127,0.7994584441451796,-0.5779027109165309,-0.5524149351984935,43.311753717628335
train,0,633,63.36336336336337,25,-5.0,2,2,0.33268600275610893,27.912774484823473,-6.210541531502387,12.63968885668509,-9.792691155191218,27.929155,-6.18027,12.217616,-9.649577,0.03441928088947379,0.44567606820022204,0.42207285668509087,-0.14311415519121695,63.95418732885014
train,0,633,63.36336336336337,26,-5.0,3,2,0.6041355501324539,-5.453016530553763,30.09947171323974,-12.03271595135918,10.150212001798174,-5.48817,29.949611,-12.490119,9.992139,0.15392855416338785,0.48394692147321516,0.4574030486408205,0.15807300179817396,60.179573560824004
train,0,633,63.36336336336337,27,-5.0,3,2,0.386848535549586,10.835004929797353,6.864988645208317,11.730692035915114,-9.675131556919682,10.840234,7.067017,11.957691,-9.555542,0.2020960150894079,0.25657395000244543,-0.22699896408488662,-0.11958955691968143,72.13662363557746
train,0,633,63.36336336336337,28,-5.0,3,2,0.5066762804499811,-5.880296939126784,20.719594843016694,12.027234256342831,-9.58988095058111,-5.885397,20.632858,11.833365,-9.652956,0.08688665350566377,0.20387189706803055,0.1938692563428308,0.06307504941888986,80.1224078458629
train,0,633,63.36336336336337,29,-5.0,2,2,0.21261332648424575,40.616554082163226,-12.324242403076818,-4.965743120817239,3.906418981973997,40.787833,-12.055112,-5.06777,4.129811,0.31901040979194845,0.24558802453194634,0.10202687918276165,-0.22339201802600295,66.85841612784962
train,0,633,63.36336336336337,30,-5.0,2,2,0.2310564027526983,39.39712689095928,-5.836316764325624,-12.13055654139764,10.596547316766419,39.281369,-5.681813,-12.080092,10.065296,0.19305776987764203,0.5336427939216716,-0.05046454139763945,0.5312513167664186,56.69461740137345
train,0,633,63.36336336336337,31,-5.0,3,2,0.4422781466964415,-22.726713781777125,-7.7294146817871425,1.9267259315584684,5.221520208197651,-22.844433,-7.423186,2.095566,5.165834,0.32807593616127256,0.17778617070732225,-0.16884006844153143,0.0556862081976508,68.85611843556393
train,0,633,63.36336336336337,32,-5.0,2,2,0.32918858596084466,-26.829830711858957,38.34371261425935,12.501606426532252,-9.56177695486992,-26.872287,38.215971,11.950694,-10.078419,0.13461224467447125,0.7552638641586431,0.5509124265322516,0.5166420451300802,46.43270208934499
train,0,633,63.36336336336337,33,-5.0,2,2,0.26075056282314235,-34.4372469408658,-30.72238921454629,-1.5042501524985332,-10.082162376663959,-34.423445,-30.894058,-2.003923,-10.057872,0.1722227205417895,0.5002629078081854,0.4996728475014667,-0.02429037666395928,58.91478511854088
train,0,633,63.36336336336337,34,-5.0,2,2,0.15810347524891663,50.76568177307827,-16.09825420866443,-11.297092127067822,11.220204043584438,50.55349,-16.327872,-11.821647,10.251688,0.31264945011934275,1.1014450242283305,0.5245548729321783,0.9685160435844384,31.823700576637243
train,0,633,63.36336336336337,35,-5.0,2,2,0.17968094844872734,-43.88721614971077,52.34590448484068,11.710043160695193,-9.453577329682556,-43.845438,52.398082,11.500644,-9.924864,0.06684240331897398,0.5157122590347781,0.2093991606951935,0.4712866703174434,59.450509045157105
train,0,633,63.36336336336337,36,-5.0,1,1,0.0,75.0692529237279,-38.98623962947006,-12.1621781340647,8.309199099552892,75.226463,-38.261823,-11.052474,9.926121,0.7412789361193561,1.9610914556200008,-1.1097041340646996,-1.6169219004471085,12.288396231991513
train,0,633,63.36336336336337,20,0.0,3,2,0.5158175948065306,-1.1205433819117296,22.155426950021724,0.32861329726236704,0.0804721295724012,-1.186225,22.110729,0.061626,-0.089514,0.07944798103688983,0.3165082955413155,0.26698729726236703,0.1699861295724012,72.15690056617854
train,0,633,63.36336336336337,21,0.0,3,2,0.3849466307303865,21.118640614142983,3.6565016613484698,0.1413124214294606,-0.29477628077388285,21.198606,3.768494,0.082926,-0.080438,0.13761085295826395,0.22214831264819998,0.0583864214294606,-0.21433828077388284,77.00367127015653
train,0,633,63.36336336336337,22,0.0,2,2,0.1483546761318212,-44.40097300023313,60.99788850026135,-13.02912858458633,10.079082634728714,-44.34133,61.032388,-13.056179,10.318616,0.06890212593981657,0.24105592308059937,0.027050415413670592,-0.23953336527128677,77.82480976432396
train,0,633,63.36336336336337,23,0.0,2,2,0.3724678281119641,25.5041269340974,0.007172974046508212,-0.08759142642127606,-0.3074756111731692,25.627482,0.189562,-0.010631,-0.020835,0.22018680494547918,0.29679243118494886,-0.07696042642127605,-0.2866406111731692,69.10445075637583
train,0,633,63.36336336336337,24,0.0,2,2,0.24920660123355345,-26.64055833289276,47.26460538985963,-13.193563665561317,9.874311767280327,-26.77197,47.219205,-12.869042,10.185361,0.1390331674504705,0.44951744859814824,-0.324521665561317,-0.31104923271967344,62.46726466194136
train,0,633,63.36336336336337,25,0.0,2,2,0.33263478521737916,27.919809940720484,-6.197363765039485,12.45499332219151,-9.730030074541029,27.929155,-6.18027,12.217616,-9.649577,0.01948145107949681,0.2506405599537248,0.2373773221915112,-0.0804530745410279,77.77139205149113
train,0,633,63.36336336336337,26,0.0,3,2,0.6023509968090739,-5.468325902869665,30.0339316231753,-12.232741555645212,10.081372179462097,-5.48817,29.949611,-12.490119,9.992139,0.0866242211138938,0.27240724876463285,0.2573774443547876,0.08923317946209686,75.13763095432965
train,0,633,63.36336336336337,27,0.0,3,2,0.3867622035595783,10.83724195916707,6.953594592481041,11.829761855543934,-9.621731804449032,10.840234,7.067017,11.957691,-9.555542,0.11346186511662285,0.14403803738687287,-0.12792914445606662,-0.06618980444903144,83.24691816816421
train,0,633,63.36336336336337,28,0.0,3,2,0.5068216363261046,-5.882497317028936,20.68161384330511,11.942245897995825,-9.617792282483787,-5.885397,20.632858,11.833365,-9.652956,0.04884199440773671,0.1144182545660312,0.10888089799582445,0.0351637175162125,88.30204645162138
train,0,633,63.36336336336337,29,0.0,2,2,0.21241049566233267,40.691347181593926,-12.206827685694257,-5.010205669308301,4.004219852389213,40.787833,-12.055112,-5.06777,4.129811,0.17979755960292848,0.13815494390783742,0.057564330691699084,-0.1255911476107867,79.71228700242233
train,0,633,63.36336336336337,30,0.0,2,2,0.23148098501816344,39.34650731817496,-5.768656570523698,-12.108727924497327,10.363839657029388,39.281369,-5.681813,-12.080092,10.065296,0.10855784741770946,0.2999138731774462,-0.028635924497326215,0.2985436570293878,72.6907295944228
train,0,633,63.36336336336337,31,0.0,3,2,0.44388008867057,-22.777696982844937,-7.595327658278954,2.0005417568664687,5.19710888689478,-22.844433,-7.423186,2.095566,5.165834,0.18462515132220977,0.10003861920969166,-0.09502424313353108,0.03127488689477964,81.05954945614087
train,0,633,63.36336336336337,32,0.0,2,2,0.3297060817257511,-26.848420334497643,38.2877092696086,12.260122811157691,-9.787789403940753,-26.872287,38.215971,11.950694,-10.078419,0.07560421316723594,0.42451354663900087,0.30942881115769083,0.2906295960592473,64.97332401198886
train,0,633,63.36336336336337,33,0.0,2,2,0.2602610042973345,-34.43116783751775,-30.797457103099713,-1.72275312083765,-10.071500986989392,-34.423445,-30.894058,-2.003923,-10.057872,0.09690910948546354,0.28150000041656736,0.2811698791623498,-0.013628986989392189,74.25136683675565
train,0,633,63.36336336336337,34,0.0,2,2,0.15829483418935064,50.672903579762185,-16.19883510144537,-11.526017837564526,10.795697417822568,50.55349,-16.327872,-11.821647,10.251688,0.17581275329229842,0.619146871398015,0.29562916243547477,0.5440094178225685,52.5384517885273
train,0,633,63.36336336336337,35,0.0,2,2,0.17963770217702874,-43.86873475629003,52.368268908730535,11.618517964946792,-9.659855722537475,-43.845438,52.398082,11.500644,-9.924864,0.037835952012320796,0.2900407880556314,0.11787396494679214,0.265008277462524,74.63965617580007
train,0,633,63.36336336336337,36,0.0,1,1,4.555391427765388e-17,75.13856919942111,-38.6692808925643,-12.176329202885228,8.276847777518421,75.226463,-38.261823,-11.052474,9.926121,0.41683000658918856,1.9957837256193287,-1.1238552028852276,-1.649273222481579,13.017862963870805
train,0,633,63.36336336336337,20,5.0,3,2,0.5156351904944169,-1.149350188707459,22.135837562862513,0.21179538581657573,0.0061223917050040955,-1.186225,22.110729,0.061626,-0.089514,0.04461156393673389,0.17803697328049742,0.15016938581657574,0.0956363917050041,83.231762119853
train,0,633,63.36336336336337,21,5.0,3,2,0.3841056381782933,21.15369544184132,3.7058733340561907,0.1157337197477534,-0.2011812930449829,21.198606,3.768494,0.082926,-0.080438,0.0770604051207255,0.12512109850218606,0.0328077197477534,-0.1207432930449829,86.33392205464554
train,0,633,63.36336336336337,22,5.0,2,2,0.1483481003477983,-44.37477009125131,61.01291168659111,-13.04099947452321,10.183893272861848,-44.34133,61.032388,-13.056179,10.318616,0.03869840419057328,0.13557518652482686,0.0151795254767908,-0.13472272713815237,86.84979424627815
train,0,633,63.36336336336337,23,5.0,2,2,0.3717572258835276,25.55804397098359,0.08690853472049236,-0.05373471090892131,-0.18221696264187898,25.627482,0.189562,-0.010631,-0.020835,0.12393294076868727,0.1670391204486682,-0.04310371090892131,-0.16138196264187898,81.22120319372156
train,0,633,63.36336336336337,24,5.0,2,2,0.2492343336546501,-26.697958280573157,47.24468981147542,-13.05141983694414,10.010290084199587,-26.77197,47.219205,-12.869042,10.185361,0.07827649857048453,0.25280724073415795,-0.18237783694413956,-0.17507091580041312,76.74758404332783
train,0,633,63.36336336336337,25,5.0,2,2,0.3326049230250154,27.923861854739457,-6.189921654713562,12.351134039161522,-9.694822447750848,27.929155,-6.18027,12.217616,-9.649577,0.01100780747737904,0.14097594590465612,0.1335180391615225,-0.04524544775084749,86.81375983173612
train,0,633,63.36336336336337,26,5.0,3,2,0.6013537602499174,-5.476975681866674,29.99706794507676,-12.345309962249596,10.0424361344029,-5.48817,29.949611,-12.490119,9.992139,0.04875935186698825,0.15329533307749896,0.1448090377504041,0.05029713440289996,85.14086299770248
train,0,633,63.36336336336337,27,5.0,3,2,0.3867194553158662,10.83853396315983,7.003238236456581,11.88566058949327,-9.59243993439964,10.840234,7.067017,11.957691,-9.555542,0.0638014169465324,0.08093106696892204,-0.07203041050673065,-0.03689793439963829,90.20768091156643
train,0,633,63.36336336336337,28,5.0,3,2,0.506905046201894,-5.88375387089444,20.660284282816257,11.894560336705942,-9.633274791842263,-5.885397,20.632858,11.833365,-9.652956,0.027475459275049297,0.06428233963618353,0.06119533670594102,0.019681208157736663,93.24796601893459
train,0,633,63.36336336336337,29,5.0,2,2,0.21229533541917237,40.733501666410945,-12.140623837155445,-5.035329687135318,4.059187032914799,40.787833,-12.055112,-5.06777,4.129811,0.10131223076837562,0.07771820009244913,0.032440312864681964,-0.07062396708520069,88.0127724670986
train,0,633,63.36336336336337,30,5.0,2,2,0.23172001247090188,39.31802222302444,-5.730659738424498,-12.096277479840216,10.233149304987224,39.281369,-5.681813,-12.080092,10.065296,0.06106932628407629,0.16863185272300144,-0.016185479840215677,0.16785330498722395,83.58139150228239
train,0,633,63.36336336336337,31,5.0,3,2,0.4447728933661284,-22.806700677819165,-7.520025569858263,2.0420911309685876,5.183411715524292,-22.844433,-7.423186,2.095566,5.165834,0.10393089255602293,0.05628976550830183,-0.05347486903141219,0.01757771552429155,88.85223599328732
train,0,633,63.36336336336337,32,5.0,2,2,0.32999652158454523,-26.858842220116216,38.25630591773925,12.124609523683965,-9.914928373224692,-26.872287,38.215971,11.950694,-10.078419,0.04251667549509255,0.23869602933783982,0.17391552368396468,0.16349062677530846,78.47006196994616
train,0,633,63.36336336336337,33,5.0,2,2,0.2599857969294222,-34.42779549248506,-30.83968506819467,-1.8457262843934292,-10.06552734226111,-34.423445,-30.894058,-2.003923,-10.057872,0.05454670015656197,0.15838183321909408,0.15819671560657067,-0.007655342261109865,84.57667774131357
train,0,633,63.36336336336337,34,5.0,2,2,0.15840239746782578,50.62069191776024,-16.255297476511394,-11.655169701092257,10.557460895624075,50.55349,-16.327872,-11.821647,10.251688,0.09890985395931289,0.34815478561977276,0.16647729890774343,0.3057728956240755,69.63295806926087
train,0,633,63.36336336336337,35,5.0,2,2,0.17961178915912598,-43.85852316616384,52.381133817343226,11.566985652859165,-9.775809821589249,-43.845438,52.398082,11.500644,-9.924864,0.02141173670916856,0.16315134999683542,0.06634165285916538,0.14905417841075064,84.82750251425128
train,0,633,63.36336336336337,36,5.0,1,1,0.0,75.17709445144439,-38.49117987741684,-12.184238196677317,8.258655030464945,75.226463,-38.261823,-11.052474,9.926121,0.23460995461593454,2.015274908402854,-1.1317641966773166,-1.6674659695350549,13.148202753741742
train,0,633,63.36336336336337,20,10.0,3,2,0.5155344207624344,-1.165480067200474,22.124907369309962,0.14613140971816624,-0.03568803054344718,-1.186225,22.110729,0.061626,-0.089514,0.025127244042006787,0.10019181233799947,0.08450540971816624,0.05382596945655282,90.18612317717
train,0,633,63.36336336336337,21,10.0,3,2,0.3836414004513998,21.173364377554588,3.7333339896469577,0.10137786656216173,-0.14844256937665729,21.198606,3.768494,0.082926,-0.080438,0.043282396325791096,0.07046341487419139,0.01845186656216173,-0.06800456937665729,92.06319213882963
train,0,633,63.36336336336337,22,10.0,2,2,0.1483441546642106,-44.36017134198352,61.02136316677156,-13.047654990950546,10.242795808117169,-44.34133,61.032388,-13.056179,10.318616,0.021829867508874806,0.07629783894334478,0.008524009049454051,-0.07582019188283162,92.37079483333112
train,0,633,63.36336336336337,23,10.0,2,2,0.37135741309027964,25.58837248312459,0.13177392256871123,-0.03482881842006386,-0.11170022393848557,25.627482,0.189562,-0.010631,-0.020835,0.06977833620424463,0.09403203357197754,-0.02419781842006386,-0.09086522393848556,88.95014442671555
train,0,633,63.36336336336337,24,10.0,2,2,0.24924900520737048,-26.73023794451881,47.233571340117564,-12.97161738770116,10.086813604988272,-26.77197,47.219205,-12.869042,10.185361,0.0441356565948514,0.14224380206406484,-0.10257538770115993,-0.09854739501172816,86.16262144890212
train,0,633,63.36336336336337,25,10.0,2,2,0.33258772748640436,27.926173801640594,-6.185739763344443,12.292747709216712,-9.675042098377514,27.929155,-6.18027,12.217616,-9.649577,0.00622943454113928,0.0793299751998013,0.07513170921671275,-0.025465098377512874,92.35095074461888
train,0,633,63.36336336336337,26,10.0,3,2,0.6007955161348868,-5.481843906783431,29.97635458629484,-12.408620581985645,10.02047731518271,-5.48817,29.949611,-12.490119,9.992139,0.027481609547007613,0.08628471617984972,0.08149841801435542,0.028338315182709906,91.3423675160439
train,0,633,63.36336336336337,27,10.0,3,2,0.38669727787031505,10.839269975696077,7.0310553281989465,11.917149682337632,-9.576211629648334,10.840234,7.067017,11.957691,-9.555542,0.035974590777175394,0.045506395458224734,-0.04054131766236857,-0.0206696296483333,94.36417870606488
train,0,633,63.36336336336337,28,10.0,3,2,0.5069524331363076,-5.884464620049463,20.648310545900923,11.867787350822656,-9.641910824267152,-5.885397,20.632858,11.833365,-9.652956,0.015480649443493493,0.036150990901045434,0.034422350822655545,0.011045175732848023,96.14371027003125
train,0,633,63.36336336336337,29,10.0,2,2,0.21223019724364905,40.75722172148602,-12.103399152464284,-5.049489085848077,4.090080923122257,40.787833,-12.055112,-5.06777,4.129811,0.0571725411834175,0.043734092318708694,0.0182809141519229,-0.03973007687774288,93.0547891320126
train,0,633,63.36336336336337,30,10.0,2,2,0.23185443892719876,39.30200522424637,-5.709327023580938,-12.089221518405665,10.159736865249526,39.281369,-5.681813,-12.080092,10.065296,0.034392953417219846,0.09488111052995996,-0.009129518405664783,0.09444086524952588,90.40033171499694
train,0,633,63.36336336336337,31,10.0,3,2,0.4452718877980759,-22.8230894489109,-7.477756537806775,2.0654576290981517,5.175721285822363,-22.844433,-7.423186,2.095566,5.165834,0.05859599619098285,0.03169025748232978,-0.030108370901848147,0.00988728582236309,93.5553881547052
train,0,633,63.36336336336337,32,10.0,2,2,0.33015956160688575,-26.86467261140815,38.23869318859119,12.048516080361638,-9.98641703567486,-26.872287,38.215971,11.950694,-10.078419,0.02396407244191298,0.1342889453602313,0.09782208036163809,0.0920019643251404,87.2484490134123
train,0,633,63.36336336336337,33,10.0,2,2,0.2598311464502481,-34.42592898657066,-30.8634129751186,-1.9148910663958754,-10.062175517473442,-34.423445,-30.894058,-2.003923,-10.057872,0.03074553202117249,0.0891358820225248,0.08903193360412454,-0.004303517473442042,91.0019353663056
train,0,633,63.36336336336337,34,10.0,2,2,0.15846285214066097,50.5913363730887,-16.28698735619946,-11.72790736848056,10.423684082503755,50.55349,-16.327872,-11.821647,10.251688,0.05571267409365972,0.19588203315781408,0.09373963151944054,0.17199608250375498,81.57471310468067
train,0,633,63.36336336336337,35,10.0,2,2,0.17959673030119624,-43.852874862038284,52.388432714545615,11.538000344781736,-9.840975084370664,-43.845438,52.398082,11.500644,-9.924864,0.012182595238974823,0.0918305322913779,0.03735634478173644,0.08388891562933587,91.15260528399413
train,0,633,63.36336336336337,36,10.0,1,1,0.0,75.19853507130597,-38.3912238792486,-12.188659750391388,8.24844131613198,75.226463,-38.261823,-11.052474,9.926121,0.13238034881148072,2.0262100535373766,-1.1361857503913875,-1.6776796838680195,13.126594285490759
train,0,634,63.46346346346347,20,-10.0,3,2,0.5136795146219567,-1.4249838211696844,21.881380197223837,0.4959046557382172,0.07868988635834777,-1.179616,22.100839,0.062738,-0.094419,0.32919224441275213,0.46647619251110606,0.43316665573821717,0.17310888635834776,56.49965248163406
train,0,634,63.46346346346347,21,-10.0,3,2,0.3859857639156163,21.380019510280068,3.813170991177289,0.6680345404058532,-0.2101594259405446,21.208601,3.75978,0.082556,-0.081451,0.17954081320282175,0.5994589061677714,0.5854785404058532,-0.1287084259405446,53.485037992888195
train,0,634,63.46346346346347,22,-10.0,2,2,0.14422857230262995,-45.44199545986781,61.83322868202162,-13.259564736094697,9.799923932308465,-45.652019,62.067837,-13.068797,10.332257,0.31488243881534833,0.5654828238705195,-0.19076773609469733,-0.5323330676915354,52.34877411072142
train,0,634,63.46346346346347,23,-10.0,2,2,0.37128345929059625,25.586155264817787,-0.11129886793600445,-0.2012098782280096,0.925240410200452,25.633448,0.183369,0.010212,-0.037213,0.29843886341253484,0.9854013280891897,-0.2114218782280096,0.962453410200452,35.714886009168275
train,0,634,63.46346346346347,24,-10.0,2,2,0.23971312204016065,-27.78578598405301,48.233965069823675,-12.957262202654425,9.62955228859072,-28.061222,48.236672,-12.879591,10.196326,0.27544931721049926,0.5720710232710917,-0.07767120265442529,-0.5667737114092795,52.99719686298352
train,0,634,63.46346346346347,25,-10.0,2,2,0.3189402352093588,28.937743310275074,-7.112324581064796,12.733774099007146,-9.610496264071111,29.156905,-7.149554,12.238948,-9.655661,0.22230131775888504,0.496883005978425,0.49482609900714536,0.045164735928889144,58.02221739272386
train,0,634,63.46346346346347,26,-10.0,2,2,0.516722906957541,-6.98290054598996,31.339597898544074,-12.701147873853932,10.02466643095342,-6.744156,30.952335,-12.520666,10.027567,0.4549412168936869,0.1805051802320934,-0.18048187385393177,-0.0029005690465790934,61.29682351929316
train,0,634,63.46346346346347,27,-10.0,3,2,0.37171243285428535,12.103365431387758,5.883548487166715,12.487806082221297,-9.41087673969918,12.040887,6.110273,11.989692,-9.567942,0.23517559207571956,0.5222902783898337,0.4981140822212975,0.15706526030082024,56.39467154945576
train,0,634,63.46346346346347,28,-10.0,3,2,0.5110481449091494,-4.965210493352356,19.89276408858479,12.219231135356393,-9.742126823355742,-4.704324,19.665057,11.849047,-9.648027,0.34628352632698317,0.3819568965539722,0.37018413535639283,-0.09409982335574085,59.716537107601134
train,0,634,63.46346346346347,29,-10.0,2,2,0.2181789753309451,39.91258218399741,-11.665610991931201,-4.824095623018388,4.790401465027773,40.289615,-11.649046,-4.933796,4.014755,0.3773965332386129,0.7833655669098482,0.10970037698161228,0.7756464650277728,41.914673516572506
train,0,634,63.46346346346347,30,-10.0,2,2,0.24109277836052354,38.082428733052744,-5.107962872314545,-12.5710418018741,10.847492842000097,38.067442,-4.676503,-12.120307,10.084512,0.4317200754948479,0.8861724588812616,-0.4507348018741002,0.762980842000097,37.316288894860186
train,0,634,63.46346346346347,31,-10.0,3,2,0.45660257511157243,-22.404340312043757,-6.8139357323478595,2.76132991913333,4.599107307722694,-22.633954,-6.918791,2.096639,5.063863,0.25242240956632267,0.8110560224068795,0.6646909191333297,-0.46475569227730595,42.7659227173993
train,0,634,63.46346346346347,32,-10.0,2,2,0.3509048087452503,-25.405196655422742,37.00695908971535,11.726843483034232,-9.262390692850463,-25.673471,37.205628,11.9748,-10.083634,0.3338269909280038,0.8578595478536705,-0.24795651696576826,0.8212433071495369,39.83104818547995
train,0,634,63.46346346346347,33,-10.0,2,2,0.2560853957186397,-34.16717231995453,-31.59924990300731,-2.5740698825764774,-9.107650223216545,-34.626116,-31.889128,-2.030107,-10.062103,0.542824660981596,1.0985789551646066,-0.5439628825764773,0.9544527767834552,29.364870699578173
train,0,634,63.46346346346347,34,-10.0,2,2,0.16602525432188975,49.29790209684534,-14.662929593124275,-11.146945343395238,8.012190598943564,49.365464,-15.301751,-11.868477,10.263698,0.6423841534787106,2.3642955628463036,0.7215316566047623,-2.251507401056436,8.629268994840466
train,0,634,63.46346346346347,35,-10.0,2,2,0.18747888708642266,-42.65176997959007,51.17630622565476,11.820311384806388,-10.539750170285274,-42.693434,51.405848,11.52034,-9.92943,0.23329234185090297,0.6800540728204691,0.29997138480638874,-0.6103201702852736,48.72603081628005
train,0,634,63.46346346346347,36,-10.0,1,1,-5.693427963893189e-17,74.88082120303605,-35.86044378879576,-12.875722134899181,8.430268639386503,74.120994,-37.269557,-11.042814,9.913307,1.6009176807268715,2.3577436268667475,-1.8329081348991814,-1.483038360613497,5.785048701094946
train,0,634,63.46346346346347,20,-5.0,3,2,0.5143767937179985,-1.3183130646336967,21.976741967483765,0.30693140835559135,0.004130304137744162,-1.179616,22.100839,0.062738,-0.094419,0.1861100459871512,0.2633294249231449,0.24419340835559133,0.09854930413774417,72.43661596990344
train,0,634,63.46346346346347,21,-5.0,3,2,0.3849240081343034,21.305392431375587,3.789679204036855,0.4110889109062356,-0.15437349086256613,21.208601,3.75978,0.082556,-0.081451,0.10130421308994096,0.3365286959861307,0.3285329109062356,-0.07292249086256614,70.36700314157413
train,0,634,63.46346346346347,22,-5.0,2,2,0.14378659830601076,-45.53379502169982,61.93587776982129,-13.17635836339661,10.032714952112274,-45.652019,62.067837,-13.068797,10.332257,0.17717264877649766,0.31826857423960414,-0.10756136339660927,-0.2995420478877264,69.47108466865167
train,0,634,63.46346346346347,23,-5.0,2,2,0.3710560987295526,25.606927841213913,0.01770899263218891,-0.10961393626909344,0.503945395635808,25.633448,0.183369,0.010212,-0.037213,0.1677693561504679,0.5542658785906693,-0.11982593626909344,0.541158395635808,56.04023030413199
train,0,634,63.46346346346347,24,-5.0,2,2,0.23945672476161853,-27.905568154380326,48.23468808838061,-12.922892051494047,9.877634783856337,-28.061222,48.236672,-12.879591,10.196326,0.15566648824171211,0.32161945262626246,-0.043301051494047726,-0.31869121614366236,69.95549246957239
train,0,634,63.46346346346347,25,-5.0,2,2,0.31785710434056813,29.033379363633703,-7.12854253901242,12.517131665676429,-9.63024739280667,29.156905,-7.149554,12.238948,-9.655661,0.1252998975758994,0.2793420900611857,0.27818366567642805,0.025413607193330634,73.62710651761766
train,0,634,63.46346346346347,26,-5.0,2,2,0.5212370197649083,-6.878586353004544,31.170402447065847,-12.621980192080034,10.02594064625301,-6.744156,30.952335,-12.520666,10.027567,0.2561736350187925,0.10132724482260617,-0.101314192080034,-0.00162635374698894,75.92036042846368
train,0,634,63.46346346346347,27,-5.0,3,2,0.3718282734885288,12.075114793244436,5.982601361351521,12.268941390069486,-9.472845413028779,12.040887,6.110273,11.989692,-9.567942,0.1321801389981558,0.29499759779997387,0.2792493900694861,0.0950965869712217,72.37877231732547
train,0,634,63.46346346346347,28,-5.0,3,2,0.5115324091260706,-4.851033013665453,19.792984090283525,12.056933900797581,-9.701485319492157,-4.704324,19.665057,11.849047,-9.648027,0.19465064890490122,0.21465030968099869,0.20788690079758076,-0.05345831949215629,74.84395911730707
train,0,634,63.46346346346347,29,-5.0,2,2,0.2171864319228982,40.07741963915789,-11.658265388504686,-4.872117009993141,4.451789740375149,40.289615,-11.649046,-4.933796,4.014755,0.21239554676902567,0.441365678438005,0.06167899000685928,0.43703474037514933,61.27417444985296
train,0,634,63.46346346346347,30,-5.0,2,2,0.2413667909375513,38.07484902436854,-4.9202902328909,-12.374679783505323,10.51286043389354,38.067442,-4.676503,-12.120307,10.084512,0.2438997313048907,0.49818459812332,-0.2543727835053229,0.4283484338935395,57.425336909129875
train,0,634,63.46346346346347,31,-5.0,3,2,0.45537440163150017,-22.504700080274723,-6.859950270744,2.4697889599652583,4.802827530129403,-22.633954,-6.918791,2.096639,5.063863,0.14201692569453078,0.45539039202934084,0.3731499599652581,-0.26103546987059634,62.06293776094747
train,0,634,63.46346346346347,32,-5.0,2,2,0.3493193911143223,-25.522319680333222,37.093375424633386,11.835369427304428,-9.622060695076616,-25.673471,37.205628,11.9748,-10.083634,0.1882746985482779,0.48217299843532324,-0.1394305726955718,0.4615733049233839,59.59327606202326
train,0,634,63.46346346346347,33,-5.0,2,2,0.2542285616879529,-34.36779407223961,-31.72587300099328,-2.336700896337014,-9.524270221939053,-34.626116,-31.889128,-2.030107,-10.062103,0.3055853613354696,0.6190831240050625,-0.30659389633701384,0.5378327780609471,50.13775965839161
train,0,634,63.46346346346347,34,-5.0,2,2,0.165476107542842,49.32712306552196,-14.941174994316421,-11.467020025786438,8.994460539743946,49.365464,-15.301751,-11.868477,10.263698,0.36260871905040193,1.3312142700038743,0.40145697421356275,-1.269237460256054,25.16499864239401
train,0,634,63.46346346346347,35,-5.0,2,2,0.1870256632936725,-42.66863410444202,51.27421233309323,11.688777971990872,-10.27279980903163,-42.693434,51.405848,11.52034,-9.92943,0.13395142261908333,0.38245807111736596,0.16843797199087263,-0.34336980903163017,66.68186461522066
train,0,634,63.46346346346347,36,-5.0,1,1,0.0,74.5506567882071,-36.478052493796994,-12.575725848855287,8.333725606774644,74.120994,-37.269557,-11.042814,9.913307,0.9006050715544359,2.2011124719524644,-1.5329118488552869,-1.5795813932253555,9.27143874671429
train,0,634,63.46346346346347,20,0.0,3,2,0.5147950539673966,-1.2578459843140846,22.030818918093384,0.20025868713964354,-0.038618046329986375,-1.179616,22.100839,0.062738,-0.094419,0.10498924857332367,0.1484105313710679,0.13752068713964355,0.05580095367001363,83.37745253763286
train,0,634,63.46346346346347,21,0.0,3,2,0.38433455578858466,21.26314958934767,3.7765408086623964,0.2670906903880456,-0.12262738257079456,21.208601,3.75978,0.082556,-0.081451,0.057065517669061594,0.1890728601312951,0.1845346903880456,-0.04117638257079456,82.07826970286163
train,0,634,63.46346346346347,22,0.0,2,2,0.1435387889338883,-45.58549419673078,61.993613222922306,-13.129376308978669,10.163742768146436,-45.652019,62.067837,-13.068797,10.332257,0.09967305821378122,0.1790723290001271,-0.06057930897866903,-0.16851423185356396,81.46937838409022
train,0,634,63.46346346346347,23,0.0,2,2,0.3709263701304391,25.618555212723777,0.09020812270244329,-0.0574702180377032,0.2670982583091364,25.633448,0.183369,0.010212,-0.037213,0.09434375534027299,0.3117470522269507,-0.0676822180377032,0.3043112583091364,72.20145804785685
train,0,634,63.46346346346347,24,0.0,2,2,0.23930851414078064,-27.973420326106485,48.23542108557045,-12.903820396669929,10.017115437827197,-28.061222,48.236672,-12.879591,10.196326,0.08781058435868287,0.1808410607613229,-0.02422939666992896,-0.17921056217280196,81.78856018076569
train,0,634,63.46346346346347,25,0.0,2,2,0.31724827274541795,29.08734439966435,-7.137722639090846,12.395365577552358,-9.641365475846746,29.156905,-7.149554,12.238948,-9.655661,0.07055960756706718,0.15706947691440243,0.1564175775523573,0.014295524153254746,84.18190101710674
train,0,634,63.46346346346347,26,0.0,2,2,0.5238077109740311,-6.819819365898914,31.075066945840707,-12.577586808141403,10.02665202142416,-6.744156,30.952335,-12.520666,10.027567,0.14418070421869447,0.05692816161852236,-0.056920808141402546,-0.0009149785758388873,85.64044284445791
train,0,634,63.46346346346347,27,0.0,3,2,0.3718952764385978,12.059849396401379,6.03840682196331,12.146480632235633,-9.512321357243241,12.040887,6.110273,11.989692,-9.567942,0.07432576957478684,0.16636204825318696,0.15678863223563333,0.05562064275675915,83.34259205364248
train,0,634,63.46346346346347,28,0.0,3,2,0.5117988874771321,-4.786831757334895,19.736969043613605,11.965868245113867,-9.678260978058592,-4.704324,19.665057,11.849047,-9.648027,0.10944803350046477,0.12067019822309707,0.11682124511386682,-0.030233978058591404,84.96663494147695
train,0,634,63.46346346346347,29,0.0,2,2,0.21663046279827194,40.17022340170267,-11.654192839838062,-4.899112928034188,4.260801999698739,40.289615,-11.649046,-4.933796,4.014755,0.11950248409262823,0.24847945899356916,0.03468307196581222,0.24604699969873867,75.90235467559576
train,0,634,63.46346346346347,30,0.0,2,2,0.24151413691039253,38.07128692904372,-4.813998064001949,-12.263643563245829,10.325184675641186,38.067442,-4.676503,-12.120307,10.084512,0.13754881353269213,0.28012266449434736,-0.14333656324582833,0.24067267564118566,73.19294723393467
train,0,634,63.46346346346347,31,0.0,3,2,0.4546961981271044,-22.561210617137483,-6.885741572561365,2.3062820437908504,4.9171644523590725,-22.633954,-6.918791,2.096639,5.063863,0.07989908888281619,0.2558723699226818,0.2096430437908503,-0.14669854764092705,76.48642127831508
train,0,634,63.46346346346347,32,0.0,2,2,0.34842707240967635,-25.588381905261745,37.142322968130436,11.896391511753475,-9.824133773297142,-25.673471,37.205628,11.9748,-10.083634,0.1060550852311278,0.2710871791286714,-0.07840848824652547,0.2595002267028583,74.74451286045475
train,0,634,63.46346346346347,33,0.0,2,2,0.25319017874988037,-34.48076489285385,-31.79723501309471,-2.2027502180267944,-9.759289427309588,-34.626116,-31.889128,-2.030107,-10.062103,0.17196297680311512,0.3485709978414429,-0.17264321802679428,0.30281357269041287,67.79504265862788
train,0,634,63.46346346346347,34,0.0,2,2,0.16516298680440183,49.343792531726216,-15.098533997099578,-11.644077716526448,9.548917184769468,49.365464,-15.301751,-11.868477,10.263698,0.2043692804825905,0.7491773169584531,0.2243992834735522,-0.7147808152305313,45.99891910973106
train,0,634,63.46346346346347,35,0.0,2,2,0.18676178331298263,-42.67906074812257,51.33101055771426,11.614985703438377,-10.122582058704095,-42.693434,51.405848,11.52034,-9.92943,0.0762052041359621,0.21509422809777026,0.09464570343837764,-0.19315205870409535,79.59693759353299
train,0,634,63.46346346346347,36,0.0,1,1,0.0,74.36345086593232,-36.82460910844745,-12.407667877371592,8.278076379482409,74.120994,-37.269557,-11.042814,9.913307,0.5067188155523604,2.129977767220732,-1.3648538773715924,-1.635230620517591,11.198144105937706
train,0,634,63.46346346346347,20,5.0,3,2,0.5150386251218425,-1.2236961551418237,22.061362495627854,0.1401493934744067,-0.0629132827477426,-1.179616,22.100839,0.062738,-0.094419,0.05917308910958881,0.08357711444665103,0.07741139347440669,0.0315057172522574,90.26647603466441
train,0,634,63.46346346346347,21,5.0,3,2,0.38400574287745387,21.239325505437836,3.769182967429947,0.18627918158263765,-0.1046628336104525,21.208601,3.75978,0.082556,-0.081451,0.03213115358788397,0.10628869938607845,0.10372318158263764,-0.02321183361045251,89.49036893288722
train,0,634,63.46346346346347,22,5.0,2,2,0.14339969083549217,-45.61458740538084,62.02607727768554,-13.10289888428524,10.237455200290704,-45.652019,62.067837,-13.068797,10.332257,0.05608028783373205,0.10074879522815886,-0.0341018842852403,-0.09480179970929647,89.10940273436331
train,0,634,63.46346346346347,23,5.0,2,2,0.37085285368522103,25.625074513349077,0.13094905284958788,-0.02795003434479276,0.1339437411985996,25.633448,0.183369,0.010212,-0.037213,0.05308451881617854,0.17535954756744082,-0.03816203434479276,0.17115674119859958,83.25864013618722
train,0,634,63.46346346346347,24,5.0,2,2,0.23922387315345522,-28.011708635954378,48.23594708222993,-12.893175022727606,10.095537902270845,-28.061222,48.236672,-12.879591,10.196326,0.04951867046769097,0.10169939192210375,-0.013584022727606282,-0.1007880977291542,89.30484991770953
train,0,634,63.46346346346347,25,5.0,2,2,0.31690603281282115,29.117743765642295,-7.142911028828404,12.326916999747867,-9.64762157563022,29.156905,-7.149554,12.238948,-9.655661,0.03972066643959531,0.08833559452925871,0.08796899974786676,0.008039424369780335,90.76875289270987
train,0,634,63.46346346346347,26,5.0,2,2,0.5252634983740255,-6.786746003839779,31.021401362763086,-12.552665908390766,10.027049778048067,-6.744156,30.952335,-12.520666,10.027567,0.08114228794158072,0.032004088107068146,-0.03199990839076605,-0.0005172219519327115,91.64701734359531
train,0,634,63.46346346346347,27,5.0,3,2,0.37193353709707666,12.051462455260765,6.069809442070749,12.077807251132889,-9.535982783747306,12.040887,6.110273,11.989692,-9.567942,0.041822718398811826,0.09373200619691528,0.08811525113288887,0.03195921625269449,90.24524168199626
train,0,634,63.46346346346347,28,5.0,3,2,0.5119468135463373,-4.750735901743541,19.705506050220567,11.914727109217967,-9.665084673552958,-4.704324,19.665057,11.849047,-9.648027,0.06156452133492144,0.06785897858001746,0.06568010921796663,-0.017057673552956842,91.2447797668425
train,0,634,63.46346346346347,29,5.0,2,2,0.2163185613877572,40.22243780947016,-11.65191547480372,-4.914289990266559,4.153231558761318,40.289615,-11.649046,-4.933796,4.014755,0.06723844743248913,0.1398436331839882,0.01950600973344141,0.13847655876131792,85.62709191027605
train,0,634,63.46346346346347,30,5.0,2,2,0.24159478678231863,38.06950776763587,-4.7540192765911895,-12.201011167529154,10.219821558042664,38.067442,-4.676503,-12.120307,10.084512,0.07754379751138805,0.1575494816058587,-0.08070416752915399,0.13530955804266398,83.89546450157975
train,0,634,63.46346346346347,31,5.0,3,2,0.45431882418316505,-22.593000504210014,-6.900218925985048,2.21448775070127,4.981382838793075,-22.633954,-6.918791,2.096639,5.063863,0.044967885770148854,0.143844725431871,0.11784875070126999,-0.08248016120692458,86.00973426570204
train,0,634,63.46346346346347,32,5.0,2,2,0.34792515070042795,-25.62559763437445,37.16995001199768,11.930701711149947,-9.937696744802997,-25.673471,37.205628,11.9748,-10.083634,0.05970576156629377,0.1524543916518574,-0.04409828885005318,0.14593725519700307,84.89722331016374
train,0,634,63.46346346346347,33,5.0,2,2,0.2526081424456875,-34.544338578008066,-31.83740704373145,-2.1272840159848063,-9.891670454073482,-34.626116,-31.889128,-2.030107,-10.062103,0.09676055014819128,0.19619027791077212,-0.09717701598480621,0.17043254592651813,80.35195126004857
train,0,634,63.46346346346347,34,5.0,2,2,0.1649855793168783,49.353236361669595,-15.187295080158796,-11.742697873480534,9.861342125448875,49.365464,-15.301751,-11.868477,10.263698,0.1151072227353058,0.4215573963931845,0.12577912651946654,-0.40235587455112487,64.59778534031557
train,0,634,63.46346346346347,35,5.0,2,2,0.18661057250526658,-42.68522079259581,51.3634998801067,11.573549840935323,-10.038085812102285,-42.693434,51.405848,11.52034,-9.92943,0.043137223303794756,0.12098501012922827,0.05320984093532388,-0.1086558121022847,87.94616758098684
train,0,634,63.46346346346347,36,5.0,1,1,-2.882486172030549e-17,74.25775890660057,-37.01914573608889,-12.313383912987055,8.246347182939783,74.120994,-37.269557,-11.042814,9.913307,0.28532514920880064,2.095973028328696,-1.270569912987055,-1.6669598170602171,12.05965552239085
train,0,634,63.46346346346347,20,10.0,3,2,0.5151781301648128,-1.204456530987137,22.07856088000439,0.10631950923550315,-0.07665180323925438,-1.179616,22.100839,0.062738,-0.094419,0.033367148668440066,0.04706401202595563,0.04358150923550315,0.01776719676074562,94.3940464797313
train,0,634,63.46346346346347,21,10.0,3,2,0.38382205682607856,21.225919472604108,3.7650534636668613,0.1409024609285778,-0.0945291926293626,21.208601,3.75978,0.082556,-0.081451,0.018103560765354736,0.059794218995993,0.0583464609285778,-0.013078192629362606,93.94368347935213
train,0,634,63.46346346346347,22,10.0,2,2,0.14332159498515218,-45.630947683904424,62.04432053065843,-13.087996314833404,10.278902700352598,-45.652019,62.067837,-13.068797,10.332257,0.03157569781164939,0.05670357114800616,-0.019199314833404202,-0.05335429964740257,93.71589389999325
train,0,634,63.46346346346347,23,10.0,2,2,0.37081138001665853,25.628730534588335,0.15382681902560782,-0.011292643682466295,0.05910080884278275,25.633448,0.183369,0.010212,-0.037213,0.02991646597835386,0.09868535592332804,-0.021504643682466296,0.09631380884278276,90.20184622767329
train,0,634,63.46346346346347,24,10.0,2,2,0.2391758366910652,-28.033240340460203,48.23629555587304,-12.887211362957649,10.139624980035945,-28.061222,48.236672,-12.879591,10.196326,0.027984191622804817,0.05721079964980688,-0.007620362957649007,-0.056701019964053856,93.8297487406874
train,0,634,63.46346346346347,25,10.0,2,2,0.316713705371907,29.134844574625806,-7.14584876375762,12.288444664609779,-9.651141575984335,29.156905,-7.149554,12.238948,-9.655661,0.022369424295277822,0.04970256533546587,0.04949666460977831,0.0045194240156654075,94.69542855683589
train,0,634,63.46346346346347,26,10.0,2,2,0.526085060738812,-6.768154237133706,30.991217942733456,-12.53867147902618,10.027270912970652,-6.744156,30.952335,-12.520666,10.027567,0.04569243505372293,0.018007913329731673,-0.018005479026179216,-0.0002960870293478024,95.20735703784702
train,0,634,63.46346346346347,27,10.0,3,2,0.37195525568593457,12.046810235160688,6.087453711860286,12.039264049200307,-9.549748193959372,12.040887,6.110273,11.989692,-9.567942,0.023575509028907683,0.05280532776303626,0.04957204920030733,0.018193806040628147,94.38112109251674
train,0,634,63.46346346346347,28,10.0,3,2,0.5120293150852815,-4.730449412519251,19.687838344518646,11.885999886842814,-9.657639461354872,-4.704324,19.665057,11.849047,-9.648027,0.034663047145025154,0.038182656525138366,0.036952886842813726,-0.009612461354871371,94.97373760122896
train,0,634,63.46346346346347,29,10.0,2,2,0.21614350316911557,40.251795010435245,-11.650628907360273,-4.922821299339565,4.092705408384616,40.289615,-11.649046,-4.933796,4.014755,0.03785310035372538,0.07871918585652816,0.010974700660435488,0.07795040838461631,91.63587018221365
train,0,634,63.46346346346347,30,10.0,2,2,0.24163934950943325,38.068581836771216,-4.720279950553101,-12.165735258813378,10.160653628034572,38.067442,-4.676503,-12.120307,10.084512,0.04379178721625348,0.08866382700160341,-0.0454282588133772,0.0761416280345717,90.58434318431175
train,0,634,63.46346346346347,31,10.0,3,2,0.454107993276062,-22.610859311584385,-6.908352358805548,2.1629329016876837,5.017459095229693,-22.633954,-6.918791,2.096639,5.063863,0.025344227409823242,0.08092097242932712,0.06629390168768357,-0.046403904770306426,91.86987481427768
train,0,634,63.46346346346347,32,10.0,2,2,0.34764303994996953,-25.646550196810423,37.185501111554885,11.949989602871486,-10.001512857736966,-25.673471,37.205628,11.9748,-10.083634,0.03361281426560227,0.08578716577822144,-0.024810397128513628,0.08212114226303413,91.19800397156574
train,0,634,63.46346346346347,33,10.0,2,2,0.2522815743215791,-34.580093758770005,-31.859996868561925,-2.0848165841444044,-9.966159066500914,-34.626116,-31.889128,-2.030107,-10.062103,0.054467141532253405,0.11044626282736197,-0.0547095841444043,0.09594393349908614,88.41341776187298
train,0,634,63.46346346346347,34,10.0,2,2,0.16488545965653859,49.3585636705282,-15.237268736883308,-11.797838493215245,10.037172597501927,49.365464,-15.301751,-11.868477,10.263698,0.06485041868384217,0.2372837049139569,0.07063850678475525,-0.22652540249807274,78.19331381782914
train,0,634,63.46346346346347,35,10.0,2,2,0.1865246680677928,-42.68878080140623,51.38193861792581,11.550276009817756,-9.990578091905586,-42.693434,51.405848,11.52034,-9.92943,0.024357972171807362,0.06808269844463324,0.02993600981775657,-0.061148091905586455,93.02435788634533
train,0,634,63.46346346346347,36,10.0,1,1,-3.6512359958908927e-17,74.1983125607452,-37.12824192256153,-12.260464027224279,8.228355151320452,74.120994,-37.269557,-11.042814,9.913307,0.16108417348439208,2.0788781400476344,-1.2176500272242787,-1.6849518486795478,12.429348528456368
train,0,635,63.56356356356357,20,-10.0,3,2,0.5148635117494796,-1.2533280715351784,22.04134564956792,0.27253954424930055,-0.6559519047383436,-1.171841,22.089056,0.062939,-0.097917,0.0944267989806453,0.5961001116053706,0.20960054424930055,-0.5580349047383436,54.68762500876229
train,0,635,63.56356356356357,21,-10.0,3,2,0.38395917991366957,21.290702172717168,3.807035056399726,-0.4580872565047295,0.09932779260498956,21.218303,3.751731,0.080601,-0.082208,0.09110531743205014,0.568454291647822,-0.5386882565047295,0.18153579260498956,56.230624394958284
train,0,635,63.56356356356357,22,-10.0,2,2,0.1393546124746291,-47.03473605513185,62.7033901225879,-11.993784038786016,11.154841612739897,-46.960616,63.103033,-13.079818,10.344756,0.4064581307330139,1.354883192337373,1.0860339612139835,0.810085612739897,24.303796349303358
train,0,635,63.56356356356357,23,-10.0,2,2,0.36749073127340415,25.886333884782715,1.05996009389008,0.40683715718186636,1.05900769482363,25.640248,0.175991,0.025777,-0.050706,0.9175835774697261,1.1733163801254038,0.38106015718186637,1.10971369482363,22.54838032726962
train,0,635,63.56356356356357,24,-10.0,2,2,0.22660327495366553,-29.767033952206173,49.5685764300809,-12.845305871300404,10.469062397917574,-29.34984,49.25657,-12.890391,10.209175,0.5209595053065386,0.263769081634346,0.045085128699595245,0.25988739791757354,55.77029098398376
train,0,635,63.56356356356357,25,-10.0,2,2,0.29460346979212926,31.025799908041098,-8.260494372355373,12.105602778002135,-10.88093129716927,30.385334,-8.116971,12.257353,-9.660067,0.6563501639941643,1.2302592255207923,-0.15175022199786525,-1.2208642971692711,24.79833867448168
train,0,635,63.56356356356357,26,-10.0,2,2,0.5070204892318916,-7.982822350919287,31.701775654049914,-13.265152967459205,10.146799098990648,-8.003617,31.959509,-12.546851,10.061998,0.25857087044950927,0.7232903586014304,-0.7183019674592046,0.08480109899064736,46.38845015557502
train,0,635,63.56356356356357,27,-10.0,3,2,0.36135327417910945,13.145146616338977,5.30525288072185,11.406395755576392,-8.826164063633481,13.244822,5.152496,12.01953,-9.580697,0.18240023770774424,0.9722415099895654,-0.6131342444236072,0.7545329363665196,37.18728005710635
train,0,635,63.56356356356357,28,-10.0,3,2,0.5159914984646183,-3.4631164599016597,18.6311526133551,11.868071808585952,-10.716877127844322,-3.520571,18.697485,11.868733,-9.641224,0.08775539696178544,1.0756533310576233,-0.00066119141404819,-1.0756531278443227,33.98581060065299
train,0,635,63.56356356356357,29,-10.0,2,2,0.21906670569026337,39.97016645061237,-11.037180183953325,-4.645086322565636,3.9756414717712922,39.801903,-11.253361,-4.800562,3.900484,0.2739465897553502,0.17268853996929612,0.15547567743436463,0.07515747177129217,72.33707515819505
train,0,635,63.56356356356357,30,-10.0,2,2,0.2519561720223059,36.855068549329026,-3.501022404950905,-12.070960411415845,8.18940042914297,36.850133,-3.667103,-12.158035,10.105867,0.16615391568976248,1.9184436664102509,0.08707458858415507,-1.9164665708570308,14.578455302316756
train,0,635,63.56356356356357,31,-10.0,3,2,0.46582250264330666,-22.359227041736123,-6.172234482196163,2.1081258421984237,4.778989002962685,-22.420835,-6.429572,2.095725,4.971934,0.2646094076008707,0.1933430959950719,0.012400842198423856,-0.1929449970373147,72.05655268852995
train,0,635,63.56356356356357,32,-10.0,2,2,0.36350877281897503,-24.597433204753962,36.29996348417031,12.079855411793956,-9.514355540346083,-24.472415,36.195652,11.997219,-10.08761,0.1628202605627322,0.5791799824469805,0.0826364117939562,0.5732544596539171,54.79172406060444
train,0,635,63.56356356356357,33,-10.0,2,2,0.24359328080951143,-35.0277238963639,-32.868424296725216,-1.530082327312139,-10.09086282034647,-34.839181,-32.893565,-2.050888,-10.073935,0.19021166822894614,0.5210807037355518,0.5208056726878612,-0.01692782034646889,57.423752693152295
train,0,635,63.56356356356357,34,-10.0,2,2,0.17022517478762955,48.20349590053328,-14.854822103352296,-11.543309088979619,11.403295836677755,48.175237,-14.274688,-11.914349,10.276635,0.580821954932596,1.1861851695555077,0.3710399110203806,1.126660836677754,26.693413255703096
train,0,635,63.56356356356357,35,-10.0,2,2,0.19494567510286312,-41.08476659761087,50.38648299349463,9.948696473829154,-9.979047208282646,-41.539481,50.412896,11.5404,-9.935516,0.4554808828620096,1.592298678426649,-1.5917035261708463,-0.043531208282646006,19.086982765414323
train,0,635,63.56356356356357,36,-10.0,1,1,0.0,73.69900325252578,-35.52432714119614,-11.816672495071558,7.7865308644985385,73.017997,-36.280776,-11.034229,9.902291,1.0178331847433986,2.2558055709561846,-0.7824434950715577,-2.1157601355014615,8.417968633809405
train,0,635,63.56356356356357,20,-5.0,3,2,0.5150542153782173,-1.2177150189373713,22.06190742998767,0.1808317104842593,-0.4116864807168635,-1.171841,22.089056,0.062939,-0.097917,0.05330544500499603,0.3351864827445396,0.11789271048425931,-0.3137694807168635,71.21984692588458
train,0,635,63.56356356356357,21,-5.0,3,2,0.3840186088740823,21.258349389697774,3.7823015110480016,-0.22194423263762333,0.020615189609962108,21.218303,3.751731,0.080601,-0.082208,0.05038124128643549,0.31954064860878006,-0.30254523263762334,0.10282318960996212,72.36206307564358
train,0,635,63.56356356356357,22,-5.0,2,2,0.13891648064457568,-47.00286225693184,62.87708470875429,-12.467697355243066,10.800045089293937,-46.960616,63.103033,-13.079818,10.344756,0.22986382173280168,0.7628760309301541,0.6121206447569332,0.4552890892939363,45.07897768673513
train,0,635,63.56356356356357,23,-5.0,2,2,0.3689199600963631,25.777730161986405,0.6711610442760353,0.24344410226939708,0.5713781459024051,25.640248,0.175991,0.025777,-0.050706,0.5139014668326866,0.6590657417841418,0.2176671022693971,0.6220841459024051,43.355326799137025
train,0,635,63.56356356356357,24,-5.0,2,2,0.22786819863798374,-29.584586150637058,49.43088574091197,-12.865220509064288,10.35513427455668,-29.34984,49.25657,-12.890391,10.209175,0.29238969333511644,0.14811368418568469,0.025170490935710887,0.14595927455667912,72.05328734038397
train,0,635,63.56356356356357,25,-5.0,2,2,0.2974975872806722,30.74536422885985,-8.197532976163147,12.172564591060684,-10.344289685130098,30.385334,-8.116971,12.257353,-9.660067,0.3689335952392876,0.6894561314087377,-0.08478840893931583,-0.6842226851300985,45.75083238212525
train,0,635,63.56356356356357,26,-5.0,2,2,0.5041591108751364,-7.992169309525674,31.814647032709114,-12.951362207417562,10.109522614545385,-8.003617,31.959509,-12.546851,10.061998,0.14531358912566214,0.4072933904620856,-0.40451120741756164,0.04752461454538448,64.89240938944778
train,0,635,63.56356356356357,27,-5.0,3,2,0.36116377978487846,13.188411920220599,5.238406087420916,11.674535487354003,-9.160233497390493,13.244822,5.152496,12.01953,-9.580697,0.10277470613622672,0.5438848874371341,-0.34499451264599656,0.4204635026095076,57.49282192204308
train,0,635,63.56356356356357,28,-5.0,3,2,0.5158911938067712,-3.4884304197771354,18.659275433176635,11.868413491246898,-10.245963516450155,-3.520571,18.697485,11.868733,-9.641224,0.04992982970020632,0.6047396008549561,-0.00031950875310293725,-0.6047395164501559,54.50938442891922
train,0,635,63.56356356356357,29,-5.0,2,2,0.21934112608580972,39.89595397848617,-11.132132977382886,-4.7130675653796015,3.94262027543569,39.801903,-11.253361,-4.800562,3.900484,0.1534334384085188,0.09711200645201169,0.08749443462039874,0.042136275435689985,83.39486206691029
train,0,635,63.56356356356357,30,-5.0,2,2,0.2519206425442834,36.85027255273506,-3.575599019170706,-12.109931607367841,9.028047998951644,36.850133,-3.667103,-12.158035,10.105867,0.09150408724518096,1.0788919016303717,0.048103392632159014,-1.077819001048356,33.86577333444972
train,0,635,63.56356356356357,31,-5.0,3,2,0.4640805350594165,-22.386042551218285,-6.284769518385974,2.10305498759608,4.863495175742296,-22.420835,-6.429572,2.095725,4.971934,0.1489237159548764,0.10868627937578862,0.007329987596079945,-0.10843882425770435,83.16310134640395
train,0,635,63.56356356356357,32,-5.0,2,2,0.36436182546135426,-24.542705462160203,36.25397650459913,12.043636976355323,-9.765261561476962,-24.472415,36.195652,11.997219,-10.08761,0.09133727008964303,0.3256733706448292,0.04641797635532363,0.3223484385230382,71.30248333707533
train,0,635,63.56356356356357,33,-5.0,2,2,0.24390664002476922,-34.945201450317995,-32.87946739956509,-1.7581034831285804,-10.083084837607071,-34.839181,-32.893565,-2.050888,-10.073935,0.1069536265100548,0.2929274532164344,0.2927845168714196,-0.009149837607070666,73.20970283325727
train,0,635,63.56356356356357,34,-5.0,2,2,0.17069248322491629,48.19059656023301,-14.600322810068286,-11.707599799360462,10.90989625959638,48.175237,-14.274688,-11.914349,10.276635,0.32599684909330157,0.6661569296124452,0.20674920063953728,0.6332612595963791,47.63291641737285
train,0,635,63.56356356356357,35,-5.0,2,2,0.19437438968497184,-41.28359282378887,50.398153780576344,10.644664302572686,-9.962147638534052,-41.539481,50.412896,11.5404,-9.935516,0.25631248849440313,0.896131510335735,-0.8957356974273143,-0.02663163853405237,39.37392460477668
train,0,635,63.56356356356357,36,-5.0,1,1,7.20222814849324e-17,73.4016671509766,-35.856136059896386,-11.98161598689876,7.956115982091568,73.017997,-36.280776,-11.034229,9.902291,0.5722952590067653,2.1645182612479843,-0.9473869868987599,-1.9461750179084323,10.657595980566139
train,0,635,63.56356356356357,20,0.0,3,2,0.5151641182989335,-1.1976640873537236,22.07367897476667,0.12924729427529888,-0.2743602439158053,-1.171841,22.089056,0.062939,-0.097917,0.030054695897721938,0.1884914008999668,0.06630829427529888,-0.17644324391580532,82.62379663739966
train,0,635,63.56356356356357,21,0.0,3,2,0.38405178706633797,21.240613943485215,3.7687550169949158,-0.08942597202813181,-0.024158510822546272,21.218303,3.751731,0.080601,-0.082208,0.028064129308490865,0.179663336301034,-0.17002697202813183,0.05804948917745373,83.3733067167453
train,0,635,63.56356356356357,22,0.0,2,2,0.13866889068038352,-46.98457027918998,62.975567400285705,-12.735134227345535,10.60071303420868,-46.960616,63.103033,-13.079818,10.344756,0.12969690282361132,0.4293261073964843,0.3446837726544647,0.255957034208679,63.85924713039635
train,0,635,63.56356356356357,23,0.0,2,2,0.36969515024238186,25.71728955388217,0.45388686415511265,0.14924687849645982,0.2985275345281071,25.640248,0.175991,0.025777,-0.050706,0.2883773783414649,0.3704171601518012,0.12346987849645982,0.3492335345281071,62.53547179359885
train,0,635,63.56356356356357,24,0.0,2,2,0.22857864794815577,-29.48189887845075,49.35424841196833,-12.87629229878634,10.291200280266171,-29.34984,49.25657,-12.890391,10.209175,0.164257783810459,0.08322812011968014,0.014098701213658416,0.08202528026617095,83.1819341145207
train,0,635,63.56356356356357,25,0.0,2,2,0.29914226426896695,30.587774368948875,-8.16223921716045,12.20984065732457,-10.044125206494728,30.385334,-8.116971,12.257353,-9.660067,0.20743990567159923,0.3869859541152043,-0.047512342675430475,-0.38405820649472844,64.46305309448746
train,0,635,63.56356356356357,26,0.0,2,2,0.5025616445837847,-7.997251724894569,31.8780662501782,-12.77452039822391,10.08867491177554,-8.003617,31.959509,-12.546851,10.061998,0.08169111472922967,0.22922698905128291,-0.22766939822390952,0.02667691177553877,78.39983099693397
train,0,635,63.56356356356357,27,0.0,3,2,0.36106189086387297,13.212982689116904,5.200828563242916,11.825451073964498,-9.34546581915428,13.244822,5.152496,12.01953,-9.580697,0.05787727003877097,0.3049595677678702,-0.1940789260355018,0.23523118084572125,73.31513256987608
train,0,635,63.56356356356357,28,0.0,3,2,0.5158305925997192,-3.502542823624321,18.675706376957365,11.868569821932363,-9.981267638590017,-3.520571,18.697485,11.868733,-9.641224,0.028272310925458687,0.3400436777424636,-0.0001631780676376593,-0.34004363859001785,71.09046405303725
train,0,635,63.56356356356357,29,0.0,2,2,0.2194930100146691,39.854618730813996,-11.18526924547822,-4.751338500749958,3.9241386511573624,39.801903,-11.253361,-4.800562,3.900484,0.08611292184746519,0.05461222756668558,0.04922349925004266,0.023654651157362316,90.30564224057412
train,0,635,63.56356356356357,30,0.0,2,2,0.2518876211777353,36.84937708922192,-3.6162471854934473,-12.131245808758614,9.499685892540054,36.850133,-3.667103,-12.158035,10.105867,0.05086143205051664,0.6067727711497396,0.026789191241386234,-0.6061811074599461,54.394849479802986
train,0,635,63.56356356356357,31,0.0,3,2,0.46310208862390045,-22.401224761124304,-6.348102839916506,2.0999610774405926,4.910970242219642,-22.420835,-6.429572,2.095725,4.971934,0.08379609485812499,0.06111075285729034,0.004236077440592734,-0.060963757780357675,90.14843197214739
train,0,635,63.56356356356357,32,0.0,2,2,0.3648397829118172,-24.511951137867523,36.22834409891657,12.023308754895222,-9.906333116745905,-24.472415,36.195652,11.997219,-10.08761,0.05130184722844288,0.18314470702919952,0.026089754895222583,0.1812768832540943,82.67984898908946
train,0,635,63.56356356356357,33,0.0,2,2,0.24408270562936146,-34.89880905786689,-32.885647599120425,-1.8862619718488918,-10.078963584251007,-34.839181,-32.893565,-2.050888,-10.073935,0.06015139667260354,0.16470281055397615,0.16462602815110827,-0.005028584251006052,83.91690438344233
train,0,635,63.56356356356357,34,0.0,2,2,0.17095104714832457,48.183706749784854,-14.45763025619918,-11.798677530984468,10.632669363189846,48.175237,-14.274688,-11.914349,10.276635,0.18313821492158408,0.37435325097587946,0.11567146901553116,0.3560343631898455,65.9186170462904
train,0,635,63.56356356356357,35,0.0,2,2,0.19405302127049182,-41.39550791029486,50.40464498743073,11.036454650077651,-9.951175507382665,-41.539481,50.412896,11.5404,-9.935516,0.14420932621596694,0.5041885915803989,-0.5039453499223487,-0.015659507382665083,59.19063939176873
train,0,635,63.56356356356357,36,0.0,1,1,-4.5557368952697046e-17,73.23403627087313,-36.042134995676406,-12.073895161185117,8.052019149367085,73.017997,-36.280776,-11.034229,9.902291,0.3219044819569505,2.122359924225377,-1.0396661611851172,-1.8502718506329145,11.687699626134554
train,0,635,63.56356356356357,20,5.0,3,2,0.5152267245533337,-1.1863897864170574,22.080358868818287,0.10023771581498805,-0.1971556384371394,-1.171841,22.089056,0.062939,-0.097917,0.016950140913900073,0.10601651550727614,0.03729871581498806,-0.0992386384371394,89.81995879920588
train,0,635,63.56356356356357,21,5.0,3,2,0.38407040083389693,21.2307852766675,3.7612502531481242,-0.014996702473781966,-0.04948786508857135,21.218303,3.751731,0.080601,-0.082208,0.015697879197590074,0.10104220873915926,-0.09559770247378196,0.03272013491142865,90.27998985580732
train,0,635,63.56356356356357,22,5.0,2,2,0.1385293014715346,-46.97418442185942,63.031186845287515,-12.88580955621722,10.488689858748325,-46.960616,63.103033,-13.079818,10.344756,0.07311615429387694,0.24157034576536623,0.1940084437827796,0.14393385874832454,77.69393754968631
train,0,635,63.56356356356357,23,5.0,2,2,0.37012190647628324,25.683510885354092,0.3321314254572287,0.09555766313044481,0.14553318989525849,25.640248,0.175991,0.025777,-0.050706,0.16202317646289294,0.20827664438835178,0.06978066313044481,0.1962391898952585,76.80685895473287
train,0,635,63.56356356356357,24,5.0,2,2,0.22897781691281194,-29.424124396233026,49.31141029823234,-12.882477630250145,10.255294015927493,-29.34984,49.25657,-12.890391,10.209175,0.09233433724198496,0.046793002157569145,0.007913369749854127,0.04611901592749312,90.16631089183366
train,0,635,63.56356356356357,25,5.0,2,2,0.3000724365015184,30.499207256335577,-8.142436948868182,12.230679546911878,-9.875859140623175,30.385334,-8.116971,12.257353,-9.660067,0.1166860448392388,0.2174344063260843,-0.0266734530881223,-0.21579214062317575,78.13236675020423
train,0,635,63.56356356356357,26,5.0,2,2,0.5016669473395182,-8.000050531345474,31.913713396747863,-12.67496323217396,10.07698855507867,-8.003617,31.959509,-12.546851,10.061998,0.04593426799123889,0.1289862813409286,-0.12811223217395984,0.014990555078668422,87.2038931365866
train,0,635,63.56356356356357,27,5.0,3,2,0.36100605087135984,13.226874589049114,5.179717111959518,11.910340557609487,-9.448776271728008,13.244822,5.152496,12.01953,-9.580697,0.03260519124545311,0.17124664340466367,-0.10918944239051243,0.13192072827199297,84.00255182539968
train,0,635,63.56356356356357,28,5.0,3,2,0.5157952005938833,-3.51042979349921,18.685137154524735,11.868644844784292,-9.832475050329771,-3.520571,18.697485,11.868733,-9.641224,0.015978528003939636,0.19125107064689323,-8.81552157085963e-05,-0.19125105032977174,82.53750481958743
train,0,635,63.56356356356357,29,5.0,2,2,0.21957766616158553,39.8315045722413,-11.215045237873703,-4.772871817421332,3.9137729808403896,39.801903,-11.253361,-4.800562,3.900484,0.04841849549991957,0.030713892996756878,0.0276901825786684,0.013288980840389542,94.42744578676822
train,0,635,63.56356356356357,30,5.0,2,2,0.25186486930625884,36.849448651893454,-3.638727900185025,-12.143043576793222,9.76490382035344,36.850133,-3.667103,-12.158035,10.105867,0.028383351138312172,0.3412925909603908,0.014991423206778265,-0.3409631796465593,71.00138531317351
train,0,635,63.56356356356357,31,5.0,3,2,0.46255236540351113,-22.40979699630712,-6.383724156266332,2.0981449682951427,4.937650303321079,-22.420835,-6.429572,2.095725,4.971934,0.047157844528253307,0.0343689991783549,0.0024199682951429047,-0.03428369667892106,94.33167539493166
train,0,635,63.56356356356357,32,5.0,2,2,0.36510795687337416,-24.494674145831773,36.214001170774644,12.011891647541786,-9.985646249330177,-24.472415,36.195652,11.997219,-10.08761,0.02884721201913667,0.10301404290941733,0.014672647541786432,0.10196375066982277,89.85464394867186
train,0,635,63.56356356356357,33,5.0,2,2,0.244181643347874,-34.872732622839834,-32.88911171226062,-1.9583023141015286,-10.076726045049433,-34.839181,-32.893565,-2.050888,-10.073935,0.03384587370531232,0.09262774511861112,0.09258568589847149,-0.0027910450494328387,90.60890783419575
train,0,635,63.56356356356357,34,5.0,2,2,0.1710950893942591,48.179950766027574,-14.377524942032277,-11.84947735060694,10.476861038296176,48.175237,-14.274688,-11.914349,10.276635,0.1029449184598869,0.2104727946950812,0.06487164939306034,0.2002260382961758,79.11245045071009
train,0,635,63.56356356356357,35,5.0,2,2,0.1938722921481465,-41.45846263525192,50.408275294031064,11.256882166521118,-9.94454230622163,-41.539481,50.412896,11.5404,-9.935516,0.08115002372214536,0.28366148153135945,-0.28351783347888215,-0.00902630622162981,74.45010991711901
train,0,635,63.56356356356357,36,5.0,1,1,0.0,73.13968353507201,-36.14647791771701,-12.125635531655556,8.106107102078221,73.017997,-36.280776,-11.034229,9.902291,0.18122799927914884,2.1017718269340957,-1.0914065316555561,-1.7961838979217788,12.129002903547487
train,0,635,63.56356356356357,20,10.0,3,2,0.5152620882788463,-1.1800649904121785,22.08412283776433,0.08392921415774195,-0.15376079662255335,-1.171841,22.089056,0.062939,-0.097917,0.009590104688846851,0.059658349890094775,0.02099021415774195,-0.05584379662255334,94.1365083824343
train,0,635,63.56356356356357,21,10.0,3,2,0.38408092461874727,21.2253051353759,3.7570644201390686,0.026816048786020293,-0.06377345500008219,21.218303,3.751731,0.080601,-0.082208,0.00880200376063813,0.05685642818929248,-0.05378495121397971,0.018434544999917812,94.40900571053596
train,0,635,63.56356356356357,22,10.0,2,2,0.13845073464064292,-46.96834034153212,63.06250940968882,-12.97060630662534,10.42573351457167,-46.960616,63.103033,-13.079818,10.344756,0.041253203800593344,0.13595790464686316,0.10921169337465919,0.08097751457166957,86.75529112317396
train,0,635,63.56356356356357,23,10.0,2,2,0.3703587469395441,25.66460036136537,0.2638249496957228,0.06515026746351048,0.0596644431165511,25.640248,0.175991,0.025777,-0.050706,0.09114735444992535,0.11718314257817536,0.039373267463510477,0.1103704431165511,86.20363531369017
train,0,635,63.56356356356357,24,10.0,2,2,0.22920206156317027,-29.391629905472943,49.2874181273938,-12.88594110775987,10.235124789346147,-29.34984,49.25657,-12.890391,10.209175,0.05194230610149416,0.026328560690971014,0.004449892240129927,0.025949789346146446,94.34291793100383
train,0,635,63.56356356356357,25,10.0,2,2,0.3005968556905439,30.449448938126228,-8.131331662873055,12.24235300145343,-9.781437765804096,30.385334,-8.116971,12.257353,-9.660067,0.06570353056787383,0.12229416481692773,-0.014999998546569415,-0.12137076580409634,87.03789647563768
train,0,635,63.56356356356357,26,10.0,2,2,0.5011650116910351,-8.00159799225976,31.933752360013532,-12.618960169600895,10.070431620744507,-8.003617,31.959509,-12.546851,10.061998,0.025835651639695475,0.07260067698990642,-0.07210916960089442,0.008433620744506598,92.58337276229331
train,0,635,63.56356356356357,27,10.0,3,2,0.3609750367091068,13.234706055403898,5.167878668930834,11.958061788346669,-9.506580067582936,13.244822,5.152496,12.01953,-9.580697,0.01841083481287706,0.09628946315550004,-0.06146821165333094,0.07411693241706452,90.66182890823934
train,0,635,63.56356356356357,28,10.0,3,2,0.5157748896525061,-3.514835133014209,18.690494121288925,11.868681452343699,-9.748851686768399,-3.520571,18.697485,11.868733,-9.641224,0.009042817881150387,0.1076276991126242,-5.15476563016648e-05,-0.1076276867683994,89.76213873471383
train,0,635,63.56356356356357,29,10.0,2,2,0.21962505356079057,39.81855681787976,-11.231717620918994,-4.7849823731224514,3.9079523083261765,39.801903,-11.253361,-4.800562,3.900484,0.027309073730469504,0.01727716420303042,0.015579626877548769,0.007468308326176398,96.8201150780235
train,0,635,63.56356356356357,30,10.0,2,2,0.2518506918382884,36.84967493961242,-3.651281347006816,-12.149612936273762,9.914004664086224,36.850133,-3.667103,-12.158035,10.105867,0.015828282369082007,0.19204709604599393,0.008422063726237994,-0.19186233591377544,82.47307861261652
train,0,635,63.56356356356357,31,10.0,3,2,0.4622436047585299,-22.414631607370954,-6.403740894614155,2.0971008016768162,4.952643386151824,-22.420835,-6.429572,2.095725,4.971934,0.026565543201010358,0.019339612532141306,0.0013758016768163905,-0.019290613848175653,96.76744794733526
train,0,635,63.56356356356357,32,10.0,2,2,0.365258494517643,-24.484982332505187,36.205956933882106,12.005479927258722,-10.030224675925583,-24.472415,36.195652,11.997219,-10.08761,0.016252061672612724,0.057976877617717464,0.008260927258723072,0.0573853240744171,94.15651907185467
train,0,635,63.56356356356357,33,10.0,2,2,0.24423721529797096,-34.85808612212103,-32.89105291023871,-1.9987923024780254,-10.075493234081634,-34.839181,-32.893565,-2.050888,-10.073935,0.019071293542381827,0.052118996476853204,0.05209569752197463,-0.0015582340816333584,94.60132677247515
train,0,635,63.56356356356357,34,10.0,2,2,0.17117562746029272,48.177879444273366,-14.332532909076624,-11.877903784792768,10.38929937925148,48.175237,-14.274688,-11.914349,10.276635,0.057905233078028674,0.11841248271876788,0.036445215207232096,0.11266437925147876,87.65053346445202
train,0,635,63.56356356356357,35,10.0,2,2,0.19377069968931052,-41.49384644236521,50.41031549870597,11.380829439607458,-9.940668871121213,-41.539481,50.412896,11.5404,-9.935516,0.045707459319586,0.15965373727157667,-0.1595705603925417,-0.0051528711212132094,84.69888740682492
train,0,635,63.56356356356357,36,10.0,1,1,0.0,73.08668162752284,-36.20495992170703,-12.154681265220127,8.136551385449346,73.017997,-36.280776,-11.034229,9.902291,0.10230178779316529,2.091231614391482,-1.120452265220127,-1.7657396145506539,12.322634764761538
train,0,636,63.66366366366367,20,-10.0,3,2,0.5146368946693147,-1.46087828969962,22.078083842423013,0.36887059559011276,0.22431083295314036,-1.163212,22.075912,0.061142,-0.098676,0.29767421272768746,0.4461136433746036,0.3077285955901128,0.32298683295314035,58.49031635443348
train,0,636,63.66366366366367,21,-10.0,3,2,0.38064133759529917,21.370667221246794,3.959964144670026,0.21950373367294418,-0.7387797223296356,21.22762,3.742892,0.077175,-0.082957,0.25996696616699894,0.6710893469224483,0.14232873367294419,-0.6558227223296356,48.690654213050394
train,0,636,63.66366366366367,22,-10.0,2,2,0.1339092778280722,-47.98716134373016,64.20974408514324,-11.610992694660709,10.900510014002744,-48.269397,64.138123,-13.091794,10.35779,0.2911812931957752,1.5771231782881412,1.4808013053392912,0.5427200140027448,20.113517997810014
train,0,636,63.66366366366367,23,-10.0,2,2,0.368968418276277,25.75175144015932,-0.20976966668737262,0.15637320228023954,0.1570688729053642,25.648602,0.165812,0.036288,-0.060466,0.3894886331548662,0.24847912736614117,0.12008520228023954,0.2175348729053642,63.00228362600265
train,0,636,63.66366366366367,24,-10.0,2,2,0.21902825526739514,-30.292214808506806,50.6119216929328,-11.831890528738297,10.972230424587266,-30.639646,50.277027,-12.902378,10.223753,0.48255868884202946,1.3062013172727482,1.0704874712617034,0.7484774245872661,24.84562025318834
train,0,636,63.66366366366367,25,-10.0,2,2,0.2844594617197479,31.86159605703019,-9.160596431338329,12.367034674496772,-9.0102948503091,31.614123,-9.084603,12.274024,-9.663844,0.2588781867258069,0.660134438301807,0.09301067449677092,0.6535491496908996,49.209639006305466
train,0,636,63.66366366366367,26,-10.0,2,2,0.4631579749446282,-9.121174455474874,33.526929864670066,-12.379063939624789,9.497461808526076,-9.265942,32.972188,-12.568061,10.093605,0.5733203104421242,0.625385156180723,0.18899706037521113,-0.5961431914739244,42.80942438566817
train,0,636,63.66366366366367,27,-10.0,3,2,0.3571612522658474,14.31142355283547,4.132305126909151,11.533189597051557,-8.838940044135908,14.452382,4.193402,12.046672,-9.594092,0.15362978789451945,0.9131914665518231,-0.5134824029484424,0.7551519558640916,39.61255107686673
train,0,636,63.66366366366367,28,-10.0,3,2,0.5178620192235165,-2.7174866220273066,17.921022243541454,12.276158405307665,-9.257913347769438,-2.332501,17.732243,11.890406,-9.632863,0.42877911791484863,0.5379518193188572,0.38575240530766486,0.374949652230562,50.261686557210474
train,0,636,63.66366366366367,29,-10.0,2,2,0.22542907923509897,39.06186512682243,-10.71656620101679,-4.291146540931597,5.621911319462519,39.327158,-10.870382,-4.666549,3.787338,0.3066587819966202,1.87258812095942,0.3754024590684031,1.8345733194625193,14.993828204049036
train,0,636,63.66366366366367,30,-10.0,2,2,0.2619151596744782,35.67056625764637,-2.879034661156007,-12.48280412969102,9.386524162155283,35.632952,-2.656592,-12.195475,10.128819,0.2256004651601003,0.7959646066628305,-0.2873291296910203,-0.7422948378447174,43.722030007283365
train,0,636,63.66366366366367,31,-10.0,3,2,0.4627603928393377,-22.026529352565735,-6.550339237597589,2.022272957163337,4.601466194884859,-22.206522,-5.94724,2.09074,4.892714,0.6293854490860021,0.29918726567015613,-0.06846704283666272,-0.29124780511514103,49.81380240447851
train,0,636,63.66366366366367,32,-10.0,2,2,0.3848447289610746,-23.986479599774746,34.91902670459848,11.500179560245073,-10.797250332564849,-23.270887,35.186245,12.019414,-10.092103,0.7638575693476348,0.8756923912258996,-0.5192344397549267,-0.7051473325648487,31.285020315885248
train,0,636,63.66366366366367,33,-10.0,2,2,0.2384902609153549,-34.43173997625841,-34.10533097455191,-1.1659103144677245,-10.531172250012565,-35.051395,-33.908578,-2.064141,-10.084498,0.6501415856897723,1.0031631223565132,0.8982306855322753,-0.4466742500125651,30.25779392899662
train,0,636,63.66366366366367,34,-10.0,2,2,0.17673637667146247,47.166633089996466,-13.600524346005265,-11.817851486784194,10.61182478858375,46.981838,-13.246113,-11.961017,10.290473,0.3996956685580484,0.35180013672584004,0.14316551321580562,0.32135178858374935,58.71553007775937
train,0,636,63.66366366366367,35,-10.0,2,2,0.20051272861029062,-39.806778792941834,49.90873783315906,11.179630969125299,-9.648266532837726,-40.382977,49.418943,11.560223,-9.942627,0.756242918913197,0.4811427839979755,-0.38059203087470195,0.2943604671622744,40.806581789436805
train,0,636,63.66366366366367,36,-10.0,1,1,2.846945296665787e-17,71.72844019258346,-34.96103605125148,-12.539596503537622,8.353138732254774,71.918768,-35.295508,-11.029302,9.895715,0.38483263735761253,2.1588263082579715,-1.5102945035376223,-1.5425762677452255,11.15973222592185
train,0,636,63.66366366366367,37,-10.0,2,2,0.12634430804542499,-55.47595928991645,62.741487369933836,11.883142228165976,-8.990173968935395,-55.487944,62.536827,10.833798,-9.625222,0.2050109760408944,1.2265436441253454,1.0493442281659764,0.6350480310646063,28.835615039219054
train,0,636,63.66366366366367,20,-5.0,3,2,0.514904772269759,-1.3306539985206667,22.077177193262877,0.2341466900555136,0.08270078886059734,-1.163212,22.075912,0.061142,-0.098676,0.16744677835834107,0.2506554653674761,0.1730046900555136,0.18137678886059733,73.97515815476568
train,0,636,63.66366366366367,21,-5.0,3,2,0.3823554548245039,21.30780939696691,3.8657006982336757,0.1570297351140958,-0.44702130196655726,21.22762,3.742892,0.077175,-0.082957,0.1466707733250439,0.3727191901237968,0.0798547351140958,-0.36406430196655726,66.99584897021104
train,0,636,63.66366366366367,22,-5.0,2,2,0.13382073346261963,-48.11071619720611,64.17835531785501,-12.259235799154474,10.664094791579487,-48.269397,64.138123,-13.091794,10.35779,0.1637016694334542,0.8871165555549574,0.8325582008455257,0.3063047915794872,40.571909582792046
train,0,636,63.66366366366367,23,-5.0,2,2,0.36966298740405285,25.70660996626886,-0.045258151372864035,0.10356324062093568,0.06193375427178366,25.648602,0.165812,0.036288,-0.060466,0.21889616933882827,0.13966981723478344,0.06727524062093568,0.12239975427178365,77.1313973275929
train,0,636,63.66366366366367,24,-5.0,2,2,0.21962598002378253,-30.443318028099625,50.464719996514866,-12.301914500942841,10.645935000449748,-30.639646,50.277027,-12.902378,10.223753,0.2716124693220923,0.7340259227055395,0.6004634990571596,0.4221820004497481,45.718514264169166
train,0,636,63.66366366366367,25,-5.0,2,2,0.2855821370973348,31.749869731912238,-9.123910179143154,12.32677898823684,-9.295981023294345,31.614123,-9.084603,12.274024,-9.663844,0.14132313878854091,0.3716265039184013,0.052754988236840106,0.3678629767056538,67.193689105471
train,0,636,63.66366366366367,26,-5.0,2,2,0.468506396497477,-9.18633398962257,33.28393458150252,-12.46056769449199,9.757663432682792,-9.265942,32.972188,-12.568061,10.093605,0.32175047225258196,0.35272021118810415,0.10749330550800984,-0.33594156731720837,62.03786282958485
train,0,636,63.66366366366367,27,-5.0,3,2,0.3564351602674112,14.372814780004843,4.159017607738065,11.757901502916539,-9.169112615756214,14.452382,4.193402,12.046672,-9.594092,0.08667888398554956,0.5138052909595773,-0.28877049708346014,0.4249793842437857,59.38875087906088
train,0,636,63.66366366366367,28,-5.0,3,2,0.5176719321116489,-2.548954886151887,17.839407259466,12.107094439515146,-9.422232970903153,-2.332501,17.732243,11.890406,-9.632863,0.2415294254064092,0.30219015367289487,0.2166884395151456,0.2106300290968477,67.91908332294989
train,0,636,63.66366366366367,29,-5.0,2,2,0.22456260933583355,39.17560350975322,-10.78466937319446,-4.454527550796242,4.820527502933951,39.327158,-10.870382,-4.666549,3.787338,0.17411323300618256,1.054719699207029,0.21202144920375776,1.0331895029339506,34.33536147203332
train,0,636,63.66366366366367,30,-5.0,2,2,0.262136593436309,35.65402702576261,-2.7815507581059427,-12.356588304128659,9.711318493216067,35.632952,-2.656592,-12.195475,10.128819,0.1267235098088513,0.44750884899864735,-0.16111330412865854,-0.4175005067839326,62.8068913527536
train,0,636,63.66366366366367,31,-5.0,3,2,0.4659866466231291,-22.105342537605463,-6.2859005467877545,2.0516369221941653,4.728842249580168,-22.206522,-5.94724,2.09074,4.892714,0.3534519055840956,0.16847255349031987,-0.03910307780583455,-0.16387175041983149,67.60083801567079
train,0,636,63.66366366366367,32,-5.0,2,2,0.38493171218257277,-23.673701763212907,35.03651311251081,11.725566654420081,-10.48725148231234,-23.270887,35.186245,12.019414,-10.092103,0.42974337876615054,0.49243130036392846,-0.293847345579918,-0.3951484823123401,52.0179740299485
train,0,636,63.66366366366367,33,-5.0,2,2,0.23784744679700925,-34.702922697182494,-34.01995392681002,-1.5594039987464636,-10.33771374912539,-35.051395,-33.908578,-2.064141,-10.084498,0.36583813757415456,0.5646925323036818,0.5047370012535362,-0.25321574912539013,51.02568056767453
train,0,636,63.66366366366367,34,-5.0,2,2,0.17734753611137197,47.08527571041815,-13.445673612970674,-11.880771122811108,10.471129796948427,46.981838,-13.246113,-11.961017,10.290473,0.22477499457408595,0.1976772093324864,0.08024587718889187,0.1806567969484263,74.13127188143496
train,0,636,63.66366366366367,35,-5.0,2,2,0.2008572013604619,-40.059506152215846,49.69474961587132,11.345492507724611,-9.77778749755668,-40.382977,49.418943,11.560223,-9.942627,0.4250913769115834,0.27070509023398936,-0.21473049227538965,0.16483950244331957,60.41286070307032
train,0,636,63.66366366366367,36,-5.0,1,1,0.0,71.81183083856905,-35.10732453155673,-12.389291589255238,8.264009568299683,71.918768,-35.295508,-11.029302,9.895715,0.21644531478008056,2.124154961089927,-1.359989589255239,-1.6317054317003166,11.822637465611402
train,0,636,63.66366366366367,37,-5.0,2,2,0.12654858067785052,-55.47819901367966,62.64732114968503,11.42329755182671,-9.268202928020653,-55.487944,62.536827,10.833798,-9.625222,0.11092304482387891,0.6891823701756216,0.5894995518267105,0.357019071979348,49.75537136169265
train,0,636,63.66366366366367,20,0.0,3,2,0.5150556013387214,-1.2573995119735424,22.076642888593394,0.15842197531606383,0.0032450486038881517,-1.163212,22.075912,0.061142,-0.098676,0.09419034775337737,0.14089461929403166,0.09727997531606383,0.10192104860388815,84.41045205449049
train,0,636,63.66366366366367,21,0.0,3,2,0.3833387197491022,21.27263510841296,3.8121992620405014,0.12201357624353132,-0.28621393647738325,21.22762,3.742892,0.077175,-0.082957,0.08264294620220836,0.20814389288595037,0.044838576243531325,-0.20325693647738324,79.93548616174874
train,0,636,63.66366366366367,22,0.0,2,2,0.1337705664977307,-48.18015746597656,64.1607406014498,-12.623634995875703,10.530399671944759,-48.269397,64.138123,-13.091794,10.35779,0.09206112278297572,0.4989658825927191,0.46815900412429734,0.17260967194475896,60.20663490896505
train,0,636,63.66366366366367,23,0.0,2,2,0.37004985499986626,25.681229953225124,0.04714341702428323,0.07404160775308198,0.008390861384909742,25.648602,0.165812,0.036288,-0.060466,0.1230724011187131,0.07852771649649724,0.03775360775308198,0.06885686138490973,86.41653442159691
train,0,636,63.66366366366367,24,0.0,2,2,0.21995628568249098,-30.528915481734536,50.382398981072534,-12.565168074657395,10.461587737783658,-30.639646,50.277027,-12.902378,10.223753,0.15285451275801135,0.41264500026801115,0.33720992534260574,0.2378347377836576,64.40068574092666
train,0,636,63.66366366366367,25,0.0,2,2,0.28618857666112024,31.68938489346378,-9.105623046143265,12.303842070725072,-9.456851021759586,31.614123,-9.084603,12.274024,-9.663844,0.07814214578330134,0.20912964969750536,0.02981807072507081,0.20699297824041274,79.99133356421486
train,0,636,63.66366366366367,26,0.0,2,2,0.4715432628776083,-9.221729517158495,33.14745173698502,-12.507226161868823,9.904456762626939,-9.265942,32.972188,-12.568061,10.093605,0.18075431154183674,0.19869054640767975,0.06083483813117674,-0.18914823737306108,76.44431478005842
train,0,636,63.66366366366367,27,0.0,3,2,0.35602676440630426,14.407537097681994,4.17405559789162,11.884268766530152,-9.354990966285271,14.452382,4.193402,12.046672,-9.594092,0.04884003008240953,0.2890399878302542,-0.1624032334698473,0.23910103371472857,74.59197361258076
train,0,636,63.66366366366367,28,0.0,3,2,0.5175510369063892,-2.4542286310592467,17.792835540804635,12.012190751298103,-9.51447924453095,-2.332501,17.732243,11.890406,-9.632863,0.13597452763094034,0.1698418064190813,0.12178475129810273,0.11838375546905056,80.44738662861249
train,0,636,63.66366366366367,29,0.0,2,2,0.22406810764572785,39.241177017486436,-10.822401333259299,-4.547028766921061,4.368869537720344,39.327158,-10.870382,-4.666549,3.787338,0.09846254991050929,0.5936867991446597,0.11952023307893889,0.5815315377203438,54.782664398283586
train,0,636,63.66366366366367,30,0.0,2,2,0.26225987337376166,35.644778307261284,-2.7268330548147235,-12.285933399112242,9.894004684122892,35.632952,-2.656592,-12.195475,10.128819,0.07122968008438076,0.25163561932044465,-0.09045839911224185,-0.23481431587710766,76.98783553875955
train,0,636,63.66366366366367,31,0.0,3,2,0.46777305068765507,-22.149630055091595,-6.137554788475142,2.0685570402865823,4.800527929825965,-22.206522,-5.94724,2.09074,4.892714,0.19863638163186248,0.09481748380852084,-0.02218295971341755,-0.09218607017403446,80.24335238335112
train,0,636,63.66366366366367,32,0.0,2,2,0.38496776960933965,-23.49757800179735,35.10219585099504,11.853575626597866,-10.313879207312258,-23.270887,35.186245,12.019414,-10.092103,0.24177069662046594,0.2769242716384302,-0.16583837340213314,-0.22177620731225822,69.23843255371393
train,0,636,63.66366366366367,33,0.0,2,2,0.2374835614149536,-34.855396010967034,-33.97145697654098,-1.7804069062612604,-10.227544321140567,-35.051395,-33.908578,-2.064141,-10.084498,0.2058382116925461,0.31775349870865915,0.28373409373873937,-0.1430463211405666,68.48206656390346
train,0,636,63.66366366366367,34,0.0,2,2,0.1776903420019759,47.03985682792495,-13.358450520689114,-11.915968444747868,10.39205752206416,46.981838,-13.246113,-11.961017,10.290473,0.12643537063797441,0.11112509821506635,0.045048555252131806,0.1015845220641598,84.50756632284838
train,0,636,63.66366366366367,35,0.0,2,2,0.20104762801974738,-40.20121839925956,49.57418064508698,11.439238472075557,-9.850148231322633,-40.382977,49.418943,11.560223,-9.942627,0.23902910993281593,0.15228124852778965,-0.1209845279244437,0.09247876867736693,75.32065682176145
train,0,636,63.66366366366367,36,0.0,1,1,4.555930769373719e-17,71.85866354842125,-35.189634035217765,-12.30480947170377,8.21380099708546,71.918768,-35.295508,-11.029302,9.895715,0.12174498559814356,2.110865704769527,-1.2755074717037704,-1.6819140029145387,12.070887378671651
train,0,636,63.66366366366367,37,0.0,2,2,0.1266534183515289,-55.481501342956754,62.59751373962626,11.165139874071699,-9.42446831919333,-55.487944,62.536827,10.833798,-9.625222,0.06102776578117403,0.3874138328335372,0.3313418740716987,0.20075368080667033,67.55749930854714
train,0,636,63.66366366366367,20,5.0,3,2,0.5151405378718295,-1.2162004197468124,22.076341832454048,0.11585425054697344,-0.04137479705801369,-1.163212,22.075912,0.061142,-0.098676,0.052990163079603164,0.079226625691831,0.05471225054697344,0.05730120294198631,90.90871643378209
train,0,636,63.66366366366367,21,5.0,3,2,0.38389738448540417,21.252912529081332,3.7819679810314413,0.10237092640981447,-0.19681493641327552,21.22762,3.742892,0.077175,-0.082957,0.04654722677990064,0.11661245384579762,0.02519592640981448,-0.11385793641327552,88.20035622918064
train,0,636,63.66366366366367,22,5.0,2,2,0.1337422413758176,-48.21918182915737,64.15085214802264,-12.82848568127827,10.454990536210957,-48.269397,64.138123,-13.091794,10.35779,0.05180342259095013,0.28067635266933677,0.2633083187217302,0.09720053621095737,75.17008013191845
train,0,636,63.66366366366367,23,5.0,2,2,0.3702661571553474,25.6669640768675,0.09905770090147409,0.057497613033287466,-0.021729489570768257,25.648602,0.165812,0.036288,-0.060466,0.06923367905162527,0.044162936103205104,0.021209613033287465,0.03873651042923174,92.11615650231921
train,0,636,63.66366366366367,24,5.0,2,2,0.22014010570318232,-30.57722573549488,50.33626869760807,-12.712855003564165,10.357662338162681,-30.639646,50.277027,-12.902378,10.223753,0.08605735387737176,0.23205748646657562,0.18952299643583537,0.13390933816268102,78.07497552296694
train,0,636,63.66366366366367,25,5.0,2,2,0.28652158382903753,31.656131261734668,-9.09603995803921,12.290849353692884,-9.547373677827357,31.614123,-9.084603,12.274024,-9.663844,0.04353731805197796,0.11767934599533451,0.016825353692883738,0.11647032217264197,88.20779886388517
train,0,636,63.66366366366367,26,5.0,2,2,0.4732603644669339,-9.241236447560357,33.0707556927537,-12.533720837864069,9.987147292170443,-9.265942,32.972188,-12.568061,10.093605,0.10161670323394283,0.11185924321148201,0.03434016213593161,-0.10645770782955744,85.97411373695736
train,0,636,63.66366366366367,27,5.0,3,2,0.3557971432950176,14.427121802476963,4.182515012495894,11.955324270889315,-9.459573175913548,14.452382,4.193402,12.046672,-9.594092,0.027506436988774568,0.16260295706807043,-0.09134772911068367,0.13451882408645233,84.79674016662487
train,0,636,63.66366366366367,28,5.0,3,2,0.5174786858529222,-2.4009827894078786,17.766423405168716,11.958882811584258,-9.566296159664311,-2.332501,17.732243,11.890406,-9.632863,0.07653793554834469,0.09549983223557555,0.068476811584258,0.06656684033568894,88.48069821066545
train,0,636,63.66366366366367,29,5.0,2,2,0.2237878761035387,39.278557332437586,-10.843402191578924,-4.599237236650449,4.114581194372718,39.327158,-10.870382,-4.666549,3.787338,0.055587183324484965,0.33409427075076653,0.0673117633495508,0.3272431943727181,71.27054565634106
train,0,636,63.66366366366367,30,5.0,2,2,0.2623288018381235,35.639593376241905,-2.6961045406023922,-12.246306056798131,9.996739610792444,35.632952,-2.656592,-12.195475,10.128819,0.040066803506671266,0.14152300657015418,-0.05083105679813116,-0.13207938920755602,86.32202692301651
train,0,636,63.66366366366367,31,5.0,3,2,0.46876832786948647,-22.174515561708873,-6.054267844011004,2.0781995294660947,4.840853454942867,-22.206522,-5.94724,2.09074,4.892714,0.11171110726211367,0.0533552203147423,-0.012540470533905168,-0.05186054505713322,88.35575657435439
train,0,636,63.66366366366367,32,5.0,2,2,0.3849839873590101,-23.39849764108025,35.13899448950106,11.925958435393024,-10.216693329369713,-23.270887,35.186245,12.019414,-10.092103,0.13607750166476307,0.15574560259751194,-0.09345556460697502,-0.12459032936971326,81.31674481099023
train,0,636,63.66366366366367,33,5.0,2,2,0.23727821900631624,-34.941103405197204,-33.94404340160269,-1.904582702350187,-10.165161401524424,-35.051395,-33.908578,-2.064141,-10.084498,0.1158534876254674,0.17878879913013765,0.15955829764981289,-0.08066340152442386,80.8121111405479
train,0,636,63.66366366366367,34,5.0,2,2,0.1778827765656906,47.01442323863822,-13.309383996009693,-11.935697626958504,10.347614913398498,46.981838,-13.246113,-11.961017,10.290473,0.07116893081372215,0.06250015134426365,0.025319373041496007,0.057141913398497834,90.96304408697343
train,0,636,63.66366366366367,35,5.0,2,2,0.20115365378673192,-40.280758408478064,49.50632243115606,11.492097925517365,-9.89068691889677,-40.382977,49.418943,11.560223,-9.942627,0.13447604040082417,0.08566678351773596,-0.06812507448263538,0.05194008110322912,85.26171401979498
train,0,636,63.66366366366367,36,5.0,1,1,8.648121406021762e-17,71.8849813758602,-35.235918688580554,-12.257320268698132,8.185540823547885,71.918768,-35.295508,-11.029302,9.895715,0.06850125550825421,2.1054036624980075,-1.2280182686981327,-1.7101741764521137,12.166088404535635
train,0,636,63.66366366366367,37,5.0,2,2,0.12670917627291717,-55.484006266807484,62.570503329533246,11.020110420936954,-9.51231310531493,-55.487944,62.536827,10.833798,-9.625222,0.03390576519601088,0.2178548523544814,0.18631242093695377,0.11290889468507004,80.21356692452662
train,0,636,63.66366366366367,20,10.0,3,2,0.515188383219362,-1.1930405284724446,22.076182706171384,0.09192927607674584,-0.06643865674458738,-1.163212,22.075912,0.061142,-0.098676,0.02982975683210756,0.04457692977755494,0.030787276076745834,0.03223734325541262,94.77761813909109
train,0,636,63.66366366366367,21,10.0,3,2,0.38421278646813745,21.24184291949309,3.76494017859247,0.09134563740881285,-0.14688211600103104,21.22762,3.742892,0.077175,-0.082957,0.026237637434654196,0.06547692280733206,0.014170637408812858,-0.06392511600103104,93.18921182443103
train,0,636,63.66366366366367,22,10.0,2,2,0.13372628403957335,-48.24109576948066,64.14530641646395,-12.943621219502061,10.412529448806849,-48.269397,64.138123,-13.091794,10.35779,0.029198649301011893,0.15796069174376276,0.14817278049793892,0.05473944880684911,85.16014232525822
train,0,636,63.66366366366367,23,10.0,2,2,0.3703872676291816,25.658952618801056,0.12821368785487938,0.04821535526439426,-0.0386653611224711,25.648602,0.165812,0.036288,-0.060466,0.03899703047318717,0.0248501440452867,0.011927355264394257,0.0218006388775289,95.48111231377511
train,0,636,63.66366366366367,24,10.0,2,2,0.22024274345859238,-30.60441011182821,50.310411272738,-12.79576379302428,10.299162298699287,-30.639646,50.277027,-12.902378,10.223753,0.0485394425338857,0.130587715576083,0.10661420697572055,0.07540929869928625,86.99522022375122
train,0,636,63.66366366366367,25,10.0,2,2,0.28670620027004057,31.637692752066762,-9.090833527367401,12.283519458665053,-9.598275205799814,31.614123,-9.084603,12.274024,-9.663844,0.02437934953530573,0.06625277736160187,0.00949545866505197,0.06556879420018547,93.18383581137017
train,0,636,63.66366366366367,26,10.0,2,2,0.4742286002337078,-9.25206771705664,33.027659015281316,-12.548694683602385,10.033679321511713,-9.265942,32.972188,-12.568061,10.093605,0.05717979768705099,0.0629773066516357,0.019366316397615435,-0.05992567848828756,91.84546550756406
train,0,636,63.66366366366367,27,10.0,3,2,0.3556681231587351,14.438145949960179,4.187269550820082,11.995266965228469,-9.518381932961422,14.452382,4.193402,12.046672,-9.594092,0.015500711392725878,0.09151224973110572,-0.05140503477153047,0.07571006703857819,91.13614009251168
train,0,636,63.66366366366367,28,10.0,3,2,0.5174367104338721,-2.371067378716337,17.751498969706134,11.928935710767345,-9.59540543642842,-2.332501,17.732243,11.890406,-9.632863,0.04310635610458679,0.0537364650915389,0.03852971076734413,0.037457563571580366,93.3429802068294
train,0,636,63.66366366366367,29,10.0,2,2,0.22362977968019665,39.29972888102493,-10.855088424638334,-4.6286491078811975,3.9715306065807217,39.327158,-10.870382,-4.666549,3.787338,0.031404617735154364,0.1880513710176486,0.03789989211880229,0.18419260658072156,82.64171347930234
train,0,636,63.66366366366367,30,10.0,2,2,0.2623674300386197,35.63668190294834,-2.6788546667849213,-12.22406094843789,10.054495352927166,35.632952,-2.656592,-12.195475,10.128819,0.022572959672591802,0.0796314068838476,-0.02858594843788964,-0.07432364707283412,92.05638167708594
train,0,636,63.66366366366367,31,10.0,3,2,0.4693246179743681,-22.18849117602421,-6.007510371899215,2.0836587677932066,4.863526952650371,-22.206522,-5.94724,2.09074,4.892714,0.06290968400902687,0.03003377403118001,-0.007081232206793242,-0.029187047349628514,93.26631038969442
train,0,636,63.66366366366367,32,10.0,2,2,0.3849918668868808,-23.342829500953684,35.15961793863685,11.966781463003304,-10.162149922884929,-23.270887,35.186245,12.019414,-10.092103,0.07671195369893818,0.08761709511479862,-0.05263253699669512,-0.07004692288492897,89.00712491803786
train,0,636,63.66366366366367,33,10.0,2,2,0.23716259716092955,-34.989242112967496,-33.928604008783786,-1.9743520025229484,-10.129957241436628,-35.051395,-33.908578,-2.064141,-10.084498,0.06529948234315107,0.10064097922778568,0.08978899747705138,-0.04545924143662816,88.69476798179245
train,0,636,63.66366366366367,34,10.0,2,2,0.17799078522005726,47.00015926857837,-13.281834591487748,-11.94676335899027,10.322644799194277,46.981838,-13.246113,-11.961017,10.290473,0.04014599582446905,0.03518793749896624,0.0142536410097307,0.03217179919427693,94.80155451287722
train,0,636,63.66366366366367,35,10.0,2,2,0.20121291165089858,-40.325398810678344,49.468174570219645,11.521854652939941,-9.913431625908522,-40.382977,49.418943,11.560223,-9.942627,0.07575615745173513,0.048213067984338616,-0.038368347060059094,0.029195374091477433,91.41167621274337
train,0,636,63.66366366366367,36,10.0,1,1,-3.651514309238576e-17,71.89977741099696,-35.26191815313889,-12.230631064002983,8.169644006560699,71.918768,-35.295508,-11.029302,9.895715,0.038586529810736,2.1029770789076183,-1.2013290640029837,-1.7260709934393006,12.204919814040192
train,0,636,63.66366366366367,37,10.0,2,2,0.12673951546701223,-55.48561354310288,62.555635640900654,10.938624256543546,-9.561687931611445,-55.487944,62.536827,10.833798,-9.625222,0.01895246690747665,0.12257700398906446,0.10482625654354649,0.06353406838855591,88.33502168653912
train,0,637,63.76376376376377,20,-10.0,3,2,0.5165731462209302,-1.2471200223489247,22.324307749215155,0.08426129187368996,-0.0782755416502565,-1.155445,22.063083,0.057266,-0.096295,0.2768441426600841,0.032456843077598475,0.02699529187368996,0.0180194583497435,75.67364413124128
train,0,637,63.76376376376377,21,-10.0,3,2,0.39264832159161,21.251407463965208,3.5300402628217444,-0.4008591757278225,1.5014493602895231,21.236234,3.73205,0.072528,-0.081981,0.20257879435797668,1.6526787721847744,-0.47338717572782246,1.5834303602895232,18.918155150390493
train,0,637,63.76376376376377,22,-10.0,2,2,0.12849999758497163,-49.858706774340384,65.33555139678133,-14.157356737903603,9.03925613618411,-49.578826,65.173776,-13.105247,10.372388,0.32327159919969384,1.698286038013862,-1.0521097379036028,-1.3331318638158915,17.750084406460967
train,0,637,63.76376376376377,23,-10.0,2,2,0.3665600412403443,25.948214115354244,0.4482203139329916,-0.3075166196021195,-0.21329282335294106,25.65732,0.155083,0.04186,-0.065711,0.4129756302344947,0.37926826509580636,-0.3493766196021195,-0.14758182335294107,57.08048791142517
train,0,637,63.76376376376377,24,-10.0,2,2,0.21146598365219918,-31.599526138421005,51.459405256427125,-14.79932601613603,8.693066722097857,-31.92955,51.299482,-12.916106,10.240432,0.3667304148250695,2.4373873168687346,-1.8832200161360308,-1.5473652779021432,8.50239642901509
train,0,637,63.76376376376377,25,-10.0,2,2,0.276157174034878,32.53717360935954,-10.02381004975258,11.856152460368449,-10.405415271815627,32.843829,-10.051024,12.290218,-9.667977,0.3078605653488619,0.8557032765123945,-0.4340655396315505,-0.7374382718156269,40.276628379549564
train,0,637,63.76376376376377,26,-10.0,2,2,0.45295034241211707,-10.361502500507708,33.950603690188906,-13.899672950347806,9.19706178748298,-10.529581,33.988165,-12.58429,10.121188,0.17222437105794774,1.607557639006065,-1.3153829503478072,-0.9241262125170202,19.85415509268569
train,0,637,63.76376376376377,27,-10.0,3,2,0.3599210330405287,15.755242761813271,3.0829222982324813,12.045931837417124,-10.157915089297576,15.660487,3.233418,12.07188,-9.608353,0.17784153240261763,0.5501743334021914,-0.025948162582876577,-0.5495620892975772,56.090506964943664
train,0,637,63.76376376376377,28,-10.0,3,2,0.5157192387015591,-1.0617394213658775,16.838445241868065,11.198666034974078,-9.421167781342275,-1.141506,16.769606,11.912814,-9.624966,0.10536388512181807,0.7426580840997601,-0.714147965025921,0.20379821865772563,47.23216582813366
train,0,637,63.76376376376377,29,-10.0,2,2,0.22634186140801962,38.90140392208107,-10.779835668917466,-4.558629883341592,3.765569817617018,38.866581,-10.498543,-4.532006,3.676004,0.2834399433548064,0.09343910770973583,-0.026623883341591714,0.08956581761701798,74.19715238201572
train,0,637,63.76376376376377,30,-10.0,2,2,0.27737943980781,33.97848056396743,-1.5405174668007038,-12.561640817883184,10.088696688045614,34.409457,-1.641335,-12.233643,10.152889,0.44261141356242684,0.3342203187273016,-0.3279978178831833,-0.06419231195438613,57.42879958267522
train,0,637,63.76376376376377,31,-10.0,3,2,0.47529746366163245,-22.008595973941247,-5.681591616245515,1.5577270488404895,4.6964435175257115,-21.995028,-5.46569,2.082002,4.821295,0.21632752440291975,0.5389360974079718,-0.5242749511595106,-0.12485148247428857,55.9488642468734
train,0,637,63.76376376376377,32,-10.0,2,2,0.4050489555738391,-22.898445984941205,33.93332088216875,11.130733844362695,-10.3339855655249,-22.067658,34.176497,12.042485,-10.096973,0.8656461749503324,0.9420536747036526,-0.9117511556373046,-0.2370125655248998,27.82102543782215
train,0,637,63.76376376376377,33,-10.0,2,2,0.23107029949325558,-35.428750731763266,-34.628488335567674,-1.0975584790073385,-10.75289778350783,-35.263363,-34.934655,-2.071804,-10.083538,0.3479815055824299,1.1820308181058186,0.9742455209926617,-0.6693597835078293,29.165365594586177
train,0,637,63.76376376376377,34,-10.0,2,2,0.1836789991019991,45.87334552762704,-12.977065500498398,-11.227323204184668,11.24323548580574,45.7834,-12.214812,-12.00915,10.304378,0.7675419187003188,1.2217636912710848,0.7818267958153324,0.938857485805741,23.62525759812915
train,0,637,63.76376376376377,35,-10.0,2,2,0.20767981372793523,-40.23714262380449,48.179719734352325,11.755764253119644,-9.896826909519698,-39.22352,48.421218,11.579361,-9.949221,1.0419943549746942,0.18401969576230406,0.1764032531196431,0.05239409048030197,34.710816177418266
train,0,637,63.76376376376377,36,-10.0,1,1,-2.8470279528986033e-17,70.71107978282893,-34.57248653165958,-11.799439183188905,7.893822633834466,70.819608,-34.309535,-11.029168,9.894135,0.2844677168405069,2.143494170247728,-0.7702711831889051,-2.0003123661655344,11.50615655795106
train,0,637,63.76376376376377,37,-10.0,2,2,0.13042392803549654,-54.218965879975116,61.825709485171615,10.546264850307235,-10.137899674084519,-54.405576,61.57388,10.845953,-9.614025,0.31343488398310454,0.6035376220364675,-0.2996881496927646,-0.523874674084519,50.658008427693105
train,0,637,63.76376376376377,20,-5.0,3,2,0.5159439177486058,-1.207639251872058,22.208275119811933,0.0724189468455256,-0.08622285734615202,-1.155445,22.063083,0.057266,-0.096295,0.15428866317382794,0.01819505030888314,0.015152946845525608,0.010072142653847982,85.61087920155595
train,0,637,63.76376376376377,21,-5.0,3,2,0.38931057373765077,21.24453565327725,3.6198821010208118,-0.19115510981591927,0.8095381134895724,21.236234,3.73205,0.072528,-0.081981,0.11247468607887323,0.9296962472331634,-0.26368310981591925,0.8915191134895724,39.200717768336865
train,0,637,63.76376376376377,22,-5.0,2,2,0.1288492488758396,-49.7375060212886,65.25959038865712,-13.696731231317827,9.623217184762483,-49.578826,65.173776,-13.105247,10.372388,0.18039805557917077,0.9545210874052429,-0.5914842313178266,-0.7491708152375178,37.85456778179144
train,0,637,63.76376376376377,23,-5.0,2,2,0.3682532262671688,25.82034180630872,0.3203808964325312,-0.15487856559028537,-0.14824945028858605,25.65732,0.155083,0.04186,-0.065711,0.23216266688935497,0.2133510228861451,-0.19673856559028538,-0.08253845028858604,72.95652584251985
train,0,637,63.76376376376377,24,-5.0,2,2,0.21158272455336077,-31.743756014677285,51.38954104060887,-13.973214814492074,9.368449542335666,-31.92955,51.299482,-12.916106,10.240432,0.20647042349326283,1.3703402687475736,-1.057108814492075,-0.871982457664334,25.01217394206281
train,0,637,63.76376376376377,25,-5.0,2,2,0.27495405988532806,32.671295356750754,-10.03558859614628,12.046116255800456,-10.083457749460287,32.843829,-10.051024,12.290218,-9.667977,0.17322271717354323,0.48188163971388304,-0.24410174419954345,-0.41548074946028635,59.925363993506394
train,0,637,63.76376376376377,26,-5.0,2,2,0.45253610025885793,-10.43544550783788,33.96622795779413,-13.323875189020976,9.600748912071555,-10.529581,33.988165,-12.58429,10.121188,0.0966577710551344,0.9043467786546182,-0.7395851890209766,-0.5204390879284446,40.27265171013761
train,0,637,63.76376376376377,27,-5.0,3,2,0.35915962759337405,15.71388334158549,3.1496748816354034,12.056726020475482,-9.91872658708157,15.660487,3.233418,12.07188,-9.608353,0.09931807070287427,0.3107433131272677,-0.015153979524518135,-0.31037358708157115,72.16397742936105
train,0,637,63.76376376376377,28,-5.0,3,2,0.5161178387776058,-1.0969883188274467,16.808799422911452,11.510894807960533,-9.510925692348607,-1.141506,16.769606,11.912814,-9.624966,0.059312294985922345,0.4177849072176758,-0.40191919203946647,0.11404030765139339,65.57509951803928
train,0,637,63.76376376376377,29,-5.0,2,2,0.22669035561734546,38.88570511641183,-10.656248458918002,-4.547088077195126,3.7262842794200486,38.866581,-10.498543,-4.532006,3.676004,0.15886076797331353,0.052493576283940954,-0.015082077195126331,0.05028027942004876,84.59381313772
train,0,637,63.76376376376377,30,-5.0,2,2,0.2757025015620444,34.16461568610352,-1.585730403391163,-12.417926467467787,10.116804514023215,34.409457,-1.641335,-12.233643,10.152889,0.2510759649082114,0.18778308366346347,-0.184283467467786,-0.03608448597678482,73.08617933818859
train,0,637,63.76376376376377,31,-5.0,3,2,0.47668442379816706,-22.00292874629399,-5.587004851897431,1.7872641500386566,4.750883138284476,-21.995028,-5.46569,2.082002,4.821295,0.12157185152368749,0.30303173178741777,-0.29473784996134356,-0.07041186171552383,72.14380826261663
train,0,637,63.76376376376377,32,-5.0,2,2,0.40552286530539133,-22.535254592072253,34.04069103217933,11.529118493483125,-10.2274400670275,-22.067658,34.176497,12.042485,-10.096973,0.4869187137636948,0.529685591263438,-0.5133665065168742,-0.13046706702749944,48.70036767802267
train,0,637,63.76376376376377,33,-5.0,2,2,0.2305890328695795,-35.35588631498985,-34.76216832060808,-1.5227866518906912,-10.459358534433186,-35.263363,-34.934655,-2.071804,-10.083538,0.1957350719323482,0.6653278309424783,0.549017348109309,-0.37582053443318486,49.98124176502024
train,0,637,63.76376376376377,34,-5.0,2,2,0.1844077344751069,45.834629019569235,-12.642963798936394,-11.571436452673222,10.832928657170577,45.7834,-12.214812,-12.00915,10.304378,0.4312057228035076,0.6862644874309323,0.43771354732677814,0.5285506571705767,44.463923890910884
train,0,637,63.76376376376377,35,-5.0,2,2,0.2084457141757838,-39.79228641046322,48.286755746816866,11.678405721729511,-9.920336856390533,-39.22352,48.421218,11.579361,-9.949221,0.5844444603230501,0.10317049313892311,0.09904472172951095,0.028884143609467117,55.24011282098912
train,0,637,63.76376376376377,36,-5.0,1,1,-3.6014004944010325e-17,70.7586510479361,-34.457437985414785,-11.97743435598658,7.995516751361837,70.819608,-34.309535,-11.029168,9.894135,0.15997200723729185,2.1222535984085202,-0.9482663559865792,-1.8986182486381633,11.904255169503479
train,0,637,63.76376376376377,37,-5.0,2,2,0.13055721295670794,-54.29620729565852,61.71442823098026,10.677581677317114,-9.909183531040112,-54.405576,61.57388,10.845953,-9.614025,0.17808795220624837,0.3398050334349701,-0.16837132268288535,-0.29515853104011214,68.1373899202244
train,0,637,63.76376376376377,20,0.0,3,2,0.5156070562916528,-1.1850003418192396,22.1442053183595,0.06577900504198805,-0.09064969439550968,-1.155445,22.063083,0.057266,-0.096295,0.08633857055842623,0.01021473103968009,0.008513005041988056,0.005645305604490322,91.673143416013
train,0,637,63.76376376376377,21,0.0,3,2,0.3874904622382885,21.240857963429093,3.669412615218136,-0.07495703120220658,0.4196869563313221,21.236234,3.73205,0.072528,-0.081981,0.06280782602594127,0.5228982432924796,-0.14748503120220657,0.5016679563313221,59.05760808063207
train,0,637,63.76376376376377,22,0.0,2,2,0.12903865947207024,-49.668477206848394,65.22040500255,-13.437852208381416,9.95123605591089,-49.578826,65.173776,-13.105247,10.372388,0.10105247531941368,0.5366518281460363,-0.33260520838141616,-0.42115194408911094,57.9214077960566
train,0,637,63.76376376376377,23,0.0,2,2,0.36920257915696364,25.74882950631792,0.2482051201572901,-0.06886572042615788,-0.11198472860014648,25.65732,0.155083,0.04186,-0.065711,0.13055925478164604,0.12000601285957171,-0.11072572042615789,-0.046273728600146474,83.75004506546047
train,0,637,63.76376376376377,24,0.0,2,2,0.21164698934833368,-31.824981138430925,51.35017968449917,-13.50999068817691,9.749474697768928,-31.92955,51.299482,-12.916106,10.240432,0.11621059342172547,0.7705440256500585,-0.5938846881769102,-0.49095730223107203,45.87462845234859
train,0,637,63.76376376376377,25,0.0,2,2,0.2742802965550531,32.74676995424094,-10.042295557355677,12.152939551222829,-9.901880297846475,32.843829,-10.051024,12.290218,-9.667977,0.09745072639367341,0.27121232501883585,-0.13727844877717033,-0.23390329784647435,74.96200702882793
train,0,637,63.76376376376377,26,0.0,2,2,0.4522909950736219,-10.47676286159976,33.97557387014381,-13.000185214035714,9.828267066476155,-10.529581,33.988165,-12.58429,10.121188,0.05429817948257974,0.5086958839565087,-0.4158952140357144,-0.2929209335238454,59.95442059298979
train,0,637,63.76376376376377,27,0.0,3,2,0.35875265363767905,15.690558481349917,3.1865840873039595,12.063183190582901,-9.783304731868705,15.660487,3.233418,12.07188,-9.608353,0.05565706935330662,0.17516775667313034,-0.00869680941709916,-0.17495173186870616,83.21044433058239
train,0,637,63.76376376376377,28,0.0,3,2,0.5163446591027201,-1.1165695873068822,16.791818366622174,11.68668150434911,-9.561010497689402,-1.141506,16.769606,11.912814,-9.624966,0.03339481859449692,0.23500257842223837,-0.226132495650889,0.06395550231059843,78.8704550705717
train,0,637,63.76376376376377,29,0.0,2,2,0.2268828466379759,38.87719375319232,-10.58709044170055,-4.54052203059231,3.7042537562343862,38.866581,-10.498543,-4.532006,3.676004,0.08918116371764581,0.029505448723098883,-0.008516030592310209,0.028249756234386414,91.0341606719487
train,0,637,63.76376376376377,30,0.0,2,2,0.2747517914134981,34.270962607521184,-1.6104042867581878,-12.33722804955014,10.132596574227831,34.409457,-1.641335,-12.233643,10.152889,0.14190632744780743,0.1055539910852438,-0.10358504955013892,-0.020292425772169054,83.78980502696844
train,0,637,63.76376376376377,31,0.0,3,2,0.4774643623941362,-21.99955668680075,-5.53388777884294,1.9162746150715575,4.781633263201804,-21.995028,-5.46569,2.082002,4.821295,0.06834797760906931,0.1704072166343597,-0.16572738492844263,-0.0396617367981964,83.22661390357482
train,0,637,63.76376376376377,32,0.0,2,2,0.40577442200950015,-22.3307826091294,34.10040893164813,11.753579738648398,-10.16944901775391,-22.067658,34.176497,12.042485,-10.096973,0.27390500921855554,0.29785738732840294,-0.28890526135160144,-0.07247601775391033,66.72091766984222
train,0,637,63.76376376376377,33,0.0,2,2,0.23031512929895548,-35.31524162535869,-34.83755240274908,-1.7626837266848927,-10.294704942726048,-35.263363,-34.934655,-2.071804,-10.083538,0.11009226204407381,0.3743618851788632,0.3091202733151075,-0.21116694272604697,67.69118598020573
train,0,637,63.76376376376377,34,0.0,2,2,0.18481540755402054,45.812411988998065,-12.455471644320687,-11.76359922934543,10.60181325848631,45.7834,-12.214812,-12.00915,10.304378,0.2424020625122302,0.3856979569039364,0.2455507706545692,0.2974352584863098,63.410199093576104
train,0,637,63.76376376376377,35,0.0,2,2,0.20886983192722874,-39.54303347569739,48.34599843449965,11.635017520541302,-9.933152945180845,-39.22352,48.421218,11.579361,-9.949221,0.32824814422367976,0.0579295318851764,0.055656520541301546,0.016068054819154298,71.65403780703456
train,0,637,63.76376376376377,36,0.0,1,1,0.0,70.78533790756694,-34.392742575853205,-12.077606088132347,8.052540874567995,70.819608,-34.309535,-11.029168,9.894135,0.0899885543540845,2.1191251372847906,-1.0484380881323467,-1.841594125432005,11.990746524062612
train,0,637,63.76376376376377,37,0.0,2,2,0.13062521141155595,-54.342640521852985,61.65259996885263,10.751312284111464,-9.780199028512838,-54.405576,61.57388,10.845953,-9.614025,0.10078545483229201,0.19123460161822217,-0.09464071588853606,-0.16617402851283813,80.56003661049452
train,0,637,63.76376376376377,20,5.0,3,2,0.5154228320116112,-1.1721486732654633,22.108565266178438,0.06205156646091487,-0.09312565231144147,-1.155445,22.063083,0.057266,-0.096295,0.04845254624151075,0.00573989643833446,0.004785566460914874,0.0031693476885585325,95.23798248385243
train,0,637,63.76376376376377,21,5.0,3,2,0.386485021520038,21.238846060125827,3.696943716117682,-0.010171836839308597,0.2002760775048743,21.236234,3.73205,0.072528,-0.081981,0.035203324077803126,0.29412296886649447,-0.0826998368393086,0.2822570775048743,74.36221729627212
train,0,637,63.76376376376377,22,5.0,2,2,0.12914292148775416,-49.629429127817076,65.19946870134847,-13.292324157001676,10.13555098643744,-49.578826,65.173776,-13.105247,10.372388,0.056752017122324604,0.30181059236723645,-0.18707715700167604,-0.23683701356256037,73.55770214262726
train,0,637,63.76376376376377,23,5.0,2,2,0.36973539938039085,25.70874986074011,0.2075485966166726,-0.020445946370150847,-0.09169271034783719,25.65732,0.155083,0.04186,-0.065711,0.07346883287551674,0.06750614953971988,-0.06230594637015085,-0.02598171034783718,90.50423945085045
train,0,637,63.76376376376377,24,5.0,2,2,0.2116826653174261,-31.870676572903403,51.3280322896712,-13.249948393144741,9.964109275536744,-31.92955,51.299482,-12.916106,10.240432,0.06543087542137727,0.43336473266222897,-0.3338423931447423,-0.276322724463256,64.5147448161004
train,0,637,63.76376376376377,25,5.0,2,2,0.273902357124923,32.78922311263497,-10.04608843263182,12.213005043191094,-9.799614856946066,32.843829,-10.051024,12.290218,-9.667977,0.05482848493409232,0.1526118150096077,-0.07721295680890528,-0.13163785694606567,85.03034059547913
train,0,637,63.76376376376377,26,5.0,2,2,0.45214928059834913,-10.499915446609329,33.98100923902918,-12.81820849173521,9.956354408226673,-10.529581,33.988165,-12.58429,10.121188,0.03051638859770874,0.28616074809898595,-0.23391849173520995,-0.16483359177332702,74.99240884364164
train,0,637,63.76376376376377,27,5.0,3,2,0.35853048798239257,15.677432687187318,3.2071301323353536,12.06694361701975,-9.706878677177265,15.660487,3.233418,12.07188,-9.608353,0.03127632172433969,0.0986492622383285,-0.004936382980250897,-0.09852567717726579,90.16863240779183
train,0,637,63.76376376376377,28,5.0,3,2,0.5164729350733616,-1.1275013801686053,16.782189980667475,11.785588774924515,-9.589047616069736,-1.141506,16.769606,11.912814,-9.624966,0.018827797164333533,0.13219829121312263,-0.12722522507548462,0.03591838393026414,87.49992093151782
train,0,637,63.76376376376377,29,5.0,2,2,0.22698995720828938,38.87251030882896,-10.548315443227592,-4.536806059778227,3.6918860259641617,38.866581,-10.498543,-4.532006,3.676004,0.050124373392922264,0.016591543707589914,-0.0048000597782271726,0.015882025964161883,94.8570676418196
train,0,637,63.76376376376377,30,5.0,2,2,0.27421492264785713,34.33128365783856,-1.6240167955118718,-12.291894089340705,10.141467927283829,34.409457,-1.641335,-12.233643,10.152889,0.08006866822535823,0.059360174455326105,-0.058251089340704,-0.01142107271617121,90.51337341357988
train,0,637,63.76376376376377,31,5.0,3,2,0.47790290069442065,-21.997601819055312,-5.504044910287703,1.9887940965083653,4.798966506592172,-21.995028,-5.46569,2.082002,4.821295,0.03844117177854006,0.09584505668613981,-0.09320790349163488,-0.022328493407828276,90.18864639750342
train,0,637,63.76376376376377,32,5.0,2,2,0.4059111321758405,-22.215764266086268,34.1337667956584,11.879931352015356,-10.137445011543834,-22.067658,34.176497,12.042485,-10.096973,0.1541471258800836,0.16751618486438669,-0.16255364798464278,-0.04047201154383373,79.64056001912964
train,0,637,63.76376376376377,33,5.0,2,2,0.23016009747355934,-35.29248771908109,-34.88000880831967,-1.897818301383302,-10.202253533007552,-35.263363,-34.934655,-2.071804,-10.083538,0.06192298060264357,0.21062858566777543,0.1739856986166981,-0.11871553300755089,80.28861306375649
train,0,637,63.76376376376377,34,5.0,2,2,0.1850439278508919,45.79977710903726,-12.350198006526304,-11.871220908170626,10.471744794217347,45.7834,-12.214812,-12.00915,10.304378,0.13637294623039617,0.21687802604106254,0.13792909182937407,0.16736679421734735,77.39943783501413
train,0,637,63.76376376376377,35,5.0,2,2,0.20910623805010012,-39.40320471787863,48.378988769922366,11.610662193889768,-9.940226613263109,-39.22352,48.421218,11.579361,-9.949221,0.1845803502870029,0.032567832775571195,0.031301193889767376,0.008994386736890903,82.90859036403504
train,0,637,63.76376376376377,36,5.0,1,1,0.0,70.80031336831848,-34.356381255841484,-12.133954162849998,8.08455488528823,70.819608,-34.309535,-11.029168,9.894135,0.05066413423805348,2.1201727894643607,-1.1047861628499973,-1.8095801147117712,11.993827495086737
train,0,637,63.76376376376377,37,5.0,2,2,0.13066121011268458,-54.36965732980119,61.618109675144574,10.792728100507707,-9.707559520106004,-54.405576,61.57388,10.845953,-9.614025,0.056977320332262195,0.10761782555610935,-0.053224899492292366,-0.09353452010600449,88.53516906320205
train,0,637,63.76376376376377,20,10.0,3,2,0.5153209443829952,-1.1649008960801635,22.088669939325015,0.05995820465780894,-0.09451329557487693,-1.155445,22.063083,0.057266,-0.096295,0.027278296037343087,0.0032283798689174263,0.002692204657808943,0.0017817044251230707,97.29051624914953
train,0,637,63.76376376376377,21,10.0,3,2,0.3859262615710183,21.23774751785498,3.7123072031655657,0.026070625867106526,0.07688172286741256,21.236234,3.73205,0.072528,-0.081981,0.01980072632867538,0.16551632042844586,-0.04645737413289347,0.15886272286741254,84.64564770268292
train,0,637,63.76376376376377,22,10.0,2,2,0.12920080548289434,-49.60744839576702,65.1880279636432,-13.210532145511706,10.239113182293783,-49.578826,65.173776,-13.105247,10.372388,0.031974364843275746,0.1698444550170733,-0.10528514551170609,-0.13327481770621752,84.12823484141926
train,0,637,63.76376376376377,23,10.0,2,2,0.3700344707313343,25.686271096535116,0.18469977095874285,0.006789782801999805,-0.08031741935262854,25.65732,0.155083,0.04186,-0.065711,0.04141641115075394,0.03799036220700916,-0.03507021719800019,-0.014606419352628533,94.53488128752096
train,0,637,63.76376376376377,24,10.0,2,2,0.211702540172192,-31.896346834198727,51.315592208134035,-13.103902290647065,10.0848879168798,-31.92955,51.299482,-12.916106,10.240432,0.03690513548747306,0.2438471008121705,-0.18779629064706604,-0.15554408312019952,78.14344573017023
train,0,637,63.76376376376377,25,10.0,2,2,0.27369024243769696,32.81308875705914,-10.048218916436815,12.246770910197723,-9.742074175303374,32.843829,-10.051024,12.290218,-9.667977,0.030867961219676315,0.08589552374964571,-0.043447089802276295,-0.07409717530337367,91.2767933557341
train,0,637,63.76376376376377,26,10.0,2,2,0.45206828035309604,-10.512909034226785,33.984126707239525,-12.71592360148524,10.028404024669122,-10.529581,33.988165,-12.58429,10.121188,0.01715407389405111,0.16104741884977933,-0.13163360148524106,-0.09278397533087812,85.04765572723875
train,0,637,63.76376376376377,27,10.0,3,2,0.3584079031553147,15.67006567714891,3.218593512088873,12.069107270855305,-9.663827765415629,15.660487,3.233418,12.07188,-9.608353,0.01764982996377621,0.05554401520262103,-0.002772729144695063,-0.05547476541562979,94.33849877081445
train,0,637,63.76376376376377,28,10.0,3,2,0.516545059765495,-1.1336143870027242,16.776780834005507,11.841206751705364,-9.604766886648349,-1.141506,16.769606,11.912814,-9.624966,0.010665636347886382,0.07440162759323446,-0.07160724829463483,0.020199113351651476,92.75930081816655
train,0,637,63.76376376376377,29,10.0,2,2,0.22704976875119204,38.86991376010735,-10.526563348909141,-4.53470915668759,3.6849407232088147,38.866581,-10.498543,-4.532006,3.676004,0.0282178532656755,0.009336598834084883,-0.002703156687590358,0.00893672320881489,97.07149950549876
train,0,637,63.76376376376377,30,10.0,2,2,0.27391257434841787,34.36534148471913,-1.6315611502139793,-12.266427918456518,10.146446238413047,34.409457,-1.641335,-12.233643,10.152889,0.045185250117007615,0.03341197472564019,-0.03278491845651743,-0.006442761586953338,94.53531852021398
train,0,637,63.76376376376377,31,10.0,3,2,0.47814937041875716,-21.99648400466116,-5.48728022286643,2.0295523646277926,4.808723471613405,-21.995028,-5.46569,2.082002,4.821295,0.02163926230247762,0.053935216479147355,-0.05244963537220748,-0.012571528386595254,94.35421481109445
train,0,637,63.76376376376377,32,10.0,2,2,0.40598651278620485,-22.151139478078534,34.15242978307376,11.951007861937299,-10.119637622769607,-22.067658,34.176497,12.042485,-10.096973,0.08688146012096712,0.09424304702963986,-0.09147713806270019,-0.022664622769607234,87.9694924990434
train,0,637,63.76376376376377,33,10.0,2,2,0.23007263950675746,-35.27972316084219,-34.9038987281636,-1.9738575109931868,-10.150325508862624,-35.263363,-34.934655,-2.071804,-10.083538,0.034836806972755284,0.11854993061506504,0.09794648900681335,-0.06678750886262286,88.37664121188944
train,0,637,63.76376376376377,34,10.0,2,2,0.1851721029504172,45.79262598147942,-12.291116414255201,-11.931576533556656,10.398601008851793,45.7834,-12.214812,-12.00915,10.304378,0.0768601481203875,0.12204760584756141,0.07757346644334362,0.09422300885179347,86.56861932544183
train,0,637,63.76376376376377,35,10.0,2,2,0.20923848348062946,-39.324766251865945,48.39739593086391,11.596992535017375,-9.944151829649714,-39.22352,48.421218,11.579361,-9.949221,0.10401103064015474,0.018345776492400243,0.017631535017374134,0.0050691703502856456,89.97695714292571
train,0,637,63.76376376376377,36,10.0,1,1,-3.6516557824408586e-17,70.80870472087662,-34.335973950651336,-12.165633975027282,8.102538291159778,70.819608,-34.309535,-11.029168,9.894135,0.02859894416209049,2.1216440982223728,-1.1364659750272814,-1.7915967088402223,11.981135188307933
train,0,637,63.76376376376377,37,10.0,2,2,0.13068072148212254,-54.38507536633849,61.59885462691103,10.815989111083546,-9.666697970300524,-54.405576,61.57388,10.845953,-9.614025,0.032311112173189424,0.060599310551172424,-0.02996388891645374,-0.05267297030052376,93.36298648873462
train,0,638,63.86386386386387,20,-10.0,3,2,0.5135840873428229,-1.1439989793304521,21.765877625658156,0.711601727432773,0.11701487413941113,-1.148751,22.051125,0.051887,-0.091171,0.28528695425721673,0.691783838914215,0.6597147274327729,0.20818587413941114,47.3170057740907
train,0,638,63.86386386386387,21,-10.0,3,2,0.39003474843083574,21.144040709460846,3.526173500827968,-0.04816452562329754,-0.4735392288504621,21.244136,3.722031,0.066855,-0.078773,0.21995278395610346,0.4111810631770678,-0.11501952562329754,-0.39476622885046214,62.73100440958175
train,0,638,63.86386386386387,22,-10.0,2,2,0.12459774856884435,-50.91389811738456,66.38740548073848,-14.350826410011498,9.350451237808498,-50.892347,66.213509,-13.118942,10.387565,0.17522681493924047,1.6103242392004127,-1.2318844100114976,-1.0371137621915025,19.793238363287273
train,0,638,63.86386386386387,23,-10.0,2,2,0.3635511639435832,26.17110762452193,0.37000535752267083,-0.18038574780060448,-0.3822160026868383,25.66516,0.144942,0.043229,-0.067046,0.5537476985584333,0.3864397573070732,-0.22361474780060447,-0.3151700026868383,50.902551500546565
train,0,638,63.86386386386387,24,-10.0,2,2,0.20527586088278868,-33.13961575337473,52.02686628005144,-12.786436409717677,10.678438688233815,-33.221843,52.324172,-12.931587,10.258462,0.3084671963138079,0.4443524642883732,0.14515059028232358,0.41997668823381495,58.2208777032108
train,0,638,63.86386386386387,25,-10.0,2,2,0.2610369404541951,34.07217206305652,-10.877134744466828,12.544522747620013,-8.931219630569712,34.076792,-11.016559,12.305387,-9.673926,0.13950077723203305,0.7802555074987302,0.2391357476200131,0.7427063694302873,45.265366344153094
train,0,638,63.86386386386387,26,-10.0,2,2,0.4310324278367922,-11.839273649641115,34.943160634041604,-11.90031992642498,10.082129945041201,-11.792652,35.006292,-12.596645,10.144834,0.07848023689459654,0.6991426225009691,0.6963250735750197,-0.0627040549587985,49.483365678241015
train,0,638,63.86386386386387,27,-10.0,3,2,0.37668521369776686,16.915272857933594,2.0482841328202217,11.843255038751078,-9.84969557594714,16.869584,2.271334,12.096956,-9.62346,0.22768116959510049,0.33992162855982155,-0.2537009612489225,-0.22623557594713972,66.422944244146
train,0,638,63.86386386386387,28,-10.0,3,2,0.5141242495356132,-0.13075826594730655,15.923568142812545,11.936323373401095,-10.101912901175293,0.052863,15.807045,11.935017,-9.617984,0.21747278477778362,0.4839306644594758,0.0013063734010945183,-0.4839289011752932,58.828132727293244
train,0,638,63.86386386386387,29,-10.0,2,2,0.22823941633418565,38.77703827269983,-10.2290621156705,-4.00383657972131,3.2107250283166073,38.41979,-10.136593,-4.397434,3.565788,0.36902149761213054,0.5300836189797618,0.3935974202786898,-0.3550629716833926,52.4199202086745
train,0,638,63.86386386386387,30,-10.0,2,2,0.28397072288675074,33.29528815565961,-0.8626443631103916,-11.72968941240707,11.686446592096047,33.18294,-0.62304,-12.27112,10.176403,0.2646362766168925,1.6041754053754707,0.5414305875929291,1.5100435920960464,19.674298779553414
train,0,638,63.86386386386387,31,-10.0,3,2,0.48478642541345746,-21.574266526812252,-5.280931496760084,1.3438446777819164,5.084628687536951,-21.785847,-4.985146,2.071396,4.751201,0.36366929582790075,0.8003155310735388,-0.7275513222180836,0.3334276875369513,41.516972684886206
train,0,638,63.86386386386387,32,-10.0,2,2,0.4388059221065378,-20.36314532212587,32.749205831225936,11.5474990230828,-9.808571480654352,-20.861634,33.166064,12.066217,-10.102621,0.6498166624843976,0.5962662655261313,-0.5187179769172001,0.2940495193456467,41.39844131899836
train,0,638,63.86386386386387,33,-10.0,2,2,0.2236202375429499,-35.45952578241724,-35.897428337719155,-4.123875196409547,-9.047019043269911,-35.470509,-35.954312,-2.077394,-10.068423,0.05793429125269122,2.2872147538177807,-2.0464811964095473,1.0214039567300883,10.147443713629057
train,0,638,63.86386386386387,34,-10.0,2,2,0.19250291034131123,44.58688934147293,-11.422115972770401,-11.727181826636599,8.623909809514496,44.580167,-11.181565,-12.058576,10.317528,0.2406448843745996,1.7257359801784873,0.3313941733634014,-1.6936181904855037,17.509378439091456
train,0,638,63.86386386386387,35,-10.0,2,2,0.21817674351804184,-38.44019472497371,47.181107925775486,11.801339954964169,-10.024202296888072,-38.062299,47.422316,11.597224,-9.953278,0.44831519495161193,0.21608697082425352,0.204115954964168,-0.070924296888073,60.79426750618131
train,0,638,63.86386386386387,36,-10.0,1,1,-2.8471335921407777e-17,69.07255471914715,-34.64459909841365,-12.055099936507688,8.20639811840978,69.720295,-33.321134,-11.03378,9.895723,1.4734745800855784,1.9740600214451127,-1.0213199365076875,-1.6893248815902204,8.515013731043531
train,0,638,63.86386386386387,37,-10.0,2,2,0.13536540821475293,-53.09782487963017,60.54280583033348,10.435994076063833,-9.785951962219457,-53.323466,60.613269,10.861601,-9.603374,0.23638733781911497,0.4631154996225189,-0.42560692393616684,-0.18257796221945632,59.45463086495063
train,0,638,63.86386386386387,20,-5.0,3,2,0.5142351043465956,-1.145979459564528,21.889935094745155,0.42336383835404795,0.02689104462055422,-1.148751,22.051125,0.051887,-0.091171,0.16121373078137907,0.38978672093018407,0.37147683835404793,0.11806204462055422,65.5858734995779
train,0,638,63.86386386386387,21,-5.0,3,2,0.3881454925225679,21.18658158143576,3.6114333088068538,0.0020830092175150535,-0.30165805793710493,21.244136,3.722031,0.066855,-0.078773,0.12467702432093222,0.23210592375368824,-0.06477199078248494,-0.22288505793710495,76.83790996416143
train,0,638,63.86386386386387,22,-5.0,2,2,0.12479574690505706,-50.9009422267351,66.30967037643232,-13.810734165477031,9.804837125430256,-50.892347,66.213509,-13.118942,10.387565,0.09654474734539488,0.9045154371352496,-0.6917921654770307,-0.5827278745697448,40.26638170869485
train,0,638,63.86386386386387,23,-5.0,2,2,0.3665619904320988,25.944044959874343,0.2668559792825785,-0.08290727150302327,-0.24360031231620663,25.66516,0.144942,0.043229,-0.067046,0.3043679339034042,0.21698337306377424,-0.12613627150302326,-0.17655431231620664,68.81189543974436
train,0,638,63.86386386386387,24,-5.0,2,2,0.20452203800817584,-33.176409679237146,52.15325484510848,-12.849770669895081,10.494522740935718,-33.221843,52.324172,-12.931587,10.258462,0.17685265186519533,0.24983711750450016,0.08181633010491929,0.23606074093571827,73.63151064045864
train,0,638,63.86386386386387,25,-5.0,2,2,0.26087044427361616,34.07347210794618,-10.937410448210882,12.440336573889981,-9.256083339428624,34.076792,-11.016559,12.305387,-9.673926,0.07921814775393259,0.4390943822078044,0.13494957388998152,0.41784266057137565,64.00665416929218
train,0,638,63.86386386386387,26,-5.0,2,2,0.43056879338346243,-11.81959052222072,34.96893849784805,-12.205063260470803,10.1094314393949,-11.792652,35.006292,-12.596645,10.144834,0.046053969453805445,0.3931788397537563,0.3915817395291974,-0.03540256060509961,67.30963083211573
train,0,638,63.86386386386387,27,-5.0,3,2,0.37474734649706176,16.894002129870177,2.145936476095932,11.953171748927387,-9.748859547236442,16.869584,2.271334,12.096956,-9.62346,0.12775282410822936,0.19078510765680104,-0.1437842510726135,-0.12539954723644264,79.4845280476331
train,0,638,63.86386386386387,28,-5.0,3,2,0.5137445170285124,-0.050162359239741335,15.872720349134486,11.935740179619689,-9.890209531730054,0.052863,15.807045,11.935017,-9.617984,0.12217805093556829,0.2722264923082858,0.0007231796196887075,-0.27222553173005437,74.20142024499492
train,0,638,63.86386386386387,29,-5.0,2,2,0.22935257927860017,38.620428236344026,-10.18854531240438,-4.175869167229551,3.366541716090022,38.41979,-10.136593,-4.397434,3.565788,0.20725526446245887,0.29797660440466206,0.22156483277044892,-0.19924628390997778,69.56096198040613
train,0,638,63.86386386386387,30,-5.0,2,2,0.28449271184529834,33.24458957235765,-0.7591384023974105,-11.96759385473557,11.025432486332504,33.18294,-0.62304,-12.27112,10.176403,0.1494103239639348,0.9016535862076507,0.30352614526442956,0.849029486332503,40.09378210939193
train,0,638,63.86386386386387,31,-5.0,3,2,0.4858211424215437,-21.66711318285726,-5.151355528632036,1.662062530980232,4.938342313859057,-21.785847,-4.985146,2.071396,4.751201,0.20426288635327017,0.45008417014226537,-0.4093334690197681,0.1871413138590574,61.00183681094508
train,0,638,63.86386386386387,32,-5.0,2,2,0.4344124167391578,-20.581106031028455,32.93198406768583,11.774021265370706,-9.938129490560867,-20.861634,33.166064,12.066217,-10.102621,0.3653619521618315,0.3353144852420142,-0.2921957346292938,0.1644915094391326,60.90174129024854
train,0,638,63.86386386386387,33,-5.0,2,2,0.22347205396478828,-35.463342351241394,-35.92099400202631,-3.2286508316688636,-9.49399368688432,-35.470509,-35.954312,-2.077394,-10.068423,0.0340800505193877,1.286608459567549,-1.1512568316688636,0.5744293131156795,27.60813414034799
train,0,638,63.86386386386387,34,-5.0,2,2,0.19269383357286324,44.58247399627889,-11.31580382785087,-11.871177265965411,9.365441824131473,44.580167,-11.181565,-12.058576,10.317528,0.13425865012953894,0.970353735396387,0.1873987340345895,-0.9520861758685264,37.546209712600806
train,0,638,63.86386386386387,35,-5.0,2,2,0.21810920514417015,-38.27497396468491,47.2868870482887,11.711904401312099,-9.9933991188246,-38.062299,47.422316,11.597224,-9.953278,0.2521341737356315,0.12149608479634896,0.11468040131209811,-0.0401211188246009,75.58742710906972
train,0,638,63.86386386386387,36,-5.0,1,1,-3.601540744257473e-17,69.35813348742798,-34.06618000099904,-12.12807407441677,8.162149275756224,69.720295,-33.321134,-11.03378,9.895723,0.8284047952499495,2.0500627743296276,-1.0942940744167693,-1.7335737242437759,10.95788380501884
train,0,638,63.86386386386387,37,-5.0,2,2,0.13512184239926023,-53.19657724544933,60.573200795552545,10.622212384193842,-9.706285065165602,-53.323466,60.613269,10.861601,-9.603374,0.13306470996873465,0.26057167288695643,-0.239388615806158,-0.10291106516560156,74.63345698539497
train,0,638,63.86386386386387,20,0.0,3,2,0.5146199155698428,-1.147172424653902,21.960194882532114,0.26095109395546,-0.024464296073940302,-1.148751,22.051125,0.051887,-0.091171,0.09094381871708808,0.21944835321800982,0.20906409395546,0.06670670392605971,78.85601918188704
train,0,638,63.86386386386387,21,0.0,3,2,0.38709216394552104,21.211362169758427,3.659684074871522,0.030397238129670733,-0.20440351823236713,21.244136,3.722031,0.066855,-0.078773,0.0704362337272483,0.13081359070038087,-0.036457761870329265,-0.12563051823236715,86.19384694255662
train,0,638,63.86386386386387,22,0.0,2,2,0.12490151285012054,-50.8960707428811,66.26707813493304,-13.50769101112909,10.05999755186312,-50.892347,66.213509,-13.118942,10.387565,0.053698402941977766,0.5083563973559818,-0.38874901112908944,-0.32756744813688066,59.97846236197307
train,0,638,63.86386386386387,23,0.0,2,2,0.36821870032972737,25.820226553059435,0.2120583079484804,-0.02782413359410281,-0.1661285147768274,25.66516,0.144942,0.043229,-0.067046,0.16896814691050394,0.12192576646485206,-0.07105313359410281,-0.09908251477682742,81.19103352556571
train,0,638,63.86386386386387,24,0.0,2,2,0.20408736642621406,-33.19654408806131,52.22687105697123,-12.88550912971074,10.391182059883192,-33.221843,52.324172,-12.931587,10.258462,0.10053610525363342,0.14049122544056644,0.04607787028925969,0.13272005988319258,84.13412767880544
train,0,638,63.86386386386387,25,0.0,2,2,0.26077124197406504,34.07470141639874,-10.971805362821007,12.381431144604308,-9.438880839795829,34.076792,-11.016559,12.305387,-9.673926,0.04480243944857123,0.24704035958524165,0.07604414460430853,0.2350451602041712,77.7967829871837
train,0,638,63.86386386386387,26,0.0,2,2,0.43028482229585613,-11.808027038558738,34.984693693759866,-12.376423404436448,10.12487910120338,-11.792652,35.006292,-12.596645,10.144834,0.02651185853774439,0.22112383213606873,0.2202215955635527,-0.019954898796619602,80.03489221042662
train,0,638,63.86386386386387,27,0.0,3,2,0.37367625757120937,16.88291261270962,2.20081349448046,12.015748287029066,-9.69339712028566,16.869584,2.271334,12.096956,-9.62346,0.07176902964019069,0.10717226058929896,-0.08120771297093476,-0.06993712028566001,87.89886602876261
train,0,638,63.86386386386387,28,0.0,3,2,0.5135279187366106,-0.0050029217578226185,15.844041222354246,11.935420421631887,-9.771102588730201,0.052863,15.807045,11.935017,-9.617984,0.06868176882817756,0.15311912017687956,0.0004034216318871131,-0.15311858873020157,84.55082844757472
train,0,638,63.86386386386387,29,0.0,2,2,0.2299807912222766,38.532545797926446,-10.165793318035819,-4.272759390248579,3.453870064131672,38.41979,-10.136593,-4.397434,3.565788,0.1164754417867675,0.16753919746046345,0.12467460975142064,-0.11191793586832777,81.54225807042462
train,0,638,63.86386386386387,30,0.0,2,2,0.28477648321498683,33.217133156571734,-0.7000263824714557,-12.100726404340241,10.653844332388521,33.18294,-0.62304,-12.27112,10.176403,0.08423820417352336,0.5069360939159762,0.17039359565975865,0.47744133238852093,59.81657329792006
train,0,638,63.86386386386387,31,0.0,3,2,0.4863930615221833,-21.7191416832123,-5.078586050926443,1.8411368590738353,4.856331831481298,-21.785847,-4.985146,2.071396,4.751201,0.1148069789032171,0.2531240085570795,-0.23025914092616473,0.10513083148129798,75.73398594207494
train,0,638,63.86386386386387,32,0.0,2,2,0.43197255725348493,-20.70380042424916,33.03452377832136,11.901735320287255,-10.010389491190846,-20.861634,33.166064,12.066217,-10.102621,0.2054611095890458,0.18857591091743112,-0.16448167971274508,0.09223150880915298,75.66292184345797
train,0,638,63.86386386386387,33,0.0,2,2,0.22338096853079664,-35.466168910045724,-35.935158337047845,-2.7249749532254057,-9.745357013305748,-35.470509,-35.954312,-2.077394,-10.068423,0.01963922567964479,0.7236938045465467,-0.6475809532254058,0.32306598669425135,48.48284145648082
train,0,638,63.86386386386387,34,0.0,2,2,0.19279442231685812,44.58100242418853,-11.256740955611194,-11.95286222863336,9.782191576693073,44.580167,-11.181565,-12.058576,10.317528,0.07518059746790336,0.5456743420535831,0.10571377136663962,-0.5353364233069264,57.64717053742151
train,0,638,63.86386386386387,35,0.0,2,2,0.2180699502642613,-38.18196664452922,47.34621448319369,11.661686233657733,-9.975914278616955,-38.062299,47.422316,11.597224,-9.953278,0.14181602873932103,0.0683211583462143,0.06446223365773207,-0.022636278616955607,85.43492010257592
train,0,638,63.86386386386387,36,0.0,1,1,-4.556278831174287e-17,69.51721955778945,-33.74048520464616,-12.169034202595638,8.13702620283341,69.720295,-33.321134,-11.03378,9.895723,0.4659346178029667,2.09327889419329,-1.1352542025956378,-1.758696797166591,11.712572966206915
train,0,638,63.86386386386387,37,0.0,2,2,0.13498433751985914,-53.2521107879395,60.59058980084929,10.726959298387559,-9.661323365632546,-53.323466,60.613269,10.861601,-9.603374,0.07487264094659124,0.1465827984120514,-0.13464170161244127,-0.05794936563254538,84.82348125622143
train,0,638,63.86386386386387,20,5.0,3,2,0.5148421234778489,-1.1478841016053452,21.99983280554113,0.16952676164649313,-0.05355273148609311,-1.148751,22.051125,0.051887,-0.091171,0.051299519736867284,0.12350808737175115,0.11763976164649313,0.03761826851390689,87.48191203687593
train,0,638,63.86386386386387,21,5.0,3,2,0.38650317321882205,21.225568406760537,3.68690050799886,0.046338377590345516,-0.1495264729775108,21.244136,3.722031,0.066855,-0.078773,0.039735462586313726,0.0736680781171851,-0.020516622409654482,-0.07075347297751079,91.97060130992382
train,0,638,63.86386386386387,22,5.0,2,2,0.12495920028525462,-50.89407019094046,66.24350208883634,-13.337502901684006,10.203367531870784,-50.892347,66.213509,-13.118942,10.387565,0.03004254924205934,0.2858278765448523,-0.21856090168400577,-0.18419746812921645,75.02097963989546
train,0,638,63.86386386386387,23,5.0,2,2,0.3691381995863372,25.751846040532094,0.18218842454587228,0.0032279944735816527,-0.12271215325147411,25.66516,0.144942,0.043229,-0.067046,0.09434916939000107,0.06854780128451352,-0.040001005526418346,-0.055666153251474115,88.99219932633511
train,0,638,63.86386386386387,24,5.0,2,2,0.20383960326294295,-33.207656545052146,52.2690774860098,-12.905643538737142,10.333106770294282,-33.221843,52.324172,-12.931587,10.258462,0.05689165998460283,0.07902471078456214,0.025943461262858847,0.07464477029428274,90.72172491806829
train,0,638,63.86386386386387,25,5.0,2,2,0.26071368696662783,34.07555329232925,-10.991298058682618,12.348208647861329,-9.541700677794713,34.076792,-11.016559,12.305387,-9.673926,0.025291294014617063,0.13898643587721607,0.042821647861329026,0.1322253222052865,86.82558776020022
train,0,638,63.86386386386387,26,5.0,2,2,0.43011790088624186,-11.801357154964734,34.99394695599731,-12.472774011325313,10.133598407038818,-11.792652,35.006292,-12.596645,10.144834,0.015105622608434476,0.1243795014640026,0.12387098867468715,-0.011235592961181595,88.22380014149316
train,0,638,63.86386386386387,27,5.0,3,2,0.37308003808392926,16.8769524514657,2.2316428702691056,12.051177268754113,-9.662604645858769,16.869584,2.271334,12.096956,-9.62346,0.040369293483006254,0.06023284431181753,-0.04577873124588727,-0.03914464585876942,93.00566045207644
train,0,638,63.86386386386387,28,5.0,3,2,0.5134050602227836,0.02034227042393196,15.827901734073844,11.935242084232888,-9.704112899312928,0.052863,15.807045,11.935017,-9.617984,0.03863419739540061,0.08612919342341759,0.00022508423288769563,-0.08612889931292855,90.99212321300594
train,0,638,63.86386386386387,29,5.0,2,2,0.2303347287412611,38.48319098868877,-10.153007755524667,-4.327286416152906,3.502880260036534,38.41979,-10.136593,-4.397434,3.565788,0.06549144650752578,0.09422349636314775,0.07014758384709374,-0.0629077399634661,89.15904338999263
train,0,638,63.86386386386387,30,5.0,2,2,0.2849328656224386,33.20203332196632,-0.6665246188516034,-12.175370429854135,10.444945647426792,33.18294,-0.62304,-12.27112,10.176403,0.047491757394085184,0.285101970652796,0.09574957014586438,0.26854264742679135,74.8989398764535
train,0,638,63.86386386386387,31,5.0,3,2,0.4867114836767943,-21.74833027479063,-5.037705017419184,1.9418635492482463,4.810297917342434,-21.785847,-4.985146,2.071396,4.751201,0.0645751885982967,0.14237661829504872,-0.12953245075175368,0.059096917342434274,85.52714657148903
train,0,638,63.86386386386387,32,5.0,2,2,0.43061037302794347,-20.7728243932063,33.09209808102442,11.973651133315897,-10.050833146822729,-20.861634,33.166064,12.066217,-10.102621,0.11557726172891324,0.10606800371313477,-0.09256586668410272,0.05178785317727019,85.48142840656695
train,0,638,63.86386386386387,33,5.0,2,2,0.22332728473155247,-35.46797742102284,-35.943412058207734,-2.441681114905477,-9.886702281259371,-35.470509,-35.954312,-2.077394,-10.068423,0.011190068060223348,0.4070964525831278,-0.36428711490547716,0.18172071874062823,66.54776555775926
train,0,638,63.86386386386387,34,5.0,2,2,0.19284882353658903,44.580497013011154,-11.223761114208463,-11.999012104064686,10.016451632874457,44.580167,-11.181565,-12.058576,10.317528,0.04219740469366678,0.30691177321912466,0.05956389593531419,-0.30107636712554253,73.3594349950833
train,0,638,63.86386386386387,35,5.0,2,2,0.21804747776558395,-38.12964831141305,47.379518390078076,11.633474464933569,-9.966030079309691,-38.062299,47.422316,11.597224,-9.953278,0.07979702477436677,0.03842800716431334,0.03625046493356798,-0.012752079309692022,91.5240943164044
train,0,638,63.86386386386387,36,5.0,1,1,-5.765866685937518e-17,69.60614288714416,-33.55729999912366,-12.192034481115334,8.122833756586797,69.720295,-33.321134,-11.03378,9.895723,0.26230723209916634,2.117708599508911,-1.1582544811153337,-1.7728892434132035,11.83756855146977
train,0,638,63.86386386386387,37,5.0,2,2,0.1349068552487213,-53.28334139017847,60.60045668108127,10.785866253239616,-9.63599070438657,-53.323466,60.613269,10.861601,-9.603374,0.04212053928198869,0.08245969483268992,-0.07573474676038394,-0.032616704386569495,91.15630658036994
train,0,638,63.86386386386387,20,10.0,3,2,0.514968585501919,-1.14831925310123,22.022110977044388,0.11810253459035909,-0.06997091261324812,-1.148751,22.051125,0.051887,-0.091171,0.029017235110418607,0.06952654691765554,0.06621553459035909,0.021200087386751887,92.74291839184143
train,0,638,63.86386386386387,21,10.0,3,2,0.38617350904884384,21.233637479060103,3.702213581394681,0.05530619512010768,-0.11861728760589572,21.244136,3.722031,0.066855,-0.078773,0.022426524967188142,0.04148423976614686,-0.011548804879892315,-0.03984428760589573,95.39365199959747
train,0,638,63.86386386386387,22,10.0,2,2,0.1249910418832513,-50.89315780372108,66.23038801842908,-13.241898606465481,10.283931646096255,-50.892347,66.213509,-13.118942,10.387565,0.01689848116853514,0.1608048479208451,-0.12295660646548079,-0.10363335390374573,85.0704614694003
train,0,638,63.86386386386387,23,10.0,2,2,0.36965090321749655,25.713821341850295,0.16564236150292821,0.02070756962070186,-0.09835141016516172,25.66516,0.144942,0.043229,-0.067046,0.052881293072533364,0.03856479653697895,-0.022521430379298137,-0.03130541016516172,93.6646076883035
train,0,638,63.86386386386387,24,10.0,2,2,0.20369930204167672,-33.21380409645848,52.29306690475951,-12.916970830106491,10.300476228321566,-33.221843,52.324172,-12.931587,10.258462,0.03212710569082466,0.04448401739740479,0.014616169893509223,0.042014228321566094,94.66059406014213
train,0,638,63.86386386386387,25,10.0,2,2,0.2606807497085327,34.07608877694569,-11.002294599627787,12.329502332955157,-9.599508545369174,34.076792,-11.016559,12.305387,-9.673926,0.014281724008078988,0.07822727681102734,0.024115332955156887,0.07441745463082583,92.35592926290131
train,0,638,63.86386386386387,26,10.0,2,2,0.43002194291526513,-11.797542432578854,34.99926561420315,-12.526933016434302,10.138513023520161,-11.792652,35.006292,-12.596645,10.144834,0.008560749276463563,0.06999796708707207,0.06971198356569808,-0.006320976479837981,93.1909554265526
train,0,638,63.86386386386387,27,10.0,3,2,0.37274716294427174,16.87368844029345,2.248943143251717,12.071174652434438,-9.645414988124644,16.869584,2.271334,12.096956,-9.62346,0.022763938500282153,0.033862950046468256,-0.025781347565562385,-0.02195498812464436,96.0018099945002
train,0,638,63.86386386386387,28,10.0,3,2,0.5133355098853797,0.03457818339613107,15.818846994063337,11.935141458748443,-9.66644889299852,0.052863,15.807045,11.935017,-9.617984,0.021762848667124343,0.04846505280444981,0.00012445874844324578,-0.048464892998520526,94.8259533062926
train,0,638,63.86386386386387,29,10.0,2,2,0.23053389318559186,38.45546972033765,-10.145819562728917,-4.3579524927768665,3.530400587476055,38.41979,-10.136593,-4.397434,3.565788,0.0368533838767064,0.053019415101924344,0.03948150722313315,-0.03538741252394484,93.74708855305721
train,0,638,63.86386386386387,30,10.0,2,2,0.28501966370068704,33.19366123803332,-0.6476420748924426,-12.21725637036476,10.327536321408639,33.18294,-0.62304,-12.27112,10.176403,0.02683667330315832,0.16044491714444864,0.05386362963523972,0.1511333214086381,84.98683356154372
train,0,638,63.86386386386387,31,10.0,3,2,0.48688947224578133,-21.764702595497038,-5.014745764198689,1.998494089570161,4.784446127345176,-21.785847,-4.985146,2.071396,4.751201,0.036376254375661776,0.08012444718384795,-0.07290191042983896,0.03324512734517615,91.57652531545901
train,0,638,63.86386386386387,32,10.0,2,2,0.4298478914546434,-20.811626873144878,33.12442752180217,12.014109092129608,-10.07351032692958,-20.861634,33.166064,12.066217,-10.102621,0.06507156869956766,0.059688067059020286,-0.052107907870391657,0.029110673070420034,91.54857521293
train,0,638,63.86386386386387,33,10.0,2,2,0.22329628712963873,-35.46906923334149,-35.94814638333999,-2.282406791679957,-9.966159187355789,-35.470509,-35.954312,-2.077394,-10.068423,0.0063314893057777695,0.22910288546620197,-0.20501279167995712,0.10226381264421036,79.5177151310433
train,0,638,63.86386386386387,34,10.0,2,2,0.1928786855558275,44.580319173563446,-11.205303497340923,-12.025021566228494,10.148115271943665,44.580167,-11.181565,-12.058576,10.317528,0.02373898508357873,0.17270371291091577,0.03355443377150635,-0.16941272805633467,84.00216620970788
train,0,638,63.86386386386387,35,10.0,2,2,0.21803472390596404,-38.100247394233115,47.39821252808999,11.617625924293726,-9.960454882931561,-38.062299,47.422316,11.597224,-9.953278,0.044956178474024326,0.021627440058875638,0.02040192429372567,-0.007176882931561934,95.13360482305613
train,0,638,63.86386386386387,36,10.0,1,1,-3.651805098233539e-17,69.6558711162578,-33.45445292960454,-12.204942292460098,8.114852096999323,69.720295,-33.321134,-11.03378,9.895723,0.1480688143645666,2.1314601306228647,-1.1711622924600977,-1.780870903000677,11.805590663167578
train,0,638,63.86386386386387,37,10.0,2,2,0.13486325542524066,-53.300905605457594,60.606023522405195,10.818983258597074,-9.621733356711951,-53.323466,60.613269,10.861601,-9.603374,0.023695323325205943,0.046404071601136174,-0.04261774140292651,-0.01835935671195088,94.92303294871569
train,0,895,89.5895895895896,21,-10.0,2,2,0.16962771125491102,-38.01089488637054,-45.76410382239918,-1.652647169032029,-9.171522475896236,-38.29909,-45.563849,-2.08091,-10.036231,0.35093933580325054,0.9649507158639825,0.4282628309679708,0.8647085241037651,35.81564340754971
train,0,895,89.5895895895896,23,-10.0,3,2,0.7246058407313237,-33.917998997882364,-25.777524516780776,-1.5423027983261368,-8.94931686971928,-34.2644,-25.831921,-1.752679,-9.054114,0.3506460204461519,0.2350331566945319,0.21037620167386328,0.10479713028072091,65.56492037271815
train,0,895,89.5895895895896,29,-10.0,3,2,0.46407350297630034,-30.844865075230132,-9.493900811416127,-2.3441806790214215,-7.631606406862155,-30.64323,-9.375794,-1.744917,-7.615785,0.23367910147453438,0.5994724963744267,-0.5992636790214214,-0.015821406862155385,52.549873884032436
train,0,895,89.5895895895896,31,-10.0,3,2,0.6659228688817019,-11.990441740194148,11.817136076522583,0.22827018961325024,1.5402327367310744,-12.09846,11.565382,0.724445,0.518227,0.2739490089363773,1.13608325767681,-0.49617481038674977,1.0220057367310744,31.07874953693639
train,0,895,89.5895895895896,40,-10.0,3,2,0.47636336860273226,4.448458035147709,12.99939205856247,11.899578655141163,-9.416282511360444,4.696852,13.078636,11.743296,-9.346717,0.2607281419977434,0.17106615290235366,0.1562826551411618,-0.06956551136044453,73.21002896897883
train,0,895,89.5895895895896,41,-10.0,1,1,2.846538410923557e-17,76.23412945785782,-38.41482709422533,-18.627511636306522,12.487546467241309,76.028821,-38.36476,-17.228509,15.855167,0.2113250500819218,3.6466527705624143,-1.3990026363065233,-3.367620532758691,2.5919211569509257
train,0,895,89.5895895895896,21,-5.0,2,2,0.16967028584098903,-38.13732923171603,-45.675164380892234,-1.8393521831146014,-9.550347395608028,-38.29909,-45.563849,-2.08091,-10.036231,0.19636104547237354,0.5426168592251575,0.24155781688539846,0.4858836043919723,56.15505525094295
train,0,895,89.5895895895896,23,-5.0,3,2,0.7346593315577455,-34.06600056550309,-25.80078689690475,-1.6341077030621183,-8.993401387750936,-34.2644,-25.831921,-1.752679,-9.054114,0.20082745824274312,0.13321101209598474,0.11857129693788182,0.060712612249064435,78.5848406089412
train,0,895,89.5895895895896,29,-5.0,3,2,0.46300219556974787,-30.755831097556587,-9.441853854477184,-2.084098453915957,-7.624271449851007,-30.64323,-9.375794,-1.744917,-7.615785,0.13054850265129414,0.3392876044178684,-0.3391814539159568,-0.00848644985100755,69.52131571470446
train,0,895,89.5895895895896,31,-5.0,3,2,0.6690056863546032,-12.03710301584238,11.707250592708094,0.4442243908499126,1.0921006095466925,-12.09846,11.565382,0.724445,0.518227,0.1545683573759313,0.6386348796664615,-0.2802206091500874,0.5738736095466925,51.83659961307755
train,0,895,89.5895895895896,40,-5.0,3,2,0.47504227451874276,4.556722845971939,13.034033999053797,11.830863912899748,-9.386695701234544,4.696852,13.078636,11.743296,-9.346717,0.1470561739507218,0.09626232867544068,0.08756791289974686,-0.039978701234543834,83.88183770982235
train,0,895,89.5895895895896,41,-5.0,1,1,-3.600786185361809e-17,76.14426936304699,-38.392938590050576,-18.8843813119432,12.666542863305956,76.028821,-38.36476,-17.228509,15.855167,0.11883752550212898,3.592942665638844,-1.6558723119432024,-3.1886241366940435,2.746322561267318
train,0,895,89.5895895895896,21,0.0,2,2,0.16969026545796398,-38.20818845048231,-45.62605466677533,-1.9448330137012793,-9.763102855445027,-38.29909,-45.563849,-2.08091,-10.036231,0.11014824866370204,0.30514902842412095,0.13607698629872056,0.27312814455497403,72.29462849781123
train,0,895,89.5895895895896,23,0.0,3,2,0.7403717263308413,-34.151676048592634,-25.814203726977397,-1.6859315184364263,-9.01939452226979,-34.2644,-25.831921,-1.752679,-9.054114,0.11410780422148241,0.07523741375763904,0.0667474815635738,0.03471947773021,87.22498213210062
train,0,895,89.5895895895896,29,0.0,3,2,0.46242042806735306,-30.706319563297914,-9.412829466386292,-1.9363466591386609,-7.620429202839161,-30.64323,-9.375794,-1.744917,-7.615785,0.07315680944089666,0.19148598647931173,-0.19142965913866083,-0.004644202839161338,81.46596324678825
train,0,895,89.5895895895896,31,0.0,3,2,0.6707437159120831,-12.063755183028695,11.645266197841607,0.5664723732210138,0.8406908026626875,-12.09846,11.565382,0.724445,0.518227,0.08709712616274363,0.3590797332614771,-0.15797262677898616,0.3224638026626875,69.1085475390656
train,0,895,89.5895895895896,40,0.0,3,2,0.47430642818292273,4.617896348323351,13.053534731456448,11.792442283950772,-9.369473294490145,4.696852,13.078636,11.743296,-9.346717,0.08284967479827444,0.05415908201854988,0.04914628395077081,-0.02275629449014538,90.57597506696547
train,0,895,89.5895895895896,41,0.0,1,1,-4.5553230529449604e-17,76.09374968902299,-38.3806104879413,-19.028766526254806,12.767238873361752,76.028821,-38.36476,-17.228509,15.855167,0.06683541446135917,3.5743848808040632,-1.800257526254807,-3.087928126638248,2.801515444259858
train,0,895,89.5895895895896,21,5.0,2,2,0.16970026932259033,-38.2479281803438,-45.598739594812145,-2.004292397984434,-9.882645946150364,-38.29909,-45.563849,-2.08091,-10.036231,0.06192645151208865,0.17163515288137116,0.076617602015566,0.15358505384963728,83.32137262706824
train,0,895,89.5895895895896,23,5.0,3,2,0.743594765214237,-34.20059295561558,-25.821863129163784,-1.7151341770706214,-9.03439045510005,-34.2644,-25.831921,-1.752679,-9.054114,0.06459488895286672,0.04241028120890901,0.03754482292937866,0.019723544899949985,92.56370297240431
train,0,895,89.5895895895896,29,5.0,3,2,0.46209990870007195,-30.6786656550378,-9.396578683661504,-1.8528044662701617,-7.61835774191905,-30.64323,-9.375794,-1.744917,-7.615785,0.04108148881025158,0.10791813739671988,-0.10788746627016166,-0.0025727419190504364,89.09446298359455
train,0,895,89.5895895895896,31,5.0,3,2,0.6717220964746299,-12.078875099769922,11.610355050658924,0.6354691643237708,0.699516106135071,-12.09846,11.565382,0.724445,0.518227,0.049052457661082495,0.201946624971888,-0.08897583567622924,0.181289106135071,81.23543601301073
train,0,895,89.5895895895896,40,5.0,3,2,0.4738950042942038,4.65238042305645,13.0645015251952,11.770909145837138,-9.35960210682897,4.696852,13.078636,11.743296,-9.346717,0.046663738961356054,0.03047149161129031,0.0276131458371367,-0.012885106828969484,94.5792909411713
train,0,895,89.5895895895896,41,5.0,1,1,5.76465632117617e-17,76.06535122448437,-38.37366944614496,-19.10993224005266,12.823870031437318,76.028821,-38.36476,-17.228509,15.855167,0.037601004394686055,3.567704404771724,-1.881423240052662,-3.031296968562682,2.8214971353305986
train,0,895,89.5895895895896,21,10.0,2,2,0.16970552753149531,-38.27019123889892,-45.58350038739385,-2.03775757505938,-9.949818168739638,-38.29909,-45.563849,-2.08091,-10.036231,0.03494732349809643,0.09658834911462029,0.04315242494061966,0.08641283126036292,90.23830033080577
train,0,895,89.5895895895896,23,10.0,3,2,0.7454062138818548,-34.2282897036016,-25.826190782916147,-1.7315817848381945,-9.042932017521728,-34.2644,-25.831921,-1.752679,-9.054114,0.03656212375955175,0.023877378828671653,0.021097215161805627,0.011181982478271735,95.72714570850277
train,0,895,89.5895895895896,29,10.0,3,2,0.4619221094539851,-30.663197576780227,-9.387456737090659,-1.8056993419047203,-7.617222031798657,-30.64323,-9.375794,-1.744917,-7.615785,0.023124090445250503,0.06079932686973317,-0.060782341904720205,-0.0014370317986571735,93.70222014193357
train,0,895,89.5895895895896,31,10.0,3,2,0.6722721836018286,-12.08741665023401,11.590718586891485,0.6743364116755508,0.6202182205840973,-12.09846,11.565382,0.724445,0.518227,0.027638708532849228,0.11363573249688283,-0.0501085883244492,0.10199122058409726,88.96309081108866
train,0,895,89.5895895895896,40,10.0,3,2,0.47366460269887967,4.671781755347548,13.070659003801818,11.758828643214583,-9.353992714561883,4.696852,13.078636,11.743296,-9.346717,0.026308736862106677,0.017152230980764956,0.015532643214582365,-0.007275714561883362,96.90818634164933
train,0,895,89.5895895895896,41,10.0,1,1,-7.302076425181003e-17,76.04939728927101,-38.369759421074306,-19.15555215368023,12.855706147231944,76.028821,-38.36476,-17.228509,15.855167,0.02117493544837695,3.565145259794322,-1.9270431536802306,-2.999460852768056,2.829109628395905
train,0,914,91.4914914914915,23,-10.0,2,2,0.18021490725202233,-37.23601539167155,-43.61367643209776,-1.241936617904502,-9.703891098649253,-37.676926,-43.506521,-1.808753,-9.393092,0.4537449186102509,0.6464339801812851,0.5668163820954981,-0.3107990986492535,45.394209626387976
train,0,914,91.4914914914915,29,-10.0,3,2,0.615301454867427,-33.449004646942726,-23.409144011563743,-1.0297840991120815,-6.816586947223141,-33.489203,-23.460669,-1.422981,-7.253672,0.06535083795846752,0.5879176355824116,0.3931969008879186,0.43708505277685905,55.34750698925062
train,0,914,91.4914914914915,31,-10.0,3,2,0.6174990147808334,-7.8815090506613,13.492551332035497,3.1866092503471704,0.9835615171147949,-7.909325,13.334508,3.670948,0.722433,0.16047249558256227,0.550247332447726,-0.48433874965282975,0.2611285171147949,56.3735709140318
train,0,914,91.4914914914915,40,-10.0,2,2,0.34366620366378364,27.19083635384383,-5.157242380490091,12.396422612906946,-10.168301761218254,27.239593,-4.854971,11.990327,-9.541238,0.306178376127027,0.7470760386034687,0.4060956129069453,-0.6270637612182544,44.60236472424401
train,0,914,91.4914914914915,41,-10.0,2,2,0.20748137664523672,42.616606376370456,-8.528341973637156,-17.827173119716054,15.49271058539116,42.628734,-9.062642,-17.980227,15.089646,0.5344376459665207,0.4311456253593674,0.15305388028394518,0.4030645853911601,50.32511319686178
train,0,914,91.4914914914915,42,-10.0,1,1,0.0,74.45942894091954,-40.96308196684376,-18.425157526072763,13.00850001999502,76.130325,-38.955786,-16.381934,14.957321,2.611729453591591,2.823590903371942,-2.0432235260727616,-1.9488209800049798,2.1359248587500925
train,0,914,91.4914914914915,23,-5.0,2,2,0.17990431365981566,-37.42906179896484,-43.566838132727945,-1.490189502759824,-9.56868375057112,-37.676926,-43.506521,-1.808753,-9.393092,0.25509766493506075,0.36375151496938446,0.3185634972401761,-0.17559175057112064,64.12820359408093
train,0,914,91.4914914914915,29,-5.0,3,2,0.6168775479890878,-33.46554585165954,-23.430939863725705,-1.2026733482124994,-7.007418832818249,-33.489203,-23.460669,-1.422981,-7.253672,0.037993186378852094,0.33041804397333663,0.22030765178750067,0.2462531671817505,71.70604026162769
train,0,914,91.4914914914915,31,-5.0,3,2,0.6193517315668399,-7.893792182873477,13.423081827705065,3.398564462030755,0.8696333155732628,-7.909325,13.334508,3.670948,0.722433,0.08992547671384712,0.3096138315087222,-0.2723835379692452,0.14720031557326285,72.44021271500594
train,0,914,91.4914914914915,40,-5.0,2,2,0.34369496455380716,27.210924349138935,-5.025515766559136,12.219336501381896,-9.8933874952392,27.239593,-4.854971,11.990327,-9.541238,0.17293758684248983,0.420065017253767,0.22900950138189557,-0.3521494952391997,63.491072865422474
train,0,914,91.4914914914915,41,-5.0,2,2,0.2071187611203355,42.62228080924623,-8.762012562749602,-17.893520578031097,15.316188658485348,42.628734,-9.062642,-17.980227,15.089646,0.3006986900742932,0.24256871134641092,0.08670642196890199,0.22654265848534827,67.95388393847203
train,0,914,91.4914914914915,42,-5.0,1,1,3.6007716309346484e-17,75.19527016136053,-40.089361557309914,-18.321777050367402,12.693846017202063,76.130325,-38.955786,-16.381934,14.957321,1.4694628594808261,2.9809914555078527,-1.9398430503674007,-2.2634749827979377,3.6026632365049243
train,0,914,91.4914914914915,23,0.0,2,2,0.17972846922155833,-37.53753760274842,-43.5404687576021,-1.6296564115180459,-9.492098702755143,-37.676926,-43.506521,-1.808753,-9.393092,0.143462801919435,0.2046409421311383,0.1790965884819542,-0.099006702755144,77.88638931567465
train,0,914,91.4914914914915,29,0.0,3,2,0.6178224290548007,-33.475555793843114,-23.44370516096254,-1.2993523698428557,-7.115033321475211,-33.489203,-23.460669,-1.422981,-7.253672,0.021771956062270805,0.18575446529661582,0.12362863015714431,0.13863867852478862,82.94221383723006
train,0,914,91.4914914914915,31,0.0,3,2,0.6203939552421309,-7.900613693499183,13.38423294278054,3.517759548847297,0.8053268347300611,-7.909325,13.334508,3.670948,0.722433,0.05048224237768419,0.17417832644396042,-0.1531884511527033,0.08289383473006107,83.41462927164987
train,0,914,91.4914914914915,40,0.0,2,2,0.3436989078011602,27.223072146844146,-4.951056411014365,12.119320559030992,-9.739127471969391,27.239593,-4.854971,11.990327,-9.541238,0.0974953578320361,0.23621935015533027,0.12899355903099163,-0.19788947196939155,77.44917389904086
train,0,914,91.4914914914915,41,0.0,2,2,0.20691325597091553,42.62522270955224,-8.893499141049917,-17.93126798898286,15.217004893748543,42.628734,-9.062642,-17.980227,15.089646,0.16917930102236606,0.13644512661370128,0.048959011017139176,0.1273588937485428,80.46522063232656
train,0,914,91.4914914914915,42,0.0,1,1,4.555293226567066e-17,75.60579814445472,-39.594967966235274,-18.26180393121646,12.51816758671645,76.130325,-38.955786,-16.381934,14.957321,0.826850656496444,3.0795097551111223,-1.879869931216458,-2.4391534132835506,4.12302477129357
train,0,914,91.4914914914915,23,5.0,2,2,0.17962923831832203,-37.598489637403524,-43.525638777376415,-1.7080313027152891,-9.448862111747278,-37.676926,-43.506521,-1.808753,-9.393092,0.0807325980579111,0.11513108037457528,0.10072169728471092,-0.05577011174727886,86.88226945937141
train,0,914,91.4914914914915,29,5.0,3,2,0.6183716598408173,-33.48139934513925,-23.451037562190123,-1.3535358367752512,-7.175639981750902,-33.489203,-23.460669,-1.422981,-7.253672,0.012396032569787784,0.10445873140786037,0.06944516322474881,0.07803201824909767,90.01519706981395
train,0,914,91.4914914914915,31,5.0,3,2,0.6209798824575989,-7.904412536184999,13.36246242567188,3.5847820976145965,0.7690933056141828,-7.909325,13.334508,3.670948,0.722433,0.028382780261602573,0.09798850368231893,-0.08616590238540356,0.04666030561418277,90.30148164582577
train,0,914,91.4914914914915,40,5.0,2,2,0.3436973084468394,27.230169488740398,-4.909052335971456,12.062948702372914,-9.652492170687427,27.239593,-4.854971,11.990327,-9.541238,0.05489620628893535,0.13285857951554078,0.07262170237291343,-0.11125417068742749,86.61014360483314
train,0,914,91.4914914914915,41,5.0,2,2,0.2067972197123309,42.62679941687354,-8.967440381421653,-17.952634496705937,15.161257466896451,42.628734,-9.062642,-17.980227,15.089646,0.09522127279032913,0.07674339339053479,0.02759250329406271,0.07161146689645115,88.4885218154601
train,0,914,91.4914914914915,42,5.0,1,1,-2.882305228558969e-17,75.83549541998602,-39.316155248113816,-18.22748843249372,12.419814818437928,76.130325,-38.955786,-16.381934,14.957321,0.4656076419447338,3.137675697831587,-1.8455544324937172,-2.5375061815620725,4.19182522960353
train,0,914,91.4914914914915,23,10.0,2,2,0.1795733732234109,-37.63271076285456,-43.51731300120006,-1.7520704459973826,-9.424503380498622,-37.676926,-43.506521,-1.808753,-9.393092,0.04551323418226761,0.06480421863651259,0.05668255400261746,-0.03141138049862313,92.38644602258063
train,0,914,91.4914914914915,29,10.0,3,2,0.6186849242777777,-33.48473715221719,-23.455198323204375,-1.3839403776250525,-7.209736511327501,-33.489203,-23.460669,-1.422981,-7.253672,0.007062018197471809,0.05877497222725468,0.03904062237494754,0.04393548867249919,94.25204003118874
train,0,914,91.4914914914915,31,10.0,3,2,0.6213088632211744,-7.906520550822039,13.350257930973202,3.622456954919867,0.7487021151312461,-7.909325,13.334508,3.670948,0.722433,0.015997664231143124,0.05514932332080037,-0.048491045080133244,0.02626911513124608,94.41948191706969
train,0,914,91.4914914914915,40,10.0,2,2,0.34369528602727534,27.23423922318319,-4.885381012794611,12.031220682158109,-9.603821170952012,27.239593,-4.854971,11.990327,-9.541238,0.03087769104665402,0.07475925713152257,0.04089368215810829,-0.06258317095201171,92.22997777182354
train,0,914,91.4914914914915,41,10.0,2,2,0.20673187218447261,42.62766361242487,-9.00897597525713,-17.96469582326593,15.129920048480482,42.628734,-9.062642,-17.980227,15.089646,0.053676698308143006,0.04316499081145603,0.015531176734068453,0.040274048480481994,93.34390249754485
train,0,914,91.4914914914915,42,10.0,1,1,3.6510062748800975e-17,75.96408252449123,-39.159415961335725,-18.20798310662257,12.364706957695962,76.130325,-38.955786,-16.381934,14.957321,0.26287206359153203,3.1711359025038917,-1.8260491066225697,-2.5926140423040387,4.15020410800725
train,0,1071,107.2072072072072,43,-10.0,3,2,0.6163349065156897,-5.503879640443358,12.701870675140963,-0.029308715300919233,0.44721991707419845,-5.483374,12.712345,0.302651,0.098672,0.02302591520971304,0.4813345022740731,-0.3319597153009192,0.34854791707419847,61.76181205279806
train,0,1071,107.2072072072072,45,-10.0,1,1,0.0,57.31347075209981,-27.6784509217349,13.056148542955004,-9.04241181074333,56.364559,-28.232116,12.003229,-10.028351,1.098625747087439,1.4424685954462502,1.0529195429550047,0.9859391892566709,16.313128323459306
train,0,1071,107.2072072072072,46,-10.0,2,2,0.22922845497111266,37.53287302402386,-13.459309754259797,10.578405019698888,-9.483043818274652,37.621193,-13.510957,11.39461,-9.295212,0.10231254150384003,0.8375388718290638,-0.8162049803011122,-0.18783181827465256,43.00882293463146
train,0,1071,107.2072072072072,47,-10.0,3,2,0.3806296166182721,18.233139337866284,2.226815572258224,10.46839248936548,-8.099601159501411,18.237187,2.226283,11.000227,-8.947029,0.004082548463758787,1.0004908253222333,-0.5318345106345213,0.8474278404985895,36.769585820445656
train,0,1071,107.2072072072072,49,-10.0,3,2,0.47612226255392615,-12.805794957095245,26.733337573078895,11.430531063500778,-9.228576760282257,-12.657576,26.68003,11.628561,-9.42882,0.15751367112083844,0.2816260122974138,-0.1980299364992213,0.20024323971774294,72.42040088783773
train,0,1071,107.2072072072072,50,-10.0,1,1,0.0,56.574774428316125,-22.550706001652877,-11.96787861102046,7.653747842197157,56.534035,-22.607987,-11.623775,9.001847,0.07029092253746397,1.391322620525539,-0.3441036110204596,-1.3480991578028423,24.830509413667627
train,0,1071,107.2072072072072,51,-10.0,1,1,-2.846496775253987e-17,77.246358169898,-38.021779166408024,-15.174106124223183,10.021432196187506,76.1174,-38.786667,-13.277,12.174469,1.3636714953963316,2.8695956379142045,-1.8971061242231837,-2.153036803812494,4.170501963036964
train,0,1071,107.2072072072072,43,-5.0,3,2,0.6161432981807151,-5.495749941319759,12.706068577863434,0.11596491369105172,0.2946536373256208,-5.483374,12.712345,0.302651,0.098672,0.013876505265609098,0.27066676373390075,-0.18668608630894828,0.1959816373256208,76.25995362645355
train,0,1071,107.2072072072072,45,-5.0,1,1,-3.60324795200643e-17,56.89855383274952,-27.92224365542414,12.914342462915585,-9.022746103472292,56.364559,-28.232116,12.003229,-10.028351,0.617390760650117,1.3569705045528933,0.9111134629155853,1.005604896527709,22.518822560872064
train,0,1071,107.2072072072072,46,-5.0,2,2,0.22891970550067398,37.57128956167253,-13.481686952394055,10.93567145453856,-9.400826471651452,37.621193,-13.510957,11.39461,-9.295212,0.05785403048844356,0.47093418344018867,-0.4589385454614394,-0.1056144716514531,62.2211914863724
train,0,1071,107.2072072072072,47,-5.0,3,2,0.3806391594654526,18.234694069057923,2.226992771957426,10.701020705491999,-8.470697458169761,18.237187,2.226283,11.000227,-8.947029,0.002592003262634191,0.5625087949673163,-0.29920629450800185,0.4763315418302394,56.97744109096272
train,0,1071,107.2072072072072,49,-5.0,3,2,0.4765416113977897,-12.740571178263806,26.710092480706983,11.517296079886592,-9.316108853681197,-12.657576,26.68003,11.628561,-9.42882,0.08827203612299156,0.15837829697386488,-0.11126492011340794,0.1127111463188033,83.4171384180227
train,0,1071,107.2072072072072,50,-5.0,1,1,0.0,56.55695181717305,-22.575775058660653,-12.126826743888795,7.760482731169542,56.534035,-22.607987,-11.623775,9.001847,0.03953213470320693,1.3394201375813841,-0.5030517438887951,-1.2413642688304574,26.184478000453097
train,0,1071,107.2072072072072,51,-5.0,1,1,0.0,76.75289675540733,-38.35834955128648,-14.996434163221883,9.996778846288372,76.1174,-38.786667,-13.277,12.174469,0.7663628142111968,2.774669033817748,-1.7194341632218837,-2.1776901537116284,5.621572799752879
train,0,1071,107.2072072072072,43,0.0,3,2,0.6160225764744132,-5.490607398882891,12.708704827637389,0.19765970733096191,0.208879287935892,-5.483374,12.712345,0.302651,0.098672,0.008097710431258565,0.1522130672790619,-0.10499129266903809,0.110207287935892,85.86204432213417
train,0,1071,107.2072072072072,45,0.0,1,1,0.0,56.66503574698478,-28.058252854839658,12.834759051538056,-9.011228592680578,56.364559,-28.232116,12.003229,-10.028351,0.347152227018063,1.3137656633061092,0.8315300515380564,1.0171224073194232,25.695406775727054
train,0,1071,107.2072072072072,46,0.0,2,2,0.22874491291653384,37.59305056457219,-13.494423617700594,11.13653024372561,-9.354602594199779,37.621193,-13.510957,11.39461,-9.295212,0.032639690593918844,0.26482523157367593,-0.2580797562743893,-0.059390594199779656,76.58039590302951
train,0,1071,107.2072072072072,47,0.0,3,2,0.38065247989475376,18.235721324170534,2.226810711657481,10.831919920092362,-8.679225478815026,18.237187,2.226283,11.000227,-8.947029,0.0015577821511748064,0.3163004886276774,-0.16830707990763827,0.26780352118497497,72.88376131636687
train,0,1071,107.2072072072072,49,0.0,3,2,0.4767737416752098,-12.704145335251804,26.696962572643766,11.566018382003543,-9.365400768377455,-12.657576,26.68003,11.628561,-9.42882,0.04955214427379806,0.08907063492220459,-0.06254261799645633,0.06341923162254481,90.30960082710745
train,0,1071,107.2072072072072,50,0.0,1,1,0.0,56.54692836991671,-22.589866727269147,-12.216166543672763,7.820535204693271,56.534035,-22.607987,-11.623775,9.001847,0.0222392282161388,1.321523854777433,-0.5923915436727629,-1.181311795306729,26.66786328893006
train,0,1071,107.2072072072072,51,0.0,1,1,4.5552792057827955e-17,76.47505036673212,-38.546279877720806,-14.896729684726015,9.982309709421887,76.1174,-38.786667,-13.277,12.174469,0.4309289423806318,2.725635083214658,-1.6197296847260159,-2.192159290578113,6.332404047645735
train,0,1071,107.2072072072072,43,5.0,3,2,0.6159503094288702,-5.487541183324164,12.710289934012785,0.24359605697402018,0.16065698647412283,-5.483374,12.712345,0.302651,0.098672,0.004646365576339498,0.08561322820685431,-0.05905494302597983,0.06198498647412283,91.78335541951496
train,0,1071,107.2072072072072,45,5.0,1,1,0.0,56.53371311890391,-28.13433425826186,12.790067340537442,-9.004599920984669,56.364559,-28.232116,12.003229,-10.028351,0.19538266289387954,1.2911935741494276,0.7868383405374431,1.023751079015332,27.093062056040452
train,0,1071,107.2072072072072,46,5.0,2,2,0.22864627687316455,37.60533410075419,-13.501633203575444,11.249454947609854,-9.328615028812443,37.621193,-13.510957,11.39461,-9.295212,0.01839668081625549,0.1489488219766477,-0.14515505239014637,-0.033403028812443836,86.0638597736902
train,0,1071,107.2072072072072,47,5.0,3,2,0.3806624957062663,18.236351957321368,2.226620648010876,10.905549272292852,-8.796421747906354,18.237187,2.226283,11.000227,-8.947029,0.0009007232951264449,0.17789439706462967,-0.09467772770714866,0.15060725209364634,83.70289030718496
train,0,1071,107.2072072072072,49,5.0,3,2,0.47690303485553426,-12.683747922878121,26.68955889749939,11.593392903602572,-9.39313660762799,-12.657576,26.68003,11.628561,-9.42882,0.027852637840824996,0.05010089315963855,-0.03516809639742746,0.03568339237200924,94.4289487523054
train,0,1071,107.2072072072072,50,5.0,1,1,0.0,56.54129452229149,-22.597784578908787,-12.266387372819631,7.854310897480333,56.534035,-22.607987,-11.623775,9.001847,0.012521583766561683,1.315214723262671,-0.6426123728196309,-1.147536102519667,26.8400683270275
train,0,1071,107.2072072072072,51,5.0,1,1,2.882303353919667e-17,76.3187615096567,-38.65146099947576,-14.8407404501821,9.97397337211325,76.1174,-38.786667,-13.277,12.174469,0.24254302741778325,2.6995305525006423,-1.5637404501821006,-2.2004956278867507,6.650990083623667
train,0,1071,107.2072072072072,43,10.0,3,2,0.6159079060951738,-5.485771861462312,12.71123556956262,0.2694183615964732,0.13355253719077526,-5.483374,12.712345,0.302651,0.098672,0.0026420778731564023,0.048177381933606774,-0.033232638403526804,0.03488053719077526,95.28957486257727
train,0,1071,107.2072072072072,45,10.0,1,1,3.653558574172491e-17,56.459959315560305,-28.17688667836599,12.7649727743107,-9.000811813995819,56.364559,-28.232116,12.003229,-10.028351,0.1102338340853611,1.2790974773156452,0.7617437743107001,1.0275391860041818,27.697203950134043
train,0,1071,107.2072072072072,46,10.0,2,2,0.22859074818846176,37.61225010187995,-13.505700025243533,11.312928335232414,-9.314007439408291,37.621193,-13.510957,11.39461,-9.295212,0.010373582330885964,0.08381624485596537,-0.08168166476758643,-0.01879543940829187,91.90123185738457
train,0,1071,107.2072072072072,47,10.0,3,2,0.38066897803729083,18.236730645792495,2.2264866146441875,10.946948072294559,-8.862280604493831,18.237187,2.226283,11.000227,-8.947029,0.0004997180065138854,0.10010461866623252,-0.05327892770544196,0.08474839550616942,90.47416316388819
train,0,1071,107.2072072072072,49,10.0,3,2,0.4769752082958768,-12.6723173406072,26.685387516779798,11.608774546424037,-9.408732080470505,-12.657576,26.68003,11.628561,-9.42882,0.015684709399390217,0.02819624542624715,-0.019786453575962426,0.020087919529494513,96.82498396998311
train,0,1071,107.2072072072072,50,10.0,1,1,0.0,56.53813270268309,-22.602226801311474,-12.294614116973188,7.873298995020044,56.534035,-22.607987,-11.623775,9.001847,0.007069020880597055,1.31287688699497,-0.6708391169731875,-1.1285480049799554,26.903980994081365
train,0,1071,107.2072072072072,51,10.0,1,1,3.6510088846706616e-17,76.23097642867623,-38.710314654848375,-14.809301977595192,9.969207232659583,76.1174,-38.786667,-13.277,12.174469,0.13685498076796027,2.6853545041643048,-1.5323019775951927,-2.205261767340417,6.795975787056132
train,0,1144,114.51451451451452,43,-10.0,3,2,0.5646864398974294,-1.598429440609373,12.535249220798034,3.416185494052058,-1.7934131874558301,-1.245592,12.916033,3.650276,-0.688016,0.5191247884652634,1.1299120793275126,-0.2340905059479419,-1.1053971874558302,28.838478526530086
train,0,1144,114.51451451451452,49,-10.0,1,1,2.8468739296438565e-17,68.9437583413505,-40.55563928188815,11.475059684264238,-8.50421776028355,69.617321,-40.07557,11.002392,-9.453552,0.8271355212657644,1.060495279784746,0.47266768426423766,0.9493342397164497,26.05611715790937
train,0,1144,114.51451451451452,50,-10.0,3,2,0.5031366122963264,2.07294424197704,19.549018309731917,-2.924223387562096,1.7853191363876098,1.808618,19.643339,-2.78155,2.097831,0.2806505920363477,0.3435394597668994,-0.14267338756209602,-0.31251186361239003,64.17197761204135
train,0,1144,114.51451451451452,51,-10.0,2,2,0.27509200103840525,-22.981007231751054,45.05184165285044,-15.827915737251342,10.591181307260921,-23.412225,44.589139,-14.15447,11.23327,0.6324891371465876,1.7924002133642098,-1.6734457372513418,-0.6420886927390779,14.946079105687074
train,0,1144,114.51451451451452,52,-10.0,2,2,0.29518182584857183,31.17242344355755,-7.409973581545015,13.747513889761311,-10.285804573244535,31.06358,-8.179496,13.267003,-10.654465,0.7771818627002787,0.6056411688737218,0.4805108897613106,0.36866042675546495,37.332782140101756
train,0,1144,114.51451451451452,53,-10.0,3,2,0.4377341072869954,19.638872399800334,0.9557829873727333,13.410615713372408,-10.349655540139848,19.617396,0.947331,13.204387,-10.515209,0.023079684550111737,0.2644583715651782,0.20622871337240767,0.16555345986015269,76.68503857662198
train,0,1144,114.51451451451452,54,-10.0,3,2,0.34788991452642853,-26.21365853745623,23.741517669603688,2.310667888805119,-9.995675014597142,-26.445837,24.089869,1.466172,-9.873573,0.4186352682921855,0.8532773336831514,0.8444958888051188,-0.1221020145971412,38.6570589293913
train,0,1144,114.51451451451452,55,-10.0,1,1,0.0,75.51715778609227,-40.40434388583991,-13.359358763917694,9.267338662395346,75.83129,-38.666553,-12.316912,10.742149,1.7659547589683087,1.8060345477061126,-1.0424467639176935,-1.4748103376046533,7.998334483453749
train,0,1144,114.51451451451452,43,-5.0,3,2,0.5600730389164524,-1.4436974135038092,12.703496349937137,3.5169270211425343,-1.3130052667161183,-1.245592,12.916033,3.650276,-0.688016,0.2905470400459443,0.6390567530921492,-0.13334897885746555,-0.6249892667161183,49.5590613802044
train,0,1144,114.51451451451452,49,-5.0,1,1,0.0,69.23876760275161,-40.34626259344178,11.561574330887089,-8.51868633378325,69.617321,-40.07557,11.002392,-9.453552,0.46537850693015315,1.0893386493865,0.5591823308870882,0.9348656662167496,30.587383601283324
train,0,1144,114.51451451451452,50,-5.0,3,2,0.5034760094416713,1.9569007086939634,19.589857339484954,-2.8617341254760165,1.922116118040467,1.808618,19.643339,-2.78155,2.097831,0.15763264163575225,0.19314557649712327,-0.08018412547601628,-0.1757148819595329,77.93417994694464
train,0,1144,114.51451451451452,51,-5.0,2,2,0.276530454359409,-23.169916118874863,44.84931401897136,-15.092208788651654,10.869944305826959,-23.412225,44.589139,-14.15447,11.23327,0.35553429422330435,1.005663758812155,-0.9377387886516537,-0.3633256941730405,34.41559724093147
train,0,1144,114.51451451451452,52,-5.0,2,2,0.29486652077923176,31.125644126458777,-7.746603292102772,13.538088858099004,-10.447959493042742,31.06358,-8.179496,13.267003,-10.654465,0.43731916530571374,0.3407815529997874,0.27108585809900276,0.20650550695725833,57.440605382548384
train,0,1144,114.51451451451452,53,-5.0,3,2,0.43761561742615407,19.62903909891991,0.9520639703315401,13.320324566792259,-10.422418403081501,19.617396,0.947331,13.204387,-10.515209,0.012568323699606355,0.14849785948019847,0.1159375667922582,0.09279059691849945,86.15443199830548
train,0,1144,114.51451451451452,54,-5.0,3,2,0.3467183336866829,-26.315176443345322,23.893470056751223,1.9413961982816192,-9.942045085887376,-26.445837,24.089869,1.466172,-9.873573,0.23589134357696737,0.48013171648848174,0.4752241982816192,-0.0684720858873753,58.56987447832472
train,0,1144,114.51451451451452,55,-5.0,1,1,7.201521627554133e-17,75.65789836724915,-39.643452738593325,-13.395624762322274,9.184093978555186,75.83129,-38.666553,-12.316912,10.742149,0.9921682103210683,1.8950347420156575,-1.078712762322274,-1.5580550214448134,11.77661306559344
train,0,1144,114.51451451451452,43,0.0,3,2,0.5575621638549817,-1.3569171766247756,12.796989507091292,3.57474953121679,-1.040543016686374,-1.245592,12.916033,3.650276,-0.688016,0.16298665023382536,0.36052676042238013,-0.07552646878321001,-0.3525270166863741,67.32378052754663
train,0,1144,114.51451451451452,49,0.0,1,1,-4.555824255221107e-17,69.40446059682526,-40.22808311105504,11.610282471424004,-8.526634137789923,69.617321,-40.07557,11.002392,-9.453552,0.2618583592009288,1.1084708153723293,0.6078904714240032,0.9269178622100771,32.01451354357162
train,0,1144,114.51451451451452,50,0.0,3,2,0.5036649257862748,1.8919034737806504,19.61312142591842,-2.826628887586796,1.9990210286994494,1.808618,19.643339,-2.78155,2.097831,0.08859780994044564,0.10860716612856887,-0.04507888758679579,-0.09880997130055036,86.92183341302032
train,0,1144,114.51451451451452,51,0.0,2,2,0.277336740282289,-23.275993289835927,44.73546609623816,-14.6807840700364,11.028238760064305,-23.412225,44.589139,-14.15447,11.23327,0.19992673144859704,0.5648400744173963,-0.5263140700364008,-0.2050312399356944,54.926260924292315
train,0,1144,114.51451451451452,52,0.0,2,2,0.2946816534555513,31.098759825600478,-7.93597122651193,13.419734692672908,-10.53858250963389,31.06358,-8.179496,13.267003,-10.654465,0.24605270864531378,0.1917178174301562,0.15273169267290676,0.11588249036610954,73.20358993076844
train,0,1144,114.51451451451452,53,0.0,3,2,0.4375559999027139,19.623808153191643,0.9499823109431261,13.26957678156092,-10.463118510266092,19.617396,0.947331,13.204387,-10.515209,0.006938671217909343,0.08344535182188864,0.06518978156091926,0.052090489733908285,91.96764661306436
train,0,1144,114.51451451451452,54,0.0,3,2,0.34608355622783776,-26.37232899002205,23.97925360791226,1.7335277129393796,-9.912021836282422,-26.445837,24.089869,1.466172,-9.873573,0.1328126217557767,0.27010625733736043,0.26735571293937954,-0.038448836282421794,74.00832032451426
train,0,1144,114.51451451451452,55,0.0,1,1,0.0,75.73473820631318,-39.21594397046813,-13.415773901979199,9.137229277325186,75.83129,-38.666553,-12.316912,10.742149,0.557810619561923,1.9450616432010426,-1.0988619019791983,-1.604919722674813,13.21963846797253
train,0,1144,114.51451451451452,43,5.0,3,2,0.5561768312079524,-1.308213544550168,12.849185618321052,3.6076282607613743,-0.8866280850579265,-1.245592,12.916033,3.650276,-0.688016,0.09159710846516797,0.2031393364004688,-0.042647739238625526,-0.1986120850579265,80.02465504565541
train,0,1144,114.51451451451452,49,5.0,1,1,-2.88264071917958e-17,69.49753042719837,-40.16153459060793,11.637684636773756,-8.531048242111455,69.617321,-40.07557,11.002392,-9.453552,0.14744386108120072,1.120093709319644,0.6352926367737552,0.9225037578885456,32.31119445411431
train,0,1144,114.51451451451452,50,5.0,3,2,0.5037704977978992,1.8554396869003384,19.6262951126821,-2.8069004381399068,2.0422569001209547,1.808618,19.643339,-2.78155,2.097831,0.04982734649867077,0.0610829378079616,-0.02535043813990656,-0.05557409987904505,92.41986609700128
train,0,1144,114.51451451451452,51,5.0,2,2,0.27778917456183383,-23.33557473782933,44.67147714558807,-14.450166852397889,11.117731024942406,-23.412225,44.589139,-14.15447,11.23327,0.1124937016446445,0.31746792479773106,-0.2956968523978887,-0.11553897505759281,71.40447709820006
train,0,1144,114.51451451451452,52,5.0,2,2,0.2945753306853197,31.083463112884743,-8.042450186641142,13.353004269317678,-10.589356110933089,31.06358,-8.179496,13.267003,-10.654465,0.13848065979471053,0.10786744531960957,0.08600126931767704,0.06510888906691115,83.90086463578855
train,0,1144,114.51451451451452,53,5.0,3,2,0.4375247949283005,19.620955879480835,0.9488071270074846,13.241051348695269,-10.48593523580607,19.617396,0.947331,13.204387,-10.515209,0.0038537894156662374,0.04691724347540148,0.036664348695268245,0.02927376419393113,95.40156025233492
train,0,1144,114.51451451451452,54,5.0,3,2,0.34573440469809913,-26.40447936873947,24.027596927206954,1.61658158304559,-9.895181181866972,-26.445837,24.089869,1.466172,-9.873573,0.07475469693219655,0.15195379625249372,0.15040958304559005,-0.021608181866971776,84.42163720051813
train,0,1144,114.51451451451452,55,5.0,1,1,2.8823214903782006e-17,75.77716238734885,-38.97577388700425,-13.427018563776189,9.110872705950632,75.83129,-38.666553,-12.316912,10.742149,0.3139225309069231,1.973169767269511,-1.1101065637761884,-1.6312762940493677,13.56081832325376
train,0,1144,114.51451451451452,43,10.0,3,2,0.5554071868758947,-1.2808907236357834,12.87837550839371,3.6262258612183516,-0.7998862470430571,-1.245592,12.916033,3.650276,-0.688016,0.051614790170970294,0.1144262266654423,-0.0240501387816483,-0.11187024704305715,88.20304730139506
train,0,1144,114.51451451451452,49,10.0,1,1,-7.302861752412246e-17,69.549760022068,-40.12416626041929,11.653086327256558,-8.533520761369367,69.617321,-40.07557,11.002392,-9.453552,0.08322308733679604,1.1268809110017266,0.6506943272565575,0.9200312386306333,32.304945604129024
train,0,1144,114.51451451451452,50,10.0,3,2,0.5038296118647344,1.834975331869712,19.63372716893219,-2.7958137068537576,2.066559249047406,1.808618,19.643339,-2.78155,2.097831,0.02805523551436125,0.03437114692370583,-0.01426370685375744,-0.03127175095259371,95.66023746637542
train,0,1144,114.51451451451452,51,10.0,2,2,0.27804305071576696,-23.369018989155936,44.63553895752836,-14.32075411072118,11.168195005629597,-23.412225,44.589139,-14.15447,11.23327,0.06340122579012746,0.1785641631757105,-0.16628411072118077,-0.0650749943704021,82.73844495159946
train,0,1144,114.51451451451452,52,10.0,2,2,0.29451484188794524,31.07481361524202,-8.102268324809549,13.315441277850766,-10.617832960666178,31.06358,-8.179496,13.267003,-10.654465,0.07804042495224926,0.06073033069976378,0.04843827785076549,0.03663203933382242,90.58457853789076
train,0,1144,114.51451451451452,53,10.0,3,2,0.4375081932253856,19.61937648746946,0.948135063100494,13.22502014779624,-10.498737103934797,19.617396,0.947331,13.204387,-10.515209,0.0021374863944044306,0.026401707292603712,0.02063314779623937,0.016471896065203495,97.38596408869147
train,0,1144,114.51451451451452,54,10.0,3,2,0.34554062470596486,-26.422552458435913,24.054805478643225,1.5508229989102047,-9.885727336454433,-26.445837,24.089869,1.466172,-9.873573,0.042090621351873685,0.08551911781083239,0.08465099891020467,-0.012154336454432979,90.90856177287672
train,0,1144,114.51451451451452,55,10.0,1,1,-3.6510332751347554e-17,75.80066783123866,-38.84099531172839,-13.433299475987562,9.096074883218572,75.83129,-38.666553,-12.316912,10.742149,0.17710967602249553,1.988939665872154,-1.1163874759875618,-1.6460741167814277,13.57677378159505
train,0,1156,115.71571571571572,43,-10.0,3,2,0.4786444223860304,4.561052732358974,10.963788909131061,5.74900981767651,-3.1942979976497448,4.470961,11.198659,5.593487,-2.44164,0.25155611665038907,0.7685580057771594,0.15552281767651,-0.7526579976497447,44.54460671468448
train,0,1156,115.71571571571572,50,-10.0,3,2,0.5117637122587537,-0.9590837912966503,21.328430902959,-1.2967682865630965,0.8682000424989427,-0.609476,21.381138,-1.313396,0.973047,0.35355854651501734,0.10615726706810186,0.016627713436903502,-0.10484695750105733,69.13204977538444
train,0,1156,115.71571571571572,51,-10.0,2,2,0.1624815475538756,-40.57265052898066,58.61369652099339,-15.176893385295525,10.391033097392988,-40.593673,58.281471,-14.449322,11.575183,0.33288998345863235,1.3898097396928282,-0.7275713852955246,-1.1841499026070128,23.951936550439555
train,0,1156,115.71571571571572,52,-10.0,1,1,2.8501371286813754e-17,47.83682413001461,-20.3847800615436,14.502083842640456,-9.908514252464862,47.04723,-21.190726,13.209692,-10.892848,1.1282764492215114,1.6245582788746493,1.2923918426404555,0.984333747535139,13.835567721285164
train,0,1156,115.71571571571572,53,-10.0,2,2,0.24903146527971817,35.369098976272035,-11.636472348298536,12.973634056543217,-11.34515943005294,35.435618,-11.734878,13.084474,-10.604118,0.11877900826539664,0.7492849218557712,-0.11083994345678327,-0.74104143005294,46.83023621722782
train,0,1156,115.71571571571572,54,-10.0,3,2,0.4788257407834422,-26.92199660905062,12.132714817715225,-2.435146186634531,-10.6721792183119,-26.738757,11.87546,-1.357807,-10.357577,0.3158429919480844,1.1223342990504752,-1.077339186634531,-0.3146022183119008,31.163293472843268
train,0,1156,115.71571571571572,55,-10.0,1,1,-2.84814860025508e-17,61.682893605491365,-26.233525612919742,-12.3415075304691,7.948434941118713,61.093865,-26.56164,-12.159723,9.452254,0.6742505091552807,1.5147664431761318,-0.18178453046910015,-1.5038190588812865,19.051003678750494
train,0,1156,115.71571571571572,56,-10.0,2,2,0.1476917070289683,-49.62458061366158,58.244166405853285,14.899730474319135,-12.479545477886042,-50.035785,58.165249,14.599305,-12.688307,0.4187087344330987,0.365837175168427,0.3004254743191357,0.20876152211395826,57.34892737908768
train,0,1156,115.71571571571572,57,-10.0,1,1,0.0,76.57667178323635,-38.85820690599314,-13.683645641323452,9.200600647671811,75.632477,-39.231155,-12.680786,10.831421,1.01518179136256,1.9144979712089651,-1.002859641323452,-1.6308203523281897,11.452046454199017
train,0,1156,115.71571571571572,43,-5.0,3,2,0.47897325773120153,4.521609260370654,11.066998448409022,5.6805977282398725,-2.8632238043407927,4.470961,11.198659,5.593487,-2.44164,0.14106646349793409,0.4304894691591616,0.08711072823987287,-0.4215838043407927,63.570976268592815
train,0,1156,115.71571571571572,50,-5.0,3,2,0.5120343791048168,-0.8051635093226135,21.352132689255875,-1.3040153639146699,0.9141718283233806,-0.609476,21.381138,-1.313396,0.973047,0.19782545174029353,0.059617800809127486,0.00938063608533013,-0.058875171676619376,81.33338382083112
train,0,1156,115.71571571571572,51,-5.0,2,2,0.16300217764483121,-40.58203005699377,58.467687504656936,-14.85706378298859,10.909278250660254,-40.593673,58.281471,-14.449322,11.575183,0.18658012951140293,0.7808216805314419,-0.4077417829885892,-0.665904749339747,44.80707046635478
train,0,1156,115.71571571571572,52,-5.0,1,1,-3.605348710724727e-17,47.49230720764138,-20.738814686288165,14.272809064346994,-9.85982261670353,47.04723,-21.190726,13.209692,-10.892848,0.6342850748855817,1.482349262164821,1.0631170643469936,1.0330253832964704,19.941815952158425
train,0,1156,115.71571571571572,53,-5.0,2,2,0.24871079130026785,35.39759451466778,-11.678891156602306,13.0220376259255,-11.020897088635389,35.435618,-11.734878,13.084474,-10.604118,0.0676780028550435,0.42142983939360074,-0.06243637407449931,-0.4167790886353888,65.25748071058656
train,0,1156,115.71571571571572,54,-5.0,3,2,0.47987582064366446,-26.84242638859768,12.02001576959382,-1.9636288855535018,-10.534755883056311,-26.738757,11.87546,-1.357807,-10.357577,0.17788679730401152,0.6311992661724842,-0.6058218855535018,-0.17717888305631213,51.90335661944514
train,0,1156,115.71571571571572,55,-5.0,1,1,0.0,61.4252331156982,-26.377668350135444,-12.568188934650195,8.136853785267983,61.093865,-26.56164,-12.159723,9.452254,0.3790123956485602,1.3773605717773014,-0.4084659346501951,-1.3154002147320174,23.96547091479891
train,0,1156,115.71571571571572,56,-5.0,2,2,0.14745725435899612,-49.802869009150726,58.20958133682935,14.768024834925905,-12.570738968004651,-50.035785,58.165249,14.599305,-12.688307,0.23709747970412653,0.2056419822037422,0.1687198349259056,0.11756803199534893,73.06262662418641
train,0,1156,115.71571571571572,57,-5.0,1,1,3.6007550422641754e-17,76.16352125396955,-39.02252582423954,-13.689949354366929,9.261618929248238,75.632477,-39.231155,-12.680786,10.831421,0.570555985554942,1.8661964572717513,-1.0091633543669296,-1.5698020707517628,14.206551226568118
train,0,1156,115.71571571571572,43,0.0,3,2,0.47915722337995487,4.499438954833198,11.124727903910099,5.64237100044026,-2.678203404592296,4.470961,11.198659,5.593487,-2.44164,0.07922626383047325,0.24156135843992452,0.04888400044026042,-0.23656340459229597,77.55198227484294
train,0,1156,115.71571571571572,50,0.0,3,2,0.512190074239877,-0.7192448893373181,21.365027574778626,-1.3081114279355253,0.9399636651621625,-0.609476,21.381138,-1.313396,0.973047,0.11094482803250393,0.033502742363829,0.005284572064474746,-0.03308333483783754,89.05705047715136
train,0,1156,115.71571571571572,51,0.0,2,2,0.16329440593132397,-40.58718102274243,58.38600827311159,-14.67818322119895,11.200694289307659,-40.593673,58.281471,-14.449322,11.575183,0.10473866162177087,0.43888409974011,-0.22886122119894914,-0.3744887106923418,63.68578107048791
train,0,1156,115.71571571571572,52,0.0,1,1,4.561102376310154e-17,47.297917640504885,-20.93692065212774,14.144261472104771,-9.83150443020574,47.04723,-21.190726,13.209692,-10.892848,0.3567372250136884,1.414167695619517,0.934569472104771,1.0613435697942606,23.25921091476056
train,0,1156,115.71571571571572,53,0.0,2,2,0.2485263410700411,35.4140363386785,-11.703193667623223,13.04932549335032,-10.838524880279078,35.435618,-11.734878,13.084474,-10.604118,0.03833621034424161,0.23702743099032353,-0.035148506649679945,-0.23440688027907797,78.65432105603008
train,0,1156,115.71571571571572,54,0.0,3,2,0.4804761519939323,-26.797261970579864,11.956724640084719,-1.698500693617108,-10.457299994940428,-26.738757,11.87546,-1.357807,-10.357577,0.10013377707172375,0.3549885471256174,-0.3406936936171081,-0.09972299494042858,69.15353946224153
train,0,1156,115.71571571571572,55,0.0,1,1,9.115845408069146e-17,61.280289697096514,-26.458309824736112,-12.695282139629892,8.243288334215709,61.093865,-26.56164,-12.159723,9.452254,0.21314617708885233,1.32227893165034,-0.5355591396298927,-1.2089656657842909,26.201646710987543
train,0,1156,115.71571571571572,56,0.0,2,2,0.14732259985226295,-49.904247825725186,58.190179566456585,14.694115344233381,-12.622137454571343,-50.035785,58.165249,14.599305,-12.688307,0.1338789055827995,0.11561751647517579,0.09481034423338208,0.06616954542865727,83.7869815356478
train,0,1156,115.71571571571572,57,0.0,1,1,4.555293458749052e-17,75.93119312663012,-39.114118548428365,-13.693378264406284,9.295965455781902,75.632477,-39.231155,-12.680786,10.831421,0.3208252722361272,1.839284323372965,-1.012592264406285,-1.5354555442180988,15.457817101411525
train,0,1156,115.71571571571572,43,5.0,3,2,0.47926048521120324,4.48697117683403,11.157074183942912,5.620950908498029,-2.5745348294516357,4.470961,11.198659,5.593487,-2.44164,0.04456032639869988,0.13570299173182396,0.02746390849802971,-0.13289482945163567,86.68998644496806
train,0,1156,115.71571571571572,50,5.0,3,2,0.5122786754944928,-0.6711384375732853,21.37214086301662,-1.3104208886886293,0.9544469980014868,-0.609476,21.381138,-1.313396,0.973047,0.062315364729551063,0.0188364370744507,0.0029751113113707373,-0.018600001998513194,93.69737178280387
train,0,1156,115.71571571571572,51,5.0,2,2,0.16345853314095365,-40.59003954968358,58.34021984935572,-14.577908195204783,11.364546959145912,-40.593673,58.281471,-14.449322,11.575183,0.05886110143229155,0.24678320709466411,-0.12858619520478243,-0.21063604085408905,77.5920124257564
train,0,1156,115.71571571571572,52,5.0,1,1,-8.657962697268551e-17,47.18845316151067,-21.04794247212778,14.072111457320668,-9.81527534406994,47.04723,-21.190726,13.209692,-10.892848,0.20082608689786133,1.3801920696676384,0.8624194573206676,1.0775726559300605,24.790089404375077
train,0,1156,115.71571571571572,53,5.0,2,2,0.2484213338887892,35.423409574039184,-11.717008956867165,13.064690682781636,-10.73597240412323,35.435618,-11.734878,13.084474,-10.604118,0.02164135778836005,0.13333027985740667,-0.019783317218363905,-0.13185440412322968,87.36502034819178
train,0,1156,115.71571571571572,54,5.0,3,2,0.48081685495996,-26.771738127717406,11.921163636772855,-1.5494334809834227,-10.413692884203721,-26.738757,11.87546,-1.357807,-10.357577,0.056361131995168956,0.19967398597227332,-0.19162648098342272,-0.05611588420372193,81.26327696005787
train,0,1156,115.71571571571572,55,5.0,1,1,-2.8839760004819494e-17,61.1987981981673,-26.503490448122513,-12.766627148613397,8.303281136813892,61.093865,-26.56164,-12.159723,9.452254,0.1199681060164365,1.2994119000310238,-0.6069041486133973,-1.148972863186108,27.1189301654669
train,0,1156,115.71571571571572,56,5.0,2,2,0.14724599107995925,-49.961587322400234,58.17929860827418,14.652603142252582,-12.651079170306932,-50.035785,58.165249,14.599305,-12.688307,0.07551613638061859,0.06501233168586261,0.05329814225258289,0.037227829693067704,90.51579470165369
train,0,1156,115.71571571571572,57,5.0,1,1,2.8823129352715126e-17,75.80059528754711,-39.16532078613197,-13.695273558285171,9.3152825480472,75.632477,-39.231155,-12.680786,10.831421,0.1805488917811362,1.8242425308618488,-1.0144875582851718,-1.5161384519528003,15.990819684439531
train,0,1156,115.71571571571572,43,10.0,3,2,0.4793186323970269,4.479956761952298,11.175192625010608,5.608933634931078,-2.516376982033892,4.470961,11.198659,5.593487,-2.44164,0.025131543690055266,0.076316544826324,0.01544663493107823,-0.07473698203389212,92.27951095600187
train,0,1156,115.71571571571572,50,10.0,3,2,0.5123288007855245,-0.6441684383848976,21.37609653583697,-1.3117211144405856,0.9625822888858342,-0.609476,21.381138,-1.313396,0.973047,0.03505683445488214,0.010597896977234693,0.0016748855594144185,-0.010464711114165803,96.4038813059984
train,0,1156,115.71571571571572,51,10.0,2,2,0.16355070690685689,-40.591635206058406,58.31453162564346,-14.52163766284625,11.45665076461415,-40.593673,58.281471,-14.449322,11.575183,0.03312336897245307,0.13885044443018243,-0.07231566284624869,-0.11853223538585134,86.69736967404707
train,0,1156,115.71571571571572,52,10.0,1,1,-3.655675428182506e-17,47.126945269726654,-21.110129954169096,14.031608816834531,-9.806036913291987,47.04723,-21.190726,13.209692,-10.892848,0.1133589292079402,1.362609845842478,0.8219168168345306,1.086811086708014,25.47896383159175
train,0,1156,115.71571571571572,53,10.0,2,2,0.24836190881724393,35.428713484285666,-11.724834553277377,13.073333318279852,-10.6783244310972,35.435618,-11.734878,13.084474,-10.604118,0.012187828326639024,0.07503805171626762,-0.011140681720148038,-0.07420643109720082,92.67963783498072
train,0,1156,115.71571571571572,54,10.0,3,2,0.4810093372784757,-26.7573571851502,11.901185205185817,-1.4656430507083213,-10.389162816296409,-26.738757,11.87546,-1.357807,-10.357577,0.031745126704332854,0.11236671047725035,-0.10783605070832136,-0.031585816296409774,88.97944018232444
train,0,1156,115.71571571571572,55,10.0,1,1,7.306255246711078e-17,61.15303365240283,-26.528781017736605,-12.806700061516324,8.33704273531871,61.093865,-26.56164,-12.159723,9.452254,0.06768044135903116,1.2892926289250013,-0.6469770615163242,-1.1152112646812906,27.49769993328931
train,0,1156,115.71571571571572,56,10.0,2,2,0.14720264015416684,-49.993895182951974,58.17321260914325,14.629277881851344,-12.667366641596272,-50.035785,58.165249,14.599305,-12.688307,0.042640073204712706,0.036563263756826093,0.029972881851344724,0.020940358403727544,94.53785829433642
train,0,1156,115.71571571571572,57,10.0,1,1,0.0,75.72725587328631,-39.19393312908362,-13.696335634814112,9.326132290628165,75.632477,-39.231155,-12.680786,10.831421,0.10182584394906545,1.815829055647421,-1.0155496348141124,-1.5052887093718361,16.22394664329997
train,0,1304,130.53053053053054,50,-10.0,3,2,0.4976135907887138,-27.57242815889387,-0.09631943679121481,-1.6920403515935187,-7.149600046611838,-27.925809,0.080425,-2.019275,-7.001255,0.3951159510795783,0.3592892539055155,0.3272346484064812,-0.14834504661183878,58.62281465756147
train,0,1304,130.53053053053054,55,-10.0,3,2,0.4875989101020427,-20.453800156681638,15.11809695172867,-3.0341187073986493,-5.112438507632952,-20.573853,15.309751,-3.222998,-5.491868,0.22615030269184344,0.4238421013201765,0.18887929260135072,0.3794294923670485,61.85346878780579
train,0,1304,130.53053053053054,57,-10.0,3,2,0.4765045210033153,-11.418867460011237,22.15663012279346,-5.724908086534537,-2.5186156088132843,-11.717968,22.302686,-5.69878,-2.014912,0.3328565040496323,0.5043808109330514,-0.0261280865345368,-0.5037036088132845,54.64500465129157
train,0,1304,130.53053053053054,59,-10.0,3,2,0.6554127200319303,-8.373283299043528,12.22028729826318,4.572054090311652,2.1021270124062754,-8.7256,11.826203,3.884113,1.928018,0.5286109078617612,0.7096315184236626,0.6879410903116518,0.1741090124062754,41.27651551170371
train,0,1304,130.53053053053054,50,-5.0,3,2,0.4977713764969954,-27.726507564213907,-0.019254463148804968,-1.833467852930467,-7.084602440218453,-27.925809,0.080425,-2.019275,-7.001255,0.22283863596789574,0.20364452286542767,0.18580714706953283,-0.08334744021845353,73.94309364840626
train,0,1304,130.53053053053054,55,-5.0,3,2,0.4856836407602505,-20.506256076016683,15.200318826087832,-3.1163855980811017,-5.2782540414190855,-20.573853,15.309751,-3.222998,-5.491868,0.128626376840636,0.23874071195237198,0.10661240191889831,0.2136139585809147,76.2474626704484
train,0,1304,130.53053053053054,57,-5.0,3,2,0.4752937259462929,-11.549389394951797,22.220474240440016,-5.71352076684361,-2.298001767590233,-11.717968,22.302686,-5.69878,-2.014912,0.18755671006377544,0.2834732910195065,-0.014740766843609698,-0.2830897675902331,71.18387638514831
train,0,1304,130.53053053053054,59,-5.0,3,2,0.6614754105145428,-8.528697315884331,12.047428485922474,4.2719593216235,2.0257888061808886,-8.7256,11.826203,3.884113,1.928018,0.2961610754869547,0.3999798741663639,0.38784632162349997,0.09777080618088863,60.793339785228696
train,0,1304,130.53053053053054,50,0.0,3,2,0.4978789983377011,-27.813522698701508,0.0242697364173983,-1.9142158479219422,-7.048104568179828,-27.925809,0.080425,-2.019275,-7.001255,0.12554531885867912,0.11503176723843224,0.10505915207805772,-0.04684956817982844,84.34319517033379
train,0,1304,130.53053053053054,55,0.0,3,2,0.4845929455927729,-20.53580922865888,15.247677146471663,-3.162912788420176,-5.371656470922302,-20.573853,15.309751,-3.222998,-5.491868,0.07280447671477944,0.13439138504305445,0.06008521157982383,0.12021152907769839,85.82629045682584
train,0,1304,130.53053053053054,57,0.0,3,2,0.47460603502151394,-11.623040907548745,22.256418122287577,-5.7070856881664875,-2.1740627574610785,-11.717968,22.302686,-5.69878,-2.014912,0.10560241185342818,0.15936733685531052,-0.008305688166487357,-0.15915075746107865,82.59838435637013
train,0,1304,130.53053053053054,59,0.0,3,2,0.6649023380672443,-8.615224962691029,11.950516688931867,4.102537078614998,1.9829486157519078,-8.7256,11.826203,3.884113,1.928018,0.16624241972735423,0.22522533309042853,0.2184240786149978,0.05493061575190783,75.58336944541233
train,0,1304,130.53053053053054,50,5.0,3,2,0.4979455938591056,-27.862548932681726,0.048796342605401,-1.9600021451538432,-7.0275989530649525,-27.925809,0.080425,-2.019275,-7.001255,0.07072628991893759,0.06486351196706829,0.05927285484615674,-0.026343953064952963,90.84948564946563
train,0,1304,130.53053053053054,55,5.0,3,2,0.4839755273720091,-20.55242965617786,15.274661486830892,-3.1891595856372392,-5.424228005813687,-20.573853,15.309751,-3.222998,-5.491868,0.041112450607651806,0.07563205074642906,0.033838414362760805,0.0676399941863135,91.75172330741354
train,0,1304,130.53053053053054,57,5.0,3,2,0.4742172519269847,-11.66453256588515,22.276635392278486,-5.703456885773662,-2.104411252566012,-11.717968,22.302686,-5.69878,-2.014912,0.059447285738735554,0.08962136726481414,-0.004676885773661432,-0.0894992525660121,89.80359336116015
train,0,1304,130.53053053053054,59,5.0,3,2,0.6668334641481122,-8.663580099925614,11.896138383722002,4.007064007752092,1.958898383975489,-8.7256,11.826203,3.884113,1.928018,0.09347419912243474,0.12676966680451832,0.12295100775209189,0.03088038397548898,85.42721373551686
train,0,1304,130.53053053053054,50,10.0,3,2,0.49798495118288044,-27.890109150656517,0.06259078554901912,-1.985858937207311,-7.016077389535,-27.925809,0.080425,-2.019275,-7.001255,0.0399066216088384,0.036555936372800225,0.03341606279268894,-0.014822389535000369,94.73192920209387
train,0,1304,130.53053053053054,55,10.0,3,2,0.48362738778654,-20.561758836158567,15.28993810343704,-3.2039398439704923,-5.4537975335285855,-20.573853,15.309751,-3.222998,-5.491868,0.02321248950970118,0.04257433180445902,0.019058156029507778,0.038070466471414655,95.2665752978528
train,0,1304,130.53053053053054,57,10.0,3,2,0.473998115203824,-11.687878185739093,22.28799001390962,-5.701413714963692,-2.0652693175843306,-11.717968,22.302686,-5.69878,-2.014912,0.033486847110837305,0.05042614291019223,-0.0026337149636921353,-0.05035731758433082,94.1263323153718
train,0,1304,130.53053053053054,59,10.0,3,2,0.6679189472061248,-8.690627931291072,11.865641406242528,3.953328788892338,1.945394798181977,-8.7256,11.826203,3.884113,1.928018,0.05271084780889671,0.07136370609102256,0.06921578889233793,0.017376798181977016,91.51019022291388
train,0,1305,130.63063063063063,50,-10.0,3,2,0.49567232668424827,-27.99006794531107,-0.4211464746867827,-1.9464613656098075,-7.06783727480194,-28.127505,-0.632891,-1.983747,-7.023753,0.2524374932566237,0.057737698401409014,0.03728563439019239,-0.044084274801940104,77.18568053402959
train,0,1305,130.63063063063063,55,-10.0,3,2,0.4919349366187265,-21.080137226621947,14.41023697701978,-3.021449921505931,-5.252367317684511,-20.892108,14.748499,-3.155641,-5.611727,0.3870092844554489,0.38359695882695755,0.13419107849406897,0.359359682315489,57.98961504254648
train,0,1305,130.63063063063063,57,-10.0,3,2,0.4720791449321648,-12.297340156635341,21.79570218741057,-5.447650065722571,-2.178935655153953,-12.302168,22.088299,-5.674119,-2.264787,0.2926366395532995,0.24219544092453416,0.2264689342774293,0.08585134484604717,68.39560628482198
train,0,1305,130.63063063063063,59,-10.0,3,2,0.6548693308694861,-7.910797509638329,12.135504555408387,3.943810766048575,1.7438997629043604,-8.339792,12.013404,3.947421,1.796269,0.44603230644394526,0.05249353086965404,-0.0036102339514250126,-0.052369237095639454,63.819546905600646
train,0,1305,130.63063063063063,50,-5.0,3,2,0.49521516201968013,-28.05004177653722,-0.5136395160076078,-1.9626062993766178,-7.0485069536148375,-28.127505,-0.632891,-1.983747,-7.023753,0.14220220611380177,0.0325528407733179,0.021140700623382136,-0.024753953614837343,86.42608737498429
train,0,1305,130.63063063063063,55,-5.0,3,2,0.4905487946785128,-20.996458283994354,14.558049882865737,-3.083376475415306,-5.411204526599482,-20.892108,14.748499,-3.155641,-5.611727,0.21716318285317818,0.2131464844939118,0.07226452458469401,0.2005224734005182,73.76482902183565
train,0,1305,130.63063063063063,57,-5.0,3,2,0.471311147716447,-12.298507376327231,21.92302784077958,-5.546585472016095,-2.215925466897213,-12.302168,22.088299,-5.674119,-2.264787,0.16531169418929575,0.13657324107297264,0.12753352798390516,0.04886153310278729,80.70013346336069
train,0,1305,130.63063063063063,59,-5.0,3,2,0.6577724089194417,-8.098679365674112,12.082162249446288,3.945807627147646,1.7674642638319678,-8.339792,12.013404,3.947421,1.796269,0.25072494749922075,0.028849883841545205,-0.001613372852353745,-0.02880473616803214,77.6949978843652
train,0,1305,130.63063063063063,50,0.0,3,2,0.4949618232754488,-28.08388284385291,-0.5657623607416146,-1.9718040156664915,-7.037662454484192,-28.127505,-0.632891,-1.983747,-7.023753,0.08005714656171316,0.018333242998395657,0.011942984333508377,-0.013909454484191563,92.11526631368983
train,0,1305,130.63063063063063,55,0.0,3,2,0.48974732245166697,-20.950371108787664,14.641302323769464,-3.116006709900084,-5.499458799127373,-20.892108,14.748499,-3.155641,-5.611727,0.12200703766782302,0.11905891767902511,0.039634290099916036,0.11226820087262723,84.32666010030545
train,0,1305,130.63063063063063,57,0.0,3,2,0.4708928001754187,-12.299808661323565,21.995119229853696,-5.602341060658346,-2.237123398967483,-12.302168,22.088299,-5.674119,-2.264787,0.09320963492852033,0.076924296540303,0.07177793934165422,0.027663601032517082,88.61644514146543
train,0,1305,130.63063063063063,59,0.0,3,2,0.6593744247133931,-8.204223012794703,12.052113651180422,3.9466467055608945,1.78027329591759,-8.339792,12.013404,3.947421,1.796269,0.1409871887313871,0.016014433520123484,-0.0007742944391053719,-0.01599570408240991,86.77134058477571
train,0,1305,130.63063063063063,50,5.0,3,2,0.4948206187201619,-28.102945898161995,-0.595098204241426,-1.9770141260253231,-7.0315730056795624,-28.127505,-0.632891,-1.983747,-7.023753,0.04507155304999787,0.010319112403073588,0.006732873974676812,-0.007820005679562314,95.48149336320945
train,0,1305,130.63063063063063,55,5.0,3,2,0.48929004948615396,-20.924770697480845,14.688138204775587,-3.133663383194978,-5.548735822731459,-20.892108,14.748499,-3.155641,-5.611727,0.068631460765809,0.06671509614851205,0.021977616805022304,0.06299117726854142,90.87238185607644
train,0,1305,130.63063063063063,57,5.0,3,2,0.47066202341309166,-12.300739812873585,22.035804610591114,-5.633728659715276,-2.249167824912672,-12.302168,22.088299,-5.674119,-2.264787,0.05251381378151571,0.04330517542655196,0.040390340284724324,0.015619175087328241,93.41984129647129
train,0,1305,130.63063063063063,59,5.0,3,2,0.6602646855783981,-8.263520379747531,12.035212121858558,3.9470268320021424,1.787337311510284,-8.339792,12.013404,3.947421,1.796269,0.07932814276745975,0.008940381853582032,-0.00039416799785740864,-0.008931688489715928,92.3272967044967
train,0,1305,130.63063063063063,50,10.0,3,2,0.494741697872439,-28.11366927883023,-0.6115859139039639,-1.979956321901543,-7.028152665227748,-28.127505,-0.632891,-1.983747,-7.023753,0.02540342248294742,0.005807434421702417,0.003790678098456901,-0.004399665227747818,97.42778170091948
train,0,1305,130.63063063063063,55,10.0,3,2,0.4890311992734739,-20.910497088757037,14.714444716186115,-3.1433694819501037,-5.576321310782024,-20.892108,14.748499,-3.155641,-5.611727,0.03870210370756127,0.03747202935856066,0.012271518049896457,0.03540568921797593,94.75550263742447
train,0,1305,130.63063063063063,57,10.0,3,2,0.470533807116313,-12.301320991006085,22.058714310913917,-5.651383851450341,-2.25597719185534,-12.302168,22.088299,-5.674119,-2.264787,0.029596811526850782,0.024382364510456455,0.022735148549658746,0.008809808144659925,96.2379206707501
train,0,1305,130.63063063063063,59,10.0,3,2,0.6607610559794509,-8.29681623785688,12.025726888551837,3.9472104759478377,1.7912656031300604,-8.339792,12.013404,3.947421,1.796269,0.04470760241886067,0.005007823940062053,-0.0002105240521621532,-0.005003396869939447,95.60097202642989
train,0,1306,130.73073073073073,50,-10.0,3,2,0.48915232100974065,-28.2230334078993,-1.6910810967098646,-1.821701352788444,-6.857837986159362,-28.327836,-1.33915,-1.945433,-7.039699,0.36720441193214687,0.21996124403364678,0.12373164721155594,0.18186101384063758,65.17824592941199
train,0,1306,130.73073073073073,55,-10.0,3,2,0.4894276417075553,-21.455002817430717,14.305922453995885,-2.4875721432738493,-6.490888247433046,-21.20158,14.175348,-3.090247,-5.72607,0.2850838691172237,0.9737370972374637,0.6026748567261508,-0.7648182474330456,36.25432056789342
train,0,1306,130.73073073073073,57,-10.0,3,2,0.4677064881225571,-13.24193849641043,21.373445062362894,-5.417260363611375,-2.0187957692114944,-12.880988,21.849695,-5.635932,-2.515023,0.5975778308791951,0.5422718406269199,0.21867163638862497,0.4962272307885054,44.621979944869125
train,0,1306,130.73073073073073,59,-10.0,3,2,0.6608731598707311,-8.380225269265548,12.039067810202628,4.130177218906517,1.5486135312503548,-7.953207,12.187584,4.019796,1.663882,0.4521080190822464,0.1595958438530785,0.11038121890651631,-0.11526846874964525,61.91236924462452
train,0,1306,130.73073073073073,50,-5.0,3,2,0.4900558495264148,-28.26856880347081,-1.5370658649863753,-1.8753759481104726,-6.937427046742498,-28.327836,-1.33915,-1.945433,-7.039699,0.20659934704092098,0.12396589427159584,0.07005705188952738,0.10227195325750138,78.58908176646705
train,0,1306,130.73073073073073,55,-5.0,3,2,0.49150368399675676,-21.346021771415558,14.247630865064135,-2.7528913975011444,-6.156721310494913,-21.20158,14.175348,-3.090247,-5.72607,0.16151853736195182,0.5470551651966661,0.33735560249885577,-0.43065131049491256,56.529856432264204
train,0,1306,130.73073073073073,57,-5.0,3,2,0.46740376324538324,-13.085790731806375,21.580477772733037,-5.512464081812612,-2.233878154053309,-12.880988,21.849695,-5.635932,-2.515023,0.3382633211163542,0.30706147792244476,0.12346791818738811,0.28114484594669076,63.32774706506513
train,0,1306,130.73073073073073,59,-5.0,3,2,0.6577949452585881,-8.194944654772724,12.10311048382996,4.0822838805094985,1.5995150862430625,-7.953207,12.187584,4.019796,1.663882,0.25607199899471017,0.08970972520949087,0.06248788050949816,-0.0643669137569376,76.2363842516799
train,0,1306,130.73073073073073,50,0.0,3,2,0.4905552113988936,-28.29440785913085,-1.450470380610342,-1.9058816956904905,-6.982182579355366,-28.327836,-1.33915,-1.945433,-7.039699,0.11623109627461688,0.06980289618886772,0.03955130430950948,0.05751642064463347,87.32087377260731
train,0,1306,130.73073073073073,55,0.0,3,2,0.4926856822996174,-21.28344456101162,14.215638391013567,-2.901037673994189,-5.968443719798703,-21.20158,14.175348,-3.090247,-5.72607,0.09124210627583891,0.3074820142652795,0.1892093260058112,-0.24237371979870304,72.56162253296216
train,0,1306,130.73073073073073,57,0.0,3,2,0.46729634712842527,-12.99677044276693,21.6978171265756,-5.566355858196024,-2.3562644838685527,-12.880988,21.849695,-5.635932,-2.515023,0.1909776491870071,0.17333524151939197,0.0695761418039762,0.1587585161314471,77.26647682952554
train,0,1306,130.73073073073073,59,0.0,3,2,0.6560098063141682,-8.089682763459116,12.139769542137968,4.055069532997182,1.6278311909528889,-7.953207,12.187584,4.019796,1.663882,0.14460932332456528,0.05043692063413999,0.03527353299718161,-0.03605080904711122,85.79987238715667
train,0,1306,130.73073073073073,50,5.0,3,2,0.49083321624801873,-28.309019969858237,-1.401789600416274,-1.9231362591057644,-7.00734765502407,-28.327836,-1.33915,-1.945433,-7.039699,0.06540460634088575,0.03929063725948333,0.02229674089423561,0.03235134497592984,92.65392555886909
train,0,1306,130.73073073073073,55,5.0,3,2,0.49335492576912465,-21.247870461675674,14.197887773204965,-2.9839895793061753,-5.862453472872775,-21.20158,14.175348,-3.090247,-5.72607,0.05148638867000045,0.17289040206253056,0.10625742069382493,-0.13638347287277508,83.49413091185386
train,0,1306,130.73073073073073,57,5.0,3,2,0.4672564403993223,-12.946349891144655,21.7640652452882,-5.596760744283329,-2.4255232052384907,-12.880988,21.849695,-5.635932,-2.515023,0.10772479615208662,0.097696471465315,0.03917125571667146,0.08949979476150904,86.46523536802503
train,0,1306,130.73073073073073,59,5.0,3,2,0.6549899678010227,-8.030175618843494,12.160569770630355,4.039679270092719,1.6436510445206827,-7.953207,12.187584,4.019796,1.663882,0.08157166711003752,0.028366106345181306,0.019883270092718952,-0.020230955479317414,91.72611779035779
train,0,1306,130.73073073073073,50,10.0,3,2,0.4909885513452204,-28.317273988039947,-1.374442976731427,-1.9328661901296882,-7.021493470782244,-28.327836,-1.33915,-1.945433,-7.039699,0.03683952094163791,0.022121618485434744,0.01256680987031178,0.018205529217755867,95.7939064382028
train,0,1306,130.73073073073073,55,10.0,3,2,0.4937323474586516,-21.22778528071609,14.187976306714424,-3.0305070744889955,-5.802829791472771,-21.20158,14.175348,-3.090247,-5.72607,0.029089360045946543,0.0972672827162539,0.05973992551100471,-0.0767597914727709,90.34595290742743
train,0,1306,130.73073073073073,57,10.0,3,2,0.467240572915524,-12.917926436878536,21.801350450473816,-5.613885975383648,-2.4645923744784337,-12.880988,21.849695,-5.635932,-2.515023,0.06084113401243707,0.055038851658453354,0.022046024616352078,0.050430625521566075,92.12331031805033
train,0,1306,130.73073073073073,59,10.0,3,2,0.6544124682199608,-7.996654243210792,12.17230181264612,4.031001451820241,1.652509997244236,-7.953207,12.187584,4.019796,1.663882,0.046056576001009986,0.015965105611076592,0.011205451820240242,-0.011372002755763999,95.24237932919361
train,0,1307,130.83083083083085,50,-10.0,3,2,0.4893487893722994,-29.124615251898067,-2.070211504864541,-1.833574342694352,-6.803363934829504,-28.520858,-2.039728,-1.9052,-7.056811,0.6045263131480152,0.26337359326250576,0.07162565730564796,0.2534470651704961,51.71578706725442
train,0,1307,130.83083083083085,55,-10.0,3,2,0.5001370003315897,-21.731502101068735,13.37986200799843,-3.4516888831358856,-6.2626220876514465,-21.502989,13.592547,-3.029061,-5.8355,0.31217485994672584,0.6008723702781231,-0.4226278831358856,-0.42712208765144677,50.807468046112035
train,0,1307,130.83083083083085,57,-10.0,3,2,0.46129663712631214,-13.65483050576125,21.780303304152813,-5.246741797882327,-2.4863516047506122,-13.455379,21.583993,-5.585199,-2.76475,0.27985467419180254,0.4382453013356304,0.33845720211767283,0.2783983952493876,59.453336325875874
train,0,1307,130.83083083083085,59,-10.0,3,2,0.6484066783667374,-7.3285526614597245,12.195577292353882,3.967229363959799,1.2597107752326424,-7.561989,12.351215,4.105912,1.529177,0.28056304138718713,0.3030592678494274,-0.13868263604020115,-0.2694662247673576,66.1669059760689
train,0,1307,130.83083083083085,50,-5.0,3,2,0.48851413114975195,-28.86014174753891,-2.057692785662858,-1.8712577343084336,-6.914083354591601,-28.520858,-2.039728,-1.9052,-7.056811,0.3397590247042156,0.14670807123025795,0.03394226569156644,0.14272764540839855,69.06788439570374
train,0,1307,130.83083083083085,55,-5.0,3,2,0.4999755554799421,-21.629866788308153,13.470587247431101,-3.2683998181205327,-6.077121986044107,-21.502989,13.592547,-3.029061,-5.8355,0.17598907469679886,0.3400944780487212,-0.2393388181205327,-0.24162198604410712,68.18597166083302
train,0,1307,130.83083083083085,57,-5.0,3,2,0.4626510707552236,-13.567064937595243,21.69256513669644,-5.395055937362296,-2.608321258417807,-13.455379,21.583993,-5.585199,-2.76475,0.15576154057840796,0.24622009556946056,0.19014306263770386,0.156428741582193,74.72525922875127
train,0,1307,130.83083083083085,59,-5.0,3,2,0.6473920402567511,-7.429839779800442,12.263382129748459,4.027824759539753,1.3774259340564388,-7.561989,12.351215,4.105912,1.529177,0.15867586299111494,0.17066342061995463,-0.07808724046024729,-0.15175106594356125,79.21280217255664
train,0,1307,130.83083083083085,50,0.0,3,2,0.4881273361102058,-28.71161604313658,-2.050091812298881,-1.8881196785032073,-6.97647495341495,-28.520858,-2.039728,-1.9052,-7.056811,0.19103936669352609,0.08213170985282757,0.017080321496792727,0.08033604658504956,81.22506656926484
train,0,1307,130.83083083083085,55,0.0,3,2,0.49984400243106125,-21.573809041257128,13.523212227680336,-3.1641855859093972,-5.971842018367423,-21.502989,13.592547,-3.029061,-5.8355,0.0991099838375581,0.19195780705584448,-0.13512458590939724,-0.1363420183674231,80.57080948791314
train,0,1307,130.83083083083085,57,0.0,3,2,0.4634051768005162,-13.518059818027288,21.6444727115366,-5.478328275320472,-2.6768176084666133,-13.455379,21.583993,-5.585199,-2.76475,0.08710155254712951,0.13839601610707006,0.10687072467952863,0.0879323915333865,84.9146017589807
train,0,1307,130.83083083083085,59,0.0,3,2,0.6468024396562501,-7.487392134441993,12.301696281994428,4.06196606139426,1.4437665150341197,-7.561989,12.351215,4.105912,1.529177,0.0895365611579686,0.09605309189217343,-0.0439459386057397,-0.08541048496588033,87.69436212517981
train,0,1307,130.83083083083085,50,5.0,3,2,0.4879359508927682,-28.62819014321716,-2.0456418211744056,-1.8962290197444154,-7.011602279775582,-28.520858,-2.039728,-1.9052,-7.056811,0.1074949405715072,0.0460902036345659,0.008970980255584626,0.045208720224417576,88.96214332452573
train,0,1307,130.83083083083085,55,5.0,3,2,0.4997570058543479,-21.54264242628238,13.553301201452452,-3.105228080509812,-5.912333878327944,-21.502989,13.592547,-3.029061,-5.8355,0.05579092147981537,0.10818904294013112,-0.07616708050981202,-0.0768338783279443,88.5389925515841
train,0,1307,130.83083083083085,57,5.0,3,2,0.4638266288382014,-13.49062439112626,21.61781951639933,-5.525110079326049,-2.7153040172162832,-13.455379,21.583993,-5.585199,-2.76475,0.048851517963694656,0.07781763040088058,0.06008892067395166,0.04944598278371659,91.22140129906778
train,0,1307,130.83083083083085,59,5.0,3,2,0.6464654524341406,-7.519950792194001,12.323278619969145,4.081184023557085,1.4811124308002317,-7.561989,12.351215,4.105912,1.529177,0.05047427309797249,0.054052526595161986,-0.024727976442915356,-0.048064569199768314,92.87135738475932
train,0,1307,130.83083083083085,50,10.0,3,2,0.48783668923210743,-28.581362855763988,-2.0430864154785606,-1.9003540593153343,-7.031363693766515,-28.520858,-2.039728,-1.9052,-7.056811,0.060597991101583336,0.025904604526223535,0.004845940684665706,0.025447306233484568,93.62219599818229
train,0,1307,130.83083083083085,55,10.0,3,2,0.4997041612270638,-21.525229292186058,13.570362868150559,-3.0719722302288504,-5.87878347602019,-21.502989,13.592547,-3.029061,-5.8355,0.03141283658688965,0.06094942966216971,-0.04291123022885035,-0.043283476020190115,93.37297692044825
train,0,1307,130.83083083083085,57,10.0,3,2,0.4640625694308626,-13.475262045505351,21.602952612489567,-5.551396290621113,-2.736929971023588,-13.455379,21.583993,-5.585199,-2.76475,0.027473667471278752,0.04377872969378931,0.03380270937888685,0.02782002897641167,94.9627581831211
train,0,1307,130.83083083083085,59,10.0,3,2,0.6462753153230235,-7.538323710321103,12.335388421346183,4.091993505195129,1.5021171844492165,-7.561989,12.351215,4.105912,1.529177,0.02846974758355839,0.030429559892901036,-0.013918494804871173,-0.027059815550783517,95.91851578987229
train,0,1308,130.93093093093094,50,-10.0,3,2,0.4835810458650169,-28.68981416281561,-2.8415975145282504,-1.2628716642588174,-7.027234995324757,-28.70942,-2.740704,-1.86495,-7.080172,0.10278078675298803,0.6044010662075797,0.6020783357411827,0.052937004675243315,54.16810483604016
train,0,1308,130.93093093093094,55,-10.0,3,2,0.5001706913869386,-21.912825680225854,13.23415249727786,-2.560735806022779,-6.042262912987438,-21.801286,12.997781,-2.971214,-5.940434,0.261366763361876,0.4229201759800591,0.41047819397722085,-0.1018289129874379,60.82519880499585
train,0,1308,130.93093093093094,57,-10.0,3,2,0.46063288901542837,-14.09242180055262,21.36949078997727,-5.021191802833338,-2.656120384199148,-14.02189,21.293214,-5.52298,-3.013002,0.1038888039127948,0.6157563499570223,0.5017881971666611,0.3568816158008521,53.55512019016042
train,0,1308,130.93093093093094,59,-10.0,3,2,0.638653483006696,-7.061750570559374,12.464009978038126,3.875929183398842,1.3196803198676825,-7.162612,12.500103,4.207698,1.390861,0.10712485324679191,0.33931878358415685,-0.33176881660115765,-0.07118068013231738,70.05936971548834
train,0,1308,130.93093093093094,50,-5.0,3,2,0.4838678299254602,-28.698340241180404,-2.79741038979162,-1.5263189888471536,-7.050414767436342,-28.70942,-2.740704,-1.86495,-7.080172,0.05777867858215177,0.33993595662160675,0.33863101115284655,0.029757232563658143,70.83540096256824
train,0,1308,130.93093093093094,55,-5.0,3,2,0.5022116258691756,-21.8634692274026,13.130146899968894,-2.7407116873583153,-5.997663993949851,-21.801286,12.997781,-2.971214,-5.940434,0.14624460757504407,0.23750071229506836,0.23050231264168453,-0.057229993949850844,75.66035386103555
train,0,1308,130.93093093093094,57,-5.0,3,2,0.4611768239188252,-14.061648111235103,21.335812622708275,-5.240969733585292,-2.8125815026681513,-14.02189,21.293214,-5.52298,-3.013002,0.05826963244799805,0.3459742275286413,0.2820102664147077,0.20042049733184886,70.40915731853916
train,0,1308,130.93093093093094,59,-5.0,3,2,0.6386315214909833,-7.105949994360694,12.47967176316958,4.021174449008088,1.3507624331665076,-7.162612,12.500103,4.207698,1.390861,0.06023303347407813,0.1907850364591846,-0.18652355099191187,-0.04009856683349233,81.86756053937913
train,0,1308,130.93093093093094,50,0.0,3,2,0.48402847763763,-28.703181502009805,-2.772588102156449,-1.674494139868917,-7.063440994776391,-28.70942,-2.740704,-1.86495,-7.080172,0.032488687685047424,0.191189333368949,0.19045586013108307,0.016731005223609152,82.37154962456582
train,0,1308,130.93093093093094,55,0.0,3,2,0.503353219683838,-21.83608631297964,13.072055275153524,-2.841686605484692,-5.972608210919678,-21.801286,12.997781,-2.971214,-5.940434,0.08202273912191732,0.1334635747244475,0.12952739451530793,-0.032174210919678536,85.50004385165883
train,0,1308,130.93093093093094,57,0.0,3,2,0.4614822960342407,-14.044276136238274,21.317080713280145,-5.364436642154378,-2.900374531130851,-14.02189,21.293214,-5.52298,-3.013002,0.032722455569153465,0.1944760732348222,0.15854335784562146,0.1126274688691491,82.10183719521496
train,0,1308,130.93093093093094,59,0.0,3,2,0.638613390886393,-7.130760762275248,12.488565663784613,4.102815525622265,1.3682873952376793,-7.162612,12.500103,4.207698,1.390861,0.03387641467961989,0.10728420696244889,-0.10488247437773435,-0.02257360476232062,89.35923330341933
train,0,1308,130.93093093093094,50,5.0,3,2,0.4841186315760591,-28.705927487527003,-2.7586404585484328,-1.7578194723124976,-7.07076274844256,-28.70942,-2.740704,-1.86495,-7.080172,0.018273319037156264,0.10754294015635774,0.10713052768750253,0.009409251557440435,89.66547701703776
train,0,1308,130.93093093093094,55,5.0,3,2,0.503993017496956,-21.820805658152246,13.03952575344112,-2.8983930427817,-5.958528679645579,-21.801286,12.997781,-2.971214,-5.940434,0.046082984866872914,0.07503538659636266,0.07282095721829984,-0.018094679645579426,91.57091192700018
train,0,1308,130.93093093093094,57,5.0,3,2,0.461653907553628,-14.03448444652648,21.306617382886984,-5.433820959310996,-2.949679834205332,-14.02189,21.293214,-5.52298,-3.013002,0.018392138432587735,0.10935735557113135,0.08915904068900371,0.0633221657946681,89.503433281601
train,0,1308,130.93093093093094,59,5.0,3,2,0.6386014400817233,-7.144693907876198,12.493590191128892,4.148709329638917,1.3781561572704788,-7.162612,12.500103,4.207698,1.390861,0.019065012581916316,0.060341331272605464,-0.05898867036108246,-0.012704842729521104,93.8679178109709
train,0,1308,130.93093093093094,50,10.0,3,2,0.4841692817792758,-28.707493407510846,-2.7508065178479835,-1.8046614619713048,-7.074877769205318,-28.70942,-2.740704,-1.86495,-7.080172,0.010284581930642332,0.06052054772839384,0.06028853802869527,0.005294230794682164,94.04580966829779
train,0,1308,130.93093093093094,55,10.0,3,2,0.5043517777725948,-21.81225184078081,13.02129835755536,-2.9302489873748856,-5.950618190136196,-21.801286,12.997781,-2.971214,-5.940434,0.025948328855952992,0.04221196498750046,0.040965012625114205,-0.010184190136196314,95.16579268980611
train,0,1308,130.93093093093094,57,10.0,3,2,0.46175031145817164,-14.0289684540109,21.30076364890219,-5.472810837494499,-2.9773773584798566,-14.02189,21.293214,-5.52298,-3.013002,0.010348995590432302,0.06153096740619393,0.050169162505500964,0.03562464152014355,93.95115133672677
train,0,1308,130.93093093093094,59,10.0,3,2,0.6385942942485145,-7.1525148192215955,12.49641550054401,4.174503411332002,1.3837079129077863,-7.162612,12.500103,4.207698,1.390861,0.010749451702747596,0.03395655123516469,-0.03319458866799785,-0.007153087092213628,96.50094503606618
train,0,1309,131.03103103103103,50,-10.0,3,2,0.4795677170428354,-28.665648660023198,-3.491153315687325,-1.658401209154984,-7.218427399485708,-28.889706,-3.445026,-1.826634,-7.109394,0.22875624767424074,0.20047581928729677,0.16823279084501608,-0.10903339948570778,73.77347300390119
train,0,1309,131.03103103103103,55,-10.0,3,2,0.5033673410344253,-22.361501342304955,12.63437128405523,-2.8704504465122107,-7.137897292507125,-22.093584,12.393782,-2.915363,-6.040439,0.3600873587200179,1.0983769121997455,0.04491255348778944,-1.0974582925071248,31.477548283912004
train,0,1309,131.03103103103103,57,-10.0,3,2,0.459659712649517,-14.465711948342548,21.104549320559396,-6.062447787066803,-3.4072449839384578,-14.579245,20.978822,-5.451635,-3.260088,0.16940222239893615,0.6282892954413438,-0.6108127870668039,-0.14715698393845766,52.166681902769405
train,0,1309,131.03103103103103,59,-10.0,3,2,0.6432102354792442,-6.78710648118517,12.19506642351115,4.044499262680459,1.7963892821047838,-6.751366,12.63405,4.325877,1.250867,0.44043610481236595,0.6138142971061168,-0.2813777373195414,0.5455222821047838,46.97844657669695
train,0,1309,131.03103103103103,50,-5.0,3,2,0.48006723097271187,-28.76324641589453,-3.4707258335872937,-1.7313718680569123,-7.170665356566375,-28.889706,-3.445026,-1.826634,-7.109394,0.12904459639420615,0.11326540918491464,0.09526213194308775,-0.06127135656637517,84.22301596606316
train,0,1309,131.03103103103103,55,-5.0,3,2,0.5061062403674281,-22.24426979894884,12.528925050418676,-2.8893444600011167,-6.657902978226269,-22.093584,12.393782,-2.915363,-6.040439,0.20241011358456087,0.6180119164147918,0.026018539998883483,-0.6174639782262688,52.188176603739954
train,0,1309,131.03103103103103,57,-5.0,3,2,0.45974337301577406,-14.51445229380261,21.048441709191614,-5.794488766576464,-3.341530986981405,-14.579245,20.978822,-5.451635,-3.260088,0.09510519798783994,0.35239419033820923,-0.3428537665764644,-0.08144298698140506,69.41950684316694
train,0,1309,131.03103103103103,59,-5.0,3,2,0.6379180969589966,-6.771136569835382,12.387771257233798,4.168004769080636,1.557205635306164,-6.751366,12.63405,4.325877,1.250867,0.24707103142642414,0.3446258852389065,-0.15787223091936387,0.3063386353061641,65.43967997896334
train,0,1309,131.03103103103103,50,0.0,3,2,0.48035700305263396,-28.81842966605557,-3.4593995618933806,-1.7728529572425817,-7.143837560572652,-28.889706,-3.445026,-1.826634,-7.109394,0.07271117563387736,0.06386516597486613,0.05378104275741835,-0.034443560572651855,90.77589447909533
train,0,1309,131.03103103103103,55,0.0,3,2,0.5076639390390832,-22.17834523635793,12.469739698280444,-2.9004899311057954,-6.387785206152511,-22.093584,12.393782,-2.915363,-6.040439,0.11381581224499512,0.34766448640445635,0.0148730688942047,-0.347346206152511,69.36272999244065
train,0,1309,131.03103103103103,57,0.0,3,2,0.45978165872264815,-14.542499083692277,21.017636423934693,-5.644247168659788,-3.3054800272610305,-14.579245,20.978822,-5.451635,-3.260088,0.05344924574468917,0.19788856372891553,-0.1926121686597888,-0.04539202726103042,81.46637980536076
train,0,1309,131.03103103103103,59,0.0,3,2,0.6349976952692972,-6.762386534366021,12.495710615205644,4.237201802175455,1.4230031631013316,-6.751366,12.63405,4.325877,1.250867,0.13877765512860385,0.1936340604244783,-0.08867519782454547,0.17213616310133162,78.80216667598786
train,0,1309,131.03103103103103,50,5.0,3,2,0.48052280330012015,-28.84954631435138,-3.4530762460264537,-1.7963190585104516,-7.12876260482915,-28.889706,-3.445026,-1.826634,-7.109394,0.04095859876121899,0.03597413696730661,0.030314941489548497,-0.01936860482915037,94.69455195008139
train,0,1309,131.03103103103103,55,5.0,3,2,0.5085451553612368,-22.141287403735642,12.436499784582141,-2.906922802263813,-6.235839295114006,-22.093584,12.393782,-2.915363,-6.040439,0.06403455198228476,0.1955824947904755,0.008440197736187205,-0.19540029511400547,81.39972512106681
train,0,1309,131.03103103103103,57,5.0,3,2,0.4598003785375128,-14.558460204609988,21.000556213852352,-5.559907277799492,-3.2854909962747207,-14.579245,20.978822,-5.451635,-3.260088,0.030072974099420585,0.11121240200456012,-0.10827227779949222,-0.025402996274720646,89.11819237308471
train,0,1309,131.03103103103103,59,5.0,3,2,0.6333736359979655,-6.75754485150507,12.556248644017918,4.276033874841673,1.3476398373439122,-6.751366,12.63405,4.325877,1.250867,0.07804632725870168,0.10885457809913182,-0.04984312515832734,0.09677283734391229,87.46405016885534
train,0,1309,131.03103103103103,50,10.0,3,2,0.48061690476192176,-28.86705127518583,-3.4495284505141464,-1.8095554855117315,-7.120291597421223,-28.889706,-3.445026,-1.826634,-7.109394,0.023097805459353412,0.02025915315804287,0.01707851448826858,-0.010897597421222649,96.97435367556851
train,0,1309,131.03103103103103,55,10.0,3,2,0.5090419067352141,-22.120476874700046,12.417833403946275,-2.910592729076995,-6.150405878699339,-22.093584,12.393782,-2.915363,-6.040439,0.03607903465198713,0.11007029524605638,0.004770270923005082,-0.10996687869933908,89.06243958461079
train,0,1309,131.03103103103103,57,10.0,3,2,0.45981006613035896,-14.56747718738033,20.991038600820453,-5.512539859695055,-3.274343269494627,-14.579245,20.978822,-5.451635,-3.260088,0.01696251011666391,0.06255089641914678,-0.060904859695055436,-0.014255269494626965,93.72454848434974
train,0,1309,131.03103103103103,59,10.0,3,2,0.6324673108548959,-6.75485674446054,12.590197387207759,4.29783917303331,1.3053053671221746,-6.751366,12.63405,4.325877,1.250867,0.0439913280726443,0.06123443113104522,-0.028037826966690105,0.05443836712217465,92.73741081956345
train,0,1364,136.53653653653654,55,-10.0,3,2,0.7634417853633358,-33.700540753823155,-27.75258687687601,-2.8059418563401435,-7.665389293647343,-34.046963,-27.473867,-1.750067,-7.486197,0.44462696995570083,1.0709722640451125,-1.0558748563401434,-0.17919229364734335,31.361125253774958
train,0,1364,136.53653653653654,57,-10.0,3,2,0.43752534558600537,-30.754402262199747,-16.12383821043795,-1.3383758642322923,-7.055189237574464,-30.734016,-16.143792,-1.811243,-7.370141,0.028526363321732476,0.5681530962197666,0.47286713576770767,0.3149517624255367,56.61655317302293
train,0,1364,136.53653653653654,59,-10.0,2,2,0.2367563652279066,36.47484653732363,-13.304089215692123,12.801107976107717,-10.456547271838136,36.713163,-13.288137,12.921527,-10.383789,0.2388497635922361,0.14069295446482785,-0.12041902389228198,-0.07275827183813632,75.7897601325485
train,0,1364,136.53653653653654,60,-10.0,3,2,0.3218829544259505,17.241909859903323,7.10133683851839,-8.500365610775413,6.0987251162051805,17.361172,7.17195,-8.583374,7.000401,0.13859897775549151,0.9054887034628479,0.08300838922458631,-0.9016758837948196,40.01024483269314
train,0,1364,136.53653653653654,61,-10.0,3,2,0.36399030547180633,12.647713247160612,6.4742168507862985,13.704784024028525,-10.343111902898062,12.693737,6.536246,13.073258,-10.498669,0.07723859901368511,0.6504022828096929,0.6315260240285259,0.1555570971019371,51.94563653223663
train,0,1364,136.53653653653654,62,-10.0,3,2,0.4760346921148733,-15.493680789971073,28.766467707106802,14.611380149662162,-11.926657236900624,-15.255991,28.834647,14.70738,-12.013189,0.24727485160426108,0.12924286165964435,-0.09599985033783831,0.08653176309937649,75.65296407234239
train,0,1364,136.53653653653654,63,-10.0,3,2,0.38495676783709915,-28.522987371140754,-26.683683547121177,5.558079623433424,12.89504981538581,-28.700766,-26.616654,4.125795,13.165136,0.18999526590508523,1.457527286071611,1.432284623433424,-0.27008618461418976,22.995802345552082
train,0,1364,136.53653653653654,64,-10.0,1,1,2.8466011458455854e-17,75.62330614082757,-37.664623502739076,-19.296163302532076,12.873806902649651,75.020006,-37.980612,-16.678581,15.173952,0.6810431633338553,3.484595325054828,-2.6175823025320746,-2.3001450973503488,2.870957694643859
train,0,1364,136.53653653653654,55,-5.0,3,2,0.7686950260022591,-33.851976080369205,-27.63147232638556,-2.3431010241303216,-7.58610493507511,-34.046963,-27.473867,-1.750067,-7.486197,0.25071764543446956,0.6013908456795591,-0.5930340241303216,-0.09990793507511064,52.12320788828404
train,0,1364,136.53653653653654,57,-5.0,3,2,0.4372839118524322,-30.74551921026606,-16.13273542190911,-1.5452902334373004,-7.193067313758937,-30.734016,-16.143792,-1.811243,-7.370141,0.01595530524637966,0.319508942599972,0.2659527665626995,0.17707368624106312,72.62165181396519
train,0,1364,136.53653653653654,59,-5.0,2,2,0.23605686243419496,36.57907307837269,-13.297134880305062,12.853823404456426,-10.424822618124775,36.713163,-13.288137,12.921527,-10.383789,0.13439147641127963,0.07916776279482475,-0.06770359554357341,-0.04103361812477502,85.55794743955995
train,0,1364,136.53653653653654,60,-5.0,3,2,0.32162829326273223,17.294010414373172,7.1324343552321,-8.537078502138906,6.4926799739511285,17.361172,7.17195,-8.583374,7.000401,0.0779240961791188,0.5098273368644776,0.04629549786109344,-0.5077210260488716,59.705378574448844
train,0,1364,136.53653653653654,61,-5.0,3,2,0.3637283534887657,12.66730265996986,6.500154175519816,13.428719479848654,-10.410447607796414,12.693737,6.536246,13.073258,-10.498669,0.04473694364993608,0.3662456521223627,0.35546147984865506,0.08822139220358594,69.14476424845505
train,0,1364,136.53653653653654,62,-5.0,3,2,0.4778898998239009,-15.386426609976418,28.796381348816585,14.65366815926319,-11.964109548404707,-15.255991,28.834647,14.70738,-12.013189,0.13593273487431606,0.07275819132050476,-0.05371184073680979,0.04907945159529348,85.71177525781208
train,0,1364,136.53653653653654,63,-5.0,3,2,0.38911664609167124,-28.59900506488443,-26.65510490827839,4.931587033034257,13.014849507122642,-28.700766,-26.616654,4.125795,13.165136,0.10878308812967463,0.8196870320084712,0.8057920330342565,-0.15028649287735796,43.74145147215538
train,0,1364,136.53653653653654,64,-5.0,1,1,3.6008705274452416e-17,75.35937357074437,-37.80339241034187,-18.94780995015966,12.697788503872738,75.020006,-37.980612,-16.678581,15.173952,0.3828539291055168,3.358688090281068,-2.2692289501596576,-2.4761634961272616,3.403253642097617
train,0,1364,136.53653653653654,55,0.0,3,2,0.7715631556082108,-33.93724777105494,-27.562778200430863,-2.0833517529498167,-7.542103540082403,-34.046963,-27.473867,-1.750067,-7.486197,0.14121838769977313,0.33794121940480365,-0.33328475294981663,-0.05590654008240303,69.33220281845381
train,0,1364,136.53653653653654,57,0.0,3,2,0.4371477625971984,-30.74050083472602,-16.13762226522222,-1.661665763359838,-7.270571396850707,-30.734016,-16.143792,-1.811243,-7.370141,0.008950905465480335,0.17968710469094523,0.14957723664016198,0.09956960314929297,83.53454675801419
train,0,1364,136.53653653653654,59,0.0,2,2,0.23566458425077058,36.63772681190778,-13.293212979317797,12.88345549578189,-10.406903838062723,36.713163,-13.288137,12.921527,-10.383789,0.0756067724474424,0.04453914202244389,-0.03807150421810945,-0.023114838062722853,91.59895495651219
train,0,1364,136.53653653653654,60,0.0,3,2,0.3214893582205341,17.32337114674803,7.149780658213528,-8.55746194684597,6.714662448502651,17.361172,7.17195,-8.583374,7.000401,0.04382218869274253,0.28691105644513004,0.02591205315402867,-0.2857385514973494,74.80851903081115
train,0,1364,136.53653653653654,61,0.0,3,2,0.3635766203621781,12.6786985990691,6.515557576388929,13.273266465624214,-10.448806943387408,12.693737,6.536246,13.073258,-10.498669,0.02557663727055651,0.20613008274143318,0.20000846562421515,0.04986205661259113,81.24419630119448
train,0,1364,136.53653653653654,62,0.0,3,2,0.4789047097462161,-15.328340284656498,28.81317306594396,14.67726090065981,-11.985460864531852,-15.255991,28.834647,14.70738,-12.013189,0.07546886002948622,0.040939096736545666,-0.030119099340190303,0.02772813546814845,91.77247402751641
train,0,1364,136.53653653653654,63,0.0,3,2,0.3915320131409388,-28.64295217905474,-26.63848626892793,4.579059845809554,13.081118803136407,-28.700766,-26.616654,4.125795,13.165136,0.061798752890591835,0.4609858021843779,0.45326484580955384,-0.08401719686359321,62.80662277725199
train,0,1364,136.53653653653654,64,0.0,1,1,0.0,75.210922061031,-37.88105819520176,-18.752259214363306,12.598186093065893,75.020006,-37.980612,-16.678581,15.173952,0.21531349797307234,3.306767506803142,-2.073678214363305,-2.575765906934107,3.637876896466214
train,0,1364,136.53653653653654,55,5.0,3,2,0.7731493858932826,-33.985230529485854,-27.523965455620274,-1.937458592481261,-7.517552656805382,-34.046963,-27.473867,-1.750067,-7.486197,0.0795031645364915,0.1899968056214628,-0.18739159248126103,-0.031355656805382104,81.38655952507207
train,0,1364,136.53653653653654,57,5.0,3,2,0.4370709494128938,-30.737665668575058,-16.140324403664966,-1.7271089719653991,-7.314140112265314,-30.734016,-16.143792,-1.811243,-7.370141,0.0050343127684435805,0.10106747300887647,0.0841340280346008,0.0560008877346867,90.37587908947124
train,0,1364,136.53653653653654,59,5.0,2,2,0.23544435875265837,36.67071750674373,-13.291009802977857,12.900112610899674,-10.39680439582755,36.713163,-13.288137,12.921527,-10.383789,0.04254260093974009,0.025059461069383133,-0.021414389100325337,-0.013015395827549625,95.18245252671619
train,0,1364,136.53653653653654,60,5.0,3,2,0.3214125830737147,17.33989967601265,7.15948337498651,-8.568841816106746,6.83961916792368,17.361172,7.17195,-8.583374,7.000401,0.02465620625825825,0.16143723825228573,0.014532183893253503,-0.1607818320763199,84.9328494869589
train,0,1364,136.53653653653654,61,5.0,3,2,0.36348991546350323,12.685229326122286,6.524472695882393,13.185792637776725,-10.470545053989264,12.693737,6.536246,13.073258,-10.498669,0.014525536294926021,0.1159956940526399,0.11253463777672579,0.028123946010735423,88.96727015994666
train,0,1364,136.53653653653654,62,5.0,3,2,0.47946625634852363,-15.296382635971787,28.822596792070257,14.690470318503147,-11.997550164493267,-15.255991,28.834647,14.70738,-12.013189,0.042150821672031366,0.023032813643402185,-0.01690968149685368,0.015638835506733173,95.3102004963713
train,0,1364,136.53653653653654,63,5.0,3,2,0.3929139905152079,-28.668029379533866,-26.629011380258977,4.380772625146629,13.118033047371986,-28.700766,-26.616654,4.125795,13.165136,0.034991301296303845,0.2592918769874826,0.2549776251466289,-0.04710295262801445,76.97863630934091
train,0,1364,136.53653653653654,64,5.0,1,1,-5.764798392764407e-17,75.1274646038191,-37.924580509627546,-18.642417094033597,12.541979955674995,75.020006,-37.980612,-16.678581,15.173952,0.12118943620675533,3.283889317004682,-1.9638360940335957,-2.631972044325005,3.739849716592994
train,0,1364,136.53653653653654,55,10.0,3,2,0.774032739480452,-34.012212331264976,-27.50208892359427,-1.8554977617076895,-7.503813051770362,-34.046963,-27.473867,-1.750067,-7.486197,0.044767018539232956,0.1068923327196095,-0.1054307617076895,-0.017616051770362517,89.05748537556096
train,0,1364,136.53653653653654,57,10.0,3,2,0.437027611624754,-30.736063877764767,-16.141818220673052,-1.763899872286853,-7.338627238110784,-30.734016,-16.143792,-1.811243,-7.370141,0.002844223649947068,0.05687256746511046,0.04734312771314686,0.03151376188921606,94.46473048558087
train,0,1364,136.53653653653654,59,10.0,2,2,0.23532068343775073,36.689260599876995,-13.289781802874392,12.909473329275984,-10.391121159599338,36.713163,-13.288137,12.921527,-10.383789,0.02395892543783844,0.014108562730240762,-0.012053670724014864,-0.007332159599338084,97.2578637193344
train,0,1364,136.53653653653654,60,10.0,3,2,0.321369833266719,17.349196225852225,7.164910589044641,-8.575215602695264,6.909905388519917,17.361172,7.17195,-8.583374,7.000401,0.013891453237042281,0.09086261686599212,0.008158397304734777,-0.09049561148008323,91.21796033941096
train,0,1364,136.53653653653654,61,10.0,3,2,0.3634407058937848,12.688943446143206,6.529554661732605,13.13660354822624,-10.48282236765295,12.693737,6.536246,13.073258,-10.498669,0.008231170414145225,0.06529758216676637,0.06334554822624128,0.015846632347049194,93.63046892150508
train,0,1364,136.53653653653654,62,10.0,3,2,0.47977907851312857,-15.27864996711588,28.827894568296625,14.697881076698451,-12.00436824539559,-15.255991,28.834647,14.70738,-12.013189,0.02364369101192348,0.012962841342852315,-0.009498923301549667,0.008820754604411007,97.33962455374959
train,0,1364,136.53653653653654,63,10.0,3,2,0.3936971295825708,-28.682216715661735,-26.623663851837147,4.269290069112865,13.138670112743423,-28.700766,-26.616654,4.125795,13.165136,0.01982962360309999,0.1459153112184723,0.14349506911286447,-0.026465887256577503,86.30725262820262
train,0,1364,136.53653653653654,64,10.0,1,1,0.0,75.08059815596926,-37.94894404383129,-18.58071461418401,12.510311400351089,75.020006,-37.980612,-16.678581,15.173952,0.06836862447721598,3.273086239362894,-1.9021336141840095,-2.663640599648911,3.786226885217055
train,0,3196,319.91991991991995,120,-10.0,3,2,0.5183482442941556,-3.7899728678322084,23.89869769175769,-0.020001339667687138,0.6863477073404374,-4.018295,23.816955,0.011027,-0.02796,0.24251363609792997,0.7149812994956478,-0.031028339667687137,0.7143077073404374,47.00149344164169
train,0,3196,319.91991991991995,127,-10.0,3,2,0.5063217148093075,1.3516562608099476,20.04832159897877,-0.18658253379082315,0.09650881767078166,1.466824,20.018507,0.008389,-0.006468,0.11896435794981965,0.22049517900930965,-0.19497153379082316,0.10297681767078166,77.83797991989495
train,0,3196,319.91991991991995,132,-10.0,3,2,0.4621978372278294,6.972433573842093,15.473074750607353,-0.0016528934816377981,-0.456008827635593,6.823962,15.602702,0.018495,-0.018212,0.19709650434305467,0.4382601965722378,-0.0201478934816378,-0.43779682763559297,61.844911998070614
train,0,3196,319.91991991991995,141,-10.0,3,2,0.38653165256205835,12.235631287054323,10.813929892833086,0.037883510833801814,0.4523135207420707,12.050432,10.992811,-0.128646,0.104769,0.25748247790226486,0.385381981774422,0.16652951083380182,0.3475445207420707,62.908870450990804
train,0,3196,319.91991991991995,145,-10.0,2,2,0.1875742225388102,-37.22602481867893,-41.913322566983815,-3.0020628676953596,-9.902967396187073,-36.499816,-42.277526,-1.800415,-9.936713,0.8124182352383644,1.2021216093696607,-1.2016478676953595,0.03374560381292646,23.43585475690226
train,0,3196,319.91991991991995,146,-10.0,1,1,0.0,47.4153755517898,-22.087248619995115,11.25828007327874,-7.980045785032281,48.103076,-22.359314,10.868919,-8.850315,0.7395616792842327,0.9533994713158297,0.3893610732787405,0.8702692149677196,29.920810596417883
train,0,3196,319.91991991991995,147,-10.0,2,2,0.3018186215357152,30.227289910814598,-8.521403195373757,11.96565868514228,-9.373805183454,30.536804,-7.921339,11.800231,-9.471793,0.6751859077127014,0.19227046367808542,0.16542768514228,0.09798781654600042,49.557902748036604
train,0,3196,319.91991991991995,148,-10.0,3,2,0.3614147127318582,16.65713462041176,2.876803618450598,11.536622041923808,-8.780668202273697,17.036341,2.844409,12.064325,-9.619475,0.38058755842116027,0.9909930655025887,-0.5277029580761923,0.8388067977263027,34.591502550090865
train,0,3196,319.91991991991995,149,-10.0,3,2,0.37785722016399703,21.293035581111024,3.9874281534348746,-2.191026303653997,0.640531302700999,21.223394,3.95326,-2.789089,2.263899,0.07757198288552754,1.7300293839685243,0.5980626963460032,-1.6233676972990008,17.69713156952061
train,0,3196,319.91991991991995,151,-10.0,3,2,0.5025864777124424,1.883360205942914,14.346650782857989,10.93550757352035,-9.024481009200981,1.69227,14.384591,11.153691,-9.078131,0.19482024249057978,0.22468272987289337,-0.2181834264796496,0.053649990799019776,74.27587225880761
train,0,3196,319.91991991991995,152,-10.0,2,2,0.28896483460299105,32.2838293755738,-5.082043421881608,-4.347740761976467,3.4792270200432935,32.380836,-5.530962,-4.102645,3.35715,0.4592800615772516,0.2738151408550587,-0.24509576197646687,0.12207702004329368,58.58401875361701
train,0,3196,319.91991991991995,153,-10.0,3,2,0.4859861485776811,-9.826214107098153,24.21581642171208,10.553459612897724,-9.39717361314321,-9.851946,24.245667,11.524385,-9.474949,0.039410497794818464,0.9740354809350783,-0.9709253871022767,0.07777538685679097,37.72555574592255
train,0,3196,319.91991991991995,154,-10.0,2,2,0.22329128109084265,40.16941119959596,-7.826004408366288,-14.455405538849847,13.357990685089941,40.350332,-7.440659,-14.391139,12.140511,0.4257034411040376,1.219174709228518,-0.06426653884984646,1.2174796850899412,27.489669676284706
train,0,3196,319.91991991991995,155,-10.0,2,2,0.20217896477091488,-40.124539890474864,49.380256147799386,10.839644712908186,-8.879853524168482,-40.47492,49.705614,11.099963,-9.448506,0.47814637208645533,0.6254048679565359,-0.26031828709181504,0.5686524758315183,45.50967136386528
train,0,3196,319.91991991991995,120,-5.0,3,2,0.5176386453235761,-3.890032981790236,23.862270965600647,-0.00632860221374745,0.37384278140053406,-4.018295,23.816955,0.011027,-0.02796,0.13603191556969604,0.40217743853852267,-0.01735560221374745,0.40180278140053405,65.40573680768827
train,0,3196,319.91991991991995,127,-5.0,3,2,0.5062277084242902,1.4018067252350355,20.035077846334016,-0.10121764115409222,0.05152757407560456,1.466824,20.018507,0.008389,-0.006468,0.06709574476886333,0.12400444507129926,-0.10960664115409222,0.05799557407560456,86.84956519692409
train,0,3196,319.91991991991995,132,-5.0,3,2,0.462943642265497,6.9068277493552985,15.528691436121374,0.0072111631361722805,-0.2639944058772281,6.823962,15.602702,0.018495,-0.018212,0.11110488729955799,0.24604128924464685,-0.01128383686382772,-0.2457824058772281,76.34069048097423
train,0,3196,319.91991991991995,141,-5.0,3,2,0.3879009961683455,12.154233453815362,10.892013346255911,-0.03464703411900459,0.3019279214968224,12.050432,10.992811,-0.128646,0.104769,0.144689007234467,0.21842034225888102,0.09399896588099542,0.1971589214968224,76.95134398627248
train,0,3196,319.91991991991995,145,-5.0,2,2,0.18776902248964303,-36.90877816596659,-42.073302775428004,-2.476095370316582,-9.920598379135297,-36.499816,-42.277526,-1.800415,-9.936713,0.4571183420588865,0.6758725056079482,-0.6756803703165817,0.016114620864701834,44.22226996813199
train,0,3196,319.91991991991995,146,-5.0,1,1,0.0,47.71618188772813,-22.20660990365038,11.330364638524985,-8.017532925182028,48.103076,-22.359314,10.868919,-8.850315,0.41593941283868596,0.9520809111897255,0.4614456385249852,0.8327820748179722,35.38180771995968
train,0,3196,319.91991991991995,147,-5.0,2,2,0.3011413764698644,30.362661946342993,-8.259138880194005,11.893038625926415,-9.416076691891279,30.536804,-7.921339,11.800231,-9.471793,0.38004501563757465,0.10824769013407795,0.09280762592641523,0.05571630810872108,67.35719601457643
train,0,3196,319.91991991991995,148,-5.0,3,2,0.3617068099398199,16.822221447082256,2.8610742140045518,11.764946433571138,-9.147087841217155,17.036341,2.844409,12.064325,-9.619475,0.21476711177345562,0.559264833348145,-0.29937856642886196,0.4723871587828441,54.93143820725588
train,0,3196,319.91991991991995,149,-5.0,3,2,0.3776572783015658,21.26291981793201,3.9726186381007578,-2.4528211060296914,1.351171701854455,21.223394,3.95326,-2.789089,2.263899,0.04401189784945049,0.9727009906930769,0.33626789397030876,-0.912727298145545,37.768446262195354
train,0,3196,319.91991991991995,151,-5.0,3,2,0.5034293039667974,1.7996424102362614,14.363224423888434,11.030798352210756,-9.048286859449837,1.69227,14.384591,11.153691,-9.078131,0.10947769204123442,0.12646452311154027,-0.12289264778924469,0.029844140550164155,84.59727164995898
train,0,3196,319.91991991991995,152,-5.0,2,2,0.2882653428863249,32.32442928078459,-5.2796319523779385,-4.240236002579601,3.426191314141023,32.380836,-5.530962,-4.102645,3.35715,0.2575820467547256,0.15394150528424502,-0.137591002579601,0.06904131414102332,74.07608195496779
train,0,3196,319.91991991991995,153,-5.0,3,2,0.48594766914799764,-9.83684088967993,24.228757732829678,10.978361734337176,-9.431300372174322,-9.851946,24.245667,11.524385,-9.474949,0.022673501582659156,0.547765104178936,-0.546023265662825,0.04364862782567869,57.796950998654225
train,0,3196,319.91991991991995,154,-5.0,2,2,0.22303761794506524,40.24731912985433,-7.658732392764369,-14.428494765283812,12.825449505493037,40.350332,-7.440659,-14.391139,12.140511,0.2411797173217748,0.6859564195391524,-0.03735576528381124,0.6849385054930366,48.329876512605246
train,0,3196,319.91991991991995,155,-5.0,2,2,0.20111179466080328,-40.270267339359805,49.521171612394525,10.952990390739634,-9.1297367217631,-40.47492,49.705614,11.099963,-9.448506,0.2755026421882683,0.3510196584530194,-0.14697260926036648,0.3187692782368998,64.00399220151776
train,0,3196,319.91991991991995,120,0.0,3,2,0.5172477083421253,-3.9462028904768878,23.84223945252645,0.0012951347770469163,0.19803767105656403,-4.018295,23.816955,0.011027,-0.02796,0.07639748552835166,0.22620710979920292,-0.009731865222953084,0.22599767105656404,78.76040582709103
train,0,3196,319.91991991991995,127,0.0,3,2,0.5061750224264072,1.4301805239738037,20.027763181756246,-0.053240199857642376,0.02617479728756307,1.466824,20.018507,0.008389,-0.006468,0.03779446038756318,0.06974030749753088,-0.061629199857642376,0.03264279728756307,92.37415461943561
train,0,3196,319.91991991991995,132,0.0,3,2,0.46336407599355406,6.870372780419238,15.560717494255597,0.012164339449133163,-0.1563005540149806,6.823962,15.602702,0.018495,-0.018212,0.06258321869099295,0.13823359220160097,-0.006330660550866838,-0.1380885540149806,85.92112003232366
train,0,3196,319.91991991991995,141,0.0,3,2,0.3886701140033842,12.10869865071068,10.936054589372711,-0.07567008485459052,0.2161851537543501,12.050432,10.992811,-0.128646,0.104769,0.08134059707387054,0.12336939208290931,0.05297591514540949,0.1114161537543501,86.2628543232689
train,0,3196,319.91991991991995,145,0.0,2,2,0.1878746458246526,-36.73002404103652,-42.162844724301664,-2.180384957883778,-9.928553952993283,-36.499816,-42.277526,-1.800415,-9.936713,0.2571916350771734,0.38005754688238713,-0.3799699578837781,0.00815904700671588,63.19770169170644
train,0,3196,319.91991991991995,146,0.0,1,1,-4.560774219079409e-17,47.88542789979318,-22.273536539127697,11.370915889098281,-8.03855661679495,48.103076,-22.359314,10.868919,-8.850315,0.23394116422155994,0.9544383423605899,0.5019968890982813,0.811758383205051,37.4302605552941
train,0,3196,319.91991991991995,147,0.0,2,2,0.3007528835997185,30.43883808435524,-8.11143049414972,11.852352445817264,-9.440266172679486,30.536804,-7.921339,11.800231,-9.471793,0.2138506412807539,0.06091457916607029,0.052121445817263634,0.03152682732051382,80.06294034582295
train,0,3196,319.91991991991995,148,0.0,3,2,0.36190126736656925,16.91564093326981,2.853293861754978,11.895124495594818,-9.353625090625256,17.036341,2.844409,12.064325,-9.619475,0.12102663705597007,0.31512693475094705,-0.16920050440518253,0.26584990937474373,71.35031618071591
train,0,3196,319.91991991991995,149,0.0,3,2,0.37754435299388445,21.24574277013177,3.9641937122530932,-2.5999970266537007,1.7506555852206667,21.223394,3.95326,-2.789089,2.263899,0.024879983722586492,0.5469685340111882,0.18909197334629946,-0.5132434147793332,57.83742664129241
train,0,3196,319.91991991991995,151,0.0,3,2,0.5039013552346766,1.752631521385379,14.37256529121795,11.084515943572,-9.061450962953893,1.69227,14.384591,11.153691,-9.078131,0.06154779391390294,0.07115765642344081,-0.06917505642799959,0.016680037046107543,91.02075402879012
train,0,3196,319.91991991991995,152,0.0,2,2,0.2878582993126609,32.34853028381297,-5.3899597341274195,-4.179947949681869,3.3961004174849174,32.380836,-5.530962,-4.102645,3.35715,0.14465579241620052,0.08656142935376526,-0.07730294968186868,0.038950417484917566,84.48662703610087
train,0,3196,319.91991991991995,153,0.0,3,2,0.4859232118957633,-9.843254907128113,24.236108228042994,11.217303616732643,-9.450432776722932,-9.851946,24.245667,11.524385,-9.474949,0.012919180184277358,0.3080584703480247,-0.30708138326735757,0.02451622327706815,73.46733870133053
train,0,3196,319.91991991991995,154,0.0,2,2,0.2228889190597746,40.29199310947757,-7.563766642313381,-14.412530318310488,12.525804872137336,40.350332,-7.440659,-14.391139,12.140511,0.1362311188508238,0.38588723275801967,-0.021391318310486795,0.38529387213733557,66.41625277576173
train,0,3196,319.91991991991995,155,0.0,2,2,0.2004966166847333,-40.35739928471839,49.60140432609707,11.017118265517164,-9.269561828553108,-40.47492,49.705614,11.099963,-9.448506,0.15706933072772472,0.1971909392602671,-0.08284473448283691,0.1789441714468918,77.71660445895279
train,0,3196,319.91991991991995,120,5.0,3,2,0.5170303991411112,-3.977760905389788,23.83112545918396,0.005562026198272427,0.09916559523647103,-4.018295,23.816955,0.011027,-0.02796,0.0429396639408585,0.1272430072848038,-0.005464973801727573,0.12712559523647105,87.4333886989037
train,0,3196,319.91991991991995,127,5.0,3,2,0.5061454465184514,1.446191220932778,20.023690023485383,-0.02627174901753446,0.01190108167345869,1.466824,20.018507,0.008389,-0.006468,0.02127381734637252,0.0392274226018319,-0.034660749017534465,0.01836908167345869,95.63563121087162
train,0,3196,319.91991991991995,132,5.0,3,2,0.46360074021541636,6.850013197610088,15.578954353753588,0.014939094668817182,-0.0958389666440607,6.823962,15.602702,0.018495,-0.018212,0.03525075317159387,0.07770836771598313,-0.003555905331182819,-0.07762696664406071,91.82092408921989
train,0,3196,319.91991991991995,141,5.0,3,2,0.3891022065527642,12.083170940734023,10.960853764974521,-0.0988128689469914,0.16760606541538817,12.050432,10.992811,-0.128646,0.104769,0.04575044383237714,0.06955941703639959,0.02983313105300861,0.06283706541538817,92.01152686831462
train,0,3196,319.91991991991995,145,5.0,2,2,0.1879327762772481,-36.62942846270411,-42.213046080662124,-2.0141364623904803,-9.932407903375283,-36.499816,-42.277526,-1.800415,-9.936713,0.1447655017124016,0.21376481783322898,-0.21372146239048018,0.004305096624715787,77.24628564599556
train,0,3196,319.91991991991995,146,5.0,1,1,0.0,47.980609169012176,-22.31111258292016,11.393720941756444,-8.05036123785477,48.103076,-22.359314,10.868919,-8.850315,0.13161117468021258,0.956735647732247,0.5248019417564436,0.7999537621452308,38.069923723999025
train,0,3196,319.91991991991995,147,5.0,2,2,0.3005320597941219,30.481684483592257,-8.028305622271727,11.829523874362794,-9.453999995102897,30.536804,-7.921339,11.800231,-9.471793,0.12033295213384329,0.03427336446429971,0.029292874362793597,0.01779300489710245,88.23921783124581
train,0,3196,319.91991991991995,148,5.0,3,2,0.3620203007525719,16.96833553509173,2.849262683125151,11.968882523276443,-9.469893474314146,17.036341,2.844409,12.064325,-9.619475,0.06817845332118862,0.17743702880073917,-0.09544247672355688,0.14958152568585348,82.68890771301962
train,0,3196,319.91991991991995,149,5.0,3,2,0.37748074178822283,21.235999171237918,3.9594192587436288,-2.6827372449096893,1.975234491373536,21.223394,3.95326,-2.789089,2.263899,0.014029497860159423,0.307632726398456,0.1063517550903108,-0.28866450862646387,73.49502524877491
train,0,3196,319.91991991991995,151,5.0,3,2,0.5041661118653908,1.726224012910754,14.377825527330419,11.114761558189445,-9.068783539929756,1.69227,14.384591,11.153691,-9.078131,0.03462147618439321,0.040035939472507276,-0.03892944181055569,0.009347460070245006,94.8446955438206
train,0,3196,319.91991991991995,152,5.0,2,2,0.28762508266587056,32.36248691495877,-5.451769131159975,-4.146100854745747,3.379097927245461,32.380836,-5.530962,-4.102645,3.35715,0.08129083218274767,0.04868390721845886,-0.04345585474574687,0.02194792724546124,90.95966595540568
train,0,3196,319.91991991991995,153,5.0,3,2,0.4859085150786874,-9.847004202200942,24.240257571522918,11.351658446552854,-9.461168962474188,-9.851946,24.245667,11.524385,-9.474949,0.00732688760221219,0.17327536379977052,-0.1727265534471467,0.01378003752581236,84.0775833546464
train,0,3196,319.91991991991995,154,5.0,2,2,0.22280334057777276,40.31738580219717,-7.510114777672822,-14.403282917696112,12.357269356760803,40.350332,-7.440659,-14.391139,12.140511,0.0768736430891602,0.21709827259251357,-0.012143917696111117,0.21675835676080268,79.42898858845656
train,0,3196,319.91991991991995,155,5.0,2,2,0.2001458917230551,-40.40799105979051,49.64688106547792,11.053297409110417,-9.347967774002122,-40.47492,49.705614,11.099963,-9.448506,0.08904516064974845,0.1108404811423807,-0.04666559088958344,0.10053822599787843,86.74666225088511
train,0,3196,319.91991991991995,120,10.0,3,2,0.516909073309688,-3.995495907838644,23.824934663478032,0.007954427713802833,0.043581297467448765,-4.018295,23.816955,0.011027,-0.02796,0.024155198873216956,0.0716072478439152,-0.0030725722861971675,0.07154129746744876,92.72133099300571
train,0,3196,319.91991991991995,127,10.0,3,2,0.5061288211303702,1.4552116055730044,20.021410108010112,-0.011114776973526155,0.0038716994190075055,1.466824,20.018507,0.008389,-0.006468,0.011969784477863251,0.022075024355784373,-0.019503776973526156,0.010339699419007505,97.52012679577251
train,0,3196,319.91991991991995,132,10.0,3,2,0.4637337313336028,6.838616784409094,15.589264086866152,0.016495513855602207,-0.061881890093568884,6.823962,15.602702,0.018495,-0.018212,0.01988316412118322,0.043715640743628874,-0.001999486144397794,-0.043669890093568885,95.31099904263023
train,0,3196,319.91991991991995,141,10.0,3,2,0.3893448868206892,12.068845486709394,10.974796020437239,-0.1118463740038958,0.14018317041395592,12.050432,10.992811,-0.128646,0.104769,0.025760356780209666,0.0391968225717046,0.01679962599610421,0.03541417041395592,95.41789774397357
train,0,3196,319.91991991991995,145,10.0,2,2,0.18796502647892374,-36.57290034588586,-42.241196617483965,-1.9206977437321264,-9.934377611763777,-36.499816,-42.277526,-1.800415,-9.936713,0.08161584189090108,0.12030541333598527,-0.12028274373212633,0.0023353882362222578,86.46960448988641
train,0,3196,319.91991991991995,146,10.0,1,1,0.0,48.03409817513671,-22.332228068998838,11.406539712437285,-8.056994066123844,48.103076,-22.359314,10.868919,-8.850315,0.07410524934895221,0.9583288238218187,0.5376207124372847,0.7933209338761564,38.24376126275118
train,0,3196,319.91991991991995,147,10.0,2,2,0.30040721768399736,30.50576871850383,-7.981562226932279,11.81670635807104,-9.461762547448792,30.536804,-7.921339,11.800231,-9.471793,0.06774972885320833,0.019288530321177565,0.01647535807103928,0.010030452551207603,93.19818074714104
train,0,3196,319.91991991991995,148,10.0,3,2,0.36209014563604996,16.99798670728812,2.847113881548167,12.010514871091228,-9.535294562979983,17.036341,2.844409,12.064325,-9.619475,0.03844955336045084,0.09990933865289887,-0.053810128908772015,0.08418043702001654,89.84784749941453
train,0,3196,319.91991991991995,149,10.0,3,2,0.3774450241447787,21.230490179949843,3.9567181031164016,-2.729242942611135,2.1014617067830503,21.223394,3.95326,-2.789089,2.263899,0.007893937360039965,0.17311101874993565,0.05984605738886506,-0.16243729321694955,84.0892956130521
train,0,3196,319.91991991991995,151,10.0,3,2,0.5043146342823165,1.7113955691953207,14.380786462627405,11.13177559038386,-9.072884870977504,1.69227,14.384591,11.153691,-9.078131,0.01950030516849602,0.022534574510380493,-0.021915409616140025,0.005246129022497215,97.06391705921116
train,0,3196,319.91991991991995,152,10.0,2,2,0.2874925572910174,32.37046502371709,-5.48645502060801,-4.127090340322371,3.369515126995856,32.380836,-5.530962,-4.102645,3.35715,0.04569932563681633,0.027394726300881262,-0.024445340322371223,0.012365126995856013,94.81132487892516
train,0,3196,319.91991991991995,153,10.0,3,2,0.4858998651283629,-9.849163791165886,24.24258200838781,11.427183142280363,-9.467195999397736,-9.851946,24.245667,11.524385,-9.474949,0.00415425796549898,0.09751056436349544,-0.09720185771963763,0.007753000602264137,90.70125279035564
train,0,3196,319.91991991991995,154,10.0,2,2,0.2227545572023501,40.33174347444569,-7.479925676624817,-14.397990876311978,12.262524780212921,40.350332,-7.440659,-14.391139,12.140511,0.043444276670711705,0.1222060177357956,-0.006851876311976923,0.12201378021292086,87.83601656659033
train,0,3196,319.91991991991995,155,10.0,2,2,0.19994719313538006,-40.436883229929116,49.67259721432522,11.073666927735568,-9.39198095624439,-40.47492,49.705614,11.099963,-9.448506,0.05036768819113247,0.06234231298331697,-0.02629607226443298,0.056525043755609516,92.29810820920255
train,0,3330,333.33333333333337,127,-10.0,3,2,0.7511271847114613,-34.159948127809784,-26.112963762582798,-2.0296013200873286,-11.425604495572026,-34.068734,-26.141923,-2.261487,-11.577019,0.0957008596820613,0.27694281124400166,0.23188567991267117,0.151414504427974,74.60132609199006
train,0,3330,333.33333333333337,132,-10.0,3,2,0.5042550498883651,-8.423717971823821,25.629767772213413,-3.3601085665534747,0.29566809851237513,-8.366557,25.836669,-3.34062,-0.124852,0.21465203180832287,0.4209714449688564,-0.01948856655347475,0.42052009851237515,62.341783196031884
train,0,3330,333.33333333333337,141,-10.0,3,2,0.5125034765781088,-0.5772761124791903,21.395475995237906,-2.028007200422161,0.7610325837205171,-0.97047,21.435182,-1.87842,1.387268,0.39519362342767467,0.6438533428762151,-0.14958720042216123,-0.6262354162794829,46.97928068015957
train,0,3330,333.33333333333337,149,-10.0,3,2,0.45470313004767715,7.49171979366096,14.84675962775642,-1.736965480035669,1.4810759051584614,7.501521,14.853851,-1.814412,1.437926,0.01209757025180988,0.08865595168836499,0.07744651996433083,0.0431499051584614,91.44088085892078
train,0,3330,333.33333333333337,152,-10.0,3,2,0.3220043427606049,18.807763766118146,5.538579237035213,-1.0949706857238315,0.43957645521199895,18.828959,5.594656,-1.45618,1.168194,0.05994865539705937,0.8132377852096855,0.36120931427616854,-0.728617544788001,44.244267107592215
train,0,3330,333.33333333333337,156,-10.0,2,2,0.3691330507454603,25.759928103497394,0.5318259716795126,-1.1572660002969903,-0.5735754168090009,25.713595,0.110943,-0.964472,0.785722,0.42342559243564565,1.3729016694192409,-0.19279400029699034,-1.3592974168090008,23.770749215230055
train,0,3330,333.33333333333337,158,-10.0,2,2,0.27979389910339447,33.07678556130663,-6.194635254727506,-0.7259279085287458,0.5494939687771309,32.95361,-6.064177,-0.841472,0.70484,0.1794201079303834,0.19360482042194663,0.11554409147125422,-0.15534603122286916,76.80049574760655
train,0,3330,333.33333333333337,159,-10.0,2,2,0.2904083747292037,31.31182174394988,-8.839467085707506,13.492635881292758,-11.116128799042531,31.505798,-8.809971,13.414968,-10.676497,0.1962060319747717,0.4464397143107669,0.07766788129275781,-0.439631799042532,61.40660572991143
train,0,3330,333.33333333333337,160,-10.0,3,2,0.35536972156448055,13.932226459099033,4.868206310352581,12.940094357736802,-9.584572621329183,14.033145,4.945743,13.11133,-10.577349,0.12726543183072275,1.0074356471894523,-0.17123564226319843,0.9927763786708166,36.224217312228205
train,0,3330,333.33333333333337,161,-10.0,3,2,0.7605496966680776,-13.404953502390201,8.206308265402747,5.117673715927324,4.77964353568469,-13.346285,7.724357,4.830878,4.873204,0.4855090271004419,0.3016709186467308,0.28679571592732334,-0.09356046431531073,56.462240877179745
train,0,3330,333.33333333333337,162,-10.0,2,2,0.19444349183268764,44.544681187198776,-10.296891758279914,-12.60894635401232,12.358505776955731,44.858591,-10.910968,-13.022425,11.144898,0.6896586120813424,1.2821109261585903,0.4134786459876807,1.2136077769557314,23.320700716345154
train,0,3330,333.33333333333337,127,-5.0,3,2,0.7491880246996545,-34.119699445117405,-26.12553133820238,-2.130894111643903,-11.491787687031854,-34.068734,-26.141923,-2.261487,-11.577019,0.053536559214268226,0.1559451159846373,0.13059288835609673,0.0852313129681459,84.79964141312661
train,0,3330,333.33333333333337,132,-5.0,3,2,0.505213354973027,-8.399186573448105,25.719630668202527,-3.3515141177029166,0.11218468126958149,-8.366557,25.836669,-3.34062,-0.124852,0.12150168794441037,0.2372868940077015,-0.010894117702916706,0.2370366812695815,76.59906503490882
train,0,3330,333.33333333333337,141,-5.0,3,2,0.5123874532127715,-0.7491333212087822,21.413074360144027,-1.9622743914183483,1.035449753675638,-0.97047,21.435182,-1.87842,1.387268,0.2224380208469951,0.3616733849855295,-0.08385439141834827,-0.351818246324362,65.40304592504229
train,0,3330,333.33333333333337,149,-5.0,3,2,0.454702397620689,7.495236448437619,14.849410462761677,-1.7708303699167267,1.462303799035592,7.501521,14.853851,-1.814412,1.437926,0.007695060708348724,0.04993631510769467,0.043581630083273204,0.024377799035592007,95.07294648295466
train,0,3330,333.33333333333337,152,-5.0,3,2,0.32174132448287557,18.81675574384594,5.5630631569080835,-1.2534914918465159,0.7592988692370073,18.828959,5.594656,-1.45618,1.168194,0.03386778993958868,0.4563746917820596,0.20268850815348416,-0.40889513076299266,63.278179050868474
train,0,3330,333.33333333333337,156,-5.0,2,2,0.3693651957104391,25.739242903694635,0.34722719377336514,-1.0747999115327578,0.02174324516314497,25.713595,0.110943,-0.964472,0.785722,0.2376721169827423,0.7719040004464619,-0.11032791153275778,-0.7639787548368551,44.589772843260874
train,0,3330,333.33333333333337,158,-5.0,2,2,0.28038779707493966,33.02196432091472,-6.137659020669596,-0.7764147984093946,0.6175899294869125,32.95361,-6.064177,-0.841472,0.70484,0.1003589584910072,0.10883480272109382,0.06505720159060535,-0.08725007051308753,86.23934341577171
train,0,3330,333.33333333333337,159,-5.0,2,2,0.28964031091335946,31.39652850024263,-8.826466077243447,13.458683354161105,-10.92396054200844,31.505798,-8.809971,13.414968,-10.676497,0.11050751626243599,0.2512951189593495,0.043715354161104614,-0.24746354200843967,75.99369194631052
train,0,3330,333.33333333333337,160,-5.0,3,2,0.35476270352497363,13.975375346183394,4.90066209052319,13.015650285834676,-10.018153707967437,14.033145,4.945743,13.11133,-10.577349,0.07327769989121308,0.5673217626128413,-0.09567971416532473,0.5591952920325625,56.437598048724006
train,0,3330,333.33333333333337,161,-5.0,3,2,0.7672688984890503,-13.37926697373977,7.995568127136877,4.992215714907834,4.819546193771616,-13.346285,7.724357,4.830878,4.873204,0.27320923497317157,0.17002652269844337,0.16133771490783388,-0.0536578062283839,72.48464505539619
train,0,3330,333.33333333333337,162,-5.0,2,2,0.19333715508183646,44.682223806208256,-10.5651775927237,-12.787730550257756,11.828448623541478,44.858591,-10.910968,-13.022425,11.144898,0.3881705717983827,0.7227191291807342,0.23469444974224452,0.6835506235414783,44.027076547993516
train,0,3330,333.33333333333337,127,0.0,3,2,0.7481077661924271,-34.09729145763626,-26.132678132012877,-2.1879813711554834,-11.529062261834744,-34.068734,-26.141923,-2.261487,-11.577019,0.030016594922577675,0.08776631590353291,0.07350562884451639,0.04795673816525614,91.14146469001611
train,0,3330,333.33333333333337,132,0.0,3,2,0.5057716446753455,-8.385065420893918,25.77061871465463,-3.3467274128822484,0.008628302125059181,-8.366557,25.836669,-3.34062,-0.124852,0.06859447381670852,0.13361995190655973,-0.006107412882248475,0.13348030212505918,86.05374179032293
train,0,3330,333.33333333333337,141,0.0,3,2,0.5123190928048386,-0.8459114313377667,21.422819252239286,-1.9254944094083148,1.1895242194586377,-0.97047,21.435182,-1.87842,1.387268,0.1251705818448543,0.20326977828475157,-0.047074409408314866,-0.1977437805413622,78.76369749110673
train,0,3330,333.33333333333337,149,0.0,3,2,0.4547012857366759,7.497740822321263,14.851214085784834,-1.7898902544856052,1.4516797581514904,7.501521,14.853851,-1.814412,1.437926,0.004609019403405872,0.028115509356268536,0.024521745514394677,0.01375375815149038,97.19112486243705
train,0,3330,333.33333333333337,152,0.0,3,2,0.3215943743192619,18.822008384195826,5.5768687641866554,-1.3423299490229532,0.93850874423011,18.828959,5.594656,-1.45618,1.168194,0.019097036888919897,0.2563535660480578,0.11385005097704681,-0.22968525576988996,77.33187986793459
train,0,3330,333.33333333333337,156,0.0,2,2,0.36948666918407364,25.727889490344634,0.24372629876991103,-1.0271203449350732,0.3562076109681569,25.713595,0.110943,-0.964472,0.785722,0.1335505031305844,0.4340592419342104,-0.06264834493507321,-0.42951438903184314,63.49938119504731
train,0,3330,333.33333333333337,158,0.0,2,2,0.2807167220368746,32.991763232383484,-6.105560984536344,-0.8048594777250382,0.6558068702297748,32.95361,-6.064177,-0.841472,0.70484,0.05628768353212477,0.061194154969231515,0.03661252227496181,-0.049033129770225226,92.02180551916584
train,0,3330,333.33333333333337,159,0.0,2,2,0.28920839491813505,31.444286652054544,-8.81921149896805,13.439565889882653,-10.815738565423093,31.505798,-8.809971,13.414968,-10.676497,0.06220154939585788,0.1413975591308164,0.02459788988265288,-0.1392415654230934,85.68655323985432
train,0,3330,333.33333333333337,160,0.0,3,2,0.35441014824609485,14.00032762937777,4.919927609603571,13.057720176165896,-10.26256905883274,14.033145,4.945743,13.11133,-10.577349,0.04175421171423112,0.3193124247078197,-0.05360982383410473,0.3147799411672594,72.46758670214157
train,0,3330,333.33333333333337,161,0.0,3,2,0.7710249319282767,-13.364825129865816,7.876951959566575,4.921633612487736,4.8427002174867635,-13.346285,7.724357,4.830878,4.873204,0.1537171366522476,0.09574477503048882,0.09075561248773578,-0.03050378251323682,83.43546604994611
train,0,3330,333.33333333333337,162,0.0,2,2,0.19271572935365366,44.759454477408525,-10.716344773219525,-12.889749340838012,11.529651787173405,44.858591,-10.910968,-13.022425,11.144898,0.21841760577841188,0.4069868637663213,0.13267565916198798,0.38475378717340547,63.00901554001568
train,0,3330,333.33333333333337,127,5.0,3,2,0.747503560363774,-34.08475986491947,-26.13672460812195,-2.220118748551237,-11.550039209214894,-34.068734,-26.141923,-2.261487,-11.577019,0.016847896739204067,0.04938867621971818,0.041368251448762994,0.026979790785105706,94.91549056916068
train,0,3330,333.33333333333337,132,5.0,3,2,0.506091714470177,-8.377023847907308,25.799424900716318,-3.3440495236124,-0.04971847884697328,-8.366557,25.836669,-3.34062,-0.124852,0.038686920742901545,0.07521175196111526,-0.0034295236124002315,0.07513352115302672,91.88997209723931
train,0,3330,333.33333333333337,141,5.0,3,2,0.5122796367080434,-0.9003651804439182,21.428249693073457,-1.9048712037947464,1.2760800370509275,-0.97047,21.435182,-1.87842,1.387268,0.07044673593797372,0.1142909851517411,-0.026451203794746414,-0.1111879629490724,87.43645754017516
train,0,3330,333.33333333333337,149,5.0,3,2,0.4547005462983255,7.499305913617846,14.85233323578989,-1.8006150589267342,1.4456769948084012,7.501521,14.853851,-1.814412,1.437926,0.002685184514683657,0.01582509094757521,0.013796941073265678,0.007750994808401135,98.40768513232157
train,0,3330,333.33333333333337,152,5.0,3,2,0.32151207001185633,18.825025673931425,5.584641304918891,-1.39218690401209,1.0390892379660503,18.828959,5.594656,-1.45618,1.168194,0.010759422453334402,0.14409426051706786,0.06399309598791003,-0.1291047620339496,86.54588921143024
train,0,3330,333.33333333333337,156,5.0,2,2,0.36955214062802,25.721592126140887,0.18565035197361623,-0.9999001317331289,0.5441752854459063,25.713595,0.110943,-0.964472,0.785722,0.07513416310456263,0.24413104642789035,-0.035428131733128865,-0.2415467145540937,77.45824072547381
train,0,3330,333.33333333333337,158,5.0,2,2,0.28090002492915384,32.97498041229342,-6.087514377067157,-0.8208701934285946,0.6772719214961618,32.95361,-6.064177,-0.841472,0.70484,0.031643762259969746,0.03441559801019579,0.020601806571405423,-0.027568078503838245,95.43239224973529
train,0,3330,333.33333333333337,159,5.0,2,2,0.2889655580719998,31.4711787529965,-8.815144618368226,13.428809712122755,-10.75483605313904,31.505798,-8.809971,13.414968,-10.676497,0.03500369394948525,0.07955249990547598,0.013841712122754757,-0.07833905313904133,91.67569066401927
train,0,3330,333.33333333333337,160,5.0,3,2,0.3542084021669475,14.014580422925832,4.93107558275362,13.08124024149828,-10.400198713422526,14.033145,4.945743,13.11133,-10.577349,0.023659599544838258,0.17968755549890755,-0.030089758501720354,0.1771502865774739,83.42363687426308
train,0,3330,333.33333333333337,161,5.0,3,2,0.7731280254936677,-13.356700736297485,7.810233509013755,4.8819333313908375,4.8559456598287865,-13.346285,7.724357,4.830878,4.873204,0.08650585161136914,0.053893387060877415,0.05105533139083729,-0.01725834017121386,90.3101472916582
train,0,3330,333.33333333333337,162,5.0,2,2,0.19236655976854547,44.802841307730425,-10.801433736744622,-12.947583637500337,11.361413101423327,44.858591,-10.910968,-13.022425,11.144898,0.12290558577644269,0.22908517779454854,0.07484136249966333,0.21651510142332775,77.10726403150055
train,0,3330,333.33333333333337,127,10.0,3,2,0.7471649873771908,-34.07773369539158,-26.139015176004186,-2.2381930352362094,-11.561837837258587,-34.068734,-26.141923,-2.261487,-11.577019,0.009457798767781562,0.02780425321057889,0.02329396476379042,0.015181162741413345,97.10582714565463
train,0,3330,333.33333333333337,132,10.0,3,2,0.5062734233483002,-8.37247595943117,25.81564564188539,-3.3425484150923435,-0.08255426024857049,-8.366557,25.836669,-3.34062,-0.124852,0.02184068833995472,0.0423416765474401,-0.0019284150923435384,0.04229773975142952,95.34743388182892
train,0,3330,333.33333333333337,141,10.0,3,2,0.512257141353865,-0.9309732363306108,21.43128588832228,-1.8932962744000374,1.324710867292625,-0.97047,21.435182,-1.87842,1.387268,0.039688462133986385,0.06430162045075782,-0.01487627440003747,-0.06255713270737484,92.7220666773469
train,0,3330,333.33333333333337,149,10.0,3,2,0.45470021299753965,7.500225170557565,14.853003364716301,-1.8066467682909892,1.442291723335511,7.501521,14.853851,-1.814412,1.437926,0.0015484377669300158,0.008908331142074254,0.007765231709010667,0.004365723335510996,99.09988513439764
train,0,3330,333.33333333333337,152,10.0,3,2,0.3214659351039113,18.826744940818024,5.589010662731712,-1.4201829375482264,1.0955688757062614,18.828959,5.594656,-1.45618,1.168194,0.006063983091501138,0.08105675285772225,0.03599706245177359,-0.07262512429373857,92.19325037778049
train,0,3330,333.33333333333337,156,10.0,2,2,0.36958809179587127,25.718077646109943,0.15308302125811094,-0.9844698868358608,0.6498060391266487,25.713595,0.110943,-0.964472,0.785722,0.042377771387615684,0.137379270263116,-0.01999788683586079,-0.13591596087335134,86.60895561920046
train,0,3330,333.33333333333337,158,10.0,2,2,0.2810024757400112,32.96561021679543,-6.0774029259687445,-0.8298751824173345,0.6893309123908458,32.95361,-6.064177,-0.841472,0.70484,0.017858620351756258,0.019365380877071386,0.011596817582665508,-0.01550908760915426,97.40010489162682
train,0,3330,333.33333333333337,159,10.0,2,2,0.28882910008770835,31.48630605339567,-8.812852730259907,13.422762868994084,-10.720582951130874,31.505798,-8.809971,13.414968,-10.676497,0.019703815663898505,0.044769756194877657,0.007794868994084325,-0.044085951130874435,95.22630984215401
train,0,3330,333.33333333333337,160,10.0,3,2,0.3540939059915783,14.022662887440578,4.937439502732467,13.094418615984093,-10.477628568834051,14.033145,4.945743,13.11133,-10.577349,0.013372462397790037,0.10114424996635356,-0.016911384015907416,0.09972043116594875,90.300750094999
train,0,3330,333.33333333333337,161,10.0,3,2,0.774306795482433,-13.352124824825529,7.772741324762804,4.859612458787681,4.863464519655905,-13.346285,7.724357,4.830878,4.873204,0.048735474110193334,0.030340181265014476,0.028734458787680772,-0.009739480344094886,94.42087982345771
train,0,3330,333.33333333333337,162,10.0,2,2,0.19217039598658228,44.82721442713378,-10.849281971185508,-12.980244531395813,11.26676681104265,44.858591,-10.910968,-13.022425,11.144898,0.0692073368634513,0.12896200617475725,0.04218046860418667,0.1218688110426509,86.384782835243
train,0,3503,350.6506506506507,152,-10.0,2,2,0.17469478681931008,-37.270633726886835,-44.93131981764297,-1.5634141581159404,-8.117356281486177,-37.617529,-44.611781,-1.654306,-8.30502,0.47163692231304766,0.20851618202794808,0.09089184188405963,0.18766371851382324,59.70976036283587
train,0,3503,350.6506506506507,156,-10.0,2,2,0.26545489752133117,-34.65786654110501,-29.882175360315248,-2.0527308041834633,-6.986073652455615,-34.791897,-29.999006,-1.465769,-7.579518,0.17780203114911378,0.8346857811192707,-0.5869618041834632,0.5934443475443851,42.595860968700094
train,0,3503,350.6506506506507,158,-10.0,3,2,0.513821252882592,-3.8834835798869864,23.245088731279843,-1.7828963468394157,0.5115432273569757,-3.97081,23.40291,-1.791041,0.830828,0.1803703315686761,0.31938863695631686,0.008144653160584436,-0.31928477264302435,69.29479205213886
train,0,3503,350.6506506506507,163,-10.0,3,2,0.6026145912189854,-5.272856482311611,13.202548005443932,2.241289561745493,0.29306926521201226,-5.049627,13.001157,2.2514,-0.014113,0.3006488630393069,0.3073486050439813,-0.01011043825450697,0.30718226521201225,65.05447217598822
train,0,3503,350.6506506506507,164,-10.0,1,1,2.84708916328534e-17,68.22277518392067,-36.83017780025422,16.47255312067871,-11.675055615601156,67.484626,-38.334055,15.947617,-13.539008,1.6752644118580082,1.9364597651640876,0.5249361206787118,1.8639523843988446,7.726267251622472
train,0,3503,350.6506506506507,165,-10.0,3,2,0.41370346790929213,8.986347232406342,9.035289944096709,15.426506593849949,-12.073810955955402,9.126942,9.065464,15.728538,-12.533281,0.14379625281755323,0.5498506085068224,-0.30203140615005175,0.4594700440445987,56.64636457957546
train,0,3503,350.6506506506507,166,-10.0,3,2,0.503341285444686,-6.223076322718003,21.643562269161183,16.398029443869486,-13.633012878760189,-6.612913,21.832779,15.894972,-12.882356,0.4333308276404948,0.9036329683353146,0.503057443869487,-0.7506568787601893,36.70850414240805
train,0,3503,350.6506506506507,167,-10.0,1,1,2.846932193352394e-17,71.46716341422189,-35.65767512046723,-16.771259112964838,11.315325218923483,71.535773,-34.781582,-14.58875,12.713481,0.8787755293535754,2.5919462988905173,-2.182509112964839,-1.3981557810765164,6.477306867559054
train,0,3503,350.6506506506507,152,-5.0,2,2,0.1748871939551147,-37.422353763591445,-44.79145099562873,-1.6029236030767582,-8.199589940123596,-37.617529,-44.611781,-1.654306,-8.30502,0.26528226521266274,0.11728447569529309,0.05138239692324187,0.10543005987640441,74.82244450709021
train,0,3503,350.6506506506507,156,-5.0,2,2,0.26477938191635236,-34.71573397555622,-29.932677659606018,-1.7961465153787823,-7.245485938322298,-34.791897,-29.999006,-1.465769,-7.579518,0.10099631197149693,0.4698156243639775,-0.33037751537878224,0.3340320616777026,61.84440081310599
train,0,3503,350.6506506506507,158,-5.0,3,2,0.5140482069518735,-3.92237393704549,23.31384299434571,-1.786178714250672,0.6517612239762519,-3.97081,23.40291,-1.791041,0.830828,0.10138532285668626,0.1791327778443892,0.004862285749328121,-0.1790667760237481,81.39683810510593
train,0,3503,350.6506506506507,163,-5.0,3,2,0.6033966720249081,-5.174882859290057,13.11498737872268,2.2455854362426217,0.15902338912096461,-5.049627,13.001157,2.2514,-0.014113,0.1692524310213573,0.1732339989422824,-0.0058145637573780995,0.17313638912096463,78.49063704031268
train,0,3503,350.6506506506507,164,-5.0,1,1,-3.60146311088253e-17,67.90257971242414,-37.48912398720081,16.64167543530386,-11.944844970913222,67.484626,-38.334055,15.947617,-13.539008,0.9426524927665426,1.7386986153222699,0.6940584353038606,1.5941630290867792,13.837424203162808
train,0,3503,350.6506506506507,165,-5.0,3,2,0.41287212005726004,9.047592947172653,9.049374406263377,15.558567213921615,-12.274733528884344,9.126942,9.065464,15.728538,-12.533281,0.08096386361338394,0.309413740710405,-0.16997078607838567,0.2585474711156568,72.62716058695077
train,0,3503,350.6506506506507,166,-5.0,3,2,0.5027055190451774,-6.39320690090604,21.726420325087744,16.178345090812254,-13.303263186473213,-6.612913,21.832779,15.894972,-12.882356,0.24409616487805702,0.5074082855268397,0.2833730908122547,-0.42090718647321346,56.94590103026037
train,0,3503,350.6506506506507,167,-5.0,1,1,0.0,71.49802554407111,-35.27407295617448,-16.423229854993043,11.015353358840537,71.535773,-34.781582,-14.58875,12.713481,0.49393543337439944,2.499790756052414,-1.8344798549930434,-1.6981276411594628,7.822843639767804
train,0,3503,350.6506506506507,152,0.0,2,2,0.174993402666955,-37.507726000705915,-44.71282152967905,-1.6253235071884558,-8.245761279695643,-37.617529,-44.611781,-1.654306,-8.30502,0.14921758372188765,0.06596651288101692,0.028982492811544303,0.05925872030435819,84.94649422137557
train,0,3503,350.6506506506507,156,0.0,2,2,0.264394675077766,-34.748808271857534,-29.961500115294353,-1.6516620093140526,-7.391566510560071,-34.791897,-29.999006,-1.465769,-7.579518,0.05712556240851048,0.2643519874987179,-0.1858930093140525,0.18795148943992945,76.30330874947457
train,0,3503,350.6506506506507,158,0.0,3,2,0.5141817209797142,-3.943783724245686,23.352722938281225,-1.788215970848399,0.730279462948616,-3.97081,23.40291,-1.791041,0.830828,0.05700141002740376,0.1005882154771668,0.0028250291516012105,-0.100548537051384,89.08168832501909
train,0,3503,350.6506506506507,163,0.0,3,2,0.6038306701154228,-5.1199842268578415,13.065366671847977,2.248088992838881,0.08338111631372694,-5.049627,13.001157,2.2514,-0.014113,0.09525240852572071,0.09755032282988867,-0.003311007161118873,0.09749411631372694,87.25443446189212
train,0,3503,350.6506506506507,164,0.0,1,1,0.0,67.72065644322211,-37.85901701785876,16.735606549887702,-12.097598513115615,67.484626,-38.334055,15.947617,-13.539008,0.5304445820294923,1.6427382139624476,0.787989549887703,1.4414094868843854,17.79493802674809
train,0,3503,350.6506506506507,165,0.0,3,2,0.412403598872681,9.08223005731392,9.056693011829562,15.632909733432083,-12.387822183253624,9.126942,9.065464,15.728538,-12.533281,0.04556410925552315,0.17407766294398813,-0.09562826656791756,0.14545881674637684,83.53186644669083
train,0,3503,350.6506506506507,166,0.0,3,2,0.5023350403214994,-6.489197836084478,21.772967360759967,16.05448479453965,-13.118681467004144,-6.612913,21.832779,15.894972,-12.882356,0.13741496996770075,0.2851211286042759,0.15951279453965128,-0.23632546700414458,72.86896218922878
train,0,3503,350.6506506506507,167,0.0,1,1,4.555974821280473e-17,71.51477643883331,-35.058547276560944,-16.22683946130687,10.847537548258602,71.535773,-34.781582,-14.58875,12.713481,0.27776000432262893,2.4829583259372754,-1.6380894613068708,-1.8659434517413978,8.221265370774411
train,0,3503,350.6506506506507,152,5.0,2,2,0.17505249142203128,-37.55574173294637,-44.66861968782067,-1.637975637060174,-8.27169975923042,-37.617529,-44.611781,-1.654306,-8.30502,0.0839541708501236,0.03710686188145305,0.01633036293982615,0.03332024076958007,91.22976166779952
train,0,3503,350.6506506506507,156,5.0,2,2,0.2641768831649256,-34.767571125599346,-29.977836739673606,-1.5703580490183289,-7.4737703247204355,-34.791897,-29.999006,-1.465769,-7.579518,0.03224725954438647,0.14873278052127797,-0.10458904901832877,0.10574767527956475,85.88264155987787
train,0,3503,350.6506506506507,158,5.0,3,2,0.5142587590294809,-3.955678059099457,23.37466352369707,-1.7894232424344934,0.7743220908309234,-3.97081,23.40291,-1.791041,0.830828,0.0320443295911999,0.056529062530389536,0.00161775756550675,-0.05650590916907661,93.70863954933792
train,0,3503,350.6506506506507,163,5.0,3,2,0.6040725363457559,-5.089174854876817,13.037357749350909,2.2495246544909637,0.040764800577276314,-5.049627,13.001157,2.2514,-0.014113,0.05361461628068553,0.05490983442861188,-0.0018753455090361193,0.054877800577276314,92.6127059823133
train,0,3503,350.6506506506507,164,5.0,1,1,0.0,67.6178370669046,-38.066701825939575,16.788060359322873,-12.18380088515604,67.484626,-38.334055,15.947617,-13.539008,0.29870203887158814,1.5946571306564958,0.8404433593228742,1.3552071148439602,19.742598414712514
train,0,3503,350.6506506506507,165,5.0,3,2,0.4121398271380435,9.101768107237096,9.060628389576703,15.674735288130364,-12.451444702175262,9.126942,9.065464,15.728538,-12.533281,0.025634117987637157,0.09793830428482184,-0.053802711869636255,0.08183629782473822,90.37184276419976
train,0,3503,350.6506506506507,166,5.0,3,2,0.5021226421138109,-6.543276160896394,21.799109564907265,15.984737879943145,-13.015162944284247,-6.612913,21.832779,15.894972,-12.882356,0.07734933884530173,0.1602984642848662,0.08976587994314578,-0.13280694428424766,83.69553124196734
train,0,3503,350.6506506506507,167,5.0,1,1,2.8827433413274135e-17,71.52397952900279,-34.937464758755596,-16.116194301078597,10.753460071289496,71.535773,-34.781582,-14.58875,12.713481,0.15632824580163807,2.4849080735272024,-1.5274443010785976,-1.9600209287105042,8.292484138907017
train,0,3503,350.6506506506507,152,10.0,2,2,0.17508551043192927,-37.58272618713968,-44.64378141785009,-1.6451046491896861,-8.286273380829693,-37.617529,-44.611781,-1.654306,-8.30502,0.04727856306584402,0.020883021501952887,0.009201350810313924,0.018746619170308065,94.96277330918514
train,0,3503,350.6506506506507,156,10.0,2,2,0.26405407524853736,-34.778164011792896,-29.987054374766934,-1.5246352527015155,-7.520000043686111,-34.791897,-29.999006,-1.465769,-7.579518,0.01820539235523665,0.08371154538593027,-0.058866252701515354,0.05951795631388901,91.78986395853038
train,0,3503,350.6506506506507,158,10.0,3,2,0.5143027526343796,-3.9623203687363304,23.38703329519977,-1.790121722204291,0.7990453137627157,-3.97081,23.40291,-1.791041,0.830828,0.018003988288894386,0.031795977986584165,0.0009192777957089948,-0.03178268623728431,96.41201060496643
train,0,3503,350.6506506506507,163,10.0,3,2,0.6042073987869455,-5.07187455612817,13.021598055622952,2.2503405520970987,0.016782879956985616,-5.049627,13.001157,2.2514,-0.014113,0.03021242308482983,0.03091403933774147,-0.0010594479029011339,0.030895879956985617,95.76951341428112
train,0,3503,350.6506506506507,164,10.0,1,1,0.0,67.55998276989882,-38.18319453444083,16.817450591575803,-12.232328892918565,67.484626,-38.334055,15.947617,-13.539008,0.1686342872559219,1.5697199641709347,0.8698335915758033,1.306679107081436,20.623228873685544
train,0,3503,350.6506506506507,165,10.0,3,2,0.411991436984055,9.11277235921172,9.06279349260134,15.698252212413031,-12.487218516747141,9.126942,9.065464,15.728538,-12.533281,0.014419096013106697,0.055126956139287586,-0.030285787586969093,0.04606248325285911,94.46115421912327
train,0,3503,350.6506506506507,166,10.0,3,2,0.5020019926625011,-6.573707890880386,21.81377239810875,15.94549773181122,-12.957059525323514,-6.612913,21.832779,15.894972,-12.882356,0.04356938714892885,0.0901857320800814,0.05052573181122,-0.07470352532351399,90.46938652350453
train,0,3503,350.6506506506507,167,10.0,1,1,-7.303132208933172e-17,71.52904083426117,-34.86951122655688,-16.05392141839681,10.700677702349884,71.535773,-34.781582,-14.58875,12.713481,0.08818656892308749,2.4895992449223847,-1.465171418396812,-2.012803297650116,8.281379482099622
train,0,3504,350.75075075075074,152,-10.0,2,2,0.17038672558160145,-37.993938826580475,-45.578163165125,-3.0458557658806287,-7.521249051277348,-37.784413,-45.434106,-1.652824,-8.335691,0.2542706015804463,1.6136459303675186,-1.3930317658806286,0.8144419487226529,19.523399490464048
train,0,3504,350.75075075075074,156,-10.0,2,2,0.2555514159224206,-34.63597684972256,-31.331122496378622,-1.750955305174481,-7.410592023370525,-34.934335,-30.751464,-1.46528,-7.575624,0.6519367747419229,0.3299180705823258,-0.28567530517448114,0.165031976629475,48.158989615496175
train,0,3504,350.75075075075074,158,-10.0,3,2,0.5157600180780975,-3.8635778692801956,23.563994997045587,-2.4292373547229595,0.5890882693178678,-4.154323,23.500327,-1.956649,0.836788,0.29763458281099153,0.5335680927489523,-0.47258835472295946,-0.24769973068213214,54.28254453552746
train,0,3504,350.75075075075074,163,-10.0,3,2,0.6036534647759266,-4.844768546992405,12.919733169727408,2.4361055498748385,-0.23804251560212566,-4.823701,13.007519,2.464482,-0.063708,0.09027842229971449,0.1766288375434022,-0.028376450125161323,-0.17433451560212565,82.00719888655648
train,0,3504,350.75075075075074,164,-10.0,1,1,5.693865409964823e-17,69.43466409444767,-38.56664765786188,16.69602399123642,-11.98015049577514,69.07972,-39.691611,15.944837,-13.579679,1.1796303791179066,1.7671370438171015,0.7511869912364197,1.5995285042248604,11.947017909192388
train,0,3504,350.75075075075074,165,-10.0,3,2,0.3910307072672682,10.532175987341805,7.816168633421925,15.733241550977075,-12.474924777211257,10.702766,7.810871,15.751512,-12.547707,0.1706722512261331,0.07504039753072785,-0.01827044902292485,0.07278222278874402,82.99078986966282
train,0,3504,350.75075075075074,166,-10.0,3,2,0.5074948517332252,-5.243629682390851,20.741313699539237,16.0275825741743,-13.541310340948128,-5.019301,20.538601,15.903088,-12.878408,0.30235045278236394,0.6744912250232374,0.12449457417429954,-0.6629023409481274,47.7515924448892
train,0,3504,350.75075075075074,167,-10.0,1,1,-2.847127776001283e-17,69.448207879475,-34.21738089991348,-15.400157898790905,10.378215961010705,70.074774,-33.504459,-14.602938,12.774864,0.9491273564522286,2.5257635261083764,-0.7972198987909049,-2.396648038989296,6.732608146924826
train,0,3504,350.75075075075074,152,-5.0,2,2,0.17085895902078813,-37.900813982128625,-45.513909782296935,-2.4355331262339983,-7.878669127818091,-37.784413,-45.434106,-1.652824,-8.335691,0.14113055058847065,0.9063677884516015,-0.7827091262339982,0.4570218721819099,39.9600610849223
train,0,3504,350.75075075075074,156,-5.0,2,2,0.25660689398836806,-34.76712491611474,-31.076090520637713,-1.625455651321983,-7.482450044120747,-34.934335,-30.751464,-1.46528,-7.575624,0.3651596774758458,0.18530414277778726,-0.1601756513219832,0.09317395587925326,66.39911044555042
train,0,3504,350.75075075075074,158,-5.0,3,2,0.5150699788187438,-3.989398419175388,23.53623400919905,-2.222960921711003,0.6961953836941496,-4.154323,23.500327,-1.956649,0.836788,0.1687881236041047,0.3011450205550998,-0.26631192171100304,-0.1405926163058504,70.80636333363898
train,0,3504,350.75075075075074,163,-5.0,3,2,0.6027482708495547,-4.836182363403424,12.95798113896915,2.448416954435258,-0.162011617538382,-4.823701,13.007519,2.464482,-0.063708,0.05108604611750882,0.09960766491656012,-0.016065045564741975,-0.098303617538382,89.40942779298383
train,0,3504,350.75075075075074,164,-5.0,1,1,3.6012618255498303e-17,69.2808632179077,-39.05898898938048,16.76778388366407,-12.132991435899273,69.07972,-39.691611,15.944837,-13.579679,0.6638291967295121,1.6643757032161042,0.8229468836640699,1.4466875641007277,16.66474280763618
train,0,3504,350.75075075075074,165,-5.0,3,2,0.39002451474384586,10.606813190320132,7.814103599316497,15.741202398069309,-12.506706529414371,10.702766,7.810871,15.751512,-12.547707,0.09600724651713582,0.042276784175388576,-0.010309601930691414,0.0410004705856295,90.04115216006412
train,0,3504,350.75075075075074,166,-5.0,3,2,0.5078836099083575,-5.1455144020808685,20.652245449843278,15.972816544708696,-13.251719266992938,-5.019301,20.538601,15.903088,-12.878408,0.16983781629839814,0.37976752363921884,0.0697285447086955,-0.37331126699293726,65.96705532442876
train,0,3504,350.75075075075074,167,-5.0,1,1,0.0,69.72300939035014,-33.906119872358175,-15.675147361379855,10.48583372308183,70.074774,-33.504459,-14.602938,12.774864,0.53391927946615,2.527704991346631,-1.072209361379855,-2.2890302769181705,7.5510865093186705
train,0,3504,350.75075075075074,152,0.0,2,2,0.17111967658008187,-37.849429367491894,-45.47860085458827,-2.0927974253588557,-8.07897633241373,-37.784413,-45.434106,-1.652824,-8.335691,0.07878400933357207,0.5093908475580753,-0.43997342535885564,0.25671466758627126,59.72333711481743
train,0,3504,350.75075075075074,156,0.0,2,2,0.25719336293558104,-34.840474069588154,-30.933616361930643,-1.5552096455400817,-7.5231090438184145,-34.934335,-30.751464,-1.46528,-7.575624,0.20491304793665324,0.10414010644184415,-0.08992964554008176,0.05251495618158586,79.46467474657823
train,0,3504,350.75075075075074,158,0.0,3,2,0.5146807075194576,-4.061113792554877,23.52054991381674,-2.1065948932850267,0.7573073143385657,-4.154323,23.500327,-1.956649,0.836788,0.09537778879690686,0.1697084273283337,-0.1499458932850266,-0.07948068566143429,82.31031432808753
train,0,3504,350.75075075075074,163,0.0,3,2,0.6022334466825517,-4.830929078411734,12.97960835319257,2.4554128794123673,-0.11907712359475615,-4.823701,13.007519,2.464482,-0.063708,0.02883139474141587,0.0561069407104362,-0.00906912058763254,-0.05536912359475615,93.8867232154518
train,0,3504,350.75075075075074,164,0.0,1,1,4.555908353676941e-17,69.19337853778495,-39.33576061489201,16.807704337615466,-12.219250821428794,69.07972,-39.691611,15.944837,-13.579679,0.37356091844961603,1.610994994211395,0.8628673376154659,1.3604281785712065,19.133317761325387
train,0,3504,350.75075075075074,165,0.0,3,2,0.38946069931602073,10.648797246597425,7.812766654124419,15.745703332578545,-12.524628151276135,10.702766,7.810871,15.751512,-12.547707,0.05400203559484962,0.023798610792064627,-0.005808667421455027,0.02307884872386623,94.26940383744495
train,0,3504,350.75075075075074,166,0.0,3,2,0.5080988676177078,-5.090309987365058,20.602417293898085,15.942216659965341,-13.088512456379298,-5.019301,20.538601,15.903088,-12.878408,0.09547143894117135,0.21371694977498554,0.03912865996534087,-0.2101044563792982,79.13047907240662
train,0,3504,350.75075075075074,167,0.0,1,1,0.0,69.87708940641849,-33.73064660469622,-15.830160469218352,10.545571239236287,70.074774,-33.504459,-14.602938,12.774864,0.3003997853822507,2.544763486485118,-1.2272224692183524,-2.2292927607637143,7.711691139924029
train,0,3504,350.75075075075074,152,5.0,2,2,0.17126473630242872,-37.820853328327004,-45.459003056008115,-1.90023081611136,-8.191393049493698,-37.784413,-45.434106,-1.652824,-8.335691,0.044133444534174136,0.28641234466880033,-0.24740681611135984,0.1442979505063029,74.84187204767665
train,0,3504,350.75075075075074,156,5.0,2,2,0.2575208225320717,-34.88160280928777,-30.853801397498188,-1.5158145930174292,-7.546049499729222,-34.934335,-30.751464,-1.46528,-7.575624,0.1151243973448422,0.058552507697821984,-0.05053459301742924,0.029574500270778792,87.88343023286758
train,0,3504,350.75075075075074,158,5.0,3,2,0.5144614223794924,-4.101743965439588,23.511708780587647,-2.041045115213909,0.7919513201221872,-4.154323,23.500327,-1.956649,0.836788,0.05379683824027543,0.0955668986923028,-0.084396115213909,-0.04483667987781281,89.61313494956593
train,0,3504,350.75075075075074,163,5.0,3,2,0.6019420759213754,-4.827846487318691,12.991813982758963,2.4593702306150504,-0.09487782429688668,-4.823701,13.007519,2.464482,-0.063708,0.01624292558779726,0.03158620162260244,-0.005111769384949394,-0.03116982429688668,96.51054648804694
train,0,3504,350.75075075075074,164,5.0,1,1,0.0,69.1439131925531,-39.49129353236626,16.83002088689224,-12.267840642810214,69.07972,-39.691611,15.944837,-13.579679,0.2103517383083786,1.5825518598163069,0.8851838868922393,1.311838357189787,20.26103590178873
train,0,3504,350.75075075075074,165,5.0,3,2,0.3891442937022687,10.672408923453984,7.811957593522826,15.748242422701116,-12.534720564920379,10.702766,7.810871,15.751512,-12.547707,0.03037651694820413,0.013391700108298741,-0.0032695772988837746,0.012986435079621828,96.73475419343681
train,0,3504,350.75075075075074,166,5.0,3,2,0.5082187671236391,-5.059265803779676,20.574488008819536,15.925072894505846,-12.996628787693293,-5.019301,20.538601,15.903088,-12.878408,0.05371278193467047,0.12024762047232267,0.021984894505845176,-0.1182207876932928,87.66050577967125
train,0,3504,350.75075075075074,167,5.0,1,1,0.0,69.96354778422693,-33.631893424248986,-15.917433982304079,10.578921613999379,70.074774,-33.504459,-14.602938,12.774864,0.16914728362840883,2.5593090180999383,-1.314495982304079,-2.195942386000622,7.692745194103756
train,0,3504,350.75075075075074,152,10.0,2,2,0.1713457941281056,-37.80489905458016,-45.44806099268377,-1.7920316239109457,-8.254518620835551,-37.784413,-45.434106,-1.652824,-8.335691,0.02478750195290863,0.16114502069300332,-0.13920762391094565,0.08117237916444964,84.95569544273863
train,0,3504,350.75075075075074,156,10.0,2,2,0.25770407449830085,-34.9046941755196,-30.809036198168474,-1.4937018668744422,-7.558969590277953,-34.934335,-30.751464,-1.46528,-7.575624,0.06475443210953108,0.032941947116379496,-0.02842186687444226,0.016654409722047347,92.99244177863399
train,0,3504,350.75075075075074,158,10.0,3,2,0.514338034664149,-4.1246761510861845,23.506730710670162,-2.004159742706018,0.811515349015444,-4.154323,23.500327,-1.956649,0.836788,0.030330564796352794,0.053814287696341556,-0.04751074270601796,-0.025272650984556,94.00961336042363
train,0,3504,350.75075075075074,163,10.0,3,2,0.6017776409344601,-4.8260834952353155,12.998697995404441,2.4616025788312514,-0.0812558182561232,-4.823701,13.007519,2.464482,-0.063708,0.00913708955965583,0.01778249115891716,-0.0028794211687483973,-0.0175478182561232,98.02059429175142
train,0,3504,350.75075075075074,164,10.0,1,1,7.302991548104635e-17,69.11609304416154,-39.5785856893214,16.842537368194126,-12.295164066886034,69.07972,-39.691611,15.944837,-13.579679,0.11873381656281608,1.5671134497695587,0.8977003681941262,1.2845149331139663,20.771153715733124
train,0,3504,350.75075075075074,165,10.0,3,2,0.388966617172102,10.685683792251673,7.811481448415188,15.749673167713945,-12.540399348215285,10.702766,7.810871,15.751512,-12.547707,0.017093111736153185,0.007535454782751896,-0.0018388322860545259,0.0073076517847159295,98.14929919384882
train,0,3504,350.75075075075074,166,10.0,3,2,0.5082857350455064,-5.041825540680307,20.558832257066424,15.91545754028286,-12.944937169560571,-5.019301,20.538601,15.903088,-12.878408,0.030276371898669687,0.06766931305420867,0.012369540282859859,-0.06652916956057098,92.8547606692597
train,0,3504,350.75075075075074,167,10.0,1,1,3.6517670419028356e-17,70.01203016584057,-33.57644396902904,-15.966518315893719,10.59760757846012,70.074774,-33.504459,-14.602938,12.774864,0.09549148910316188,2.569006968271877,-1.363580315893719,-2.17725642153988,7.647578739546912
train,0,3865,386.8868868868869,176,-10.0,2,2,0.24820684813618046,35.033817736301366,-12.884844723191451,12.03384880459564,-9.657429225467144,35.467284,-12.435336,12.198761,-9.847363,0.624460642466811,0.25153701696049224,-0.16491219540435864,0.18993377453285554,51.006473968952434
train,0,3865,386.8868868868869,177,-10.0,2,2,0.37020544065425154,25.354132370091776,-3.787942701242248,12.357502850588741,-10.37569812305649,25.246486,-3.803527,12.537674,-10.059196,0.108768613863128,0.3641912093659588,-0.1801711494112599,-0.3165021230564893,68.38021670327062
train,0,3865,386.8868868868869,178,-10.0,3,2,0.4565971129120922,6.042920425924269,11.515180701391214,14.076858592660377,-11.088205782958102,6.213536,11.264753,13.451782,-10.730379,0.30302426922818965,0.7202504795514217,0.6250765926603776,-0.357826782958103,45.776513098467944
train,0,3865,386.8868868868869,179,-10.0,2,2,0.24454525955686732,36.92622634829127,-8.399803725134912,-10.022362052398027,5.905473642310037,36.995308,-8.385752,-9.73717,7.768496,0.07049628062581173,1.8847245984503058,-0.2851920523980258,-1.863022357689963,15.167085103238511
train,0,3865,386.8868868868869,180,-10.0,2,2,0.23373577311124139,39.01240965138483,-5.785886236057046,-17.962421502369935,14.247735470474774,39.184055,-6.206633,-17.86601,15.035677,0.45441166916100595,0.7938180092060018,-0.09641150236993568,-0.7879415295252254,40.064536066542544
train,0,3865,386.8868868868869,181,-10.0,1,1,0.0,56.138676724097614,-21.40324755558985,-17.774010915551163,11.188584357764569,56.465754,-21.329404,-16.059032,14.313835,0.33530943188922474,3.5648764715734567,-1.714978915551164,-3.1252506422354305,2.785866541736705
train,0,3865,386.8868868868869,176,-5.0,2,2,0.24734235206744606,35.2235085620569,-12.689043284778466,12.105700596652856,-9.740642965674112,35.467284,-12.435336,12.198761,-9.847363,0.35184350284467636,0.14159591942443678,-0.0930604033471436,0.10672003432588717,68.43630459923757
train,0,3865,386.8868868868869,177,-5.0,2,2,0.37085988600686026,25.30540100848746,-3.795814112992943,12.436285086605082,-10.23707828166012,25.246486,-3.803527,12.537674,-10.059196,0.05941773178993919,0.20474818164763384,-0.10138891339491884,-0.17788228166011955,80.7998227265373
train,0,3865,386.8868868868869,178,-5.0,3,2,0.4555835620310466,6.116987273716751,11.404337881751097,13.803367024203292,-10.931737034723959,6.213536,11.264753,13.451782,-10.730379,0.16972211335116372,0.4051630380376826,0.35158502420329185,-0.20135803472395963,64.4503401228297
train,0,3865,386.8868868868869,179,-5.0,2,2,0.24433689359315455,36.95618320436225,-8.393849682305133,-9.897476041372698,6.720467381399899,36.995308,-8.385752,-9.73717,7.768496,0.03995399970479648,1.0602179079346943,-0.16030604137269755,-1.0480286186001004,34.611974907731636
train,0,3865,386.8868868868869,180,-5.0,2,2,0.23299135413751484,39.08745492507014,-5.969900144279287,-17.92120409621486,14.592130650664838,39.184055,-6.206633,-17.86601,15.035677,0.25568343601832805,0.44696728321603624,-0.05519409621486204,-0.44354634933516124,59.754191818077075
train,0,3865,386.8868868868869,181,-5.0,1,1,0.0,56.28179731918515,-21.371091079438436,-17.86141214239914,11.218421690900648,56.465754,-21.329404,-16.059032,14.313835,0.18862097711686557,3.5819209555578055,-1.8023801423991408,-3.095413309099351,2.7684465668326683
train,0,3865,386.8868868868869,176,0.0,2,2,0.24685578590614493,35.330178192344704,-12.578335058590344,12.14632030948771,-9.787378553684704,35.467284,-12.435336,12.198761,-9.847363,0.19810788285814307,0.07967534010695139,-0.052440690512289834,0.05998444631529587,80.77282453748066
train,0,3865,386.8868868868869,177,0.0,2,2,0.3712146008516792,25.279114883895833,-3.799528399888647,12.480632727100465,-10.159204850298687,25.246486,-3.803527,12.537674,-10.059196,0.0328729808070122,0.11513243223377402,-0.057041272899535755,-0.10000885029868734,88.71568369688296
train,0,3865,386.8868868868869,178,0.0,3,2,0.45500452184822016,6.159049310053907,11.342875715282078,13.649527378919148,-10.843659772250591,6.213536,11.264753,13.451782,-10.730379,0.09524682684649514,0.2278942040631307,0.1977453789191479,-0.11328077225059197,78.11427076384497
train,0,3865,386.8868868868869,179,0.0,2,2,0.24421868668867366,36.9732171260791,-8.390376965649251,-9.827298040902704,7.178995231117718,36.995308,-8.385752,-9.73717,7.768496,0.022569825383594592,0.5963507527200418,-0.09012804090270343,-0.5895007688822815,55.058292684239795
train,0,3865,386.8868868868869,180,0.0,2,2,0.2325714454913075,39.12970409538238,-6.073455537554447,-17.89736023479355,14.786093391975948,39.184055,-6.206633,-17.86601,15.035677,0.14384108361726974,0.2515448560712667,-0.0313502347935497,-0.24958360802405188,74.8437729689076
train,0,3865,386.8868868868869,181,0.0,1,1,-2.2796225910167625e-17,56.36228015053708,-21.352914497796917,-17.91057363758633,11.235117063034952,56.465754,-21.329404,-16.059032,14.313835,0.10611117297124213,3.5925910665014738,-1.8515416375863332,-3.078717936965047,2.7483820837149313
train,0,3865,386.8868868868869,176,5.0,2,2,0.2465820332866022,35.390152531134824,-12.515915602886519,12.169225388260495,-9.813641862854611,35.467284,-12.435336,12.198761,-9.847363,0.11154521903985284,0.04482708390253418,-0.029535611739504475,0.03372113714538827,88.67291898599137
train,0,3865,386.8868868868869,177,5.0,2,2,0.37140970286802555,25.264694268218594,-3.801410131860491,12.50557870048431,-10.115445432009667,25.246486,-3.803527,12.537674,-10.059196,0.01833090729452068,0.06476192440324771,-0.032095299515690456,-0.05624943200966648,93.49088574536351
train,0,3865,386.8868868868869,178,5.0,3,2,0.4546759171037175,6.182840937254269,11.308593144640431,13.563010853636358,-10.794108243380041,6.213536,11.264753,13.451782,-10.730379,0.053517708836031457,0.1281923334020061,0.1112288536363586,-0.06372924338004182,87.03018685515681
train,0,3865,386.8868868868869,179,5.0,2,2,0.2441518807647936,36.98285436990996,-8.388392871580939,-9.787854198865617,7.436889124907604,36.995308,-8.385752,-9.73717,7.768496,0.012730557926761693,0.33545790737914205,-0.050684198865615926,-0.3316068750923957,71.4837967048089
train,0,3865,386.8868868868869,180,5.0,2,2,0.23233494418960343,39.15347412638369,-6.131706420555961,-17.88374270357551,14.895248169354455,39.184055,-6.206633,-17.86601,15.035677,0.08092701735712576,0.14154400465075226,-0.017732703575511266,-0.14042883064554523,84.95523965860261
train,0,3865,386.8868868868869,181,5.0,1,1,2.884803570812159e-17,56.40752447451707,-21.342676604772493,-17.9382183930835,11.244480915338691,56.465754,-21.329404,-16.059032,14.313835,0.059723024667324626,3.598927061914041,-1.8791863930835007,-3.069354084661308,2.733950454336856
train,0,3865,386.8868868868869,176,10.0,2,2,0.24642806038109907,35.42385641395296,-12.480809933547432,12.18211686530724,-9.828406202878794,35.467284,-12.435336,12.198761,-9.847363,0.06287951862211727,0.025226719500665802,-0.016644134692759494,0.018956797121205682,93.44929731394038
train,0,3865,386.8868868868869,177,10.0,2,2,0.371517802244293,25.25671290372915,-3.8024243714489074,12.5196004635196,-10.090861076217356,25.246486,-3.803527,12.537674,-10.059196,0.0102861727385331,0.03645997494183668,-0.018073536480400776,-0.03166507621735626,96.28254141855753
train,0,3865,386.8868868868869,178,10.0,3,2,0.45449010294453646,6.196270006646334,11.289421174121863,13.514370840875026,-10.766245488711013,6.213536,11.264753,13.451782,-10.730379,0.030110352721204395,0.07213714725809874,0.06258884087502636,-0.03586648871101339,92.48080687401544
train,0,3865,386.8868868868869,179,10.0,2,2,0.24411419858960137,36.98829010109589,-8.38728091244191,-9.765685682884026,7.581882097206221,36.995308,-8.385752,-9.73717,7.768496,0.007182511975856902,0.18878001188226526,-0.028515682884025395,-0.18661390279377876,82.78555478250547
train,0,3865,386.8868868868869,180,10.0,2,2,0.23220189509955622,39.16683830712279,-6.164454835016308,-17.876022097759897,14.95663501535271,39.184055,-6.206633,-17.86601,15.035677,0.04555669122115696,0.07967356800430231,-0.010012097759897642,-0.07904198464729006,91.23072206510959
train,0,3865,386.8868868868869,181,10.0,1,1,0.0,56.43293690254739,-21.33693749256735,-17.953755840674607,11.249741890015086,56.465754,-21.329404,-16.059032,14.313835,0.03367069045143362,3.6025886552696735,-1.894723840674608,-3.0640931099849134,2.724879445155657
train,0,5027,503.2032032032032,216,-10.0,3,2,0.5237688940593276,-2.9800120382490762,24.11264279457377,0.2156042258661432,-0.31712397602097053,-3.226903,23.851871,0.028779,-0.062532,0.35910593957705694,0.31578590733944706,0.1868252258661432,-0.2545919760209705,61.989653586888906
train,0,5027,503.2032032032032,218,-10.0,3,2,0.499988516743657,3.147583555102867,19.21947593650083,0.6426911237224174,0.13453621914945976,2.670196,19.027546,0.092592,-0.112816,0.514525002592008,0.6031518600139885,0.5500991237224174,0.24735221914945976,45.25768620637937
train,0,5027,503.2032032032032,223,-10.0,3,2,0.45408525827672697,7.7880359146091775,14.977007788622748,0.07828273712388115,-0.073004855894186,7.518836,15.086128,0.060799,-0.056271,0.29047515307957855,0.024201301553932242,0.017483737123881148,-0.016733855894185995,74.71557683005878
train,0,5027,503.2032032032032,226,-10.0,3,2,0.3843066356458525,12.823866584071597,11.013675606366766,-0.3969574347057303,-0.03131027772069293,12.504598,11.17769,0.095636,-0.092002,0.3589333504899764,0.4963182215760541,-0.4925934347057303,0.06069172227930707,54.1990349334509
train,0,5027,503.2032032032032,234,-10.0,1,1,2.850295371510665e-17,46.34954291125968,-20.89016045290321,16.093050209569526,-11.31444822718658,46.465244,-20.592354,15.101626,-12.218409,0.3194924495609968,1.3416657713849587,0.9914242095695265,0.90396077281342,25.178447612792947
train,0,5027,503.2032032032032,235,-10.0,3,2,0.3916454431346269,18.45085922787649,1.8631841983572528,15.817980301675648,-12.699749938572186,18.385532,1.547588,15.808748,-12.513906,0.32228652953478676,0.18607311707566046,0.009232301675648813,-0.1858439385721855,68.9254375831194
train,0,5027,503.2032032032032,237,-10.0,3,2,0.4200078334789962,14.871096199185391,13.37182740290191,-18.31340398369059,13.461419720898515,14.416905,13.456999,-17.628727,14.759184,0.46210804620748946,1.4673018421945223,-0.6846769836905899,-1.297764279101484,21.47352743837268
train,0,5027,503.2032032032032,238,-10.0,2,2,0.2801294942722932,-30.05463959223835,42.148440351561746,13.868961067532098,-11.685652973615296,-30.660508,41.538062,13.734971,-11.408255,0.8600222436535446,0.30806326292358915,0.13399006753209797,-0.2773979736152956,40.110490243768155
train,0,5027,503.2032032032032,216,-5.0,3,2,0.5222869306633474,-3.0876343093827514,23.99746343481512,0.1345003136988359,-0.20402098782881004,-3.226903,23.851871,0.028779,-0.062532,0.20147686036276796,0.17662426177348575,0.10572131369883589,-0.14148898782881003,76.4957657488805
train,0,5027,503.2032032032032,218,-5.0,3,2,0.49972308724579745,2.939021777548177,19.136401760072868,0.40042305341287343,0.0233855569471625,2.670196,19.027546,0.092592,-0.112816,0.29002909367065843,0.33661672798616304,0.3078310534128734,0.1362015569471625,64.12548200416929
train,0,5027,503.2032032032032,223,-5.0,3,2,0.4550951564664108,7.670182883017808,15.02486384800559,0.07068673712503587,-0.06566234188453739,7.518836,15.086128,0.060799,-0.056271,0.1632763770996902,0.013636885562549788,0.009887737125035871,-0.009391341884537385,84.8873701221869
train,0,5027,503.2032032032032,226,-5.0,3,2,0.3860251549862409,12.683613846880816,11.085297481647684,-0.1814130250348771,-0.05959574029868728,12.504598,11.17769,0.095636,-0.092002,0.20145235387539842,0.2789378567720862,-0.2770490250348771,0.03240625970131272,70.88739337800544
train,0,5027,503.2032032032032,234,-5.0,1,1,0.0,46.4003082040249,-20.759863331088532,16.00350775533017,-11.216920417357207,46.465244,-20.592354,15.101626,-12.218409,0.1796553188765826,1.3477277476409313,0.9018817553301695,1.0014885826427928,25.675081345769907
train,0,5027,503.2032032032032,235,-5.0,3,2,0.3947232044893756,18.421915408671598,1.7271576520008212,15.812540745834895,-12.615574609956791,18.385532,1.547588,15.808748,-12.513906,0.18321848254545844,0.10173932952164666,0.0037927458348949727,-0.10166860995679095,81.09322556994873
train,0,5027,503.2032032032032,237,-5.0,3,2,0.4200758749787492,14.672182873891144,13.410021270326055,-18.01230093489407,14.028083986552803,14.416905,13.456999,-17.628727,14.759184,0.25956444283395397,0.8256126169049329,-0.3835739348940699,-0.7311000134471968,42.08606168187923
train,0,5027,503.2032032032032,238,-5.0,2,2,0.28136405009097,-30.320980382565853,41.881827102637395,13.810813927110308,-11.563880608654344,-30.660508,41.538062,13.734971,-11.408255,0.48317020685448875,0.17312273005499423,0.07584292711030827,-0.1556256086543435,59.854750582529505
train,0,5027,503.2032032032032,216,0.0,3,2,0.5214862926076209,-3.1484382032413722,23.933426802002455,0.08844501153816324,-0.1415699828238092,-3.226903,23.851871,0.028779,-0.062532,0.11317275807647562,0.09903047844845034,0.05966601153816324,-0.0790379828238092,86.03782106215726
train,0,5027,503.2032032032032,218,0.0,3,2,0.49961458277995896,2.8215075981635156,19.089076266358287,0.26522936710568684,-0.037150135592076854,2.670196,19.027546,0.092592,-0.112816,0.1633437278162798,0.18849133549789998,0.17263736710568683,0.07566586440792314,77.92528988309907
train,0,5027,503.2032032032032,223,0.0,3,2,0.4556608391817433,7.603940044250618,15.0517026856716,0.06637733578427178,-0.06154594624590292,7.518836,15.086128,0.060799,-0.056271,0.09180305340466764,0.0076774271744675235,0.005578335784271783,-0.005274946245902919,91.19924904769232
train,0,5027,503.2032032032032,226,0.0,3,2,0.38699038493901455,12.60511123365077,11.125675083797816,-0.06018615846312077,-0.07431770514995253,12.504598,11.17769,0.095636,-0.092002,0.11317447435908295,0.15682244530821896,-0.15582215846312075,0.017684294850047466,82.41561230892711
train,0,5027,503.2032032032032,234,0.0,1,1,-4.5613350440857146e-17,46.42875184666601,-20.68659154401748,15.95302781858511,-11.162192932804679,46.465244,-20.592354,15.101626,-12.218409,0.10105638009249118,1.3566419709310125,0.85140181858511,1.0562160671953205,25.655797577096813
train,0,5027,503.2032032032032,235,0.0,3,2,0.39649586021345856,18.405868212783858,1.6492562688492758,15.810426639776287,-12.570198052185383,18.385532,1.547588,15.808748,-12.513906,0.10368219924943203,0.05631707530350215,0.0016786397762871275,-0.056292052185382246,88.87050476593953
train,0,5027,503.2032032032032,237,0.0,3,2,0.4201330393005791,14.56043329994157,13.430872406877421,-17.843984788386198,14.347634482847795,14.416905,13.456999,-17.628727,14.759184,0.14588684571375882,0.4644447443228627,-0.21525778838619658,-0.41154951715220456,61.457879585769724
train,0,5027,503.2032032032032,238,0.0,2,2,0.28205393611033036,-30.469912751091385,41.73156847884197,13.777775004462868,-11.49566336479939,-30.660508,41.538062,13.734971,-11.408255,0.2716087374521603,0.09732628131681718,0.042804004462867695,-0.08740836479938885,74.93719202904428
train,0,5027,503.2032032032032,216,5.0,3,2,0.5210462482565726,-3.182730143985359,23.897655973816924,0.062406012130592645,-0.10681960206244723,-3.226903,23.851871,0.028779,-0.062532,0.06362000499769495,0.055607262486771496,0.033627012130592646,-0.04428760206244722,91.8974794755169
train,0,5027,503.2032032032032,218,5.0,3,2,0.4995666573194234,2.7553681232117677,19.0622949037744,0.1895426663981309,-0.0705534409383446,2.670196,19.027546,0.092592,-0.112816,0.09198791706481385,0.10576178711369044,0.0969506663981309,0.042262559061655394,86.92113760715205
train,0,5027,503.2032032032032,223,5.0,3,2,0.45597822264841187,7.566698512650052,15.066770721262332,0.06394222727570074,-0.05923580166758109,7.518836,15.086128,0.060799,-0.056271,0.051628716401864505,0.004320871050471276,0.0031432272757007454,-0.0029648016675810906,94.95100061815859
train,0,5027,503.2032032032032,226,5.0,3,2,0.3875326585829594,12.5610880097822,11.1484077621573,0.007985875876413888,-0.08222522643269806,12.504598,11.17769,0.095636,-0.092002,0.0636283793465584,0.08819370476551229,-0.08765012412358611,0.009776773567301944,89.69540601880954
train,0,5027,503.2032032032032,234,5.0,1,1,-5.772264281458661e-17,46.4447013016082,-20.64540897693857,15.924601509089275,-11.131460940088237,46.465244,-20.592354,15.101626,-12.218409,0.056893172131359686,1.3633579036726546,0.8229755090892752,1.0869480599117622,25.54970364287795
train,0,5027,503.2032032032032,235,5.0,3,2,0.3975054261733811,18.396919636528107,1.6050255271599796,15.809534827277636,-12.545311435371204,18.385532,1.547588,15.808748,-12.513906,0.05855551034659033,0.031415290353897236,0.0007868272776363483,-0.03140543537120344,93.57092371770125
train,0,5027,503.2032032032032,237,5.0,3,2,0.4201712006718782,14.497642106041909,13.442403915004098,-17.74965689850485,14.527582124324526,14.416905,13.456999,-17.628727,14.759184,0.08204569944890469,0.2612727868890865,-0.1209298985048477,-0.23160187567547297,76.04445460040547
train,0,5027,503.2032032032032,238,5.0,2,2,0.28244042921039364,-30.55336938717773,41.646990088857045,13.759087127276421,-11.457392315466857,-30.660508,41.538062,13.734971,-11.408255,0.15278746970720145,0.054736307567298616,0.02411612727642165,-0.04913731546685618,85.01892947158056
train,0,5027,503.2032032032032,216,10.0,3,2,0.520802105172969,-3.202047110521937,23.877632939797955,0.047723422684465465,-0.0874009414450299,-3.226903,23.851871,0.028779,-0.062532,0.035797943850160004,0.03126268381703681,0.018944422684465466,-0.024868941445029893,95.35844004156698
train,0,5027,503.2032032032032,218,10.0,3,2,0.49954401562841216,2.7181874873742267,19.047219407186965,0.14710176961249818,-0.08912746333423516,2.670196,19.027546,0.092592,-0.112816,0.05186738677372007,0.05943451650827923,0.05450976961249819,0.023688536665764842,92.4147106949669
train,0,5027,503.2032032032032,223,10.0,3,2,0.4561564105245498,7.545763136851066,15.075231490865889,0.06256959204950834,-0.05793869165945292,7.518836,15.086128,0.060799,-0.056271,0.029048315102700447,0.0024323222806180455,0.0017705920495083363,-0.0016676916594529217,97.12707912135978
train,0,5027,503.2032032032032,226,10.0,3,2,0.3878372377021799,12.536382648298241,11.161189463948263,0.04631015921652482,-0.08655389215840244,12.504598,11.17769,0.095636,-0.092002,0.03581244975476539,0.049625804255955586,-0.049325840783475176,0.005448107841597563,94.06365386866494
train,0,5027,503.2032032032032,234,10.0,1,1,3.655856677820349e-17,46.45363336466422,-20.622294626728802,15.908604778070886,-11.114204559542475,46.465244,-20.592354,15.101626,-12.218409,0.032113050023532014,1.3676557295543696,0.8069787780708868,1.104204440457524,25.46073586200951
train,0,5027,503.2032032032032,235,10.0,3,2,0.3980761696195558,18.391906347702363,1.5800558801332414,15.809118036760577,-12.531537431131307,18.385532,1.547588,15.808748,-12.513906,0.033087694827188284,0.01763531374663287,0.0003700367605770083,-0.017631431131306385,96.32001994232681
train,0,5027,503.2032032032032,237,10.0,3,2,0.42019472283466097,14.46237400482711,13.448831767818886,-17.696729728672416,14.628819997019711,14.416905,13.456999,-17.628727,14.759184,0.046196689074737535,0.14703450064504806,-0.06800272867241475,-0.13036400298028816,85.7168308995057
train,0,5027,503.2032032032032,238,10.0,2,2,0.2826571762463072,-30.600157676872442,41.59944140725342,13.74854152379149,-11.435913153912828,-30.660508,41.538062,13.734971,-11.408255,0.08607899358369978,0.03080799561544168,0.013570523791489819,-0.027658153912828,91.26287870262821
train,1,85,8.508508508508509,300,-10.0,2,2,0.4126915639303172,57.75555292931343,56.06724805061243,-10.334172907186492,-20.1116004829124,57.901892,56.032479,-10.499359,-20.270287,0.15041280028606918,0.22905862997142407,0.16518609281350827,0.15868651708759884,76.03100625561913
train,1,85,8.508508508508509,300,-5.0,2,2,0.41221973624239927,57.819236432183395,56.05126173372068,-10.406661789605819,-20.181043980267287,57.901892,56.032479,-10.499359,-20.270287,0.08476281010624112,0.12867435403325925,0.09269721039418144,0.08924301973271298,85.72001681018465
train,1,85,8.508508508508509,300,0.0,2,2,0.4119475574702488,57.85529533012163,56.042801586085254,-10.447289272859313,-20.220096983883987,57.901892,56.032479,-10.499359,-20.270287,0.04772635987838505,0.07232077296483448,0.052069727140686695,0.05019001611601226,91.69986389284914
train,1,85,8.508508508508509,300,5.0,2,2,0.411792328762059,57.87565033028558,56.03821390078675,-10.470089658687204,-20.24205679440234,57.901892,56.032479,-10.499359,-20.270287,0.026861018529355022,0.04066495848972461,0.029269341312796016,0.028230205597658653,95.24329738272148
train,1,85,8.508508508508509,300,10.0,2,2,0.41170432844930827,57.88711994632424,56.03569207686435,-10.482891489576724,-20.254401643620564,57.901892,56.032479,-10.499359,-20.270287,0.015117454571971733,0.02288063475610665,0.016467510423275655,0.015885356379435223,97.29488880880227
train,1,86,8.608608608608609,300,-10.0,2,2,0.4396098020448121,56.267583280106486,54.74560610028684,-10.018613849571812,-20.523409345937278,56.851203,54.001198,-10.531527,-20.269145,0.9459151110016396,0.572477298674,0.5129131504281883,-0.2542643459372762,33.099211283065394
train,1,86,8.608608608608609,300,-5.0,2,2,0.43994667782998226,56.52267481348476,54.420292351949,-10.24392174793126,-20.41310412562882,56.851203,54.001198,-10.531527,-20.269145,0.5325137042091415,0.3216224663628731,0.2876052520687402,-0.14395912562881819,53.681445280859066
train,1,86,8.608608608608609,300,0.0,2,2,0.4401132201291992,56.66631816271919,54.237055788645726,-10.370042328750182,-20.35041577844451,56.851203,54.001198,-10.531527,-20.269145,0.2996853341777017,0.18078229580807484,0.16148467124981813,-0.0812707784445088,70.46945951134673
train,1,86,8.608608608608609,300,5.0,2,2,0.4401996169982276,56.74714620758876,54.13393066496106,-10.440774052928717,-20.314958496639548,56.851203,54.001198,-10.531527,-20.269145,0.16865875724248716,0.10166107355554019,0.09075294707128378,-0.04581349663954626,82.12495253633222
train,1,86,8.608608608608609,300,10.0,2,2,0.44024596358143187,56.79258396345253,54.07594289566966,-10.480472638231797,-20.294962960453816,56.851203,54.001198,-10.531527,-20.269145,0.09498942506627732,0.057211143473569204,0.05105436176820355,-0.025817960453814237,89.50391601393635
train,1,87,8.70870870870871,300,-10.0,2,2,0.4732163384548118,56.12027949261973,51.40896244729639,-11.196934317886768,-19.97688133026638,55.796095,51.967838,-10.565016,-20.264515,0.6460940091541463,0.6943010070893397,-0.6319183178867682,0.28763366973361926,38.73544235941718
train,1,87,8.70870870870871,300,-5.0,2,2,0.47257631850971854,55.9789117021747,51.65374231414378,-10.920995842428896,-20.103631104347436,55.796095,51.967838,-10.565016,-20.264515,0.36342543453578413,0.390647252769102,-0.355979842428896,0.16088389565256378,58.65148833988344
train,1,87,8.70870870870871,300,0.0,2,2,0.4722101000426861,55.899078342901205,51.79124487595507,-10.765410948406345,-20.17430977391883,55.796095,51.967838,-10.565016,-20.264515,0.20442773876129006,0.2197615029051647,-0.20039494840634475,0.09020522608117076,74.071229361304
train,1,87,8.70870870870871,300,5.0,2,2,0.47200220093715384,55.85408925121447,51.868504621219095,-10.677800344482028,-20.213860734514714,55.796095,51.967838,-10.565016,-20.264515,0.11502370761698406,0.12363722324645825,-0.11278434448202823,0.050654265485285066,84.46198485866428
train,1,87,8.70870870870871,300,10.0,2,2,0.47188472436445966,55.82877983010736,51.911900699470586,-10.628516491944278,-20.23603074750318,55.796095,51.967838,-10.565016,-20.264515,0.06478641608906027,0.06959644471859183,-0.06350049194427854,0.028484252496820517,90.9296656638279
train,1,88,8.80880880880881,300,-10.0,2,2,0.5145581260579746,54.485836108952896,49.47465418849018,-10.776099986855936,-20.712832787960455,54.739004,49.935093,-10.599795,-20.255072,0.525450169094862,0.4905388744885053,-0.17630498685593565,-0.4577607879604564,48.73188018600867
train,1,88,8.80880880880881,300,-5.0,2,2,0.5108658312033514,54.596486788752486,49.67460607838212,-10.698462828773708,-20.51269761315519,54.739004,49.935093,-10.599795,-20.255072,0.29692522936882587,0.2758736975293335,-0.09866782877370817,-0.2576256131551915,66.67744456059019
train,1,88,8.80880880880881,300,0.0,2,2,0.508792262158491,54.65880086253224,49.78809744459769,-10.655133433620954,-20.400019503047364,54.739004,49.935093,-10.599795,-20.255072,0.1674521918868406,0.1551519283647056,-0.05533843362095325,-0.1449475030473657,79.59003319657039
train,1,88,8.80880880880881,300,5.0,2,2,0.5076273816048673,54.69385845055203,49.85224106447265,-10.630877078701575,-20.336619304103543,54.739004,49.935093,-10.599795,-20.255072,0.0943533987495298,0.08727003164298076,-0.031082078701574645,-0.0815473041035446,87.93917598574085
train,1,88,8.80880880880881,300,10.0,2,2,0.5069731916679737,54.71355782657768,49.888392803632634,-10.617279058948917,-20.30096586593628,54.739004,49.935093,-10.599795,-20.255072,0.05318285515642928,0.0491114981232158,-0.01748405894891647,-0.0458938659362822,93.01677817771615
train,1,89,8.90890890890891,300,-10.0,2,2,0.545273348550113,53.92811096901281,47.42548980799836,-10.824032277257764,-20.26465599679235,53.679617,47.904181,-10.637472,-20.241415,0.5393463728771082,0.18800234302368568,-0.18656027725776347,-0.023240996792349478,56.48620731667909
train,1,89,8.90890890890891,300,-5.0,2,2,0.5446766849725813,53.81754987899332,47.63523903718582,-10.742408376943331,-20.25474726038115,53.679617,47.904181,-10.637472,-20.241415,0.302250324184657,0.10577992424304108,-0.10493637694333025,-0.013332260381151428,72.59849915409295
train,1,89,8.90890890890891,300,0.0,2,2,0.5443134658539109,53.7566193665448,47.752986291255745,-10.696500373658147,-20.24899237486467,53.679617,47.904181,-10.637472,-20.241415,0.16967381767897996,0.05951273398664712,-0.05902837365814584,-0.007577374864670361,83.54304754510605
train,1,89,8.90890890890891,300,5.0,2,2,0.544100700792129,53.7227520618719,47.819116324806416,-10.67068960254462,-20.24569696979615,53.679617,47.904181,-10.637472,-20.241415,0.09537626816185941,0.033492452644550044,-0.03321760254461914,-0.004281969796149809,90.38553090901466
train,1,89,8.90890890890891,300,10.0,2,2,0.5439787111543772,53.7038406399042,47.856236315369,-10.656190389452968,-20.243821904167067,53.679617,47.904181,-10.637472,-20.241415,0.05371664094649102,0.018872500930783073,-0.018718389452967443,-0.0024069041670671254,94.46550171797459
train,1,90,9.00900900900901,300,-10.0,2,2,0.5830192227497331,53.003385138196236,45.481212624340365,-11.543073838524757,-19.823720356917452,52.616135,45.875978,-10.678712,-20.224474,0.5529940066155324,0.9527459631726767,-0.864361838524756,0.4007536430825489,33.233820960914535
train,1,90,9.00900900900901,300,-5.0,2,2,0.5839791009224966,52.83410863624702,45.6541804388424,-11.165431121212862,-20.000535409217143,52.616135,45.875978,-10.678712,-20.224474,0.31097695129093794,0.5357648695053007,-0.486719121212861,0.22393859078285772,53.82263313316374
train,1,90,9.00900900900901,300,0.0,2,2,0.5845120602302666,52.738788095970804,45.75129845202315,-10.95263797287032,-20.098984946941435,52.616135,45.875978,-10.678712,-20.224474,0.17489645975529602,0.3013020760806114,-0.2739259728703196,0.1254890530585655,70.58274811525843
train,1,90,9.00900900900901,300,5.0,2,2,0.5848095657340313,52.68515372951009,45.805853909024506,-10.832854550675332,-20.15403077869011,52.616135,45.875978,-10.678712,-20.224474,0.09839193644972616,0.16947617342036989,-0.15414255067533134,0.07044322130989045,82.20391907462339
train,1,90,9.00900900900901,300,10.0,2,2,0.584976118970923,52.65499934050263,45.83649421536851,-10.76548210932512,-20.1848737871278,52.616135,45.875978,-10.678712,-20.224474,0.05540222208116078,0.09537939364357916,-0.0867701093251192,0.03960021287220172,89.55632130962994
train,1,150,15.015015015015015,300,-10.0,2,2,0.055241390423183385,-23.028724295899686,-70.95795076805909,-15.9287640570569,-18.07047425168638,-21.845893,-71.367149,-14.262569,-18.627076,1.2516121873740653,1.7567047203177395,-1.6661950570569015,0.5566017483136179,11.567441677444984
train,1,150,15.015015015015015,301,-10.0,2,2,0.08710134884712173,-4.865909142756117,-50.13298404339629,-13.240451140141241,-18.896261828810548,-6.023057,-50.081585,-13.652645,-18.978134,1.1582888349570508,0.42024615467668114,0.41219385985875867,0.08187217118945256,29.16593518292558
train,1,150,15.015015015015015,302,-10.0,3,2,0.1888475493866635,25.846143780058206,-2.5289381308643515,-11.487750681818179,-18.97327846034584,25.86407,-2.046917,-11.597311,-19.057096,0.4823543510337082,0.13794507339437292,0.10956031818182055,0.08381753965416294,60.55054583695194
train,1,150,15.015015015015015,303,-10.0,2,2,0.4126768297391562,58.02772980910391,55.764614005338636,-10.913856162802688,-21.210943091753943,57.885976,56.161946,-10.406103,-20.343488,0.4218611814057396,1.0051326333106363,-0.5077531628026879,-0.8674550917539428,33.619205541293454
train,1,150,15.015015015015015,300,-5.0,2,2,0.055266992389001596,-22.514566783052626,-71.13222032986445,-15.200991193966962,-18.31746743205778,-21.845893,-71.367149,-14.262569,-18.627076,0.7087426247895392,0.9881769474507083,-0.9384221939669626,0.30960856794222025,29.639470994270333
train,1,150,15.015015015015015,301,-5.0,2,2,0.08697893988769188,-5.37172119755445,-50.11140052292042,-13.420245946519705,-18.93304616811689,-6.023057,-50.081585,-13.652645,-18.978134,0.6520178624504134,0.23673240725016242,0.23239905348029488,0.04508783188311227,49.97417360397458
train,1,150,15.015015015015015,302,-5.0,3,2,0.19020052420673597,25.852536786773424,-2.3176066899003622,-11.536105829510891,-19.009910489216264,25.86407,-2.046917,-11.597311,-19.057096,0.2709352749748248,0.07728224454894574,0.06120517048910834,0.04718551078373778,75.44684274191692
train,1,150,15.015015015015015,303,-5.0,2,2,0.4118565848479985,57.964057657845814,55.93205441984981,-10.692297396331146,-20.831159428384336,57.885976,56.161946,-10.406103,-20.343488,0.2427897936814911,0.5654473048426054,-0.28619439633114574,-0.48767142838433486,54.04420801148697
train,1,150,15.015015015015015,300,0.0,2,2,0.055277603414323424,-22.223057419342425,-71.2335079134701,-14.7907813882697,-18.454043631918967,-21.845893,-71.367149,-14.262569,-18.627076,0.40014114912965165,0.5558313840773212,-0.5282123882697007,0.1730323680810315,50.41504103174472
train,1,150,15.015015015015015,301,0.0,2,2,0.08690752900092272,-5.656515828182103,-50.09865243060706,-13.521750136064675,-18.95308664332417,-6.023057,-50.081585,-13.652645,-18.978134,0.3669383161038974,0.1332697845766003,0.13089486393532468,0.025047356675830912,67.67926907236428
train,1,150,15.015015015015015,302,0.0,3,2,0.19096601279201159,25.857111651955062,-2.199039795959894,-11.563017808916051,-19.03054520809793,25.86407,-2.046917,-11.597311,-19.057096,0.1522818559716489,0.04337012226576386,0.03429319108394857,0.026550791902071325,85.35617445453775
train,1,150,15.015015015015015,303,0.0,2,2,0.4113442723744271,57.92937519274666,56.03059296775335,-10.567251078424283,-20.617703634061883,57.885976,56.161946,-10.406103,-20.343488,0.1383369401550126,0.3180611845915795,-0.16114807842428291,-0.274215634061882,70.69163466718342
train,1,150,15.015015015015015,300,5.0,2,2,0.05528234933591318,-22.058528903278365,-71.291457902158,-14.559840012069829,-18.530079637009806,-21.845893,-71.367149,-14.262569,-18.627076,0.225705936243451,0.3126952974548007,-0.29727101206982987,0.09699636299019332,68.00123696034451
train,1,150,15.015015015015015,301,5.0,2,2,0.0868665645801272,-5.816729745550252,-50.09129645716323,-13.578943426876263,-18.964154521808926,-6.023057,-50.081585,-13.652645,-18.978134,0.20655567852035478,0.0750156496433128,0.07370157312373671,0.013979478191075145,80.27148254991226
train,1,150,15.015015015015015,302,5.0,3,2,0.19139794869567384,25.859982651681324,-2.1324524296036604,-11.578068075511718,-19.042161321319014,25.86407,-2.046917,-11.597311,-19.057096,0.08563303179124822,0.024358464035444526,0.019242924488281687,0.01493467868098719,91.48180772218043
train,1,150,15.015015015015015,303,5.0,2,2,0.41103996961197403,57.910263865050865,56.087357294663526,-10.49681862488315,-20.49770563468324,57.885976,56.161946,-10.406103,-20.343488,0.07844345321631635,0.17892010352454343,-0.09071562488315088,-0.15421763468323846,82.25379662857112
train,1,150,15.015015015015015,300,10.0,2,2,0.05528461990109653,-21.965981910253834,-71.32430795585434,-14.429950713383906,-18.57256444835629,-21.845893,-71.367149,-14.262569,-18.627076,0.12750177029925447,0.1760345058161534,-0.16738171338390728,0.05451155164371002,80.46412108870446
train,1,150,15.015015015015015,301,10.0,2,2,0.08684328177270137,-5.906751815262436,-50.0871142263018,-13.611119383132168,-18.97032070018225,-6.023057,-50.081585,-13.652645,-18.978134,0.11643654211773614,0.042254283928330985,0.041525616867831516,0.007813299817751584,88.34978404901891
train,1,150,15.015015015015015,302,10.0,3,2,0.19164124530189894,25.861671763718167,-2.095049183170808,-11.586507891067384,-19.048698594883344,25.86407,-2.046917,-11.597311,-19.057096,0.048191893447463656,0.013682966611930535,0.010803108932615046,0.008397405116657097,95.11374183069208
train,1,150,15.015015015015015,303,10.0,2,2,0.4108638129906637,57.899679855529726,56.119652107174836,-10.457203813741813,-20.430251981058973,57.885976,56.161946,-10.406103,-20.343488,0.04445862151131176,0.10069399969351299,-0.05110081374181341,-0.0867639810589722,89.57696155190213
train,1,151,15.115115115115115,300,-10.0,2,2,0.05325243304515431,-22.898853257359367,-73.44892243102662,-15.013411914460196,-18.191710835658903,-23.277923,-73.232497,-14.306565,-18.592781,0.43650181784351816,0.8127052585079614,-0.7068469144601952,0.4010701643410961,39.75202336354985
train,1,151,15.115115115115115,301,-10.0,2,2,0.08311028901297716,-7.050495288648972,-52.082330828578016,-12.631429397929418,-19.185529209245754,-7.390499,-51.980642,-13.715735,-18.942865,0.3548846877367939,1.1111276061418485,1.0843056020705824,-0.24266420924575272,31.147843296439316
train,1,151,15.115115115115115,302,-10.0,3,2,0.18285972042712004,24.67410318568191,-4.041758135909194,-11.914637961121787,-19.523225281431657,24.701964,-3.952979,-11.649071,-19.036243,0.093048159289962,0.5546868966073055,-0.2655669611217881,-0.4869822814316578,56.98186541756446
train,1,151,15.115115115115115,303,-10.0,2,2,0.43825667910725363,56.723473175129094,54.37184482936727,-10.20984050521882,-20.348762696761632,56.844714,54.125607,-10.444316,-20.32629,0.2744674957565685,0.23554995171432314,0.23447549478118113,-0.022472696761631994,69.65015900320599
train,1,151,15.115115115115115,300,-5.0,2,2,0.05327684052460843,-23.06514121332786,-73.35342367192243,-14.703792464105351,-18.36662087650189,-23.277923,-73.232497,-14.306565,-18.592781,0.2447434344811415,0.4570974291113952,-0.3972274641053506,0.22616012349810788,59.54157778641962
train,1,151,15.115115115115115,301,-5.0,2,2,0.08313179521853843,-7.1995135690290235,-52.03759267523237,-13.106303034777486,-19.080143665208684,-7.390499,-51.980642,-13.715735,-18.942865,0.19929579587284818,0.6247021307442879,0.6094319652225142,-0.13727866520868304,51.90670716696347
train,1,151,15.115115115115115,302,-5.0,3,2,0.18303530472873847,24.68546420278191,-4.002940440334314,-11.798781635907947,-19.310270380262633,24.701964,-3.952979,-11.649071,-19.036243,0.052615480882695874,0.3122567527493429,-0.14971063590794742,-0.27402738026263407,72.85794502565132
train,1,151,15.115115115115115,303,-5.0,2,2,0.4386968343783408,56.776171216211274,54.26320016389424,-10.312746562633066,-20.338986226831278,56.844714,54.125607,-10.444316,-20.32629,0.15372049947855024,0.13218060003193716,0.1315694373669345,-0.012696226831277357,81.64941352533313
train,1,151,15.115115115115115,300,0.0,2,2,0.05329003142872071,-23.158381817635256,-73.30025765330682,-14.529871366374534,-18.465398987661306,-23.277923,-73.232497,-14.306565,-18.592781,0.13741033592029525,0.25708346957914696,-0.22330636637453338,0.12738201233869262,74.71403979019058
train,1,151,15.115115115115115,301,0.0,2,2,0.08314336204179104,-7.2831366146710295,-52.012601205591636,-13.373104039499516,-19.02032788917058,-7.390499,-51.980642,-13.715735,-18.942865,0.11201817979941762,0.351278343044569,0.34263096050048425,-0.07746288917057953,69.1628313794667
train,1,151,15.115115115115115,302,0.0,3,2,0.1831323378156956,24.692412133566357,-3.9810907388019934,-11.733388927289337,-19.1904064126553,24.701964,-3.952979,-11.649071,-19.036243,0.02969020058601251,0.1757153114099579,-0.08431792728933729,-0.15416341265530065,83.67700305460592
train,1,151,15.115115115115115,303,0.0,2,2,0.438934348751633,56.80605333861996,54.20271751541358,-10.370412662050489,-20.33344959714868,56.844714,54.125607,-10.444316,-20.32629,0.08625936659685256,0.07424933125228186,0.07390333794951154,-0.0071595971486786425,89.24238727987309
train,1,151,15.115115115115115,300,5.0,2,2,0.053297277830446854,-23.210735185951474,-73.27053116431205,-14.432141473071521,-18.521070455379387,-23.277923,-73.232497,-14.306565,-18.592781,0.07720621744092618,0.14460931089963378,-0.1255764730715203,0.07171054462061122,84.88024509918726
train,1,151,15.115115115115115,301,5.0,2,2,0.08314969961267012,-7.3300801937989215,-51.998606090698104,-13.52304096280013,-18.986523098989778,-7.390499,-51.980642,-13.715735,-18.942865,0.06303285411095619,0.19757788737555243,0.1926940371998711,-0.04365809898977702,81.27035155130797
train,1,151,15.115115115115115,302,5.0,3,2,0.18318639655275826,24.696488442586304,-3.9687990738490306,-11.696539742355329,-19.122975930514052,24.701964,-3.952979,-11.649071,-19.036243,0.016740862151617693,0.09887306375526243,-0.047468742355329496,-0.08673293051405295,90.45838247912357
train,1,151,15.115115115115115,303,5.0,2,2,0.43906467894275847,56.822935788978675,54.16890694472542,-10.402772183020534,-20.330324707552684,56.844714,54.125607,-10.444316,-20.32629,0.048468295704654434,0.041739281190014126,0.041543816979466186,-0.004034707552683869,93.80391350443499
train,1,151,15.115115115115115,300,10.0,2,2,0.053301295115506214,-23.240151680036227,-73.25387274593557,-14.377226800145735,-18.552404523275996,-23.277923,-73.232497,-14.306565,-18.592781,0.043400404676775826,0.08138396569644159,-0.07066180014573398,0.040376476724002686,91.18925613126947
train,1,151,15.115115115115115,301,10.0,2,2,0.08315320954206942,-7.356409455994772,-51.990764751406516,-13.607292344368881,-18.96747105081823,-7.390499,-51.980642,-13.715735,-18.942865,0.03556075233347085,0.11119922345591611,0.10844265563111932,-0.024606050818228198,88.98103918900101
train,1,151,15.115115115115115,302,10.0,3,2,0.183216667263497,24.698820476255865,-3.9618902522764516,-11.675801885140833,-19.085064019589353,24.701964,-3.952979,-11.649071,-19.036243,0.009449452823550648,0.05565996922525729,-0.026730885140834104,-0.048821019589354364,94.5107696721661
train,1,151,15.115115115115115,303,10.0,2,2,0.43913681109862784,56.83245365350893,54.149973021276004,-10.42093899973328,-20.328565534511586,56.844714,54.125607,-10.444316,-20.32629,0.027276713308311235,0.023487490261491214,0.02337700026671996,-0.0022755345115861303,96.4644563793167
train,1,152,15.215215215215215,300,-10.0,2,2,0.05146115848805678,-25.309415911104235,-74.79670192970886,-15.0911621071695,-17.69789353538822,-24.715643,-75.095573,-14.347723,-18.555292,0.6647482129484596,1.134827666735184,-0.7434391071695003,0.85739846461178,26.84233910594216
train,1,152,15.215215215215215,301,-10.0,2,2,0.07934122341183751,-7.859411279502912,-54.32195218838591,-12.575838353390859,-19.210284247955023,-8.767522,-53.879485,-13.779551,-18.904727,1.0101694380052622,1.241889434444399,1.2037126466091408,-0.30555724795502215,20.172428969268417
train,1,152,15.215215215215215,302,-10.0,3,2,0.1817721086588058,23.424712868689422,-5.743400625113713,-11.34724418352502,-18.727797124694487,23.536103,-5.859684,-11.702918,-19.014606,0.16102665812943082,0.4569061114494873,0.35567381647497953,0.286808875305514,61.60353023006928
train,1,152,15.215215215215215,303,-10.0,2,2,0.4696483193516639,55.718300752452095,52.27493018660961,-11.00468169042816,-20.155206817729827,55.799585,52.088412,-10.484968,-20.30698,0.20346046995809003,0.5414216645784251,-0.5197136904281603,0.15177318227017267,56.080121273161765
train,1,152,15.215215215215215,300,-5.0,2,2,0.0514465882517973,-25.05030601512383,-74.92464417680124,-14.76702874417275,-18.073849447590717,-24.715643,-75.095573,-14.347723,-18.555292,0.3757871688760639,0.6384389073095637,-0.4193057441727497,0.481442552409284,47.6720924103748
train,1,152,15.215215215215215,301,-5.0,2,2,0.07950503899445364,-8.258870284828143,-54.12583838757386,-13.10386078437415,-19.078763607024904,-8.767522,-53.879485,-13.779551,-18.904727,0.5651694957412203,0.6977435116697587,0.6756902156258491,-0.17403660702490242,40.741569641914445
train,1,152,15.215215215215215,302,-5.0,3,2,0.18116428450530792,23.47304359636971,-5.793396816290978,-11.501757096655787,-18.853355611842826,23.536103,-5.859684,-11.702918,-19.014606,0.09149032249523166,0.2578127163564658,0.20116090334421344,0.16125038815717474,76.0662799067942
train,1,152,15.215215215215215,303,-5.0,2,2,0.4700581722124075,55.753327399388134,52.19054694461819,-10.777950820449036,-20.221097311820728,55.799585,52.088412,-10.484968,-20.30698,0.11212186462295527,0.3053109385645552,-0.29298282044903523,0.08588268817927158,72.23483887030936
train,1,152,15.215215215215215,300,0.0,2,2,0.05143665357639602,-24.904129174464693,-74.99853030910751,-14.58392987157148,-18.28476300228404,-24.715643,-75.095573,-14.347723,-18.555292,0.21200075900805307,0.35913733415336707,-0.23620687157147913,0.2705289977159602,65.89933073507763
train,1,152,15.215215215215215,301,0.0,2,2,0.07959299464022586,-8.482042676149826,-54.01726543995038,-13.399927505442557,-19.003301889137227,-8.767522,-53.879485,-13.779551,-18.904727,0.3169887915666287,0.3922129605054133,0.3796234945574426,-0.09857488913722534,60.39315242037746
train,1,152,15.215215215215215,302,0.0,3,2,0.18081967833845344,23.500498827748036,-5.822117096335732,-11.589420953931752,-18.923935800284486,23.536103,-5.859684,-11.702918,-19.014606,0.05175837451725051,0.1452675620455903,0.11349704606824851,0.0906701997155146,85.70895956174718
train,1,152,15.215215215215215,303,0.0,2,2,0.4702646246356319,55.773385541710006,52.144987378408956,-10.6499624313224,-20.25851417686845,55.799585,52.088412,-10.484968,-20.30698,0.06234729390122678,0.17196539878481648,-0.1649944313224001,0.04846582313155068,83.28357882659358
train,1,152,15.215215215215215,300,5.0,2,2,0.05143052206497438,-24.821728302277506,-75.04070409666583,-14.480704661771096,-18.403202361075625,-24.715643,-75.095573,-14.347723,-18.555292,0.11943486891358025,0.20202816792603295,-0.13298166177109572,0.15208963892437666,79.0814831640428
train,1,152,15.215215215215215,301,5.0,2,2,0.07964113011129768,-8.60710302497981,-53.95675438369643,-13.566137583175973,-18.96039619598202,-8.767522,-53.879485,-13.779551,-18.904727,0.17805843199172958,0.22055463237436299,0.21341341682402692,-0.055669195982019914,75.31738071638243
train,1,152,15.215215215215215,302,5.0,3,2,0.18062513052544946,23.516015539032963,-5.838453848695435,-11.638960857469534,-18.963614834266444,23.536103,-5.859684,-11.702918,-19.014606,0.029227134866711524,0.08179618000572736,0.06395714253046592,0.05099116573355644,91.68044848452168
train,1,152,15.215215215215215,303,5.0,2,2,0.4703731990801562,55.78476851595037,52.11997240267905,-10.577840353666524,-20.279668862832946,55.799585,52.088412,-10.484968,-20.30698,0.03486527236172291,0.0968048154221547,-0.09287235366652347,0.0273111371670538,90.22244266870698
train,1,152,15.215215215215215,300,10.0,2,2,0.051426907112123645,-24.775312220800753,-75.06461649976292,-14.422588284363377,-18.469734610748787,-24.715643,-75.095573,-14.347723,-18.555292,0.06722143123957926,0.11368763194953513,-0.07486528436337636,0.08555738925121403,87.62759591546615
train,1,152,15.215215215215215,301,10.0,2,2,0.07966776268845228,-8.677262357008441,-53.92291673724717,-13.659484958028864,-18.936129218095566,-8.767522,-53.879485,-13.779551,-18.904727,0.10016545788479489,0.1241046080366715,0.12006604197113546,-0.03140221809556465,85.25838052651169
train,1,152,15.215215215215215,302,10.0,3,2,0.18051566173644493,23.52474960587362,-5.847689711237666,-11.66688622034642,-18.9859197755069,23.536103,-5.859684,-11.702918,-19.014606,0.016515523639993583,0.046056363519851394,0.03603177965358029,0.0286862244931001,95.22496701565836
train,1,152,15.215215215215215,303,10.0,2,2,0.47043197941630244,55.791183583402464,52.106109566084484,-10.537246770931585,-20.291598558274444,55.799585,52.088412,-10.484968,-20.30698,0.019590498874712342,0.054494574405841094,-0.05227877093158462,0.015381441725555334,94.37358723405808
train,1,153,15.315315315315315,300,-10.0,2,2,0.049802982561271816,-26.42206770368387,-76.59778513520662,-13.443216708287354,-19.0450580338165,-26.158046,-76.951422,-14.38501,-18.515627,0.4413235685492215,1.080403546774514,0.9417932917126457,-0.5294310338165005,31.12795261540936
train,1,153,15.315315315315315,301,-10.0,2,2,0.07642859641609705,-9.857760614430218,-55.85410923919512,-14.495990881393274,-18.47640419487727,-10.151893,-55.774,-13.841851,-18.862058,0.30484643748187584,0.7593601529148397,-0.6541398813932737,0.3856538051227325,44.11960401992854
train,1,153,15.315315315315315,302,-10.0,3,2,0.18502971205814855,22.487608577344336,-7.767662333211148,-9.427667319610253,-18.34212029185424,22.365421,-7.764639,-11.760206,-18.990323,0.12222497535685303,2.4209302853163375,2.3325386803897477,0.6482027081457602,8.856542855030888
train,1,153,15.315315315315315,303,-10.0,2,2,0.5065303542542808,54.908086470212396,49.67423490822231,-10.96811377783647,-19.114904975210823,54.74845,50.05559,-10.527039,-20.284912,0.4134192891564759,1.2503852996974607,-0.4410747778364694,1.1700070247891752,26.79491106324591
train,1,153,15.315315315315315,300,-5.0,2,2,0.049728961097184214,-26.305587310974836,-76.75197877653295,-13.854534670873361,-18.81295931244674,-26.158046,-76.951422,-14.38501,-18.515627,0.2480847392144434,0.6081205298597816,0.530475329126638,-0.2973323124467413,51.85196012038493
train,1,153,15.315315315315315,301,-5.0,2,2,0.07644505626524492,-9.985877985268138,-55.810910748199326,-14.209123565871415,-18.64484080693888,-10.151893,-55.774,-13.841851,-18.862058,0.1700687756440149,0.42669948043456213,-0.3672725658714153,0.21721719306112064,63.16986428160586
train,1,153,15.315315315315315,302,-5.0,3,2,0.18571744866008175,22.43427786050546,-7.76582727703933,-10.454640269313849,-18.62574859626329,22.365421,-7.764639,-11.760206,-18.990323,0.0688671129131348,1.3555133245387307,1.3055657306861512,0.3645744037367109,25.73645798989951
train,1,153,15.315315315315315,303,-5.0,2,2,0.5057927172439204,54.83734994225768,49.8381925631855,-10.777543539519977,-19.62682490097026,54.74845,50.05559,-10.527039,-20.284912,0.23487197633377713,0.7041527918211311,-0.25050453951997653,0.6580870990297392,47.602207598777
train,1,153,15.315315315315315,300,0.0,2,2,0.0496868165751837,-26.240724198549394,-76.8390738287928,-14.086413193181663,-18.68271642732591,-26.158046,-76.951422,-14.38501,-18.515627,0.1394912043426854,0.3421679847183372,0.29859680681833645,-0.16708942732591225,69.10737283267515
train,1,153,15.315315315315315,301,0.0,2,2,0.07644606314824841,-10.058284208650011,-55.79221018720186,-14.04821651729645,-18.73979663629883,-10.151893,-55.774,-13.841851,-18.862058,0.09536360278393599,0.23986364414621264,-0.20636551729644914,0.12226136370117047,77.2498261375333
train,1,153,15.315315315315315,302,0.0,3,2,0.18610834340018345,22.40419585979744,-7.765141386157859,-11.027940748905461,-18.785278135278354,22.365421,-7.764639,-11.760206,-18.990323,0.03877811424196172,0.7604313213625977,0.7322652510945389,0.2050448647216463,46.70030817500371
train,1,153,15.315315315315315,303,0.0,2,2,0.5053439676968396,54.79818098190982,49.9323776559124,-10.668715060848175,-19.914770032254484,54.74845,50.05559,-10.527039,-20.284912,0.13287005794112433,0.39632963868978693,-0.14167606084817486,0.3701419677455142,65.83562160002964
train,1,153,15.315315315315315,300,5.0,2,2,0.049662957895798505,-26.20444077947223,-76.88817189969487,-14.21697277621058,-18.609571583431705,-26.158046,-76.951422,-14.38501,-18.515627,0.07844138417242119,0.19251517689525735,0.168037223789419,-0.09394458343170697,81.23024565618393
train,1,153,15.315315315315315,301,5.0,2,2,0.07644403011731654,-10.099149021276514,-55.78344834383725,-13.95786720816397,-18.793259277912096,-10.151893,-55.774,-13.841851,-18.862058,0.053583565510801984,0.1348815210385558,-0.11601620816396974,0.06879872208790516,86.4905359145359
train,1,153,15.315315315315315,302,5.0,3,2,0.18632944612560956,22.387253900947083,-7.764864653388714,-11.348955829919362,-18.874985583183804,22.365421,-7.764639,-11.760206,-18.990323,0.021834067033352667,0.4271175741048206,0.41125017008063836,0.11533741681619603,65.20231027249427
train,1,153,15.315315315315315,303,5.0,2,2,0.5050808421553976,54.77636853746675,49.98594451964523,-10.606993077651005,-20.076698208144986,54.74845,50.05559,-10.527039,-20.284912,0.07503291056682726,0.22303730103205902,-0.0799540776510046,0.20821379185501243,79.03177849799171
train,1,153,15.315315315315315,300,10.0,2,2,0.04964949871170038,-26.184089919414102,-76.91581259427714,-14.290417348989847,-18.56848458798937,-26.158046,-76.951422,-14.38501,-18.515627,0.04411706602192612,0.10835909852514836,0.0945926510101529,-0.052857587989372234,88.95889578287905
train,1,153,15.315315315315315,301,10.0,2,2,0.07644206253509919,-10.122172502826327,-55.77907870123107,-13.907118481113233,-18.823333842364775,-10.151893,-55.774,-13.841851,-18.862058,0.03015130442360224,0.07589074037999685,-0.06526748111323322,0.038724157635225964,92.15843978090037
train,1,153,15.315315315315315,302,10.0,3,2,0.18645408932982213,22.377726795860706,-7.764740538550425,-11.528981784859655,-18.925412190935134,22.365421,-7.764639,-11.760206,-18.990323,0.012306214765010582,0.24016255078742885,0.23122421514034563,0.06491080906486602,78.62522284954217
train,1,153,15.315315315315315,303,10.0,2,2,0.5049295187191566,54.764199019351075,50.0162154409832,-10.572137958892434,-20.16772440221811,54.74845,50.05559,-10.527039,-20.284912,0.042407399216269084,0.12556611472475862,-0.045098958892433316,0.11718759778188925,87.58732348049504
train,1,154,15.415415415415415,300,-10.0,2,2,0.04824352268229523,-26.64089816153363,-78.75017905994594,-16.586703610553418,-17.384413193956227,-27.603287,-78.801676,-14.418242,-18.476394,0.9637656412425079,2.427889585053639,-2.1684616105534182,1.0919808060437717,7.337430497513814
train,1,154,15.415415415415415,301,-10.0,2,2,0.07324436807219743,-10.868964491175534,-57.92431332268559,-13.02301904854475,-18.599207472994525,-11.541983,-57.661482,-13.902551,-18.816477,0.7225193543462803,0.9059704746821851,0.8795319514552506,0.21726952700547386,31.38626878231231
train,1,154,15.415415415415415,302,-10.0,3,2,0.2122663011324209,20.895295623592304,-9.464337059041803,-12.630149760934948,-18.864381484228268,21.187468,-9.668478,-11.820246,-18.962802,0.35642421538248226,0.8158619367891536,-0.8099037609349491,0.09842051577173194,41.05245440367295
train,1,154,15.415415415415415,303,-10.0,2,2,0.5402752505664264,53.59005353919095,48.340316911239775,-10.285758603524759,-20.891933957533713,53.691415,48.027708,-10.568754,-20.263549,0.3286312175126768,0.6891691006428129,0.28299539647524163,-0.6283849575337115,46.6026267474971
train,1,154,15.415415415415415,300,-5.0,2,2,0.04810841120082344,-27.062843486956034,-78.77032137165116,-15.637973128086873,-17.857958277078563,-27.603287,-78.801676,-14.418242,-18.476394,0.5413522914980589,1.3675550329728736,-1.219731128086874,0.6184357229214363,22.974033502898152
train,1,154,15.415415415415415,301,-5.0,2,2,0.07329572946009323,-11.16374899058115,-57.80973030117859,-13.407711375012365,-18.695534383280307,-11.541983,-57.661482,-13.902551,-18.816477,0.4062493380713341,0.5094049185048277,0.4948396249876357,0.12094261671969164,52.12314354310193
train,1,154,15.415415415415415,302,-5.0,3,2,0.20999490879462532,21.023961358183076,-9.552403414086623,-12.279114536576351,-18.907608008376787,21.187468,-9.668478,-11.820246,-18.962802,0.20051865602284907,0.46217606014486107,-0.45886853657635207,0.055193991623212924,60.42302156255369
train,1,154,15.415415415415415,303,-5.0,2,2,0.5411407285147074,53.63449673337436,48.203305553619074,-10.410382336235909,-20.617006202898963,53.691415,48.027708,-10.568754,-20.263549,0.18459195516780208,0.3873158635591429,0.1583716637640915,-0.3534572028989622,65.11244388155887
train,1,154,15.415415415415415,300,0.0,2,2,0.04803101384225544,-27.29952827248064,-78.78329838691124,-15.104282476141783,-18.127231148091738,-27.603287,-78.801676,-14.418242,-18.476394,0.3043141488774755,0.7697832370593399,-0.686040476141784,0.349162851908261,43.703063835432616
train,1,154,15.415415415415415,301,0.0,2,2,0.07332406202086833,-11.329312307691982,-57.74500419870538,-13.624185128772396,-18.748857529156474,-11.541983,-57.661482,-13.902551,-18.816477,0.22848365596548245,0.2864610813033102,0.2783658712276047,0.06761947084352471,69.32105357838452
train,1,154,15.415415415415415,302,0.0,3,2,0.20873645363205096,21.095746534087965,-9.602794881809643,-12.079371832863465,-18.93180908710626,21.187468,-9.668478,-11.820246,-18.962802,0.11281444643422589,0.26097271487039414,-0.25912583286346624,0.03099291289374051,75.25310983551108
train,1,154,15.415415415415415,303,0.0,2,2,0.5416238504388942,53.6594250332306,48.126404215964044,-10.479930510608693,-20.462353385009628,53.691415,48.027708,-10.568754,-20.263549,0.10375114948533933,0.2177447950392929,0.08882348939130758,-0.19880438500962683,78.56850327718494
train,1,154,15.415415415415415,300,5.0,2,2,0.047987048598806294,-27.43246909088091,-78.79110426787717,-14.804142471831286,-18.27957208389236,-27.603287,-78.801676,-14.418242,-18.476394,0.1711447328897233,0.43319515327377733,-0.3859004718312864,0.19682191610763766,62.76470001906765
train,1,154,15.415415415415415,301,5.0,2,2,0.07333981835640145,-11.422313077372209,-57.70852549218155,-13.745944643389198,-18.77857642618515,-11.541983,-57.661482,-13.902551,-18.816477,0.12858452682332022,0.1611272926179945,0.15660635661080313,0.03790057381484857,81.37146370644042
train,1,154,15.415415415415415,302,5.0,3,2,0.2080351551415419,21.13590986441636,-9.631398011189853,-11.96631109544465,-18.945391301827108,21.187468,-9.668478,-11.820246,-18.962802,0.06350721939292935,0.1470990976115172,-0.1460650954446514,0.01741069817289187,85.19540434224005
train,1,154,15.415415415415415,303,5.0,2,2,0.5418943913690041,53.67341727936362,48.083214226848966,-10.518867077169118,-20.375379945981848,53.691415,48.027708,-10.568754,-20.263549,0.05835117108605804,0.12245352403556713,0.049886922830882696,-0.11183094598184695,87.31520358812051
train,1,154,15.415415415415415,300,10.0,2,2,0.04796219709331375,-27.507156425065794,-78.7956483313262,-14.63540868372574,-18.365500816943744,-27.603287,-78.801676,-14.418242,-18.476394,0.09631936579329368,0.24384147835998787,-0.21716668372574155,0.1108931830562554,76.93758484542198
train,1,154,15.415415415415415,301,10.0,2,2,0.07334861933131405,-11.47451375451511,-57.68800678170681,-13.814392995578226,-18.795204826669654,-11.541983,-57.661482,-13.902551,-18.816477,0.07249595251387747,0.09068814201330812,0.0881580044217749,0.021272173330345368,89.03831424086887
train,1,154,15.415415415415415,302,10.0,3,2,0.20764354695869303,21.158390980246658,-9.647555049982033,-11.902503727805536,-18.953025061778646,21.187468,-9.668478,-11.820246,-18.962802,0.03582238008829875,0.08283672075060657,-0.08225772780553697,0.009776938221353504,91.37022110598348
train,1,154,15.415415415415415,303,10.0,2,2,0.5420461526317505,53.68126684135917,48.05896004791327,-10.540698657017643,-20.32648661916157,53.691415,48.027708,-10.568754,-20.263549,0.03285841783429028,0.06890751900616149,0.028055342982357345,-0.06293761916156981,92.65003768149465
train,1,242,24.224224224224226,304,-10.0,2,2,0.10554363305041667,0.4649556529615415,-41.82860840399288,-11.323233879832893,-16.84991222851658,0.640234,-41.872593,-12.350842,-17.733781,0.18071287620544343,1.3554344151735958,1.0276081201671072,0.8838687714834208,25.476133942371288
train,1,242,24.224224224224226,305,-10.0,3,2,0.1972406532249533,26.770190680913437,-1.171296370160819,-11.394430567377912,-19.57963643083165,26.556409,-1.021613,-11.724863,-19.473195,0.26097455507553985,0.3471532381039228,0.33043243262208755,-0.10644143083164792,64.77129900356545
train,1,242,24.224224224224226,306,-10.0,3,2,0.45297546774171504,41.31495811206754,25.35371669228123,-11.363461108452338,-20.070696263292145,41.478207,25.237163,-11.142932,-19.755753,0.20058654639723586,0.38447671810902856,-0.22052910845233775,-0.3149432632921467,64.81353377831806
train,1,242,24.224224224224226,307,-10.0,2,2,0.4147189108154354,57.80071185849209,55.78235548097254,-10.542190034938873,-20.27464568053289,57.701685,55.458396,-10.700748,-20.888548,0.3387566442371444,0.6340478579188055,0.15855796506112796,0.6139023194671118,48.730304657907666
train,1,242,24.224224224224226,304,-5.0,2,2,0.10551849118723303,0.5413419249253983,-41.8470952738469,-11.773375429341845,-17.236259779758647,0.640234,-41.872593,-12.350842,-17.733781,0.10212627747812703,0.7622302833252786,0.5774665706581548,0.49752122024135303,46.34570933637166
train,1,242,24.224224224224226,305,-5.0,3,2,0.19767827010818248,26.676185315721188,-1.105438668660601,-11.534195658293871,-19.532760970222892,26.556409,-1.021613,-11.724863,-19.473195,0.1461954463522682,0.19975520018731846,0.19066734170612776,-0.05956597022289145,78.07202578278071
train,1,242,24.224224224224226,306,-5.0,3,2,0.4525318043170535,41.38451084966308,25.300844599243053,-11.270650921276982,-19.93190219286757,41.478207,25.237163,-11.142932,-19.755753,0.11328863433774465,0.2175790913669172,-0.1277189212769816,-0.17614919286757313,78.24651597424094
train,1,242,24.224224224224226,307,-5.0,2,2,0.416367465885012,57.75747738260793,55.640517354261796,-10.610856118776926,-20.543633368060615,57.701685,55.458396,-10.700748,-20.888548,0.19047566152981435,0.3564360442431504,0.08989188122307468,0.34491463193938543,66.75519033530342
train,1,242,24.224224224224226,304,0.0,2,2,0.1055030482047839,0.5845167938803951,-41.8580112793275,-12.026217166951547,-17.45383404415575,0.640234,-41.872593,-12.350842,-17.733781,0.05759369440785532,0.4286625483036721,0.32462483304845335,0.2799469558442489,64.88755784611507
train,1,242,24.224224224224226,305,0.0,3,2,0.19793302238906568,26.6236459510183,-1.0686426854363855,-11.616122007926716,-19.506598514540666,26.556409,-1.021613,-11.724863,-19.473195,0.0820524155310669,0.11375587079685297,0.10874099207328314,-0.033403514540665924,86.9131830612264
train,1,242,24.224224224224226,306,0.0,3,2,0.45231125273901646,41.424916910070074,25.272399191338838,-11.215943188538501,-19.85451877876292,41.478207,25.237163,-11.142932,-19.755753,0.06388601462610288,0.12282228098537684,-0.07301118853850141,-0.09876577876292103,87.07120272755047
train,1,242,24.224224224224226,307,0.0,2,2,0.4172979349176347,57.73309513992507,55.560803056864756,-10.649963798798272,-20.694675173712927,57.701685,55.458396,-10.700748,-20.888548,0.10711583536440322,0.20041384149862354,0.05078420120172922,0.19387282628707325,79.67269279244134
train,1,242,24.224224224224226,304,5.0,2,2,0.10549395357644444,0.6088709310679341,-41.86431374254669,-12.168291417837999,-17.576273483038083,0.640234,-41.872593,-12.350842,-17.733781,0.03243745052891344,0.24110855013291072,0.18255058216200126,0.15750751696191756,78.40513639568579
train,1,242,24.224224224224226,305,5.0,3,2,0.19807894587366057,26.594218209622326,-1.0480256521039069,-11.663216889707261,-19.49194905493231,26.556409,-1.021613,-11.724863,-19.473195,0.04612119386385317,0.06443568491626743,0.06164611029273814,-0.01875405493230886,92.3817339654269
train,1,242,24.224224224224226,306,5.0,3,2,0.45219626304851546,41.44803339037526,25.25678970086273,-11.184380311674644,-19.811208020241125,41.478207,25.237163,-11.142932,-19.755753,0.035995195575816395,0.06923309765294476,-0.041448311674644245,-0.05545502024112636,92.49355222207416
train,1,242,24.224224224224226,307,5.0,2,2,0.41782217803742205,57.719363751173006,55.51599888535716,-10.672108615782863,-20.779533673379216,57.701685,55.458396,-10.700748,-20.888548,0.060254714707710544,0.11271352064823377,0.028639384217138186,0.10901432662078392,88.00220396826141
train,1,242,24.224224224224226,304,10.0,2,2,0.10548871445941757,0.6225933076400126,-41.8679079262115,-12.248123476047219,-17.645132800673167,0.640234,-41.872593,-12.350842,-17.733781,0.01825223118808804,0.13568197524700185,0.10271852395278103,0.08864819932683332,87.2053821022726
train,1,242,24.224224224224226,305,10.0,3,2,0.19816182657583775,26.577734633499045,-1.036455588698368,-11.690004984714223,-19.483730516196147,26.556409,-1.021613,-11.724863,-19.473195,0.02598239949282122,0.03641535845193145,0.034858015285776034,-0.010535516196146233,95.62514619275458
train,1,242,24.224224224224226,306,10.0,3,2,0.4521343411830573,41.461142369841745,25.24812362687715,-11.166387564488378,-19.786919971875964,41.478207,25.237163,-11.142932,-19.755753,0.02028144334060165,0.03900696913867665,-0.023455564488378045,-0.031166971875965288,95.69878937522073
train,1,242,24.224224224224226,307,10.0,2,2,0.41811714943562844,57.71163889480266,55.490824253932615,-10.684604280121727,-20.827213331383696,57.701685,55.458396,-10.700748,-20.888548,0.033921551775539974,0.06342366487187583,0.0161437198782739,0.0613346686163041,93.06005115342924
train,1,1756,175.77577577577577,366,-10.0,2,2,0.04628800243607939,-23.43183951512447,-82.93050360735432,14.710924365962622,18.628517646043214,-23.420328,-82.983068,15.744469,19.010423,0.05381013245356181,1.1018467270579495,-1.0335446340373782,-0.3819053539567854,33.1820908177735
train,1,1756,175.77577577577577,366,-5.0,2,2,0.04627879100792752,-23.428169332933567,-82.94595429300483,15.16339860945208,18.79541133666341,-23.420328,-82.983068,15.744469,19.010423,0.03793301660952457,0.6195747042466139,-0.5810703905479198,-0.21501166333658972,53.75492856421937
train,1,1756,175.77577577577577,366,0.0,2,2,0.04627045899614535,-23.425229097635643,-82.95979956751769,15.417737881184076,18.889416699085782,-23.420328,-82.983068,15.744469,19.010423,0.023778997207997827,0.34841892724656637,-0.32673111881592476,-0.12100630091421749,70.5231315744683
train,1,1756,175.77577577577577,366,5.0,2,2,0.046264790366926066,-23.423132256256675,-82.96925454327975,15.560693917953664,18.942345107379282,-23.420328,-82.983068,15.744469,19.010423,0.014095227551036864,0.19597928524416988,-0.18377508204633664,-0.0680778926207175,82.16132362916082
train,1,1756,175.77577577577577,366,10.0,2,2,0.04626130005688337,-23.421694977561117,-82.97512811306406,15.641019150298966,18.97213437998584,-23.420328,-82.983068,15.744469,19.010423,0.008056701074767716,0.11030815847323065,-0.10344984970103432,-0.03828862001416056,89.52950141272576
train,1,2205,220.72072072072072,381,-10.0,3,2,0.4746653687577874,5.472450723407417,25.135823097671363,-4.407850723887464,6.611305820847441,5.715236,24.89498,-3.827101,7.03915,0.34197966054441675,0.7213327134062979,-0.5807497238874637,-0.4278441791525589,45.009683290310996
train,1,2205,220.72072072072072,381,-5.0,3,2,0.476265763710597,5.579441229121684,25.030656921361455,-4.152858231594134,6.79901769089204,5.715236,24.89498,-3.827101,7.03915,0.19195949257074166,0.40469902373664757,-0.3257572315941344,-0.24013230910796057,63.895763849510104
train,1,2205,220.72072072072072,381,0.0,3,2,0.47715803698128245,5.63909074666231,24.971372876469403,-4.0100400553723485,6.90425145016114,5.715236,24.89498,-3.827101,7.03915,0.10786088809726307,0.2272978590509703,-0.18293905537234867,-0.1348985498388604,77.75622996183563
train,1,2205,220.72072072072072,381,5.0,3,2,0.47765700459522853,5.672463854174603,24.938012665145767,-3.9299101242541234,6.963324086813631,5.715236,24.89498,-3.827101,7.03915,0.06067344335091504,0.12774695746062456,-0.10280912425412359,-0.07582591318636922,86.81217515690307
train,1,2205,220.72072072072072,381,10.0,3,2,0.4779363025938354,5.691161484049782,24.91928061795446,-3.8849163517367398,6.99650260473913,5.715236,24.89498,-3.827101,7.03915,0.034206758852687376,0.07184299004760189,-0.057815351736739906,-0.042647395260869914,92.35126018692203
train,1,2206,220.82082082082084,381,-10.0,3,2,0.4675998838297766,5.448084483309246,25.89442202044295,-3.313852469803351,7.509822273808676,5.343742,25.614969,-3.72046,7.243126,0.298297409405158,0.4862680187674807,0.40660753019664897,0.2666962738086758,56.5258758101755
train,1,2206,220.82082082082084,381,-5.0,3,2,0.468453889311206,5.402458559159569,25.772058381318256,-3.492195985898791,7.392541812339191,5.343742,25.614969,-3.72046,7.243126,0.16770422786111322,0.2728177873793738,0.2282640141012089,0.14941581233919088,72.59741071667479
train,1,2206,220.82082082082084,381,0.0,3,2,0.46892836836918733,5.376781852490241,25.703300207289065,-3.5922135214516264,7.326978177815521,5.343742,25.614969,-3.72046,7.243126,0.0943081864618384,0.1532264565421526,0.12824647854837368,0.08385217781552079,83.53343089570942
train,1,2206,220.82082082082084,381,5.0,3,2,0.4691933408248543,5.362342704168926,25.664659835490742,-3.6483641848974,7.290235375016975,5.343742,25.614969,-3.72046,7.243126,0.053058131585535614,0.08612258571244977,0.0720958151026001,0.04710937501697465,90.37932420502631
train,1,2206,220.82082082082084,381,10.0,3,2,0.46934169108560236,5.354233912827332,25.64295453058111,-3.6798992269844697,7.269620679530956,5.343742,25.614969,-3.72046,7.243126,0.02988762547749014,0.0484473358510601,0.040560773015530405,0.026494679530955523,94.4665257748033
train,1,2207,220.92092092092093,381,-10.0,3,2,0.46198378319093686,4.70817902845168,25.98262396087976,-3.4858829641509854,7.703632579932718,4.9806,26.356355,-3.6185,7.441512,0.4624803513028695,0.2937592153816504,0.13261703584901463,0.2621205799327173,57.81689346448927
train,1,2207,220.92092092092093,381,-5.0,3,2,0.4610237811117955,4.827836561713253,26.147160070012553,-3.5404299252235893,7.591608841475297,4.9806,26.356355,-3.6185,7.441512,0.25903510729173673,0.16918628312145992,0.0780700747764107,0.150096841475297,73.3893293778413
train,1,2207,220.92092092092093,381,0.0,3,2,0.4604919021650239,4.8947928378280485,26.238990331351694,-3.5735019221066127,7.526775138921609,4.9806,26.356355,-3.6185,7.441512,0.14538684440804953,0.09640866077726062,0.04499807789338739,0.08526313892160875,83.99208667252576
train,1,2207,220.92092092092093,381,5.0,3,2,0.46019518343153365,4.932313139945558,26.290402158835615,-3.592847196002068,7.489737271970019,4.9806,26.356355,-3.6185,7.441512,0.08173981962037793,0.05462365064272597,0.02565280399793224,0.04822527197001847,90.63665713680564
train,1,2207,220.92092092092093,381,10.0,3,2,0.46002904503636116,4.95332123287542,26.3192128396135,-3.6039574396729983,7.468731542416254,4.9806,26.356355,-3.6185,7.441512,0.046083307325035454,0.0308608092929321,0.014542560327001741,0.027219542416253795,94.60477398023028
train,1,2208,221.02102102102103,381,-10.0,3,2,0.45060068126459574,4.451519088657822,26.90535899210436,-2.7429661046415794,7.939488571329158,4.629981,27.118159,-3.521901,7.633113,0.27772737920537627,0.8370218407630126,0.7789348953584208,0.30637557132915827,41.39978141454686
train,1,2208,221.02102102102103,381,-5.0,3,2,0.45001011667001006,4.5298703177433275,26.997908574582098,-3.0834562120434366,7.8061172739549685,4.629981,27.118159,-3.521901,7.633113,0.15646825082131666,0.4713430925482645,0.4384447879565636,0.17300427395496865,60.85748886447858
train,1,2208,221.02102102102103,381,0.0,3,2,0.4496748006873048,4.573750478385005,27.05033885211078,-3.2752031486484565,7.730631354678791,4.629981,27.118159,-3.521901,7.633113,0.08809905800183039,0.26527280177343254,0.24669785135154365,0.09751835467879122,75.61470470512334
train,1,2208,221.02102102102103,381,5.0,3,2,0.4494852307063667,4.59835899188609,27.079934096048834,-3.383104494533146,7.688032946613901,4.629981,27.118159,-3.521901,7.633113,0.04960942127491429,0.14926711113264116,0.1387965054668543,0.05491994661390098,85.44518276089221
train,1,2208,221.02102102102103,381,10.0,3,2,0.44937840847401317,4.612158999041642,27.096593399749523,-3.4437864239621607,7.664037442439474,4.629981,27.118159,-3.521901,7.633113,0.027976755214338615,0.08401314260140344,0.07811457603783944,0.03092444243947412,91.52583572763844
train,1,2209,221.12112112112112,381,-10.0,3,2,0.4429758960962137,4.099800619638752,27.392313092851634,-3.5926498437148244,7.051734355750695,4.289664,27.897897,-3.432654,7.818094,0.5400585064320423,0.7828829889197618,-0.15999584371482456,-0.766359644249305,38.63203600486101
train,1,2209,221.12112112112112,381,-5.0,3,2,0.44075876973814965,4.183297009613908,27.614248784728375,-3.5232255773706367,7.386111307146709,4.289664,27.897897,-3.432654,7.818094,0.3029360438616928,0.4413754156635671,-0.09057157737063681,-0.4319826928532917,58.54737023391423
train,1,2209,221.12112112112112,381,0.0,3,2,0.43950376919316936,4.229958464528458,27.738571121436244,-3.483775612917654,7.574832245693636,4.289664,27.897897,-3.432654,7.818094,0.17014548641106012,0.2485753415274984,-0.05112161291765416,-0.24326175430636443,73.99079747322965
train,1,2209,221.12112112112112,381,5.0,3,2,0.4387956887988674,4.256088755685027,27.808304917918214,-3.4614705577693927,7.681161411718701,4.289664,27.897897,-3.432654,7.818094,0.09567673804305678,0.1399318681898177,-0.028816557769392848,-0.13693258828129906,84.40750126824771
train,1,2209,221.12112112112112,381,10.0,3,2,0.4383971370056228,4.270720968848697,27.847420740901857,-3.4488977745705593,7.740996228548867,4.289664,27.897897,-3.432654,7.818094,0.05391373815403787,0.0787903964644826,-0.016243774570559477,-0.07709777145113339,90.89451686357177
train,1,2210,221.22122122122124,381,-10.0,3,2,0.4210101048563523,3.9602366445839334,29.056499112793354,-3.0578832515269996,8.071876226016377,3.958635,28.696635,-3.351037,7.996455,0.35986767698964095,0.30270031644777723,0.29315374847300024,0.07542122601637669,62.484792141281666
train,1,2210,221.22122122122124,381,-5.0,3,2,0.42313038509181844,3.95966789847839,28.898101758288526,-3.186360524405406,8.038498738069467,3.958635,28.696635,-3.351037,7.996455,0.20146940605102728,0.16995887009835906,0.16467647559459397,0.04204373806946737,76.82939370829376
train,1,2210,221.22122122122124,381,0.0,3,2,0.4243051436041138,3.959251628886564,28.809662087654868,-3.258480728368114,8.019985622892001,3.958635,28.696635,-3.351037,7.996455,0.11302876967801058,0.09550054257479915,0.09255627163188596,0.02353062289200114,86.24548447985593
train,1,2210,221.22122122122124,381,5.0,3,2,0.4249600338115639,3.9589808977964287,28.760139067370766,-3.2989909083679296,8.0096565648787,3.958635,28.696635,-3.351037,7.996455,0.06350500939230094,0.053694291776876686,0.05204609163207019,0.013201564878699834,92.02018137579716
train,1,2210,221.22122122122124,381,10.0,3,2,0.42532616616688357,3.9588073887752278,28.732377613877723,-3.321746855757366,8.003877144958892,3.958635,28.696635,-3.351037,7.996455,0.035743029596017856,0.030215902858347705,0.029290144242633875,0.007422144958892041,95.42749213226864
train,1,2534,253.65365365365366,384,-10.0,3,2,0.60111770792469,11.428398848053607,-14.323910894914217,-0.18292104808573154,-1.2048467858556895,11.530053,-14.399089,0.22205,-1.393515,0.12643304193219987,0.4467630745888242,-0.40497104808573153,0.18866821414431056,62.85694918743272
train,1,2534,253.65365365365366,385,-10.0,3,2,0.5013284905540999,7.09102653702236,22.4347195853363,-3.703589785354624,6.364641658099787,6.987952,22.72865,-4.098062,6.702551,0.3114794517247449,0.5194141425400951,0.39447221464537563,-0.3379093419002128,54.57202343238626
train,1,2534,253.65365365365366,386,-10.0,2,2,0.1134627163315065,7.170113424940548,-38.955788224412544,6.869426764887898,10.524228780533232,7.156488,-39.150865,7.351183,10.932597,0.19555204058871514,0.6315486305422926,-0.4817562351121021,-0.4083682194667677,51.62670771217027
train,1,2534,253.65365365365366,387,-10.0,2,2,0.06931723611281865,-5.439686477343621,-62.047171199210894,16.127653070264056,23.21614868976689,-5.776963,-61.884346,17.336505,22.605239,0.37452302764081985,1.3544495697800594,-1.2088519297359426,0.6109096897668884,24.529930092656237
train,1,2534,253.65365365365366,388,-10.0,2,2,0.04640292317243119,-23.774054984455287,-82.63273227218528,17.59790894711587,22.287684774558844,-23.363066,-82.962621,17.798084,22.193825,0.5270090303617214,0.221087559752695,-0.20017505288413062,0.09385977455884387,56.467483355656746
train,1,2534,253.65365365365366,384,-5.0,3,2,0.6009346765786906,11.472831477096587,-14.356803857542133,-0.005774769648889537,-1.2875249834961875,11.530053,-14.399089,0.22205,-1.393515,0.07115009456120197,0.2512727785973802,-0.22782476964888954,0.10599001650381257,77.01638780820367
train,1,2534,253.65365365365366,385,-5.0,3,2,0.5006470709775772,7.045663222942433,22.56308848725791,-3.876847876706926,6.512294046618633,6.987952,22.72865,-4.098062,6.702551,0.1753316849715405,0.29177627842969467,0.22121412329307377,-0.1902569533813665,71.14831253600596
train,1,2534,253.65365365365366,386,-5.0,2,2,0.1132364817341936,7.164737539368889,-39.04022433764625,7.079996772485111,10.703044537155732,7.156488,-39.150865,7.351183,10.932597,0.11094778531307362,0.35529748548452467,-0.27118622751488886,-0.22955246284426778,68.92044659745741
train,1,2534,253.65365365365366,387,-5.0,2,2,0.06938693766470744,-5.58532211213369,-61.970322211491975,16.656789692809017,22.949966904331404,-5.776963,-61.884346,17.336505,22.605239,0.21004318328548688,0.7621353074451097,-0.6797153071909818,0.3447279043314033,45.35955180314994
train,1,2534,253.65365365365366,388,-5.0,2,2,0.04635050455217923,-23.594313852867966,-82.77717388432438,17.685472622691744,22.246413596125567,-23.363066,-82.962621,17.798084,22.193825,0.29642233749913216,0.1242854888622166,-0.1126113773082551,0.05258859612556677,72.51160783544208
train,1,2534,253.65365365365366,384,0.0,3,2,0.6008319642115562,11.497852681703323,-14.375302658136368,0.0938977178401004,-1.333942413728484,11.530053,-14.399089,0.22205,-1.393515,0.04003311826052163,0.1413219744338004,-0.1281522821598996,0.05957258627151596,86.33951787998987
train,1,2534,253.65365365365366,385,0.0,3,2,0.5002477547339719,7.020331940050886,22.635450547417552,-3.9738508658601726,6.59548115859255,6.987952,22.72865,-4.098062,6.702551,0.09866406883646466,0.1639888922559041,0.1242111341398271,-0.10706984140744957,82.58173131542681
train,1,2534,253.65365365365366,386,0.0,2,2,0.11310788758695076,7.161296427320162,-39.088341184774514,7.1985890938963335,10.803530578007503,7.156488,-39.150865,7.351183,10.932597,0.06270843997138198,0.19985755293688445,-0.1525939061036663,-0.12906642199249596,81.10184046201358
train,1,2534,253.65365365365366,387,0.0,2,2,0.06942090341482772,-5.668582263626094,-61.93093242134855,16.954268940414398,22.79948140051235,-5.776963,-61.884346,17.336505,22.605239,0.11796897334051365,0.428759274423687,-0.38223605958560114,0.19424240051234776,64.10215223119765
train,1,2534,253.65365365365366,388,0.0,2,2,0.04632092184949075,-23.4931763155666,-82.85834171548142,17.734744807955515,22.223335437543714,-23.363066,-82.962621,17.798084,22.193825,0.16674190653986165,0.06987645649909188,-0.06333919204448435,0.029510437543713408,83.46093194510983
train,1,2534,253.65365365365366,384,5.0,3,2,0.6007742387768908,11.511930896399402,-14.385702105916334,0.14995945835836064,-1.3600182100387144,11.530053,-14.399089,0.22205,-1.393515,0.022530414379636217,0.07949264828835072,-0.07209054164163936,0.03349678996128569,92.06974017802153
train,1,2534,253.65365365365366,385,5.0,3,2,0.5000181603646097,7.006148329229975,22.67619124883277,-4.0282607574567235,6.642303904581614,6.987952,22.72865,-4.098062,6.702551,0.05552501212490593,0.09220588900356266,0.06980124254327613,-0.06024709541838558,89.79567097519026
train,1,2534,253.65365365365366,386,5.0,2,2,0.11303516498684579,7.159206263268908,-39.1155921887231,7.2653313046081465,10.86000797125859,7.156488,-39.150865,7.351183,10.932597,0.035377396322725616,0.11242633452744427,-0.08585169539185333,-0.07258902874140993,88.88194936315337
train,1,2534,253.65365365365366,387,5.0,2,2,0.06943835123501275,-5.715904625695577,-61.90997562472466,17.121533764434602,22.714598977307393,-5.776963,-61.884346,17.336505,22.605239,0.06621935318489482,0.24118921360041493,-0.21497123556539677,0.10935997730739189,77.87116522512625
train,1,2534,253.65365365365366,388,5.0,2,2,0.04630425534238766,-23.436305207781196,-82.90395618581303,17.76246141873959,22.210398240313022,-23.363066,-82.962621,17.798084,22.193825,0.09383784939995564,0.03928919177238957,-0.03562258126040874,0.016573240313022097,90.32725605180278
train,1,2534,253.65365365365366,384,10.0,3,2,0.600741730023927,11.519844336110191,-14.39154261668822,0.18147852733627923,-1.374668525935426,11.530053,-14.399089,0.22205,-1.393515,0.012695066738832497,0.04473515372466826,-0.04057147266372077,0.01884647406457396,95.45630343382714
train,1,2534,253.65365365365366,385,10.0,3,2,0.499887559843499,6.998200123196472,22.699103186857187,-4.058805383817481,6.6686384132631185,6.987952,22.72865,-4.098062,6.702551,0.031273602222102584,0.05187625134190067,0.0392566161825183,-0.033912586736881245,94.12243165106082
train,1,2534,253.65365365365366,386,10.0,2,2,0.11299417805837877,7.157949961448378,-39.13096460042636,7.3028709759549715,10.891745205489757,7.156488,-39.150865,7.351183,10.932597,0.019954028026120584,0.06326863979914908,-0.04831202404502832,-0.040851794510242456,93.58120102880218
train,1,2534,253.65365365365366,387,10.0,2,2,0.06944764135100079,-5.742748467532584,-61.89855558168018,17.21557367416041,22.666787246956204,-5.776963,-61.884346,17.336505,22.605239,0.03704789391435781,0.13569293376113056,-0.12093132583958877,0.0615482469562032,86.87850092342796
train,1,2534,253.65365365365366,388,10.0,2,2,0.04629487747214872,-23.404364068325616,-82.92957772013733,17.778049860973944,22.203134539293163,-23.363066,-82.962621,17.798084,22.193825,0.05289034686509302,0.02209149719612195,-0.020034139026055442,0.009309539293163027,94.42931602915672
train,1,2548,255.05505505505508,384,-10.0,3,2,0.6445664581834363,11.624804236725543,-15.65171626309569,0.07255069091612026,-0.44490453067770447,11.643626,-15.485355,0.045787,-0.338642,0.16742260490015337,0.10958111414602291,0.026763690916120263,-0.10626253067770447,81.8652281451486
train,1,2548,255.05505505505508,385,-10.0,3,2,0.3443778242465339,2.685540457521565,33.890532370704534,-3.1418329089901054,8.908298591227902,2.565142,34.071361,-2.862776,9.19891,0.21724360001263635,0.40289918014760817,-0.27905690899010516,-0.29061140877209723,63.27142935265624
train,1,2548,255.05505505505508,386,-10.0,2,2,0.15153595520312696,14.15259299591288,-27.04187267030286,2.1686512551883688,6.2456476242812435,15.10871,-27.237469,3.991906,6.050187,0.9759188745462015,1.833701916921761,-1.8232547448116314,0.19546062428124333,12.527687234528063
train,1,2548,255.05505505505508,387,-10.0,2,2,0.1394854389938192,16.946284191985228,-29.543744383020282,15.74296251591019,23.58607704914761,17.100941,-29.224534,15.372131,23.850435,0.3547026880265697,0.45541315239145624,0.37083151591019003,-0.2643579508523892,56.14413860273492
train,1,2548,255.05505505505508,388,-10.0,2,2,0.08514119890632525,1.1259484992642468,-51.960194253205266,16.845543238749197,22.400965859200035,1.200923,-51.687922,16.989563,22.706358,0.28240636612167186,0.33764782139549626,-0.14401976125080296,-0.3053921407999667,64.39197921701819
train,1,2548,255.05505505505508,389,-10.0,2,2,0.6826716804273972,50.568957855745325,41.536135914422246,-9.673008243584277,-16.755638426786568,50.736082,41.784888,-8.915277,-16.521417,0.2996799620797859,0.7931054874792584,-0.7577312435842778,-0.23422142678656854,42.83412354761496
train,1,2548,255.05505505505508,384,-5.0,3,2,0.6415513038192096,11.632372327355569,-15.57773141654627,0.06082887639391557,-0.3981714016529271,11.643626,-15.485355,0.045787,-0.338642,0.09305937610965302,0.06140038848904258,0.01504187639391557,-0.05952940165292708,89.4500195601878
train,1,2548,255.05505505505508,385,-5.0,3,2,0.3429986179062025,2.633206205540798,33.968880898578526,-3.0201681927850927,9.03491214512232,2.565142,34.071361,-2.862776,9.19891,0.12302401092167463,0.22730507859302287,-0.15739219278509253,-0.16399785487767993,77.22385240843988
train,1,2548,255.05505505505508,386,-5.0,2,2,0.15088827398412172,14.57066333976625,-27.12822771471176,2.963924533869288,6.154873670582577,15.10871,-27.237469,3.991906,6.050187,0.5490244684894466,1.0332982114113591,-1.0279814661307123,0.10468667058257708,31.033603200986654
train,1,2548,255.05505505505508,387,-5.0,2,2,0.13995088566188812,17.014161280356944,-29.403495476051752,15.580522451660409,23.70193155216913,17.100941,-29.224534,15.372131,23.850435,0.19889175360469208,0.2558911314266077,0.2083914516604093,-0.14850344783087266,72.3180832010229
train,1,2548,255.05505505505508,388,-5.0,2,2,0.08535767912142996,1.1595378968738697,-51.83701198542378,16.908293928523367,22.534751336362906,1.200923,-51.687922,16.989563,22.706358,0.15472734249130896,0.18987761580378446,-0.08126907147663331,-0.1716066636370961,78.27539691763356
train,1,2548,255.05505505505508,389,-5.0,2,2,0.6795015666835234,50.64203742936495,41.644567936258376,-9.341083492611697,-16.65309994776217,50.736082,41.784888,-8.915277,-16.521417,0.16892040005394865,0.4457034528490992,-0.4258064926116969,-0.13168294776216882,62.08660139591509
train,1,2548,255.05505505505508,384,0.0,3,2,0.6398714732067573,11.637080665633338,-15.536943979557874,0.05424480127835424,-0.37204899190430957,11.643626,-15.485355,0.045787,-0.338642,0.05200254045519418,0.03446101435765836,0.008457801278354236,-0.03340699190430957,93.95215721611903
train,1,2548,255.05505505505508,385,0.0,3,2,0.3422157705437241,2.603533246095971,34.013479668587145,-2.9514389954162534,9.106497048123614,2.565142,34.071361,-2.862776,9.19891,0.0694560026414314,0.1280674838930227,-0.08866299541625322,-0.09241295187638521,86.44261063867245
train,1,2548,255.05505505505508,386,0.0,2,2,0.15051976983642318,14.805960496729977,-27.176265555210154,3.4129460585322335,6.107398500148812,15.10871,-27.237469,3.991906,6.050187,0.3088739603533935,0.5817798291223556,-0.5789599414677666,0.05721150014881182,51.752949106542246
train,1,2548,255.05505505505508,387,0.0,2,2,0.14021216649791737,17.052199892414563,-29.325011492662,15.489280299039615,23.76696988657238,17.100941,-29.224534,15.372131,23.850435,0.11167552149104819,0.1438415219085192,0.11714929903961568,-0.08346511342762142,83.35147906523818
train,1,2548,255.05505505505508,388,0.0,2,2,0.08547492315162078,1.177933411599534,-51.77050623141767,16.943762092907924,22.609897975914098,1.200923,-51.687922,16.989563,22.706358,0.08572442157092729,0.10678136231154786,-0.04580090709207596,-0.09646002408590348,87.20277289200915
train,1,2548,255.05505505505508,389,0.0,2,2,0.6777228780524023,50.683166963730756,41.70583465030302,-9.154646422769654,-16.595462966182286,50.736082,41.784888,-8.915277,-16.521417,0.09512850866953335,0.25056042318160615,-0.2393694227696539,-0.0740459661822861,76.48992776831032
train,1,2548,255.05505505505508,384,5.0,3,2,0.6389319056959464,11.63988821524391,-15.514279069644198,0.050544243091321335,-0.3574099400291601,11.643626,-15.485355,0.045787,-0.338642,0.029164581938804814,0.019361480696684193,0.004757243091321334,-0.0187679400291601,96.559935041277
train,1,2548,255.05505505505508,385,5.0,3,2,0.34177324555094374,2.5867681769371105,34.03873083227329,-2.912692379982971,9.146872837408068,2.565142,34.071361,-2.862776,9.19891,0.039146128477651435,0.07210763677464019,-0.04991637998297094,-0.05203716259193136,92.12274223466136
train,1,2548,255.05505505505508,386,5.0,2,2,0.15031126125566355,14.938295649502628,-27.20310751270487,3.665997884192979,6.081836530402167,15.10871,-27.237469,3.991906,6.050187,0.17384407572469837,0.3274412813369147,-0.3259081158070214,0.03164953040216645,69.02313747345904
train,1,2548,255.05505505505508,387,5.0,2,2,0.14035891230037176,17.073554663675502,-29.281006121410716,15.43800841543475,23.803505839930075,17.100941,-29.224534,15.372131,23.850435,0.06276234471325355,0.08088374329388673,0.06587741543475012,-0.04692916006992576,90.26881080663888
train,1,2548,255.05505505505508,388,5.0,2,2,0.08553940712459542,1.1881771759758697,-51.7339942547147,16.963752015214716,22.652132634908273,1.200923,-51.687922,16.989563,22.706358,0.04780281042522946,0.06005495112742486,-0.02581098478528432,-0.05422536509172815,92.61144571837072
train,1,2548,255.05505505505508,389,5.0,2,2,0.67672416909395,50.70629831208595,41.74037438270624,-9.049885723083793,-16.56306205537597,50.736082,41.784888,-8.915277,-16.521417,0.05355866120747504,0.1409035803928241,-0.1346087230837938,-0.04164505537596952,86.0071854249423
train,1,2548,255.05505505505508,384,10.0,3,2,0.6384055898893287,11.641529871932594,-15.501640258327411,0.048464591700113545,-0.3491963703670133,11.643626,-15.485355,0.045787,-0.338642,0.016419603882721134,0.010888720363596687,0.0026775917001135435,-0.010554370367013288,98.04908454298113
train,1,2548,255.05505505505508,385,10.0,3,2,0.3415236831018007,2.5773155064646467,34.0529840371742,-2.8908786983237906,9.169609593175165,2.565142,34.071361,-2.862776,9.19891,0.02204329880815962,0.04059895926226156,-0.02810269832379042,-0.02930040682483437,95.48536337967558
train,1,2548,255.05505505505508,386,10.0,2,2,0.15019371727490022,15.01263649083242,-27.218135327831348,3.8084299383971163,6.0678237446656755,15.10871,-27.237469,3.991906,6.050187,0.09799954103615978,0.18432178369283286,-0.18347606160288388,0.01763674466567533,81.15944795607258
train,1,2548,255.05505505505508,387,10.0,2,2,0.140441313685394,17.085556511213635,-29.256316246578837,15.409196577511034,23.824034066772565,17.100941,-29.224534,15.372131,23.850435,0.035309965913547105,0.04550677214993422,0.037065577511034675,-0.02640093322743553,94.40283023572503
train,1,2548,255.05505505505508,388,10.0,2,2,0.08557517958467134,1.1939818396532667,-51.713764228796215,16.974988310334556,22.67587987735563,1.200923,-51.687922,16.989563,22.706358,0.026758185590861266,0.0337836874655412,-0.014574689665444396,-0.030478122644371552,95.7818625786766
train,1,2548,255.05505505505508,389,10.0,2,2,0.6761634836439073,50.71929288720242,41.759815323078634,-8.991020492694277,-16.54485077801627,50.736082,41.784888,-8.915277,-16.521417,0.030174715185619563,0.07928567738024214,-0.07574349269427749,-0.023433778016269002,91.86651787929594
train,1,2560,256.2562562562563,384,-10.0,3,2,0.6357825911574275,12.094141298015872,-15.780460448514303,-0.019281596750622968,-0.7334578337978803,11.649299,-15.600107,-0.000144,-0.031505,0.4800125378519232,0.7022136629874586,-0.01913759675062297,-0.7019528337978803,42.71596383588006
train,1,2560,256.2562562562563,385,-10.0,3,2,0.20505294206171343,-0.9797190848480994,45.97064134460926,-3.208987738297498,11.176858014972595,-0.987462,46.087346,-3.207812,10.838557,0.11696123000772315,0.3383030580589425,-0.0011757382974977304,0.3383010149725951,69.91073597070931
train,1,2560,256.2562562562563,386,-10.0,2,2,0.1720814422467477,17.362912768102586,-21.990435255599166,2.8733153726129608,3.324873669799432,18.321231,-22.252688,1.684821,2.676148,0.9935543948535263,1.3540176765424436,1.1884943726129609,0.6487256697994321,18.647862506355057
train,1,2560,256.2562562562563,387,-10.0,3,2,0.2621480433809462,34.63156640255816,-0.07980148271398953,14.544609518317781,24.927179638504317,34.763648,-0.132218,14.046986,24.466621,0.1421022155604361,0.6780438226869385,0.4976235183177806,0.4605586385043168,50.0186390421478
train,1,2560,256.2562562562563,388,-10.0,2,2,0.15803759726970754,20.51842452700855,-24.043183070197646,16.22560768212033,23.72251466766193,20.741586,-23.879876,15.360864,23.712381,0.27653253371756126,0.864803056763394,0.8647436821203307,0.010133667661929024,40.33543839763193
train,1,2560,256.2562562562563,389,-10.0,3,2,0.4207949814584701,40.07217179634227,22.222017339463047,-9.57930833500507,-15.972657876372802,39.911687,22.19046,-9.146769,-16.206243,0.16355804942284202,0.49158141371146374,-0.43253933500506925,0.23358512362719885,59.56650581583549
train,1,2560,256.2562562562563,390,-10.0,3,2,0.20542869062856065,-3.8442662501137965,43.9480150414674,4.2446818422215875,-14.622615331800645,-3.774032,43.791243,4.385911,-14.708584,0.1717856887953797,0.16533688916503333,-0.1412291577784126,0.08596866819935478,78.78675627078054
train,1,2560,256.2562562562563,384,-5.0,3,2,0.6384687104454209,11.8990635169363,-15.70142354123486,-0.01154772362217614,-0.4262918865313647,11.649299,-15.600107,-0.000144,-0.031505,0.26953173365713134,0.3949515548641119,-0.01140372362217614,-0.3947868865313647,61.99248809168374
train,1,2560,256.2562562562563,385,-5.0,3,2,0.20501319192953735,-0.9829186936967421,46.02122923027383,-3.208106569134198,11.029466988152675,-0.987462,46.087346,-3.207812,10.838557,0.06627268570978473,0.19091021540878736,-0.0002945691341977863,0.19090998815267568,81.70246045571764
train,1,2560,256.2562562562563,386,-5.0,2,2,0.17098613147788153,17.781564241195305,-22.105838811682702,2.352940723337659,3.0443259661258457,18.321231,-22.252688,1.684821,2.676148,0.5592896339717149,0.7628492508047409,0.668119723337659,0.36817796612584575,38.83264139350388
train,1,2560,256.2562562562563,387,-5.0,3,2,0.2629756056831385,34.689248698970204,-0.10258840990263093,14.325684238149009,24.725645930992627,34.763648,-0.132218,14.046986,24.466621,0.08008226147569067,0.3804820926444458,0.2786982381490084,0.25902493099262713,67.7857320034986
train,1,2560,256.2562562562563,388,-5.0,2,2,0.1582206750831751,20.616223257023645,-23.971242224691732,15.846888226505607,23.718692752215755,20.741586,-23.879876,15.360864,23.712381,0.15512448014732,0.48606520855375696,0.4860242265056076,0.006311752215754751,60.03643415804159
train,1,2560,256.2562562562563,389,-5.0,3,2,0.4205871565535841,40.002611992971715,22.208051415251028,-9.39044300809517,-16.07457681246229,39.911687,22.19046,-9.146769,-16.206243,0.09261108053273336,0.27697113055674283,-0.24367400809516937,0.13166618753771075,74.67355235941831
train,1,2560,256.2562562562563,390,-5.0,3,2,0.20610283376559863,-3.8128329131642493,43.87868481518742,4.305787563774361,-14.66109944931152,-3.774032,43.791243,4.385911,-14.708584,0.09566390074448249,0.09313725133742635,-0.08012343622563911,0.047484550688480454,87.50147556705377
train,1,2560,256.2562562562563,384,0.0,3,2,0.6399742710928307,11.789647920058439,-15.657055428057259,-0.006758067679555693,-0.2535378642082078,11.649299,-15.600107,-0.000144,-0.031505,0.15146267797633545,0.22213135456249794,-0.006614067679555693,-0.22203286420820778,76.4253680025273
train,1,2560,256.2562562562563,385,0.0,3,2,0.20499346907168509,-0.9848477779799887,46.050005823209,-3.207860876103034,10.946133293408083,-0.987462,46.087346,-3.207812,10.838557,0.03743157703801583,0.10757630451124224,-4.8876103033723695e-05,0.1075762934080835,89.23449366850684
train,1,2560,256.2562562562563,386,0.0,2,2,0.17036571360095457,18.017447395073344,-22.17029509416236,2.0604884180601513,2.8842695293936194,18.321231,-22.252688,1.684821,2.676148,0.3147587481780382,0.42946545843539,0.37566741806015136,0.2081215293936194,58.71587821280969
train,1,2560,256.2562562562563,387,0.0,3,2,0.263446114555549,34.721761962181226,-0.11550403164227888,14.203360081788501,24.612300548636274,34.763648,-0.132218,14.046986,24.466621,0.04509763743721999,0.21371800192324739,0.15637408178850087,0.14567954863627364,80.37843118061153
train,1,2560,256.2562562562563,388,0.0,2,2,0.15832194678670547,20.671109674127365,-23.931110536659897,15.634114023759848,23.716121229056252,20.741586,-23.879876,15.360864,23.712381,0.08713145388010285,0.273275620570425,0.2732500237598483,0.0037402290562518203,75.06393186246848
train,1,2560,256.2562562562563,389,0.0,3,2,0.42047606946540156,39.96304605211011,22.20030429072342,-9.283942150479051,-16.132098787062436,39.911687,22.19046,-9.146769,-16.206243,0.05229399863747231,0.1559289502449085,-0.13717315047905032,0.0741442129375649,84.83480583072789
train,1,2560,256.2562562562563,390,0.0,3,2,0.20647951324531977,-3.7956351346177977,43.84019904964971,4.340631162654238,-14.68214898468882,-3.774032,43.791243,4.385911,-14.708584,0.05351065522510084,0.05243160978418522,-0.04527983734576235,0.026435015311180976,92.78210678857732
train,1,2560,256.2562562562563,384,5.0,3,2,0.6408193178727823,11.728219145182363,-15.632135907064297,-0.003927326836857036,-0.1563948632715845,11.649299,-15.600107,-0.000144,-0.031505,0.0851718275214219,0.12494715486936689,-0.003783326836857036,-0.1248898632715845,85.96626935494268
train,1,2560,256.2562562562563,385,5.0,3,2,0.20498323001357363,-0.9859759448081318,46.06628704640674,-3.2078019851609776,10.899131625595912,-0.987462,46.087346,-3.207812,10.838557,0.02111132128683827,0.06057462642379152,1.001483902252076e-05,0.06057462559591187,93.78661313419119
train,1,2560,256.2562562562563,386,5.0,2,2,0.1700155267432502,18.150195457332664,-22.206394626368592,1.8961016405577393,2.793545186375447,18.321231,-22.252688,1.684821,2.676148,0.17718982278248205,0.24170562352448513,0.21128064055773943,0.11739718637544705,74.10432790417757
train,1,2560,256.2562562562563,387,5.0,3,2,0.26371224681168237,34.740063398546205,-0.12279643169241218,14.134829638749705,24.548563057460214,34.763648,-0.132218,14.046986,24.466621,0.025396837895869072,0.12012912073931827,0.08784363874970502,0.0819420574602141,88.44543442572471
train,1,2560,256.2562562562563,388,5.0,2,2,0.15837838217116423,20.701920111317737,-23.908647378270103,15.514540244599772,23.714538955481427,20.741586,-23.879876,15.360864,23.712381,0.049001784993153545,0.15369139509467952,0.15367624459977236,0.002157955481425944,85.10247723753145
train,1,2560,256.2562562562563,389,5.0,3,2,0.4204154810269278,39.94066102547417,22.195981057095807,-9.223965552945323,-16.164510491998357,39.911687,22.19046,-9.146769,-16.206243,0.029495359357583757,0.08775482898819424,-0.07719655294532224,0.041732508001643964,91.15771197055544
train,1,2560,256.2562562562563,390,5.0,3,2,0.2066904668251386,-3.786118683588634,43.818723532086004,4.360371045991958,-14.693803889503771,-3.774032,43.791243,4.385911,-14.708584,0.030021118631749274,0.029508319454243225,-0.025539954008042542,0.01478011049622907,95.87784707014553
train,1,2560,256.2562562562563,384,10.0,3,2,0.6412937723886631,11.693728445444714,-15.618142166223686,-0.0022929071209905026,-0.1017864491330481,11.649299,-15.600107,-0.000144,-0.031505,0.04795042067845608,0.07031429366818578,-0.0021489071209905026,-0.0702814491330481,91.8413246507661
train,1,2560,256.2562562562563,385,10.0,3,2,0.20497773265946045,-0.9866265338480487,46.075465707457134,-3.207793635968122,10.872664046633831,-0.987462,46.087346,-3.207812,10.838557,0.011909632848877014,0.03410705157764342,1.8364031878270737e-05,0.03410704663383157,96.45181898416412
train,1,2560,256.2562562562563,386,10.0,2,2,0.16981837541621797,18.224794783468788,-22.226633644751796,1.803713921847426,2.742315448378453,18.321231,-22.252688,1.684821,2.676148,0.0998938100497452,0.13606490396253343,0.11889292184742617,0.06616744837845312,84.46803456677291
train,1,2560,256.2562562562563,387,10.0,3,2,0.26386222665635445,34.75034920509086,-0.12690178581262107,14.096388102141589,24.512732314233872,34.763648,-0.132218,14.046986,24.466621,0.014322013801189401,0.06757825831125606,0.049402102141588244,0.04611131423387249,93.32527283858568
train,1,2560,256.2562562562563,388,10.0,2,2,0.15840998253843966,20.719197063277264,-23.896052823448446,15.447351584967718,23.71360173487366,20.741586,-23.879876,15.360864,23.712381,0.027621623856264942,0.08649619961119752,0.08648758496771869,0.001220734873658813,91.32008021194228
train,1,2560,256.2562562562563,389,10.0,3,2,0.4203820259165607,39.92804529227295,22.19356053829895,-9.190220822636938,-16.182753363938502,39.911687,22.19046,-9.146769,-16.206243,0.016649536444911,0.049394573515453094,-0.043451822636937365,0.02348963606149823,94.92100685547578
train,1,2560,256.2562562562563,390,10.0,3,2,0.20680867361371028,-3.780821265591737,43.806714013261775,4.371511507443776,-14.700302349844142,-3.774032,43.791243,4.385911,-14.708584,0.016895158437289694,0.016611174407030527,-0.014399492556224303,0.008281650155858244,97.65850788668406
train,1,2746,274.8748748748749,390,-10.0,3,2,0.3891051689375065,14.685040979045564,-10.549400869936589,0.29714839424170175,-0.12312973747741535,14.964069,-10.626011,-0.050187,-0.051794,0.2893540193363181,0.354585199260326,0.34733539424170173,-0.07133573747741534,63.27599959224845
train,1,2746,274.8748748748749,392,-10.0,3,2,0.6028799525003885,11.595762354656982,-14.514541350285283,-0.16943710398573683,-0.12411773836327145,11.700535,-14.384275,-0.064703,-0.031946,0.16717245355865853,0.1395165290945933,-0.10473410398573683,-0.09217173836327144,80.43330943047285
train,1,2746,274.8748748748749,393,-10.0,3,2,0.4581327675000229,9.620719082695153,-6.115022182453575,-0.9841432872063791,-0.2992546190384491,9.649639,-5.818557,0.019498,-0.435513,0.2978723988961555,1.0128485472999114,-1.0036412872063791,0.1362583809615509,34.79343332164614
train,1,2746,274.8748748748749,395,-10.0,2,2,0.07032613597258754,-5.980110651648731,-61.16687682337642,13.01112281314497,16.71600021490807,-5.302142,-61.186993,12.232597,16.47085,0.6782670220350905,0.8162114123206751,0.7785258131449702,0.24515021490807243,34.602371861180124
train,1,2746,274.8748748748749,396,-10.0,2,2,0.07213666664677149,-8.56174427537916,-59.29718889391802,7.521027689510134,11.231442840999751,-7.764584,-59.397066,7.953089,10.830601,0.8033927688010954,0.5893650460608357,-0.43206131048986673,0.4008418409997514,36.921024421144814
train,1,2746,274.8748748748749,390,-5.0,3,2,0.3860700651868783,14.806969316340524,-10.581319096034028,0.14724921733398247,-0.0907191649249473,14.964069,-10.626011,-0.050187,-0.051794,0.16333302448069473,0.2012367470905498,0.19743621733398248,-0.038925164924947304,77.16846539573801
train,1,2746,274.8748748748749,392,-5.0,3,2,0.599372862960399,11.640824140541127,-14.456666932576642,-0.12390680701271203,-0.08388306012792701,11.700535,-14.384275,-0.064703,-0.031946,0.09384017604149225,0.07875626311303982,-0.05920380701271204,-0.05193706012792701,88.46976807100751
train,1,2746,274.8748748748749,393,-5.0,3,2,0.4561085956702374,9.63318095846398,-5.9850164332831355,-0.5457196009859163,-0.35873170727552545,9.649639,-5.818557,0.019498,-0.435513,0.1672710676122561,0.5704088913899537,-0.5652176009859163,0.07678129272447454,55.187756209827455
train,1,2746,274.8748748748749,395,-5.0,2,2,0.07037231692341633,-5.6833955144928625,-61.17614173288039,12.669999209722263,16.609766821256837,-5.302142,-61.186993,12.232597,16.47085,0.38140790803450914,0.45893199528690864,0.4374022097222632,0.13891682125683857,55.06073994673667
train,1,2746,274.8748748748749,396,-5.0,2,2,0.07217495325031602,-8.210997970434281,-59.33969616248011,7.709258115001395,11.055347921288561,-7.764584,-59.397066,7.953089,10.830601,0.45008524887620804,0.3316092265120044,-0.24383088499860506,0.22474692128856155,57.17496651694771
train,1,2746,274.8748748748749,390,0.0,3,2,0.3843792788150363,14.875656160913342,-10.600370862616433,0.06151529497681313,-0.07331096527964513,14.964069,-10.626011,-0.050187,-0.051794,0.09205567207082592,0.11375580204074176,0.11170229497681314,-0.021516965279645132,86.38662014383482
train,1,2746,274.8748748748749,392,0.0,3,2,0.5974058444236013,11.66669040714418,-14.424712795031285,-0.098094807583465,-0.06118730419792068,11.700535,-14.384275,-0.064703,-0.031946,0.05273207498826837,0.04438543325108458,-0.03339180758346501,-0.029241304197920676,93.33961216105459
train,1,2746,274.8748748748749,393,0.0,3,2,0.45498744369259475,9.640315068162623,-5.912101309546503,-0.2986256248759203,-0.39228229950662985,9.649639,-5.818557,0.019498,-0.435513,0.0940078377234578,0.3210475574885172,-0.31812362487592033,0.04323070049337013,71.56757789482822
train,1,2746,274.8748748748749,395,0.0,2,2,0.07039787307425845,-5.51657765665065,-61.1810323422742,12.478457891965672,16.549304942271014,-5.302142,-61.186993,12.232597,16.47085,0.21451848471336848,0.25807509791706756,0.2458608919656715,0.07845494227101568,71.49158542236756
train,1,2746,274.8748748748749,396,0.0,2,2,0.0721938248438657,-8.015075961222891,-59.364414367595984,7.815693917391216,10.956782072637987,-7.764584,-59.397066,7.953089,10.830601,0.2526110681184366,0.186545093254011,-0.1373950826087844,0.12618107263798706,73.05010876816227
train,1,2746,274.8748748748749,390,5.0,3,2,0.3834336266427342,14.914316719622473,-10.611435096269766,0.01285313760086874,-0.06377886435421093,14.964069,-10.626011,-0.050187,-0.051794,0.051843479554493074,0.06416927553218363,0.06304013760086874,-0.01198486435421093,92.08159455429785
train,1,2746,274.8748748748749,392,5.0,3,2,0.59630183992055,11.681389692779915,-14.406933143617415,-0.08351531797314253,-0.04840365232302128,11.700535,-14.384275,-0.064703,-0.031946,0.029663685892667806,0.02499515208011484,-0.018812317973142534,-0.01645765232302128,96.19523534448433
train,1,2746,274.8748748748749,393,5.0,3,2,0.4543626369785163,9.644361881297788,-5.871173180771225,-0.15951634843889803,-0.4111810812697925,9.649639,-5.818557,0.019498,-0.435513,0.05288015186010223,0.18066039747575174,-0.17901434843889802,0.024331918730207458,82.84154409152019
train,1,2746,274.8748748748749,395,5.0,2,2,0.07041211194746168,-5.422811900487457,-61.18367822941097,12.370852462248473,16.515077699985955,-5.302142,-61.186993,12.232597,16.47085,0.12071541984233315,0.14515737076561702,0.1382554622484733,0.04422769998595655,82.79577051444265
train,1,2746,274.8748748748749,396,5.0,2,2,0.07220360117001964,-7.905391809313654,-59.378556886931676,7.875732414640585,10.901500278955206,-7.764584,-59.397066,7.953089,10.830601,0.1420191058635648,0.10493211641264386,-0.07735658535941514,0.07089927895520631,83.81324875437886
train,1,2746,274.8748748748749,390,10.0,3,2,0.3829037801446237,14.936059436240294,-10.61777025232767,-0.014645054236521354,-0.05850121039801899,14.964069,-10.626011,-0.050187,-0.051794,0.029196670772676684,0.0361692767411425,0.03554194576347865,-0.006707210398018991,95.45808614635467
train,1,2746,274.8748748748749,392,10.0,3,2,0.595682495522393,11.689682132412962,-14.39699811217142,-0.07529900479740927,-0.0412106034607787,11.700535,-14.384275,-0.064703,-0.031946,0.016723107312587762,0.01407509129463084,-0.01059600479740927,-0.009264603460778696,97.83791919745093
train,1,2746,274.8748748748749,393,10.0,3,2,0.45401361084818365,9.646639440126794,-5.8482061313071,-0.08126512419070309,-0.42181544761765316,9.649639,-5.818557,0.019498,-0.435513,0.02980047561195249,0.10168987234694608,-0.10076312419070309,0.013697552382346823,89.94547820123941
train,1,2746,274.8748748748749,395,10.0,2,2,0.07042007446413007,-5.370151655809066,-61.18512737061244,12.310400338774212,16.495760917557583,-5.302142,-61.186993,12.232597,16.47085,0.06803523981202175,0.08169402265756955,0.07780333877421164,0.0249109175575839,89.9142101393525
train,1,2746,274.8748748748749,396,10.0,2,2,0.07220883692140985,-7.843964452951458,-59.3865663631505,7.909549379021846,10.870463717001064,-7.764584,-59.397066,7.953089,10.830601,0.08007183452844129,0.059031642376171915,-0.043539620978154225,0.03986271700106414,90.5308223813147
train,1,3990,399.39939939939944,427,-10.0,2,2,0.04664665669699693,-29.035517590777005,-80.12516524196836,-8.99440925498244,-12.77425250078786,-28.40527,-80.062904,-9.914915,-12.419228,0.6333154726766583,0.9865967883436493,0.9205057450175609,-0.3550245007878594,30.963088324460493
train,1,3990,399.39939939939944,428,-10.0,2,2,0.06426662786585143,-15.074731572129338,-64.26070667613216,-6.388870937468101,-12.46358661135618,-15.495755,-64.187413,-9.126402,-11.878143,0.4273554606845787,2.7994321817834407,2.7375310625318994,-0.5854436113561796,5.890296120338521
train,1,3990,399.39939939939944,433,-10.0,2,2,0.06351059710058908,-11.830728953625808,-65.83417123951983,9.091183946570448,13.55789504977705,-12.983749,-65.929332,9.461396,12.992533,1.156940274031424,0.675789325036016,-0.37021205342955277,0.5653620497770504,26.188455872985866
train,1,3990,399.39939939939944,427,-5.0,2,2,0.046745489349709964,-28.757617335692665,-80.09644143925907,-9.397309138698896,-12.617842124559314,-28.40527,-80.062904,-9.914915,-12.419228,0.3539398321774105,0.5544036418781183,0.5176058613011048,-0.19861412455931315,51.80148739135112
train,1,3990,399.39939939939944,428,-5.0,2,2,0.0642413579360162,-15.258889374696208,-64.22861125432014,-7.5871551067167875,-12.209803579185275,-15.495755,-64.187413,-9.126402,-11.878143,0.24042175569108404,1.5745728748671926,1.539246893283213,-0.33166057918527514,20.335091711426703
train,1,3990,399.39939939939944,433,-5.0,2,2,0.0633355937263534,-12.335395159828776,-65.8753320811264,9.254153481245183,13.311171265484635,-12.983749,-65.929332,9.461396,12.992533,0.650598719106584,0.3801049931412343,-0.2072425187548177,0.31863826548463514,47.07173312834049
train,1,3990,399.39939939939944,427,0.0,2,2,0.046799856758852336,-28.602759166739073,-80.08130159113013,-9.62383693687359,-12.530600454594659,-28.40527,-80.062904,-9.914915,-12.419228,0.19834425209388853,0.31165728368812806,0.2910780631264114,-0.11137245459465817,69.11354764726735
train,1,3990,399.39939939939944,428,0.0,2,2,0.06422683776559972,-15.362499591453183,-64.21057927087405,-8.26083155455664,-12.065432259748428,-15.495755,-64.187413,-9.126402,-11.878143,0.13525413122411037,0.8856011872406968,0.8655704454433604,-0.1872892597484288,40.82522450376161
train,1,3990,399.39939939939944,433,0.0,2,2,0.06323534149856487,-12.619092186433834,-65.89881813681183,9.34514015909287,13.171954674883768,-12.983749,-65.929332,9.461396,12.992533,0.3659312606581952,0.21379325986363734,-0.11625584090713126,0.17942167488376803,65.45495243404942
train,1,3990,399.39939939939944,427,5.0,2,2,0.04683004199464868,-28.516103920592776,-80.0731234744689,-9.75119402348441,-12.481772011086376,-28.40527,-80.062904,-9.914915,-12.419228,0.11130406826520747,0.17526069574776584,0.1637209765155898,-0.0625440110863753,81.25179986121395
train,1,3990,399.39939939939944,428,5.0,2,2,0.06421857640015488,-15.420764258740553,-64.20044744407718,-8.639568952778102,-11.983732045787963,-15.495755,-64.187413,-9.126402,-11.878143,0.07611509710328548,0.49815204752943826,0.48683304722189824,-0.1055890457879638,60.41495586389687
train,1,3990,399.39939939939944,433,5.0,2,2,0.06317839775181541,-12.778580014218948,-65.9121301049344,9.396092997986608,13.093526871954973,-12.983749,-65.929332,9.461396,12.992533,0.20588884846021477,0.12026738645376224,-0.06530300201339223,0.100993871954973,78.78545893266082
train,1,3990,399.39939939939944,427,10.0,2,2,0.04684688743708043,-28.467492070651474,-80.06864795695009,-9.82277641827748,-12.454397985931681,-28.40527,-80.062904,-9.914915,-12.419228,0.06248663151107804,0.0986227466270958,0.0921385817225211,-0.03516998593168097,88.98058537849458
train,1,3990,399.39939939939944,428,10.0,2,2,0.06421390380084481,-15.453500029750174,-64.19475819204315,-8.852445111872136,-11.937642736985675,-15.495755,-64.187413,-9.126402,-11.878143,0.04288862736162659,0.2803437091394559,0.2739568881278647,-0.0594997369856749,75.30637361404224
train,1,3990,399.39939939939944,433,10.0,2,2,0.06314621277834301,-12.868191588819254,-65.91965027316726,9.424665920024093,13.049396311720495,-12.983749,-65.929332,9.461396,12.992533,0.11596228314956386,0.06769442366147066,-0.03673007997590716,0.056863311720494636,87.43495512718673
train,1,4566,457.0570570570571,442,-10.0,3,2,0.7086583801223353,10.82234285327737,-16.89669449552326,0.1781362588503792,-0.2787251977627697,11.471964,-16.754053,-0.027435,-0.219545,0.6650971587026497,0.21392016798929955,0.2055712588503792,-0.059180197762769726,49.72546355510985
train,1,4566,457.0570570570571,455,-10.0,3,2,0.3573642702935419,20.654348420431152,-16.718248735757076,1.899458383774219,3.040634330385622,20.729497,-16.860291,1.246598,2.96097,0.16069634047629103,0.657702885988506,0.6528603837742188,0.0796643303856217,50.81138325598899
train,1,4566,457.0570570570571,456,-10.0,3,2,0.2832258846377553,1.2628167750601196,37.803574025718426,-2.67669638355372,7.289778502451054,1.251672,37.73853,-2.314036,8.151186,0.06599190323668705,0.9346365232714089,-0.3626603835537199,-0.861407497548945,39.18158293119343
train,1,4566,457.0570570570571,457,-10.0,2,2,0.04682624484413997,-27.44996835643269,-80.54339459003013,-12.344134199853459,-17.590576289654745,-28.21458,-80.399185,-12.982823,-16.825683,0.7780921355054048,0.9964863912725973,0.6386888001465412,-0.7648932896547436,28.244162311286985
train,1,4566,457.0570570570571,458,-10.0,2,2,0.08271755647704784,-6.3472250035047795,-52.467567507772955,-10.799432964954093,-16.277731260716486,-7.306333,-52.556001,-11.304652,-15.597205,0.9631763241943543,0.8475625433544595,0.5052190350459078,-0.6805262607164853,27.72063942113297
train,1,4566,457.0570570570571,459,-10.0,2,2,0.1102941903209223,-0.1273991775552823,-39.81531230746432,-12.076169562322658,-16.009078507218778,0.970711,-40.140042,-11.339765,-16.170504,1.1451180442490692,0.7538898255907731,-0.736404562322658,0.1614254927812233,25.385259036421363
train,1,4566,457.0570570570571,460,-10.0,3,2,0.18190957185088638,24.35753425842469,-4.47442941772451,-11.557300140271161,-17.613927132662695,24.312505,-4.540241,-10.772437,-17.539522,0.07974207469009624,0.7883820601224142,-0.7848631402711614,-0.07440513266269377,45.27547850975841
train,1,4566,457.0570570570571,461,-10.0,3,2,0.2775249032026914,-1.9245305778269433,38.11178852850353,2.536237240401723,-14.932175042453881,-1.828671,37.863054,4.064718,-13.9735,0.2665669227999505,1.8042481174955063,-1.5284807595982772,-0.9586750424538817,16.140578954536714
train,1,4566,457.0570570570571,442,-5.0,3,2,0.7001644361610131,11.107010403212351,-16.83284865584707,0.08901723003115679,-0.25139603248634446,11.471964,-16.754053,-0.027435,-0.219545,0.3733629376205028,0.12072949163181143,0.11645223003115679,-0.031851032486344466,67.54358371643362
train,1,4566,457.0570570570571,455,-5.0,3,2,0.35847846806535894,20.68960480340395,-16.780108569190997,1.6144755674131264,3.0063157331449397,20.729497,-16.860291,1.246598,2.96097,0.08955785593513552,0.3706617597220562,0.36787756741312627,0.045345733144939615,68.29541072070782
train,1,4566,457.0570570570571,456,-5.0,3,2,0.2836050076829353,1.2582380036270064,37.77459272277996,-2.5175852043878657,7.667406366272689,1.251672,37.73853,-2.314036,8.151186,0.03665559135976512,0.5248571354342657,-0.2035492043878655,-0.4837796337273099,59.088398919170594
train,1,4566,457.0570570570571,457,-5.0,2,2,0.046774747383329776,-27.783140175978552,-80.48015045537186,-12.624312275700206,-17.256821689019095,-28.21458,-80.399185,-12.982823,-16.825683,0.4389712139938458,0.5607232014167645,0.35851072429979425,-0.43113868901909314,49.06059985891416
train,1,4566,457.0570570570571,458,-5.0,2,2,0.08251967440748949,-6.766581877765602,-52.507258038962696,-11.021557442466724,-15.98087480323471,-7.306333,-52.556001,-11.304652,-15.597205,0.5419475530011892,0.47680713755052245,0.2830945575332766,-0.3836698032347101,48.58577208013034
train,1,4566,457.0570570570571,459,-5.0,2,2,0.11007543481919504,0.3523943110206832,-39.95886842239835,-11.75439516297019,-16.081567439770826,0.970711,-40.140042,-11.339765,-16.170504,0.6443131172739892,0.42406117930091747,-0.41463016297019095,0.0889365602291754,46.23924824247297
train,1,4566,457.0570570570571,460,-5.0,3,2,0.1818562673993879,24.3373469554558,-4.503232456546366,-11.212678327372886,-17.581423525494625,24.312505,-4.540241,-10.772437,-17.539522,0.04457303040435331,0.44223089463064147,-0.44024132737288646,-0.041901525494623115,64.11630376438616
train,1,4566,457.0570570570571,461,-5.0,3,2,0.27905859433057567,-1.8828080022586022,38.00262921845743,3.2066826736989418,-14.510355266044169,-1.828671,37.863054,4.064718,-13.9735,0.14970656839627106,1.0121453442366461,-0.8580353263010583,-0.536855266044169,35.94583356432774
train,1,4566,457.0570570570571,442,0.0,3,2,0.6952373642518578,11.266834069750292,-16.797919674177404,0.03833638233108964,-0.23700250635447945,11.471964,-16.754053,-0.027435,-0.219545,0.2097679036164413,0.06804880059089258,0.06577138233108965,-0.017457506354479457,80.20940635235688
train,1,4566,457.0570570570571,455,0.0,3,2,0.35919727204527757,20.707801714430598,-16.8150770305457,1.4537160698675664,2.9866483102498913,20.729497,-16.860291,1.246598,2.96097,0.05014966051482378,0.20870378646051382,0.2071180698675663,0.0256783102498912,80.68282212308432
train,1,4566,457.0570570570571,456,0.0,3,2,0.28381323726772145,1.2554648249146514,37.758647578167945,-2.4283860134766564,7.879315817497069,1.251672,37.73853,-2.314036,8.151186,0.02047199238415021,0.2949395221334162,-0.11435001347665619,-0.27187018250292994,74.40484262214937
train,1,4566,457.0570570570571,457,0.0,2,2,0.046744990107782214,-27.971442338170796,-80.44469068036626,-12.781408645043593,-17.06846744088687,-28.21458,-80.399185,-12.982823,-16.825683,0.24735943391221102,0.3154552696013414,0.20141435495640714,-0.24278444088686868,66.97354841134411
train,1,4566,457.0570570570571,458,0.0,2,2,0.08240759542519263,-7.002630373704643,-52.528905485550865,-11.145762808352607,-15.813284064497406,-7.306333,-52.556001,-11.304652,-15.597205,0.3049089243068507,0.2682087570092295,0.15888919164739335,-0.21607906449740533,66.62532363142113
train,1,4566,457.0570570570571,459,0.0,2,2,0.10994963444743247,0.6226886253824895,-40.03860167280084,-11.573112706830662,-16.121065783376363,0.970711,-40.140042,-11.339765,-16.170504,0.3625047768191259,0.23852733500807463,-0.23334770683066175,0.049438216623638453,64.79503256957426
train,1,4566,457.0570570570571,460,0.0,3,2,0.18182535798544275,24.326327066155493,-4.519426496401204,-11.019670826853995,-17.563104658087063,24.312505,-4.540241,-10.772437,-17.539522,0.024985857457191025,0.24835600838981578,-0.24723382685399464,-0.023582658087061503,77.91048120235524
train,1,4566,457.0570570570571,461,0.0,3,2,0.279919688186343,-1.8591891457154386,37.94145872814197,3.5826474791599683,-14.274715390235588,-1.828671,37.863054,4.064718,-13.9735,0.08413476459184271,0.5684388255368888,-0.48207052084003177,-0.30121539023558874,56.29122656233031
train,1,4566,457.0570570570571,442,5.0,3,2,0.6924238816489906,11.356592905797438,-16.7786058577366,0.0096505498830898,-0.22921994441798532,11.471964,-16.754053,-0.027435,-0.219545,0.11795478879863336,0.03832678645050023,0.037085549883089805,-0.009674944417985332,88.33574926524086
train,1,4566,457.0570570570571,455,5.0,3,2,0.35963021537072276,20.717539534715172,-16.834803206998178,1.3631727734442551,2.975469538130252,20.729497,-16.860291,1.246598,2.96097,0.0281533047463629,0.11747303694707996,0.11657477344425504,0.014499538130251732,88.62116133562152
train,1,4566,457.0570570570571,456,5.0,3,2,0.2839288133966799,1.2538456995672516,37.74978897293283,-2.378316835994508,7.998329702290559,1.251672,37.73853,-2.314036,8.151186,0.011466884551220101,0.1658224159321948,-0.06428083599450796,-0.1528562977094401,84.68612427594024
train,1,4566,457.0570570570571,457,5.0,2,2,0.046728008379858264,-28.077571603671636,-80.42480129843533,-12.86958737450237,-16.962351696815496,-28.21458,-80.399185,-12.982823,-16.825683,0.13938255059367383,0.17748419527125528,0.11323562549763011,-0.13666869681549443,79.7979295071113
train,1,4566,457.0570570570571,458,5.0,2,2,0.08234432687105858,-7.135403412868006,-52.5408675429128,-11.215374232375241,-15.71884642639481,-7.306333,-52.556001,-11.304652,-15.597205,0.17159820884998875,0.1508878935084734,0.08927776762475936,-0.12164142639480957,79.57248142567764
train,1,4566,457.0570570570571,459,5.0,2,2,0.109878029091567,0.77479206452716,-40.08311275706982,-11.471080417113988,-16.142870763304305,0.970711,-40.140042,-11.339765,-16.170504,0.20402246929545387,0.13419141009059088,-0.13131541711398853,0.02763323669569573,78.33327767883335
train,1,4566,457.0570570570571,460,5.0,3,2,0.18180768306137104,24.320235811260144,-4.528529173029587,-10.911387948723517,-17.552791295345443,24.312505,-4.540241,-10.772437,-17.539522,0.014033258129345307,0.13958309478633152,-0.138950948723517,-0.013269295345441634,86.91089812435105
train,1,4566,457.0570570570571,461,5.0,3,2,0.28040334668243355,-1.845858222506133,37.90713646087942,3.793714985421464,-14.142706701649098,-1.828671,37.863054,4.064718,-13.9735,0.04731452181583568,0.3194895018519722,-0.27100301457853604,-0.1692067016490988,72.399267670858
train,1,4566,457.0570570570571,442,10.0,3,2,0.6908305839603529,11.40698862430245,-16.767870780971055,-0.006535802637219757,-0.2249437904808843,11.471964,-16.754053,-0.027435,-0.219545,0.0664283863871602,0.021585258605467943,0.020899197362780245,-0.005398790480884319,93.25361499719203
train,1,4566,457.0570570570571,455,10.0,3,2,0.35988162981179295,20.72287116483339,-16.84590219654452,1.3122339181583689,2.9691468510735723,20.729497,-16.860291,1.246598,2.96097,0.015841065511368383,0.0661432887447507,0.06563591815836878,0.008176851073572244,93.42476013929861
train,1,4566,457.0570570570571,456,10.0,3,2,0.28399338207135405,1.2529230893618744,37.74483875716643,-2.3501994362617604,8.065186292566313,1.251672,37.73853,-2.314036,8.151186,0.006431612673068416,0.09329385725190048,-0.03616343626176022,-0.08599970743368601,91.07240924519408
train,1,4566,457.0570570570571,457,10.0,2,2,0.04671838902283172,-28.137234748123408,-80.41366021066676,-12.919096131376056,-16.90264318404907,-28.21458,-80.399185,-12.982823,-16.825683,0.07868811671212353,0.099919886476515,0.06372686862394339,-0.07696018404906724,88.05715162997588
train,1,4566,457.0570570570571,458,10.0,2,2,0.08230869049143973,-7.210009465806436,-52.54753038920319,-11.2544261207804,-15.665700890632518,-7.306333,-52.556001,-11.304652,-15.597205,0.09669526610341261,0.08493718842134919,0.05022587921960131,-0.06849589063251749,87.92356120671356
train,1,4566,457.0570570570571,459,10.0,2,2,0.10983751681123448,0.860274119116393,-40.1080207469559,-11.413703249582486,-16.15499335837707,0.970711,-40.140042,-11.339765,-16.170504,0.11498550041554925,0.07554763235785124,-0.07393824958248629,0.015510641622931587,87.14619264271602
train,1,4566,457.0570570570571,460,10.0,3,2,0.1817976582576872,24.316847038008248,-4.533642001968527,-10.850594104352476,-17.546989216769592,24.312505,-4.540241,-10.772437,-17.539522,0.007899371436034737,0.07851300712014465,-0.07815710435247603,-0.007467216769590834,92.4123652416206
train,1,4566,457.0570570570571,461,10.0,3,2,0.2806749295383972,-1.8383476297442591,37.887874452463954,3.912255079956095,-14.068656098913904,-1.828671,37.863054,4.064718,-13.9735,0.026640045490257492,0.17972096468922824,-0.15246292004390494,-0.09515609891390397,83.38642462864607
train,1,5480,548.5485485485485,487,-10.0,2,2,0.047356044850546675,-28.544841343521526,-79.2507422535477,-10.559724777729347,-11.717677435221622,-28.004204,-79.378789,-9.626105,-12.156362,0.5555940122850768,1.031547399173779,-0.933619777729346,0.43868456477837725,30.985380079916315
train,1,5480,548.5485485485485,488,-10.0,3,2,0.5583049045046676,11.52724021062696,-13.171504669279559,-0.5523635018558274,-0.7345495267594437,11.181634,-13.211608,-0.059969,-0.21259,0.34792517867897893,0.7175612120459068,-0.4923945018558274,-0.5219595267594437,45.047070165252286
train,1,5480,548.5485485485485,489,-10.0,2,2,0.8786654056081639,45.90764976797537,20.970734864724978,9.84644295258664,17.982177713805967,46.160744,20.91718,9.593512,18.244076,0.2586983065654817,0.3640944645112809,0.2529309525866399,-0.26189828619403244,63.977253588900375
train,1,5480,548.5485485485485,490,-10.0,3,2,0.2935947985977712,36.640915611368676,2.691342769349494,10.168684538446445,19.1507425448798,36.299502,2.469084,10.376737,18.305875,0.40738460277795874,0.8701074618400393,-0.20805246155355483,0.8448675448798006,38.26041021584061
train,1,5480,548.5485485485485,491,-10.0,3,2,0.4951994253367787,4.9219966869616965,13.262239211709502,2.32546432403392,-8.92378151196559,4.947151,12.837069,2.432229,-9.030943,0.4259136630697969,0.15126890146983693,-0.10676467596608008,0.10716148803441072,63.636773569676286
train,1,5480,548.5485485485485,492,-10.0,3,2,0.36597397478634114,22.63902556261987,-19.106584645151692,11.717873321677418,18.806541898208014,22.778016,-19.259612,11.48455,18.416244,0.20672617883323355,0.454722136897004,0.23332332167741754,0.39029789820801497,60.68293328598682
train,1,5480,548.5485485485485,493,-10.0,3,2,0.5336332610902601,16.90319088309426,-17.059624606686057,-14.396614690520764,-20.770217542856845,16.532665,-17.150677,-13.295681,-20.52579,0.3815494310976996,1.127741022855293,-1.1009336905207636,-0.24442754285684387,30.4057757904687
train,1,5480,548.5485485485485,494,-10.0,2,2,0.11022411042801242,9.677231889495456,-40.05067247086858,12.216838907347803,18.022976595255866,10.059463,-39.783527,12.50025,18.170198,0.466333919464508,0.31936810963705764,-0.2834110926521962,-0.14722140474413337,56.82403161604751
train,1,5480,548.5485485485485,495,-10.0,2,2,0.46855228018340833,55.48568438609196,52.666244898553344,-8.508629405996592,-17.874384730013396,55.338455,52.457455,-9.211733,-16.006098,0.25547938051226243,1.9962088992499394,0.7031035940034087,-1.868286730013395,13.365533558948197
train,1,5480,548.5485485485485,496,-10.0,2,2,0.061297756444029655,-14.013880104320984,-67.40321108892964,10.410898927447546,12.774464750081096,-14.293625,-67.310677,9.495186,12.78018,0.29465193749999696,0.9157307626022997,0.9157129274475455,-0.005715249918903709,38.214006182235195
train,1,5480,548.5485485485485,487,-5.0,2,2,0.04739206264365948,-28.30264823491098,-79.30438868174127,-10.15091253566869,-11.911008854436323,-28.004204,-79.378789,-9.626105,-12.156362,0.30757823185101774,0.5793281587603288,-0.524807535668689,0.24535314556367638,51.89665960538208
train,1,5480,548.5485485485485,488,-5.0,3,2,0.5636038041572053,11.37634038480016,-13.1887384165964,-0.3354526608786348,-0.5057550481041512,11.181634,-13.211608,-0.059969,-0.21259,0.19604487783923882,0.4022896877139705,-0.2754836608786348,-0.29316504810415117,63.92139768093094
train,1,5480,548.5485485485485,489,-5.0,2,2,0.8837183754697437,46.017801656217536,20.947326248584396,9.735601590652882,18.096328402984582,46.160744,20.91718,9.593512,18.244076,0.14608665219566364,0.20498488772525073,0.14208959065288163,-0.1477475970154174,77.74667895104425
train,1,5480,548.5485485485485,490,-5.0,3,2,0.2913403871607017,36.492360415264834,2.595183725704469,10.260349661592183,18.78048249154584,36.299502,2.469084,10.376737,18.305875,0.23042462793982457,0.48866991269474497,-0.1163873384078169,0.47460749154583937,58.25897886447443
train,1,5480,548.5485485485485,491,-5.0,3,2,0.4947584063216212,4.93263458894029,13.075912817986161,2.3733910843020336,-8.970129289631728,4.947151,12.837069,2.432229,-9.030943,0.23928454939728386,0.08461801044953193,-0.05883791569796637,0.06081371036827221,77.58425795812202
train,1,5480,548.5485485485485,492,-5.0,3,2,0.36511330673380166,22.701461331977896,-19.174930929477096,11.61361250155764,18.636412052042054,22.778016,-19.259612,11.48455,18.416244,0.11415559951609842,0.25520795529980794,0.1290625015576392,0.22016805204205525,75.61044488931205
train,1,5480,548.5485485485485,493,-5.0,3,2,0.5415463158671406,16.74152339749676,-17.097717168009797,-13.91206609092688,-20.66222991781238,16.532665,-17.150677,-13.295681,-20.52579,0.21546826682679887,0.6313053393482317,-0.6163850909268795,-0.1364399178123783,51.32136906009879
train,1,5480,548.5485485485485,494,-5.0,2,2,0.11049454975312806,9.845546827106222,-39.93259528376619,12.341007355243544,18.087226256737168,10.059463,-39.783527,12.50025,18.170198,0.26073258762670576,0.17956205080446092,-0.15924264475645522,-0.08297174326283141,72.8635434078726
train,1,5480,548.5485485485485,495,-5.0,2,2,0.4702370036135188,55.42112136549186,52.57478992342488,-8.817716784331383,-17.05596452878453,55.338455,52.457455,-9.211733,-16.006098,0.14353122391575482,1.121369032242237,0.3940162156686178,-1.049866528784527,32.286614411018554
train,1,5480,548.5485485485485,496,-5.0,2,2,0.061307163740037696,-14.13615522606808,-67.36100918775854,10.010138806927413,12.776435404481155,-14.293625,-67.310677,9.495186,12.78018,0.1653180535414423,0.5149664215830205,0.514952806927413,-0.003744595518844207,58.225218392999345
train,1,5480,548.5485485485485,487,0.0,2,2,0.04740986980437976,-28.170334664073437,-79.3361607488874,-9.921183608004137,-12.018792562467526,-28.004204,-79.378789,-9.626105,-12.156362,0.17151258070007502,0.3255713977680775,-0.2950786080041361,0.13756943753247342,69.21272436300755
train,1,5480,548.5485485485485,488,0.0,3,2,0.5665895692441486,11.291256551207283,-13.198638113860268,-0.21445163501307166,-0.37734523079329985,11.181634,-13.211608,-0.059969,-0.21259,0.11038714453989135,0.22585209893719255,-0.15448263501307166,-0.16475523079329984,77.77227760550959
train,1,5480,548.5485485485485,489,0.0,2,2,0.8865883665723513,46.08015993392544,20.934137680739088,9.673374909650919,18.160835782180737,46.160744,20.91718,9.593512,18.244076,0.08234898081432863,0.11535604969185241,0.07986290965091847,-0.08324021781926305,86.78525456553562
train,1,5480,548.5485485485485,490,0.0,3,2,0.29006869165302235,36.408251909928026,2.5403575871310813,10.311479842406412,18.572624077665118,36.299502,2.469084,10.376737,18.305875,0.13002487120503647,0.27461530738905565,-0.06525715759358874,0.2667490776651178,73.79773687585556
train,1,5480,548.5485485485485,491,0.0,3,2,0.49450616147837645,4.938861521023396,12.971317997996787,2.3995164370373634,-8.996570897807041,4.947151,12.837069,2.432229,-9.030943,0.13450467993659124,0.04745053408284988,-0.03271256296263658,0.034372102192959275,86.70756016999958
train,1,5480,548.5485485485485,492,0.0,3,2,0.364605211702429,22.735613024167737,-19.21245610430829,11.556530816901763,18.540292383954647,22.778016,-19.259612,11.48455,18.416244,0.06341680264660879,0.14341980185317763,0.07198081690176217,0.12404838395464779,85.48622313197728
train,1,5480,548.5485485485485,493,0.0,3,2,0.54602684546644,16.65029947484768,-17.12032356774934,-13.641500555742663,-20.60219961881305,16.532665,-17.150677,-13.295681,-20.52579,0.12148745006001602,0.354160408545631,-0.3458195557426631,-0.07640961881304875,68.76894372660016
train,1,5480,548.5485485485485,494,0.0,2,2,0.11064453773515746,9.939483429594574,-39.86699741378518,12.410737776325634,18.123479277947162,10.059463,-39.783527,12.50025,18.170198,0.14615884267515009,0.10097067483868706,-0.08951222367436529,-0.046718722052837336,83.7240207149224
train,1,5480,548.5485485485485,495,0.0,2,2,0.47118644616027655,55.38490490104531,52.52341790040718,-8.99058095437722,-16.596278794559964,55.338455,52.457455,-9.211733,-16.006098,0.08067649928725336,0.6302551844694094,0.22115204562278024,-0.5901807945599629,52.972475073229276
train,1,5480,548.5485485485485,496,0.0,2,2,0.06131112513385817,-14.205006225588098,-67.33844515819769,9.784783974483716,12.777907509458093,-14.293625,-67.310677,9.495186,12.78018,0.09286742048726991,0.28960689052288424,0.2895979744837156,-0.002272490541907146,73.77631897249492
train,1,5480,548.5485485485485,487,5.0,2,2,0.047419110286940305,-28.097078497032108,-79.35457349708376,-9.792054333832922,-12.079115047962322,-28.004204,-79.378789,-9.626105,-12.156362,0.0959794914575655,0.18304718790164945,-0.16594933383292165,0.07724695203767773,81.3276486898546
train,1,5480,548.5485485485485,488,5.0,3,2,0.5682696288742749,11.243355130949148,-13.204262983378543,-0.14672080105354166,-0.3052227190222821,11.181634,-13.211608,-0.059969,-0.21259,0.06215663500231678,0.12691215709889395,-0.08675180105354166,-0.0926327190222821,86.82151242756085
train,1,5480,548.5485485485485,489,5.0,2,2,0.8882111127997111,46.11535419976665,20.926707381825643,9.638420908282203,18.19720708850397,46.160744,20.91718,9.593512,18.244076,0.04637892807811764,0.06491151598847499,0.04490890828220273,-0.04686891149603056,92.3321413266035
train,1,5480,548.5485485485485,490,5.0,3,2,0.2893525758723082,36.36079103558896,2.509288525037795,10.340088571428955,18.45586404592376,36.299502,2.469084,10.376737,18.305875,0.07329904308338481,0.15440149356093327,-0.03664842857104489,0.1499890459237605,84.28916537520196
train,1,5480,548.5485485485485,491,5.0,3,2,0.49436309642682424,4.942433433486999,12.912565233391222,2.4139457312806196,-9.011557304749727,4.947151,12.837069,2.432229,-9.030943,0.0756434841216775,0.02664738440075374,-0.018283268719380352,0.019385695250273116,92.29318578917281
train,1,5480,548.5485485485485,492,5.0,3,2,0.3643178317463059,22.754401646669006,-19.233230645285214,11.52489503158967,18.48609317748013,22.778016,-19.259612,11.48455,18.416244,0.035406405632716284,0.08066367936452021,0.040345031589669844,0.06984917748012975,91.56764109384177
train,1,5480,548.5485485485485,493,5.0,3,2,0.548554046666577,16.59893330644538,-17.133403112710123,-13.48998838541288,-20.5686691345622,16.532665,-17.150677,-13.295681,-20.52579,0.06848266657514321,0.1989823615469292,-0.1943073854128805,-0.04287913456219883,81.02298576740834
train,1,5480,548.5485485485485,494,5.0,2,2,0.11072819211340461,9.992098111887588,-39.8303713373574,12.449913520676025,18.143904451500795,10.059463,-39.783527,12.50025,18.170198,0.08205132596644335,0.05679006817580751,-0.050336479323974004,-0.026293548499204178,90.5029776368086
train,1,5480,548.5485485485485,495,5.0,2,2,0.47172095013899523,55.364569437936716,52.49455027433181,-9.087479713825285,-16.33797795765954,55.338455,52.457455,-9.211733,-16.006098,0.04536544110335775,0.35437717960008736,0.12425328617471543,-0.33187995765953815,69.9584215413135
train,1,5480,548.5485485485485,496,5.0,2,2,0.06131293285079666,-14.243733184848335,-67.3261309423039,9.658071804390248,12.778851350864976,-14.293625,-67.310677,9.495186,12.78018,0.05223042745240054,0.16289122315331206,0.1628858043902479,-0.0013286491350239515,84.27708959945461
train,1,5480,548.5485485485485,487,10.0,2,2,0.04742406206648301,-28.05621277224922,-79.36511631487949,-9.719476703274845,-12.112939202194378,-28.004204,-79.378789,-9.626105,-12.156362,0.053775967766985636,0.10297482382462936,-0.09337170327484401,0.04342279780562208,89.03230884033384
train,1,5480,548.5485485485485,488,10.0,3,2,0.5692134374916397,11.21642764923219,-13.207431130436959,-0.10874392783706094,-0.26470631798729494,11.181634,-13.211608,-0.059969,-0.21259,0.035043462532107675,0.07137999850142436,-0.04877492783706094,-0.052116317987294936,92.35611859081985
train,1,5480,548.5485485485485,489,10.0,2,2,0.8891260194087579,46.13517795879453,20.922516293528304,9.618786083498943,18.217682843892472,46.160744,20.91718,9.593512,18.244076,0.026117015364320335,0.03654282400181777,0.025274083498942446,-0.02639315610752746,95.60774758632438
train,1,5480,548.5485485485485,490,10.0,3,2,0.2889500175786765,36.33408116377075,2.491748164266408,10.356119177006065,18.390269331455823,36.299502,2.469084,10.376737,18.305875,0.04134468416833187,0.08687633628833852,-0.020617822993935775,0.08439433145582242,90.82708201294356
train,1,5480,548.5485485485485,491,10.0,3,2,0.49428240476413965,4.944451763713144,12.879563123103424,2.421972897958282,-9.020019923560769,4.947151,12.837069,2.432229,-9.030943,0.04257976485211286,0.01498336504218694,-0.010256102041717785,0.010923076439231849,95.58645197298856
train,1,5480,548.5485485485485,492,10.0,3,2,0.3641565620182967,22.76480998971199,-19.244788836099655,11.507274135128071,18.455575979797032,22.778016,-19.259612,11.48455,18.416244,0.019852579070327343,0.045424563311858804,0.0227241351280707,0.03933197979703351,95.16353644722777
train,1,5480,548.5485485485485,493,10.0,3,2,0.549974896041755,16.570074012729084,-17.14085641345822,-13.405056649725879,-20.549894407028166,16.532665,-17.150677,-13.295681,-20.52579,0.03867658404499093,0.11200024638873575,-0.10937564972587843,-0.024104407028165298,88.82604986456951
train,1,5480,548.5485485485485,494,10.0,2,2,0.1107749766189056,10.021627790015316,-39.80987217049592,12.471922535631112,18.155400878244187,10.059463,-39.783527,12.50025,18.170198,0.046103916569466115,0.03195934995939239,-0.028327464368887334,-0.01479712175581227,94.54465992029215
train,1,5480,548.5485485485485,495,10.0,2,2,0.4720216027119748,55.35314771318955,52.4783293416665,-9.141854040711467,-16.1928352244678,55.338455,52.457455,-9.211733,-16.006098,0.025526730320979282,0.19938370031972372,0.06987895928853405,-0.18673722446779806,81.7903329194975
train,1,5480,548.5485485485485,496,10.0,2,2,0.06131381800137253,-14.265484684467772,-67.31933118235081,9.586841630442365,12.779420310198622,-14.293625,-67.310677,9.495186,12.78018,0.02944099574427545,0.0916587787414909,0.09165563044236436,-0.0007596898013773057,90.82178627058623
train,1,5488,549.3493493493494,488,-10.0,3,2,0.5853173863281073,10.929853942194931,-13.425305461378386,0.8866819646052975,-0.21496443949101318,11.161609,-13.426978,0.053923,-0.704997,0.23176109294631747,0.9662398271078878,0.8327589646052975,0.4900325605089868,37.02243454874362
train,1,5488,549.3493493493494,489,-10.0,2,2,0.6821271782007936,53.538842264776996,35.49260830107771,8.192783291018154,18.756641780319693,53.684794,35.65607,9.205936,18.559326,0.21913839469423546,1.0321879329271497,-1.0131527089818455,0.19731578031969477,34.81250185927429
train,1,5488,549.3493493493494,490,-10.0,2,2,0.8111684530642076,44.9083773130515,17.323211432008108,10.47126049325172,17.46049826486391,44.423136,17.276398,9.909643,18.655776,0.4874942351539397,1.3206449457891398,0.5616174932517186,-1.195277735136088,24.46937767670912
train,1,5488,549.3493493493494,491,-10.0,3,2,0.45776561428173024,6.895547815707093,6.373813492948482,2.3010530307767336,-6.919776347518435,6.767416,6.105749,2.052987,-7.600956,0.2971133362475052,0.7249430836832841,0.24806603077673373,0.681179652481565,45.68199741552067
train,1,5488,549.3493493493494,492,-10.0,3,2,0.2173484763677717,31.79729562050656,-4.647922571795504,11.839781428724061,18.883356501986196,31.7966,-4.394708,11.03422,18.756458,0.2532155272835172,0.8154952147341468,0.8055614287240616,0.12689850198619723,42.57499291069502
train,1,5488,549.3493493493494,493,-10.0,2,2,0.12918257824234505,4.820187126072605,-33.61399740514001,-13.814906552891802,-19.961789587671188,5.6891,-33.430547,-13.769642,-20.127036,0.8880673587193716,0.17133375772462003,-0.04526455289180298,0.16524641232881265,40.47668861290155
train,1,5488,549.3493493493494,494,-10.0,2,2,0.15403228658109214,20.560296543230848,-24.93579998649757,11.366633865645744,18.933124772378672,19.871963,-25.043448,12.032373,18.621591,0.6967001948813792,0.7350250923221883,-0.665739134354256,0.31153377237867375,36.32204595154238
train,1,5488,549.3493493493494,495,-10.0,2,2,0.7691660946278582,47.99933980806216,40.11731066895265,-9.017421015276778,-14.353859657275313,48.118572,40.315429,-8.695939,-13.95295,0.23122973141724418,0.5138864071397767,-0.32148201527677855,-0.4009096572753137,56.9206165884427
train,1,5488,549.3493493493494,496,-10.0,2,2,0.07582532007306,-6.789007688440712,-56.93955522485347,10.939276195753434,12.061547656409251,-6.876498,-57.290666,8.845355,12.109143,0.361847110035079,2.094462052832902,2.0939211957534347,-0.04759534359074813,11.937454801492185
train,1,5488,549.3493493493494,497,-10.0,2,2,0.05572323163159083,-17.09671229780913,-72.46640097176508,7.284458591400677,14.298170234763292,-17.634732,-72.581454,10.129466,13.503731,0.5501839685519516,2.953845096262891,-2.845007408599324,0.794439234763292,4.9556247421196575
train,1,5488,549.3493493493494,488,-5.0,3,2,0.5821816168987761,11.031678817378847,-13.425657266415838,0.523122144683358,-0.4290065762709798,11.161609,-13.426978,0.053923,-0.704997,0.12993689504204212,0.544351496150896,0.46919914468335805,0.27599042372902016,57.14120720227266
train,1,5488,549.3493493493494,489,-5.0,2,2,0.6798226779654952,53.60240744923999,35.564005197570104,8.636329161510634,18.670524160535898,53.684794,35.65607,9.205936,18.559326,0.12354542319562781,0.5803593553656368,-0.5696068384893653,0.11119816053589915,55.24658393092707
train,1,5488,549.3493493493494,490,-5.0,2,2,0.8010052704000203,44.695120009520544,17.302623788842556,10.226007732557141,17.985860653479136,44.423136,17.276398,9.909643,18.655776,0.27324548200342813,0.7408597812745129,0.31636473255714037,-0.6699153465208632,45.40067773743339
train,1,5488,549.3493493493494,491,-5.0,3,2,0.4584458343694994,6.838803385478161,6.256310743557788,2.1929981379561863,-7.217334633498096,6.767416,6.105749,2.052987,-7.600956,0.1666283212079163,0.40837295648533645,0.14001113795618636,0.38362136650190415,64.33544357085641
train,1,5488,549.3493493493494,492,-5.0,3,2,0.21741632451111204,31.796576150152305,-4.536683595578048,11.487566018300607,18.828032239025088,31.7966,-4.394708,11.03422,18.756458,0.14197559758126344,0.45896130991733386,0.45334601830060706,0.07157423902508953,61.85240865573254
train,1,5488,549.3493493493494,493,-5.0,2,2,0.1294898697456004,5.199740980452558,-33.53311085590514,-13.795517492896197,-20.033887432321034,5.6891,-33.430547,-13.769642,-20.127036,0.49999159447991265,0.0966757301149784,-0.025875492896197727,0.09314856767896629,60.09448043462916
train,1,5488,549.3493493493494,494,-5.0,2,2,0.15424041971151034,20.259899795574558,-24.98292420604578,11.658440751494378,18.798163060546514,19.871963,-25.043448,12.032373,18.621591,0.39262970722459195,0.4135251129473422,-0.37393224850562135,0.17657206054651553,56.53959513779581
train,1,5488,549.3493493493494,495,-5.0,2,2,0.7663383369231291,48.05106412696908,40.20276433239646,-8.876646980507648,-14.178421089750582,48.118572,40.315429,-8.695939,-13.95295,0.131341692723121,0.28895083757010975,-0.18070798050764836,-0.22547108975058272,72.80389457426527
train,1,5488,549.3493493493494,496,-5.0,2,2,0.07559900592284423,-6.8272513925564,-57.09239437611233,10.024537030496957,12.081954250077052,-6.876498,-57.290666,8.845355,12.109143,0.20429602341640882,1.1794954383842688,1.179182030496957,-0.027188749922947508,30.208181942833022
train,1,5488,549.3493493493494,497,-5.0,2,2,0.055620369950181624,-17.33318908372341,-72.51398363184148,8.529028255775147,13.953410170045975,-17.634732,-72.581454,10.129466,13.503731,0.3089989982767492,1.6624116003904614,-1.6004377442248536,0.44967917004597524,18.43562622819665
train,1,5488,549.3493493493494,488,0.0,3,2,0.5804318593206554,11.088654393933442,-13.426122930400055,0.3180737528769706,-0.5496536091319841,11.161609,-13.426978,0.053923,-0.704997,0.07295961684622126,0.306442799445253,0.2641507528769706,0.15534339086801585,72.97827406492252
train,1,5488,549.3493493493494,489,0.0,2,2,0.6785254730021566,53.63835835225637,35.604252698023004,8.88564493426354,18.621937463475184,53.684794,35.65607,9.205936,18.559326,0.06957946655117106,0.32635343134261857,-0.32029106573645905,0.06261146347518576,71.62770294851504
train,1,5488,549.3493493493494,490,0.0,2,2,0.7953505882716624,44.575841757507085,17.291116128250486,10.087726096734778,18.27973798324679,44.423136,17.276398,9.909643,18.655776,0.1534134012236564,0.4160747281274548,0.1780830967347775,-0.3760380167532098,64.18140191306576
train,1,5488,549.3493493493494,491,0.0,3,2,0.4588332135879,6.807357290917149,6.190367646862014,2.131882410203681,-7.385039939848593,6.767416,6.105749,2.052987,-7.600956,0.09357148132249739,0.22987873060053482,0.07889541020368096,0.2159160601514074,78.02092105748184
train,1,5488,549.3493493493494,492,0.0,3,2,0.21746323822351463,31.79646338946374,-4.474425698248539,11.289269462105102,18.796776076419793,31.7966,-4.394708,11.03422,18.756458,0.07971781530174928,0.25821652814313484,0.25504946210510226,0.040318076419794124,76.3194825563311
train,1,5488,549.3493493493494,493,0.0,2,2,0.12965762970242656,5.413620120223913,-33.48803797905657,-13.784336113461368,-20.074574709401777,5.6891,-33.430547,-13.769642,-20.127036,0.28141495488749435,0.05448030820073307,-0.01469411346136873,0.0524612905982238,75.0781973202224
train,1,5488,549.3493493493494,494,0.0,2,2,0.15435372714381992,20.09044638952271,-25.009413860377887,11.82221431669774,18.721334783250764,19.871963,-25.043448,12.032373,18.621591,0.22111832614496219,0.23262737256074348,-0.21015868330225906,0.09974378325076572,72.54596291584922
train,1,5488,549.3493493493494,495,0.0,2,2,0.7647321185400443,48.08045146456503,40.25166694849682,-8.797540660975429,-14.079756781781304,48.118572,40.315429,-8.695939,-13.95295,0.07428845424252244,0.16248956095299652,-0.10160166097542955,-0.12680678178130478,83.6384989376479
train,1,5488,549.3493493493494,496,0.0,2,2,0.07547139399430267,-6.848762523708051,-57.17890258804917,9.509024289466884,12.093721610957934,-6.876498,-57.290666,8.845355,12.109143,0.11515344934491854,0.6638484352783144,0.6636692894668847,-0.015421389042066025,50.97872111833206
train,1,5488,549.3493493493494,497,0.0,2,2,0.05556091609748212,-17.46546207077643,-72.54262833226966,9.229234433043203,13.75753983055373,-17.634732,-72.581454,10.129466,13.503731,0.17366560227649905,0.9353265721728126,-0.9002315669567977,0.25380883055373005,38.623374555623805
train,1,5488,549.3493493493494,488,5.0,3,2,0.5794528288274136,11.12059233040685,-13.426476450139297,0.202588518294973,-0.6175800892985014,11.161609,-13.426978,0.053923,-0.704997,0.041019735942304486,0.17246203236221802,0.14866551829497301,0.0874169107014986,83.7550972369613
train,1,5488,549.3493493493494,489,5.0,2,2,0.6777957491402636,53.6586339998542,35.62691730710602,9.025796150245563,18.594567439099862,53.684794,35.65607,9.205936,18.559326,0.039169185728052176,0.18355469075831382,-0.1801398497544362,0.035241439099863214,82.88737958846659
train,1,5488,549.3493493493494,490,5.0,2,2,0.7921911313060738,44.509000305768495,17.284666149340985,10.0098529074368,18.44449285128433,44.423136,17.276398,9.909643,18.655776,0.08626147053366626,0.2338430979945727,0.10020990743679903,-0.211283148715669,77.93881151337698
train,1,5488,549.3493493493494,491,5.0,3,2,0.4590525319426641,6.7898213790710615,6.153327915313604,2.097411542785491,-7.4794551705696355,6.767416,6.105749,2.052987,-7.600956,0.05259043823488257,0.12936766038684655,0.04442454278549102,0.12150082943036455,86.9663737143984
train,1,5488,549.3493493493494,492,5.0,3,2,0.21749237270634622,31.796495632150116,-4.439519110059593,11.177704519472549,18.77915584069433,31.7966,-4.394708,11.03422,18.756458,0.04481123159902102,0.1452687141144081,0.14348451947254937,0.022697840694331006,85.89683738031401
train,1,5488,549.3493493493494,493,5.0,2,2,0.12975034650033837,5.5339740121121554,-33.46282183678867,-13.77797185350068,-20.097490422501533,5.6891,-33.430547,-13.769642,-20.127036,0.158447900610627,0.030697355082494653,-0.008329853500681494,0.029545577498467424,85.09566184793648
train,1,5488,549.3493493493494,494,5.0,2,2,0.15441619586789246,19.995037777372264,-25.024305084229542,11.914192360967435,18.677845595741953,19.871963,-25.043448,12.032373,18.621591,0.12455461472553747,0.13088637432611538,-0.11818063903256437,0.05625459574195446,83.47028073368973
train,1,5488,549.3493493493494,495,5.0,2,2,0.7638242273758071,48.09706044106084,40.279432019116825,-8.753080815200073,-14.024276856363041,48.118572,40.315429,-8.695939,-13.95295,0.041934828015585394,0.09139314789957413,-0.05714181520007422,-0.07132685636304181,90.4335690703925
train,1,5488,549.3493493493494,496,5.0,2,2,0.07539953539494249,-6.860837326580456,-57.22772367644111,9.218805744412556,12.100431598379348,-6.876498,-57.290666,8.845355,12.109143,0.06486133506909943,0.3735523350489044,0.37345074441255655,-0.008711401620651316,68.44486996430705
train,1,5488,549.3493493493494,497,5.0,2,2,0.05552697782046968,-17.53965764691413,-72.55932275159145,9.623062952071876,13.646776282843202,-17.634732,-72.581454,10.129466,13.503731,0.09761621161885609,0.5262185856605465,-0.5064030479281243,0.14304528284320206,58.555441926654375
train,1,5488,549.3493493493494,488,10.0,3,2,0.5789048614935108,11.138499851934526,-13.426715793382469,0.1376118278176694,-0.6557912619864802,11.161609,-13.426978,0.053923,-0.704997,0.023110635573741694,0.09708256565908557,0.0836888278176694,0.049205738013519795,90.5022547801476
train,1,5488,549.3493493493494,489,10.0,2,2,0.6773855766701883,53.67004384656444,35.63967320758533,9.104566880351609,18.57916641762773,53.684794,35.65607,9.205936,18.559326,0.022054972860154946,0.10329250016304431,-0.10136911964839079,0.019840417627730034,89.97657361340949
train,1,5488,549.3493493493494,490,10.0,2,2,0.7904233157410719,44.4715387977912,17.281046115005697,9.96603409177605,18.536953953306767,44.423136,17.276398,9.909643,18.655776,0.04862546459543364,0.1315242715701687,0.05639109177604951,-0.11882204669323215,86.91625923137654
train,1,5488,549.3493493493494,491,10.0,3,2,0.4591762430630628,6.780012666370709,6.132518774735137,2.078001917075188,-7.532565006398719,6.767416,6.105749,2.052987,-7.600956,0.029585416052928783,0.07282220871443708,0.025014917075188325,0.0683909936012812,92.44071979593905
train,1,5488,549.3493493493494,492,10.0,3,2,0.21750972169525803,31.796552267048078,-4.419938738246499,11.11497056370469,18.76923644669158,31.7966,-4.394708,11.03422,18.756458,0.025230783398421327,0.08175538048639237,0.08075056370469014,0.01277844669158057,91.79979484884197
train,1,5488,549.3493493493494,493,10.0,2,2,0.1298019538810514,5.601585290482277,-33.44868517903704,-13.774385957187919,-20.110372889958047,5.6891,-33.430547,-13.769642,-20.127036,0.0893745932620185,0.017325252265726745,-0.004743957187919534,0.016663110041953644,91.29826917450106
train,1,5488,549.3493493493494,494,10.0,2,2,0.15445083234491394,19.941432101207475,-25.032674054548362,11.965848863134028,18.65331683494031,19.871963,-25.043448,12.032373,18.621591,0.07029960115938913,0.07370203110106543,-0.06652413686597214,0.03172583494031045,90.31623524254108
train,1,5488,549.3493493493494,495,10.0,2,2,0.7633129017496653,48.10640727372848,40.295120164332104,-8.728097381131157,-13.993089493128268,48.118572,40.315429,-8.695939,-13.95295,0.02367338952171216,0.051432872616364096,-0.032158381131157654,-0.04013949312826881,94.49535393022008
train,1,5488,549.3493493493494,496,10.0,2,2,0.0753591156155952,-6.867581215243383,-57.25522606244761,9.05555067499266,12.104235807933609,-6.876498,-57.290666,8.845355,12.109143,0.03654446913163637,0.21025294842069697,0.21019567499265968,-0.004907192066390564,80.7828698641655
train,1,5488,549.3493493493494,497,10.0,2,2,0.055507741339060265,-17.58134551380816,-72.56888053318693,9.844484762389488,13.584312507784087,-17.634732,-72.581454,10.129466,13.503731,0.05484714190922649,0.29615483313087504,-0.28498123761051275,0.08058150778408724,73.99365840975818
train,1,5489,549.4494494494495,488,-10.0,3,2,0.5769567127340455,11.343510980906112,-13.558330477986416,-0.2603065745926783,-2.0575697465665326,11.168603,-13.495208,0.074226,-0.818901,0.1859495872859061,1.2830480533418502,-0.3345325745926783,-1.2386687465665327,27.350026674493556
train,1,5489,549.4494494494495,489,-10.0,2,2,0.6367447552883782,54.64053975175756,37.462495330357015,9.42302582784174,17.971757454168575,54.604574,37.513424,9.157187,18.595133,0.062347932532608154,0.6776926689354824,0.26583882784173873,-0.6233755458314256,50.63360801543606
train,1,5489,549.4494494494495,490,-10.0,2,2,0.8410045333639027,45.3637683535428,19.084211227399194,9.872707230427133,18.489777377320777,45.412121,19.147586,9.849205,18.694723,0.07971411557320651,0.20628878566326447,0.023502230427133952,-0.20494562267922234,80.15926607243901
train,1,5489,549.4494494494495,491,-10.0,3,2,0.4516536862443983,7.220821369951649,5.384885550486246,1.4478763764674376,-7.481651448950617,6.970825,5.351608,1.992005,-7.397632,0.2522014677898733,0.5505771760156849,-0.5441286235325624,-0.08401944895061764,54.57516352741171
train,1,5489,549.4494494494495,492,-10.0,3,2,0.23378501449870803,32.82761795539051,-2.8049028569399526,9.931844734560201,18.780117510722636,32.899489,-2.519194,10.977805,18.810807,0.2946099081619526,1.0464103982811908,-1.045960265439799,-0.030689489277364146,33.7195525198163
train,1,5489,549.4494494494495,493,-10.0,2,2,0.12322651338729751,4.4929583466169145,-35.50700921686392,-12.617185852915396,-20.122211122955264,4.306783,-35.441921,-13.824275,-20.073076,0.19722508882607417,1.2080887671513485,1.207089147084604,-0.049135122955263455,29.402755829240633
train,1,5489,549.4494494494495,494,-10.0,2,2,0.1599891686432986,21.67938691316165,-23.224859808324574,10.071698893603733,18.203718822829515,21.076326,-23.179494,11.975709,18.680364,0.6047648481420722,1.962764659906788,-1.9040101063962673,-0.4766451771704858,12.824379212167578
train,1,5489,549.4494494494495,495,-10.0,2,2,0.8121187673628273,47.336906455360854,38.70208295048663,-8.333407614065678,-13.986644057944972,47.249166,38.926794,-8.614774,-13.658891,0.24123317201481964,0.4319596163138655,0.28136638593432295,-0.327753057944971,60.9720243733942
train,1,5489,549.4494494494495,496,-10.0,2,2,0.07630095769852537,-5.895104955605163,-56.76508507531783,9.25905525515134,11.570886410535673,-5.991913,-56.081058,8.733305,12.010621,0.690843569288602,0.6854048730225518,0.5257502551513404,-0.43973458946432764,37.78861931664601
train,1,5489,549.4494494494495,497,-10.0,2,2,0.056912291292497835,-17.32948585641793,-71.05092984280012,6.988859411845686,13.491555935149988,-16.618198,-71.226518,10.079636,13.481848,0.7326401679108668,3.0907918341240164,-3.0907765881543146,0.009707935149988245,4.173406437101708
train,1,5489,549.4494494494495,488,-5.0,3,2,0.5784567707265924,11.263411389435511,-13.528900473260292,-0.11389719341086209,-1.515352713856201,11.168603,-13.495208,0.074226,-0.818901,0.1006171628587844,0.7214120359630413,-0.1881231934108621,-0.6964517138562011,48.2683120426089
train,1,5489,549.4494494494495,489,-5.0,2,2,0.6368838509136258,54.62480361856789,37.48478057667714,9.306792248149424,18.244672945516275,54.604574,37.513424,9.157187,18.595133,0.03506683856658516,0.381056400107106,0.1496052481494239,-0.35046005448372597,68.20403102167285
train,1,5489,549.4494494494495,490,-5.0,2,2,0.8421543257641857,45.384853049457504,19.11195469661541,9.862487505653178,18.579468218745,45.412121,19.147586,9.849205,18.694723,0.04486792738329555,0.11601762606847596,0.013282505653178234,-0.11525478125500044,88.30341534118877
train,1,5489,549.4494494494495,491,-5.0,3,2,0.4533486230028487,7.111473727117196,5.37071285295328,1.686776730712741,-7.444567789690163,6.970825,5.351608,1.992005,-7.397632,0.14194033903740688,0.30881590750143484,-0.305228269287259,-0.04693578969016343,71.1860023311573
train,1,5489,549.4494494494495,492,-5.0,3,2,0.23432899206584026,32.85805980454847,-2.679741516715584,10.390659187691085,18.793158140416384,32.899489,-2.519194,10.977805,18.810807,0.16580676511922596,0.587411003605225,-0.5871458123089148,-0.017648859583616172,54.31534109938332
train,1,5489,549.4494494494495,493,-5.0,2,2,0.12330319820406674,4.411639187341511,-35.47814716443437,-13.14564822386064,-20.1013423482864,4.306783,-35.441921,-13.824275,-20.073076,0.11093761766607346,0.6792151998731695,0.6786267761393603,-0.028266348286400955,50.24719787293651
train,1,5489,549.4494494494495,494,-5.0,2,2,0.16050084433393935,21.41543270705834,-23.205540321924136,10.905371704744017,18.41578746063239,21.076326,-23.179494,11.975709,18.680364,0.3401055272378346,1.1025527972843907,-1.0703372952559835,-0.26457653936761005,31.54303651326838
train,1,5489,549.4494494494495,495,-5.0,2,2,0.811622726335918,47.29825424220823,38.79976675557034,-8.45649460942257,-13.843004027837729,47.249166,38.926794,-8.614774,-13.658891,0.1361821440222132,0.2427961542140627,0.15827939057743023,-0.18411302783772854,75.70089341791815
train,1,5489,549.4494494494495,496,-5.0,2,2,0.07672346603354786,-5.9370447946376155,-56.464874674718494,9.027851741100909,11.76324090266838,-5.991913,-56.081058,8.733305,12.010621,0.38771866056672116,0.3846487946802481,0.29454674110090906,-0.2473800973316198,57.91750131889559
train,1,5489,549.4494494494495,497,-5.0,2,2,0.05693176610090208,-17.019624591640238,-71.12359181415968,8.341819310202794,13.482767748864577,-16.618198,-71.226518,10.079636,13.481848,0.41441176166650234,1.7378169331882154,-1.7378166897972065,0.0009197488645771301,16.753793197237965
train,1,5489,549.4494494494495,488,0.0,3,2,0.5792646935078525,11.220809897990023,-13.513568547805605,-0.031565788612715036,-1.2105363311128712,11.168603,-13.495208,0.074226,-0.818901,0.05534139421321652,0.40567244805848673,-0.10579178861271504,-0.3916353311128712,66.40287358164274
train,1,5489,549.4494494494495,489,0.0,2,2,0.6369619249382141,54.61595351817509,37.4973129719412,9.241357027938559,18.39807189507163,54.604574,37.513424,9.157187,18.595133,0.01972456993216104,0.21428409338718457,0.08417002793855843,-0.1970611049283697,80.63882207836592
train,1,5489,549.4494494494495,490,0.0,2,2,0.8428034456487518,45.39675583324322,19.127548451011403,9.856696963645462,18.629904583222626,45.412121,19.147586,9.849205,18.694723,0.02525057858612524,0.06524995534703691,0.0074919636454620075,-0.06481841677737421,93.24261399651076
train,1,5489,549.4494494494495,491,0.0,3,2,0.4543059452912046,7.049962760895564,5.362484574656837,1.8205925145077924,-7.4239271608797255,6.970825,5.351608,1.992005,-7.397632,0.07988169424736374,0.17341763367174332,-0.17141248549220767,-0.02629516087972572,82.61893466548445
train,1,5489,549.4494494494495,492,0.0,3,2,0.23464671551070185,32.87585857639301,-2.6094468880597703,10.647944894103915,18.80075968129477,32.899489,-2.519194,10.977805,18.810807,0.09329512700551651,0.3300130877328061,-0.32986010589608483,-0.010047318705229458,70.96758502950871
train,1,5489,549.4494494494495,493,0.0,2,2,0.12334535327786264,4.3657951375542865,-35.462173982993036,-13.44268873174549,-20.08917240715073,4.306783,-35.441921,-13.824275,-20.073076,0.06239083024645681,0.3819256137568746,0.3815862682545106,-0.01609640715073013,67.90991756316002
train,1,5489,549.4494494494495,494,0.0,2,2,0.16078728620833083,21.267054585263566,-23.194311162925167,11.37389098139249,18.532670185683877,21.076326,-23.179494,11.975709,18.680364,0.19130327115287796,0.6196760365771093,-0.6018180186075099,-0.14769381431612416,52.281206716603435
train,1,5489,549.4494494494495,495,0.0,2,2,0.8113273138128028,47.276686668177234,38.85514085760688,-8.525745667867913,-13.762369265765466,47.249166,38.926794,-8.614774,-13.658891,0.076756498042385,0.13650566071797057,0.08902833213208794,-0.1034782657654656,85.50411074316354
train,1,5489,549.4494494494495,496,0.0,2,2,0.07696154420637175,-5.960928802930506,-56.29664818384479,8.8986013100769,11.871468873360234,-5.991913,-56.081058,8.733305,12.010621,0.2178052980032192,0.21606986016890115,0.1652963100769007,-0.1391521266397664,73.57988341982792
train,1,5489,549.4494494494495,497,0.0,2,2,0.05693975559860737,-16.844413855415112,-71.16731423198547,9.102403008775548,13.480920765690566,-16.618198,-71.226518,10.079636,13.481848,0.23383476941701617,0.9772334311212217,-0.9772329912244526,-0.0009272343094330893,36.6110411102318
train,1,5489,549.4494494494495,488,5.0,3,2,0.5797080409665847,11.197619324509793,-13.505334220046299,0.014723705241824899,-1.039171800158557,11.168603,-13.495208,0.074226,-0.818901,0.030732514060579544,0.2281660546268435,-0.0595022947581751,-0.22027080015855705,79.4353670333538
train,1,5489,549.4494494494495,489,5.0,2,2,0.6370057639400706,54.61097805766102,37.50435879093231,9.204541359672124,18.484302242528337,54.604574,37.513424,9.157187,18.595133,0.011099097709574264,0.12052340926848881,0.047354359672123536,-0.11083075747166404,88.60043730089734
train,1,5489,549.4494494494495,490,5.0,2,2,0.843169015239618,45.403458492841615,19.136313074661768,9.853428260700596,18.65826359374244,45.412121,19.147586,9.849205,18.694723,0.01421681666022391,0.036703191081961774,0.004223260700596754,-0.036459406257559834,96.14041441448184
train,1,5489,549.4494494494495,491,5.0,3,2,0.4548453031599145,7.015387683431551,5.357783686711786,1.8956679276202637,-7.4123884935048805,6.970825,5.351608,1.992005,-7.397632,0.04498857478274667,0.09746068753737654,-0.09633707237973632,-0.01475649350488073,89.8217373269774
train,1,5489,549.4494494494495,492,5.0,3,2,0.23482897743231904,32.88607578445345,-2.5699472491828224,10.79238292064784,18.805116868127065,32.899489,-2.519194,10.977805,18.810807,0.0524957774864973,0.1855093666422532,-0.18542207935215949,-0.005690131872935211,82.46518235218096
train,1,5489,549.4494494494495,493,5.0,2,2,0.12336875236905974,4.339973382163457,-35.45327253034483,-13.609667871817216,-20.082190698407604,4.306783,-35.441921,-13.824275,-20.073076,0.035077894881619616,0.21480059868148324,0.21460712818278438,-0.009114698407604038,80.44101994259655
train,1,5489,549.4494494494495,494,5.0,2,2,0.16094789872475834,21.183664956011885,-23.187881933413557,11.637234634638164,18.59764589598538,21.076326,-23.179494,11.975709,18.680364,0.10766619202271124,0.3484353322194401,-0.3384743653618365,-0.08271810401462076,69.44115105235434
train,1,5489,549.4494494494495,495,5.0,2,2,0.8111562153103191,47.264606803668855,38.886414376836264,-8.564696440672185,-13.717073684844841,47.249166,38.926794,-8.614774,-13.658891,0.04323115062990418,0.0767657916261208,0.05007755932781599,-0.05818268484484079,91.56676986594083
train,1,5489,549.4494494494495,496,5.0,2,2,0.07709555891781161,-5.97447046891365,-56.20224451768848,8.826170521145967,11.93234091207904,-5.991913,-56.081058,8.733305,12.010621,0.1224353460409134,0.12145689433961901,0.09286552114596702,-0.07828008792096064,84.15925873241187
train,1,5489,549.4494494494495,497,5.0,2,2,0.05694330557121358,-16.745661728685374,-71.19278304821715,9.530007408684193,13.480862040706167,-16.618198,-71.226518,10.079636,13.481848,0.13185237617187504,0.5496294756538515,-0.5496285913158072,-0.0009859592938319395,56.823313011799335
train,1,5489,549.4494494494495,488,10.0,3,2,0.5799535144216464,11.184823693932508,-13.50081820161331,0.04074182770905345,-0.942852276142427,11.168603,-13.495208,0.074226,-0.818901,0.017163486644446765,0.12839434820639878,-0.03348417229094655,-0.12395127614242696,87.85025594744023
train,1,5489,549.4494494494495,489,10.0,2,2,0.6370303618190067,54.6081834580088,37.50831721333958,9.183839619371778,18.53276689672367,54.604574,37.513424,9.157187,18.595133,0.006253595534758996,0.06782251069704649,0.02665261937177732,-0.062366103276332296,93.41575164057181
train,1,5489,549.4494494494495,490,10.0,2,2,0.8433742989969192,45.407221245627184,19.141236723897343,9.851588553709908,18.67420414372243,45.412121,19.147586,9.849205,18.694723,0.008020031168374225,0.020656834007842177,0.0023835537099081705,-0.020518856277568887,97.80846098877643
train,1,5489,549.4494494494495,491,10.0,3,2,0.45514837694067745,6.995985285898415,5.355130282103783,1.9378170740979381,-7.4059223420913085,6.970825,5.351608,1.992005,-7.397632,0.025405638305475552,0.05481843746002139,-0.054187925902061895,-0.008290342091308744,94.13696119432969
train,1,5489,549.4494494494495,492,10.0,3,2,0.23493238119726734,32.89187241147875,-2.547751203790001,10.873506428623545,18.80759163402553,32.899489,-2.519194,10.977805,18.810807,0.0295554784939394,0.10434812202200552,-0.10429857137645548,-0.003215365974469364,89.72210480371673
train,1,5489,549.4494494494495,493,10.0,2,2,0.12338181320554621,4.3254318699665815,-35.44829224767357,-13.703520346022508,-20.07822039480677,4.306783,-35.441921,-13.824275,-20.073076,0.019707185185825725,0.1208641851631485,0.12075465397749241,-0.005144394806769981,88.47410308961874
train,1,5489,549.4494494494495,494,10.0,2,2,0.16103797558449645,21.136843735891123,-23.184231714444476,11.785228511946553,18.633940816118198,21.076326,-23.179494,11.975709,18.680364,0.060702901870873696,0.19605593163891577,-0.19048048805344742,-0.046423183881803,81.44531875774508
train,1,5489,549.4494494494495,495,10.0,2,2,0.8110588476695497,47.257822144706175,38.904031010870106,-8.586597573591852,-13.691625489335264,47.249166,38.926794,-8.614774,-13.658891,0.024353285513496938,0.04319094577772364,0.028176426408148103,-0.03273448933526346,95.16255324716548
train,1,5489,549.4494494494495,496,10.0,2,2,0.07717092678018403,-5.98213929969451,-56.14924107493623,8.785535312217416,11.966562360123296,-5.991913,-56.081058,8.733305,12.010621,0.06888001833203132,0.06833131977441882,0.05223031221741614,-0.04405863987670422,90.75343671730495
train,1,5489,549.4494494494495,497,10.0,2,2,0.05694499908579801,-16.690150125243022,-71.20736123706568,9.770365752584178,13.4811337853453,-16.618198,-71.226518,10.079636,13.481848,0.07445864552292888,0.30927107210215626,-0.30927024741582265,-0.0007142146546996742,72.7524227259085
train,1,5490,549.5495495495496,488,-10.0,3,2,0.5835890492056424,11.1535740420352,-13.579693344506104,0.8593782258984627,-0.11866721211568651,11.178728,-13.578461,0.09332,-0.939058,0.025184127427343335,1.12244654675051,0.7660582258984627,0.8203907878843134,32.53905788851551
train,1,5490,549.5495495495496,489,-10.0,2,2,0.6019786482261162,55.25287026960271,39.730918386192535,8.51067375849127,18.588798715683772,55.519624,39.372547,9.107437,18.634322,0.4467522838469114,0.5984970641790497,-0.5967632415087287,-0.04552328431622854,47.38564040224831
train,1,5490,549.5495495495496,490,-10.0,2,2,0.9230359102866014,46.848689588452636,20.85463845547945,8.515002436285265,18.421025676700822,46.393466,21.021766,9.789415,18.732286,0.48493312077147993,1.31187284879834,-1.2744125637147352,-0.31126032329917663,24.693462492389553
train,1,5490,549.5495495495496,491,-10.0,3,2,0.4468627985902911,7.479689979847384,4.352072305964365,2.122370760238383,-6.862487923940471,7.16663,4.624458,1.931178,-7.19425,0.41497050171948296,0.38291088608043117,0.19119276023838294,0.3317620760595297,56.856331586336516
train,1,5490,549.5495495495496,492,-10.0,3,2,0.2534024063748145,34.051918312677614,-0.5554899905981295,11.717800061727853,18.916254230748255,33.998411,-0.637221,10.919436,18.869568,0.09768823065154218,0.7997279407398971,0.7983640617278542,0.04668623074825362,44.67874740363914
train,1,5490,549.5495495495496,493,-10.0,2,2,0.11777820399255079,3.25799447072136,-37.31552395483387,-14.337568753240335,-20.139638832444454,2.918574,-37.448781,-13.877479,-20.019284,0.3646418736666382,0.47557109534693764,-0.46008975324033585,-0.12035483244445544,54.92091935551594
train,1,5490,549.5495495495496,494,-10.0,2,2,0.1662988833738995,22.71039311858241,-21.512335178279304,11.613842855906425,19.01585260813646,22.274032,-21.312123,11.91667,18.743451,0.4800999293291317,0.40731672604399605,-0.30282714409357503,0.27240160813645886,53.280204646704696
train,1,5490,549.5495495495496,495,-10.0,2,2,0.8810227523531746,45.87964547430797,37.50643793914479,-8.422015523360123,-12.95331127948493,46.389175,37.569495,-8.530934,-13.35878,0.5134165272716142,0.41984296810793253,0.10891847663987697,0.4054687205150689,51.518824281511996
train,1,5490,549.5495495495496,496,-10.0,2,2,0.07956613293744765,-6.222004648721036,-54.500806350950576,9.755613502987494,11.887640757507043,-5.122393,-54.879326,8.618366,11.908402,1.1629371877790708,1.1374369926466876,1.1372475029874938,-0.02076124249295752,19.657522035404906
train,1,5490,549.5495495495496,497,-10.0,2,2,0.05885063175645626,-16.44693185932157,-69.21356008117334,8.033605729580513,13.28792421137197,-15.597671,-69.859137,10.019589,13.447991,1.0667771863408677,1.9924233805112233,-1.9859832704194869,-0.16006678862802914,10.434668731624205
train,1,5490,549.5495495495496,488,-5.0,3,2,0.5832062357273954,11.164755133240153,-13.578630608632965,0.5242114004216759,-0.47769969047331484,11.178728,-13.578461,0.09332,-0.939058,0.013973896112996181,0.6312835248338686,0.4308914004216759,0.4613583095266851,53.18263956797642
train,1,5490,549.5495495495496,489,-5.0,2,2,0.6011192795547813,55.36971091031828,39.57377791305237,8.77198266581456,18.60943101726858,55.519624,39.372547,9.107437,18.634322,0.2509338853678582,0.3363765320962982,-0.3354543341854388,-0.024890982731420763,65.72683190245777
train,1,5490,549.5495495495496,490,-5.0,2,2,0.9138200845243526,46.64851787443958,20.928610255839196,9.071091053638748,18.554852040629594,46.393466,21.021766,9.789415,18.732286,0.2715316764675836,0.7399135772871461,-0.7183239463612523,-0.17743395937040418,45.4679090203527
train,1,5490,549.5495495495496,491,-5.0,3,2,0.4491546724744706,7.342446647077152,4.470786357128263,2.038860001390596,-7.007635344745653,7.16663,4.624458,1.931178,-7.19425,0.23350903025868258,0.21545403913406505,0.10768200139059614,0.18661465525434728,72.78055013950528
train,1,5490,549.5495495495496,492,-5.0,3,2,0.2530333314695777,34.02845744900369,-0.5912443255349972,11.368832742104237,18.895766274817916,33.998411,-0.637221,10.919436,18.869568,0.05492398103371864,0.4501597287822821,0.44939674210423775,0.026198274817915035,63.540163244501194
train,1,5490,549.5495495495496,493,-5.0,2,2,0.11759093328931804,3.109796244497776,-37.37294332524197,-14.13644419665801,-20.086587890495192,2.918574,-37.448781,-13.877479,-20.019284,0.2057116907311579,0.26756828428629403,-0.25896519665801065,-0.06730389049519303,71.35479191771114
train,1,5490,549.5495495495496,494,-5.0,2,2,0.16708174627166758,22.519005694195393,-21.424638979484534,11.74693949735941,18.897032771600784,22.274032,-21.312123,11.91667,18.743451,0.26957736642215124,0.22890129771292853,-0.16973050264058998,0.15358177160078412,70.21212243931598
train,1,5490,549.5495495495496,495,-5.0,2,2,0.8728558781613742,46.101423871145506,37.53523253375797,-8.46969093490066,-13.13070399019099,46.389175,37.569495,-8.530934,-13.35878,0.2897837620537472,0.23615541338949178,0.0612430650993403,0.22807600980901022,68.80983515096997
train,1,5490,549.5495495495496,496,-5.0,2,2,0.07944424150140837,-5.741512650652336,-54.66714241404878,9.258216563092672,11.89940856448385,-5.122393,-54.879326,8.618366,11.908402,0.6544700267934259,0.6399137636997604,0.6398505630926721,-0.008993435516151393,40.038630757827384
train,1,5490,549.5495495495496,497,-5.0,2,2,0.058689093346826135,-16.076682226345255,-69.49474919612298,8.901634459033852,13.354450926640041,-15.597671,-69.859137,10.019589,13.447991,0.6018556526104119,1.1218609989615542,-1.1179545409661475,-0.09354007335995895,27.996033371356816
train,1,5490,549.5495495495496,488,0.0,3,2,0.5830070480567608,11.170915991682492,-13.578393066958343,0.3356710922496451,-0.6795953434170973,11.178728,-13.578461,0.09332,-0.939058,0.0078123036839950226,0.3550421412672773,0.24235109224964507,0.2594626565829027,70.1083641717296
train,1,5490,549.5495495495496,489,0.0,2,2,0.600627884428223,55.43533464449866,39.485631343114584,8.918825820918387,18.620548984755988,55.519624,39.372547,9.107437,18.634322,0.14104171052737846,0.1891133861562094,-0.18861117908161162,-0.013773015244012754,78.98465531320565
train,1,5490,549.5495495495496,490,0.0,2,2,0.9086977406865703,46.53661662342458,20.969639604289547,9.384918749466273,18.631747088692734,46.393466,21.021766,9.789415,18.732286,0.15234586347062082,0.4168036580725914,-0.40449625053372706,-0.10053891130726456,64.16109950868636
train,1,5490,549.5495495495496,491,0.0,3,2,0.45043625949543054,7.265440819348554,4.537879308108434,1.991789810996997,-7.089286376207805,7.16663,4.624458,1.931178,-7.19425,0.1313752180207034,0.12120707055252673,0.06061181099699686,0.10496362379219537,83.63171992838097
train,1,5490,549.5495495495496,492,0.0,3,2,0.2528262697249731,34.01529925015011,-0.6113592245986545,11.172303297408357,18.884284120403006,33.998411,-0.637221,10.919436,18.869568,0.030887609490576243,0.2532951525361718,0.25286729740835767,0.014716120403004851,77.47836350029179
train,1,5490,549.5495495495496,493,0.0,2,2,0.1174835595465322,3.0262391491059013,-37.40584913672145,-14.023186954007928,-20.05701660205933,2.918574,-37.448781,-13.877479,-20.019284,0.1159091420750054,0.15051430868639873,-0.14570795400792846,-0.037732602059332265,82.69820158485457
train,1,5490,549.5495495495496,494,0.0,2,2,0.1675213464782704,22.411673382222933,-21.375377538657297,11.821394930678114,18.829947482894752,22.274032,-21.312123,11.91667,18.743451,0.1514803180647158,0.12868170183616753,-0.09527506932188601,0.08649648289475209,81.9747166625584
train,1,5490,549.5495495495496,495,0.0,2,2,0.868298015915303,46.22694611960151,37.550616313188264,-8.496491727522573,-13.23049685176088,46.389175,37.569495,-8.530934,-13.35878,0.16332364939311367,0.1328263387116782,0.03444227247742759,0.12828314823912024,81.0165198681091
train,1,5490,549.5495495495496,496,0.0,2,2,0.07937355150097126,-5.47085363242027,-54.76020117266686,8.97830879180796,11.90418959187426,-5.122393,-54.879326,8.618366,11.908402,0.3682601483107894,0.3599674398563377,0.35994279180795985,-0.004212408125740197,59.75196838664001
train,1,5490,549.5495495495496,497,0.0,2,2,0.058596694600212176,-15.867582352502213,-69.65376206721606,9.39052276905834,13.394260853869124,-15.597671,-69.859137,10.019589,13.447991,0.33916220488960963,0.6313566753542658,-0.6290662309416604,-0.05373014613087612,48.83668601027979
train,1,5490,549.5495495495496,488,5.0,3,2,0.5829004131132032,11.174333136905224,-13.57837520404578,0.22964210693761303,-0.7931176619254883,11.178728,-13.578461,0.09332,-0.939058,0.004395700463814798,0.19970553101307126,0.13632210693761304,0.14594033807451168,81.8932266005887
train,1,5490,549.5495495495496,489,5.0,2,2,0.6003491309276946,55.47219979248178,39.43614542215076,9.001358970530275,18.626648229369216,55.519624,39.372547,9.107437,18.634322,0.07933356640664492,0.10635523067472348,-0.10607802946972456,-0.00767377063078456,87.57411029912845
train,1,5490,549.5495495495496,490,5.0,2,2,0.9058370294680244,46.473916691438404,20.99253665786864,9.561728368339436,18.675500423033984,46.393466,21.021766,9.789415,18.732286,0.08559595898376232,0.23466104062731957,-0.22768663166056413,-0.05678557696601416,77.89683586937045
train,1,5490,549.5495495495496,491,5.0,3,2,0.4511544611818017,7.2222026559855275,4.575711329867348,1.9652879644786663,-7.135205816852385,7.16663,4.624458,1.931178,-7.19425,0.07392264837184481,0.06818874716773303,0.03410996447866621,0.05904418314761539,90.43220851513192
train,1,5490,549.5495495495496,492,5.0,3,2,0.2527100598918654,34.00791618595776,-0.6226722082224585,11.061705292901205,18.877840457751216,33.998411,-0.637221,10.919436,18.869568,0.01737860472759332,0.14250959707982763,0.14226929290120616,0.008272457751214546,86.62642137934712
train,1,5490,549.5495495495496,493,5.0,2,2,0.11742253289825108,2.979198238244783,-37.42454810413308,-13.959451981422394,-20.040473850316797,2.918574,-37.448781,-13.877479,-20.019284,0.06528806556222196,0.08466746387913436,-0.0819729814223944,-0.021189850316797987,89.8600816596206
train,1,5490,549.5495495495496,494,5.0,2,2,0.16776831536245146,22.351413001477898,-21.347697553496477,11.863137302662263,18.792142085571726,22.274032,-21.312123,11.91667,18.743451,0.08516670855561126,0.07236415893525473,-0.05353269733773658,0.04869108557172552,89.4260285592025
train,1,5490,549.5495495495496,495,5.0,2,2,0.8657456443018351,46.29778687676736,37.55902207411709,-8.51155691518811,-13.286621877630001,46.389175,37.569495,-8.530934,-13.35878,0.09198625573711158,0.07471456377287389,0.01937708481188949,0.07215812236999852,88.82462416320796
train,1,5490,549.5495495495496,496,5.0,2,2,0.07933312979597655,-5.318542337261365,-54.81236932484065,8.820860935185665,11.90629512089946,-5.122393,-54.879326,8.618366,11.908402,0.20726253606589687,0.20250589550773868,0.20249493518566553,-0.0021068791005411924,74.84360190225277
train,1,5490,549.5495495495496,497,5.0,2,2,0.05854424882347289,-15.749791247464133,-69.74343432406913,9.665664426733944,13.417401927182675,-15.597671,-69.859137,10.019589,13.447991,0.19112215702559027,0.35524399352752395,-0.3539245732660561,-0.030589072817324592,66.80494534348603
train,1,5490,549.5495495495496,488,10.0,3,2,0.582842643871691,11.176227227215339,-13.578404891834852,0.1700363445194014,-0.8569315437327055,11.178728,-13.578461,0.09332,-0.939058,0.0025014021361419985,0.11238395052427776,0.07671634451940139,0.08212645626729442,89.36761795092451
train,1,5490,549.5495495495496,489,10.0,2,2,0.60019184399249,55.49289647077616,39.408366901460205,9.047739060740419,18.630030154686544,55.519624,39.372547,9.107437,18.634322,0.04469257386893567,0.05985201657450792,-0.059697939259580224,-0.004291845313456832,92.80243355461637
train,1,5490,549.5495495495496,490,10.0,2,2,0.9042360075963378,46.438759090395536,21.005359455023147,9.661223766849572,18.700259563663085,46.393466,21.021766,9.789415,18.732286,0.04817300858007492,0.13213131680668955,-0.12819123315042802,-0.03202643633691338,86.88029074058431
train,1,5490,549.5495495495496,491,10.0,3,2,0.45155722035011325,7.197928492732067,4.597011981968025,1.9503798739737745,-7.16102022537125,7.16663,4.624458,1.931178,-7.19425,0.04162786990840066,0.03837876868767723,0.019201873973774486,0.033229774628749986,94.49532081655504
train,1,5490,549.5495495495496,492,10.0,3,2,0.2526449058605054,34.003778076918614,-0.629031899619819,10.99950393381657,18.874222727126305,33.998411,-0.637221,10.919436,18.869568,0.009791163346969152,0.08020312032754744,0.0800679338165704,0.0046547271263044365,92.2379476329001
train,1,5490,549.5495495495496,493,10.0,2,2,0.11738801821723671,2.9527571961652086,-37.435124368452314,-13.923604158229411,-20.031204532177405,2.918574,-37.448781,-13.877479,-20.019284,0.03681024973153937,0.04764062666549261,-0.04612515822941177,-0.011920532177406074,94.15716342007292
train,1,5490,549.5495495495496,494,10.0,2,2,0.16790706154398874,22.31756873763508,-21.33214637796325,11.886563236300441,18.770864182436757,22.274032,-21.312123,11.91667,18.743451,0.04792059253562416,0.040717315625811566,-0.03010676369955867,0.0274131824367565,93.90532521907816
train,1,5490,549.5495495495496,495,10.0,2,2,0.8643140502450283,46.33768495064357,37.56368773711156,-8.520020795381452,-13.31817731108657,46.389175,37.569495,-8.530934,-13.35878,0.05181649819298139,0.04204374367307235,0.010913204618548278,0.04060268891342922,93.54496098493084
train,1,5490,549.5495495495496,496,10.0,2,2,0.07931020270750468,-5.2329314908139,-54.84163194326172,8.732341483188886,11.907290791932903,-5.122393,-54.879326,8.618366,11.908402,0.11678869750452568,0.11398089994165013,0.11397548318888617,-0.0011112080670976354,84.94290805079852
train,1,5490,549.5495495495496,497,10.0,2,2,0.058514615539585445,-15.683616830076854,-69.79389040558986,9.820418757914938,13.430640962238202,-15.597671,-69.859137,10.019589,13.447991,0.10790645851718465,0.19992450860901959,-0.19917024208506184,-0.017350037761797665,79.67723332411938
train,1,5491,549.6496496496496,488,-10.0,3,2,0.5794389346089609,11.287465781438227,-13.580000383336595,-0.8119652945879954,-1.1212035524530746,11.191291,-13.672502,0.110396,-1.06419,0.1334396405497046,0.924121692699269,-0.9223612945879953,-0.0570135524530746,39.309416969810826
train,1,5491,549.6496496496496,489,-10.0,2,2,0.5578173313182703,56.764011160551156,41.41239648550992,8.27948297736937,19.999148299470512,56.427687,41.236773,9.057861,18.677287,0.37941738182784296,1.5340109651342926,-0.7783780226306316,1.3218612994705126,20.592640422075164
train,1,5491,549.6496496496496,490,-10.0,2,2,0.9288876831986421,46.65240750493402,22.833000956379383,8.929667230953989,19.41787866626513,47.367394,22.897922,9.731994,18.769647,0.7179278724436902,1.03147105508428,-0.8023267690460116,0.6482316662651293,28.458505501896404
train,1,5491,549.6496496496496,491,-10.0,3,2,0.4493655799640638,7.329944442562744,3.967925152619815,2.2305706380550983,-6.349298800206065,7.3584,3.914039,1.869869,-6.992861,0.06093797004521058,0.7377519750561433,0.36070163805509825,0.6435621997939354,47.69877732945932
train,1,5491,549.6496496496496,492,-10.0,3,2,0.26735107096374766,34.860977700085705,1.5413590792310519,10.498243247033535,19.413444367699963,35.090804,1.253868,10.858258,18.930707,0.36806419109950067,0.6022009536088362,-0.3600147529664639,0.48273736769996134,49.372617787507814
train,1,5491,549.6496496496496,493,-10.0,2,2,0.11136226795039195,0.4078265887510909,-39.458020688495914,-12.760092333070094,-20.729782452839064,1.524663,-39.449317,-13.928693,-19.965681,1.1168703253667263,1.39623728247737,1.1686006669299065,-0.7641014528390642,16.729751779988554
train,1,5491,549.6496496496496,494,-10.0,3,2,0.3451261268905341,23.069797769799298,-19.27336337365019,11.559572373104544,18.918475379434053,23.465019,-19.437582,11.856151,18.811977,0.42798081503915064,0.3151202734723272,-0.29657862689545667,0.10649837943405416,58.77359304067651
train,1,5491,549.6496496496496,495,-10.0,2,2,0.9242177594179822,45.41062769116993,36.14644187826434,-8.91379240557927,-13.299248609671999,45.541489,36.244667,-8.447375,-13.055008,0.1636241323543202,0.5264966017366567,-0.46641740557927136,-0.2442406096719978,57.617944515425
train,1,5491,549.6496496496496,496,-10.0,2,2,0.08120422032343097,-4.516437967348924,-53.7363729740882,9.57205386766601,11.89764501414505,-4.265215,-53.686303,8.502964,11.801013,0.2561639741040708,1.0734481316318252,1.06908986766601,0.09663201414505096,33.16782212601515
train,1,5491,549.6496496496496,497,-10.0,2,2,0.059923963743593205,-15.397142803126956,-68.40303956028252,8.977914167256206,12.946863986173527,-14.582444,-68.49171,9.944506,13.392435,0.8195099674172265,1.064346418930115,-0.966591832743795,-0.44557101382647346,26.098543100905008
train,1,5491,549.6496496496496,488,-5.0,3,2,0.5821424341876132,11.243866317267864,-13.619616854237476,-0.40770859502767937,-1.0960555670382033,11.191291,-13.672502,0.110396,-1.06419,0.07457213037147312,0.5190836018903524,-0.5181045950276794,-0.03186556703820331,59.19028256640419
train,1,5491,549.6496496496496,489,-5.0,2,2,0.561182369371257,56.61384120007654,41.336435485133954,8.620646841509796,19.419233793844132,56.427687,41.236773,9.057861,18.677287,0.21115396550672139,0.86118596440019,-0.43721415849020495,0.7419467938441322,41.201539200041594
train,1,5491,549.6496496496496,490,-5.0,2,2,0.9441160166595246,46.965385818849896,22.86184662042391,9.281401887826586,19.136955125039947,47.367394,22.897922,9.731994,18.769647,0.4036236003050017,0.5813333899521516,-0.450592112173414,0.3673081250399477,49.27688890023768
train,1,5491,549.6496496496496,491,-5.0,3,2,0.4491456700112031,7.3432474545901485,3.9453181968709568,2.072595172164176,-6.630941165547567,7.3584,3.914039,1.869869,-6.992861,0.03475611873166625,0.4148299259340099,0.202726172164176,0.3619198344524337,65.94933545758774
train,1,5491,549.6496496496496,492,-5.0,3,2,0.26847445188540786,34.960799979720036,1.4157532716249341,10.658992541693697,19.20202667585577,35.090804,1.253868,10.858258,18.930707,0.20762438791729532,0.33663197914116755,-0.19926545830630182,0.2713196758557679,67.33358556497122
train,1,5491,549.6496496496496,493,-5.0,2,2,0.11151028313136557,0.8970727726489773,-39.45339914422979,-13.269383781093415,-20.39185410023488,1.524663,-39.449317,-13.928693,-19.965681,0.6276035033108254,0.7850555123677697,0.6593092189065857,-0.4261731002348803,36.60130748432759
train,1,5491,549.6496496496496,494,-5.0,3,2,0.3364660327881166,23.2419909892921,-19.345384983601313,11.687806638330384,18.871264813552,23.465019,-19.437582,11.856151,18.811977,0.2413333449673793,0.1784793235692228,-0.1683443616696163,0.0592878135520003,74.06989259586622
train,1,5491,549.6496496496496,495,-5.0,2,2,0.9212673644336047,45.467121778777525,36.1888527607742,-8.70963434452034,-13.192276824275835,45.541489,36.244667,-8.447375,-13.055008,0.09298232570067695,0.29601130705820833,-0.2622593445203414,-0.13726882427583398,73.32478487578477
train,1,5491,549.6496496496496,496,-5.0,2,2,0.0812707388371135,-4.405208984941672,-53.71160105289181,9.103754307610748,11.856075155306067,-4.265215,-53.686303,8.502964,11.801013,0.14226140481509958,0.6033082418349397,0.6007903076107475,0.05506215530606795,53.80229134955289
train,1,5491,549.6496496496496,497,-5.0,2,2,0.05998740460883695,-15.037844050028541,-68.4399585480971,9.401524487205744,13.140405742413535,-14.582444,-68.49171,9.944506,13.392435,0.4583311230323068,0.5986214746531603,-0.5429815127942561,-0.2520292575864662,47.05123463306809
train,1,5491,549.6496496496496,488,0.0,3,2,0.5836516878802553,11.220374894458432,-13.642490268288373,-0.1807931327199547,-1.082052184604772,11.191291,-13.672502,0.110396,-1.06419,0.04179206811345773,0.29173647124254853,-0.2911891327199547,-0.017862184604771958,74.47440437325788
train,1,5491,549.6496496496496,489,0.0,2,2,0.5630564910217148,56.53144092058545,41.29311603688545,8.812142349884356,19.094112156137342,56.427687,41.236773,9.057861,18.677287,0.11806529482590583,0.48386037841879,-0.24571865011564498,0.4168251561373424,60.771059678675755
train,1,5491,549.6496496496496,490,0.0,2,2,0.9527193369529852,47.14131326581078,22.877774910297326,9.478778346359803,18.977090952417406,47.367394,22.897922,9.731994,18.769647,0.2269766587008965,0.3273395189142117,-0.25321565364019705,0.20744395241740676,67.14380766667466
train,1,5491,549.6496496496496,491,0.0,3,2,0.44903201416180305,7.350149563774249,3.9319351534440297,1.9838443013155804,-6.78931804119468,7.3584,3.914039,1.869869,-6.992861,0.01970639505357194,0.23328117238474605,0.11397530131558042,0.20354295880532014,79.12731564779212
train,1,5491,549.6496496496496,492,0.0,3,2,0.2691369427454708,35.01743194855967,1.3449835521391302,10.747219295803928,19.083242267430826,35.090804,1.253868,10.858258,18.930707,0.11698504936179249,0.18867061678951413,-0.11103870419607098,0.15253526743082446,80.09187855571646
train,1,5491,549.6496496496496,493,0.0,2,2,0.11158668010125412,1.171802822788371,-39.45134201527654,-13.55723738548154,-20.204228545781543,1.524663,-39.449317,-13.928693,-19.965681,0.35286598780371636,0.44145691200352083,0.3714556145184602,-0.23854754578154314,56.82728438354072
train,1,5491,549.6496496496496,494,0.0,3,2,0.3314123647498792,23.33933912715319,-19.38577614807985,11.761063266208119,18.84512476357471,23.465019,-19.437582,11.856151,18.811977,0.13593850349317413,0.1006998080816478,-0.09508773379188185,0.03314776357471061,84.43622566025239
train,1,5491,549.6496496496496,495,0.0,2,2,0.9195871270981696,45.49941313842893,36.21310054482357,-8.594852710394898,-13.132180105657051,45.541489,36.244667,-8.447375,-13.055008,0.05260056291859988,0.16644881782357168,-0.14747771039489876,-0.07717210565705024,83.98244555338152
train,1,5491,549.6496496496496,496,0.0,2,2,0.08130472660135699,-4.343513790003841,-53.69963142233463,8.84070619767612,11.832206573461004,-4.265215,-53.686303,8.502964,11.801013,0.07942510533827306,0.33917964431310155,0.33774219767611946,0.03119357346100493,70.5848283513126
train,1,5491,549.6496496496496,497,0.0,2,2,0.06002043994451469,-14.837746033764976,-68.46199417854274,9.639331695469082,13.250237017851251,-14.582444,-68.49171,9.944506,13.392435,0.25702559889904397,0.3366773266394783,-0.30517430453091876,-0.14219798214874935,65.47036167275154
train,1,5491,549.6496496496496,488,5.0,3,2,0.5844968965682747,11.207489644614794,-13.655539740768662,-0.05333073413847017,-1.074219104225869,11.191291,-13.672502,0.110396,-1.06419,0.023454516102182285,0.1640336136382499,-0.16372673413847016,-0.010029104225869112,84.72987224540432
train,1,5491,549.6496496496496,489,5.0,2,2,0.5641041951488714,56.48575640901827,41.26858823824717,8.919695996219385,18.91160691406614,56.427687,41.236773,9.057861,18.677287,0.0662137874498632,0.27202093742515726,-0.1381650037806157,0.23431991406614117,75.58112002173146
train,1,5491,549.6496496496496,490,5.0,2,2,0.9575653249073616,47.2401942258401,22.88664002388903,9.589631400232221,18.88660379820858,47.367394,22.897922,9.731994,18.769647,0.12769912110620654,0.18424440957555085,-0.14236259976777887,0.11695679820858018,79.91776953484958
train,1,5491,549.6496496496496,491,5.0,3,2,0.44897108289120913,7.3538593183594,3.9241942044953695,1.9339673215930404,-6.878371377655162,7.3584,3.914039,1.869869,-6.992861,0.011124116508921221,0.13121154086325104,0.06409832159304041,0.11448962234483862,87.66194984767299
train,1,5491,549.6496496496496,492,5.0,3,2,0.2695192315691132,35.04942523317693,1.3051525836963567,10.79613297777461,19.016485602781078,35.090804,1.253868,10.858258,18.930707,0.0658962128555673,0.1059126389132986,-0.062125022225389515,0.08577860278107607,88.27273357070777
train,1,5491,549.6496496496496,493,5.0,2,2,0.1116274640688697,1.32614704968641,-39.45035728149005,-13.719561596279972,-20.099490258882636,1.524663,-39.449317,-13.928693,-19.965681,0.19851867598411563,0.24827577768407053,0.20913140372002914,-0.13380925888263562,72.76868644009588
train,1,5491,549.6496496496496,494,5.0,3,2,0.32851345909101304,23.394233902705196,-19.408448943013884,11.802554656239716,18.83055766232509,23.465019,-19.437582,11.856151,18.811977,0.07654583599642355,0.05672573557839284,-0.05359634376028488,0.01858066232509259,90.91240914104458
train,1,5491,549.6496496496496,495,5.0,2,2,0.9186358830138406,45.51772794192158,36.22686792347019,-8.530320844930745,-13.098408398307493,45.541489,36.244667,-8.447375,-13.055008,0.0296882974641555,0.09361414297276008,-0.0829458449307463,-0.04340039830749198,90.6459456593452
train,1,5491,549.6496496496496,496,5.0,2,2,0.08132274891368514,-4.3090510316530946,-53.693531324647324,8.69288484252974,11.818635322331424,-4.265215,-53.686303,8.502964,11.801013,0.044427990594873325,0.19073665791231276,0.18992084252973918,0.01762232233142491,82.21416399873085
train,1,5491,549.6496496496496,497,5.0,2,2,0.06003818049916453,-14.72581787155786,-68.47479935559869,9.772917810057303,13.312305873968695,-14.582444,-68.49171,9.944506,13.392435,0.14436771432545764,0.18937577396898536,-0.17158818994269787,-0.08012912603130573,78.81013503530274
train,1,5491,549.6496496496496,488,10.0,3,2,0.5849711722436081,11.200343828735273,-13.66293701920083,0.018279148880774775,-1.0698283259077812,11.191291,-13.672502,0.110396,-1.06419,0.013169759519393543,0.09228924628126432,-0.09211685111922521,-0.005638325907781239,91.0989252769007
train,1,5491,549.6496496496496,489,10.0,2,2,0.5646908717580968,56.46028519420773,41.25477294863453,8.98010875703626,18.809114146055165,56.427687,41.236773,9.057861,18.677287,0.03723762098269207,0.15304838360120776,-0.07775224296374006,0.13182714605516566,85.42654288544372
train,1,5491,549.6496496496496,490,10.0,2,2,0.9602896504964759,47.29573634686659,22.8915984883599,9.651907264141107,18.835548840707254,47.367394,22.897922,9.731994,18.769647,0.07193612480562299,0.10371565874609583,-0.08008673585889348,0.06590184070725513,88.14200206754656
train,1,5491,549.6496496496496,491,10.0,3,2,0.448937558522371,7.3559033456241325,3.919768875571838,1.9059393450667896,-6.928430178167111,7.3584,3.914039,1.869869,-6.992861,0.00625018056869439,0.07384037239409635,0.03607034506678963,0.0644308218328895,92.85747251956707
train,1,5491,549.6496496496496,492,10.0,3,2,0.2697369858544536,35.06743742308535,1.2827593313080992,10.82341048757216,18.978969869852772,35.090804,1.253868,10.858258,18.930707,0.03715785167985985,0.059528595891671365,-0.03484751242783979,0.04826286985277051,93.22318007872276
train,1,5491,549.6496496496496,493,10.0,2,2,0.11164971213523875,1.4128190567224863,-39.44984976336656,-13.810966984082269,-20.040848012686403,1.524663,-39.449317,-13.928693,-19.965681,0.11184521216694288,0.1396763924937213,0.11772601591773224,-0.07516701268640347,83.61576501757546
train,1,5491,549.6496496496496,494,10.0,3,2,0.3268664709593277,23.42513056676343,-19.421175539776957,11.825960435669515,18.82240957219491,23.465019,-19.437582,11.856151,18.811977,0.04313072041038512,0.03194227194792559,-0.030190564330485614,0.010432572194911671,94.77439376470969
train,1,5491,549.6496496496496,495,10.0,2,2,0.9180993723012589,45.52806142030463,36.23465892787471,-8.494047328910307,-13.079432130061589,45.541489,36.244667,-8.447375,-13.055008,0.01674698194124564,0.052676791997779526,-0.046672328910307925,-0.024424130061587945,94.62250698455281
train,1,5491,549.6496496496496,496,10.0,2,2,0.08133252866399882,-4.289693799505392,-53.690314380414264,8.609811431569451,11.810963811281082,-4.265215,-53.686303,8.502964,11.801013,0.024805297781988016,0.10730979581631933,0.10684743156945053,0.009950811281083105,89.57092336399971
train,1,5491,549.6496496496496,497,10.0,2,2,0.06004788590992961,-14.6630916276411,-68.48213043670826,9.847970585825443,13.34729377903398,-14.582444,-68.49171,9.944506,13.392435,0.08121457921455824,0.10656836312976038,-0.09653541417455713,-0.04514122096602158,87.46010827503925
train,1,5492,549.7497497497498,488,-10.0,3,2,0.5923864128036469,11.060026172708962,-13.752772787953461,0.33969478346772336,-1.3552289259592023,11.205608,-13.775961,0.12507,-1.197289,0.14741696515432928,0.2664747978525651,0.21462478346772337,-0.15793992595920225,73.74674111958848
train,1,5492,549.7497497497498,489,-10.0,2,2,0.5332674752486636,57.3034675700096,43.15112910134307,9.371565991221235,18.40455818751223,57.328451,43.105685,9.010597,18.723046,0.05185882876583295,0.48138664223939687,0.3609689912212346,-0.3184878124877706,61.62072612433587
train,1,5492,549.7497497497498,490,-10.0,2,2,0.9634139445615878,48.63679344406373,24.07587742963368,9.732523693231965,18.82148031003524,48.335129,24.774942,9.678005,18.809404,0.7613755383210841,0.05584017528436191,0.05451869323196412,0.012076310035240567,46.60695141010479
train,1,5492,549.7497497497498,491,-10.0,3,2,0.4451668303297533,7.600704563036112,3.0903244506425076,1.7869589213268053,-6.717775788211963,7.545332,3.223243,1.806287,-6.790207,0.14399118549580867,0.07496569259521746,-0.019328078673194637,0.0724312117880368,85.01546148693002
train,1,5492,549.7497497497498,492,-10.0,3,2,0.282266537920273,35.773280284688404,3.2070073691302916,10.717462161966562,19.471423137430115,36.175491,3.15378,10.795491,18.991118,0.4057174045268439,0.48660201870379655,-0.07802883803343796,0.4803051374301148,53.07033906318913
train,1,5492,549.7497497497498,493,-10.0,2,2,0.10678172526960077,-0.43582579301050056,-41.206215413023315,-13.954346498234948,-20.090765207827925,0.12549,-41.443214,-13.97763,-19.913544,0.6092977512776091,0.17874416901938678,0.023283501765051895,-0.17722120782792317,52.994874644931954
train,1,5492,549.7497497497498,494,-10.0,3,2,0.19737235215210247,24.594433333143627,-17.510162518472793,12.165552734184976,18.19643565129409,24.649467,-17.55453,11.794818,18.884851,0.07069072007502432,0.7818950923653916,0.3707347341849765,-0.6884153487059095,45.608132360323836
train,1,5492,549.7497497497498,495,-10.0,2,2,0.9816840605752877,44.659518268460054,34.76736347203907,-9.163678281924128,-13.375153941242967,44.700672,34.948575,-8.365293,-12.747895,0.18582585257599413,1.0153190817483526,-0.7983852819241282,-0.6272589412429674,35.62280606619293
train,1,5492,549.7497497497498,496,-10.0,2,2,0.08414678994332153,-4.062465671126742,-51.9951276064484,10.340509966692832,10.712504180774086,-3.418116,-52.500455,8.386619,11.685406,0.8188664563619624,2.1827111260029217,1.953890966692832,-0.972901819225914,9.717329531258976
train,1,5492,549.7497497497498,497,-10.0,2,2,0.06175209501943017,-12.173972248849541,-67.42317018960075,8.460826885251361,14.036529354043981,-13.57618,-67.132999,9.854107,13.314352,1.431916860945756,1.5693213848182754,-1.3932801147486398,0.722177354043982,11.950239535388784
train,1,5492,549.7497497497498,488,-5.0,3,2,0.5907816338601002,11.123337634391952,-13.7629251706645,0.2459738639891553,-1.285854908844955,11.205608,-13.775961,0.12507,-1.197289,0.08329673405209952,0.14987216064713627,0.12090386398915531,-0.08856590884495485,84.24303317659292
train,1,5492,549.7497497497498,489,-5.0,2,2,0.5332645834626979,57.31432193753516,43.13111396690009,9.213585320819957,18.543904839088444,57.328451,43.105685,9.010597,18.723046,0.029090595795566665,0.2707319964873852,0.20298832081995677,-0.17914116091155563,76.16330300997728
train,1,5492,549.7497497497498,490,-5.0,2,2,0.9668024377312181,48.50521085822428,24.382857682169437,9.708504524945353,18.81607662809235,48.335129,24.774942,9.678005,18.809404,0.42738501469480794,0.031220906257681848,0.030499524945351908,0.006672628092349697,65.147004843402
train,1,5492,549.7497497497498,491,-5.0,3,2,0.4455236056402072,7.577615953591323,3.1498490727229616,1.7953521682849813,-6.749434795779852,7.545332,3.223243,1.806287,-6.790207,0.08018056011673845,0.04221306884846476,-0.010934831715018634,0.040772204220147934,91.33703629918429
train,1,5492,549.7497497497498,492,-5.0,3,2,0.2845274972420198,35.95005075501553,3.1834105099563175,10.745799897657545,19.26163335981771,36.175491,3.15378,10.795491,18.991118,0.2273791353201275,0.2750413887932399,-0.04969110234245555,0.27051535981771124,69.9870495170323
train,1,5492,549.7497497497498,493,-5.0,2,2,0.10660399489848828,-0.1904868087748644,-41.310199976443734,-13.964180810683352,-20.01309496825672,0.12549,-41.443214,-13.97763,-19.913544,0.3428324286676707,0.10045534318355161,0.013449189316647292,-0.09955096825671816,69.95997427247849
train,1,5492,549.7497497497498,494,-5.0,3,2,0.1968042924804821,24.618664436448608,-17.530259402393476,12.003827997816586,18.497885736908326,24.649467,-17.55453,11.794818,18.884851,0.03921555596336024,0.4398036994238436,0.2090099978165867,-0.38696526309167467,64.30398470952521
train,1,5492,549.7497497497498,495,-5.0,2,2,0.9794145017478267,44.67482834054253,34.846662831167535,-8.813942878054755,-13.101008222161983,44.700672,34.948575,-8.365293,-12.747895,0.10513793268982358,0.5709427823733,-0.44864987805475565,-0.3531132221619835,55.95946793393779
train,1,5492,549.7497497497498,496,-5.0,2,2,0.08385187216051056,-3.7817943086504138,-52.214712173803186,9.488849245501935,11.141106380924846,-3.418116,-52.500455,8.386619,11.685406,0.46250499987110394,1.229298006760206,1.1022302455019357,-0.5442996190751543,26.88975819070565
train,1,5492,549.7497497497498,497,-5.0,2,2,0.061727616324737125,-12.787947361912467,-67.29800066868681,9.07230605372192,13.724285606960157,-13.57618,-67.132999,9.854107,13.314352,0.8053174792688071,0.8827560714697276,-0.7818009462780804,0.40993360696015735,30.273314754443742
train,1,5492,549.7497497497498,488,0.0,3,2,0.5898692449670708,11.159211562775372,-13.768628293042692,0.1931309151188694,-1.2470161160427844,11.205608,-13.775961,0.12507,-1.197289,0.0469723107634762,0.0842916024094363,0.06806091511886941,-0.04972711604278435,90.80135569389051
train,1,5492,549.7497497497498,489,0.0,2,2,0.533261198164708,57.32048195377706,43.119943398896744,9.12475299882833,18.62228812794147,57.328451,43.105685,9.010597,18.723046,0.01633424735952007,0.15226207948880935,0.11415599882832872,-0.10075787205853004,85.80132650569136
train,1,5492,549.7497497497498,490,0.0,2,2,0.9686745632876854,48.4309212687121,24.55474737130607,9.69511284342245,18.813117424640343,48.335129,24.774942,9.678005,18.809404,0.24012878471909038,0.017506222583028697,0.01710784342244942,0.003713424640341856,78.60254788171662
train,1,5492,549.7497497497498,491,0.0,3,2,0.44573938907533284,7.56384812690665,3.182392230153504,1.800117766479428,-6.7672644188657305,7.545332,3.223243,1.806287,-6.790207,0.04485122465077797,0.023757556089250294,-0.006169233520572082,0.02294258113426917,95.05116690311226
train,1,5492,549.7497497497498,492,0.0,3,2,0.2858176456009747,36.04891749562838,3.170351440609799,10.765749801084704,19.143381838279282,36.175491,3.15378,10.795491,18.991118,0.127653690321889,0.15514127548933768,-0.029741198915296252,0.15226383827928203,81.79871627315421
train,1,5492,549.7497497497498,493,0.0,2,2,0.106503282782006,-0.05234291658323133,-41.368485578130205,-13.969960590351626,-19.969489737178783,0.12549,-41.443214,-13.97763,-19.913544,0.19289604261271984,0.05646897690619038,0.007669409648373815,-0.055945737178781485,81.79192911860207
train,1,5492,549.7497497497498,494,0.0,3,2,0.19647839116960433,24.632239713794775,-17.54116105202625,11.912484273500219,18.667298191435748,24.649467,-17.55453,11.794818,18.884851,0.021806149589544816,0.2473349478614438,0.11766627350021963,-0.2175528085642533,78.01302775789655
train,1,5492,549.7497497497498,495,0.0,2,2,0.9780634729856781,44.68528372293694,34.89124707542201,-8.617500320064764,-12.946590971904808,44.700672,34.948575,-8.365293,-12.747895,0.05935730795267946,0.3210741682936308,-0.2522073200647643,-0.19869597190480803,72.14337011382595
train,1,5492,549.7497497497498,496,0.0,2,2,0.0836837856211593,-3.6230754264170373,-52.33925623476759,9.007591192561394,11.38019855562828,-3.418116,-52.500455,8.386619,11.685406,0.26075545706591763,0.6919234408765342,0.6209721925613945,-0.305207444371721,47.73876486813307
train,1,5492,549.7497497497498,497,0.0,2,2,0.06171224649399611,-13.132920419780827,-67.22638571972881,9.414975036229427,13.54610098172453,-13.57618,-67.132999,9.854107,13.314352,0.4529902149912132,0.4965324482200108,-0.4391319637705742,0.23174898172453062,51.062516581288556
train,1,5492,549.7497497497498,488,5.0,3,2,0.5893530337261761,11.179467946668685,-13.771831624812597,0.16337316819436912,-1.2252331846736426,11.205608,-13.775961,0.12507,-1.197289,0.02646420464707566,0.04741318541081976,0.03830316819436913,-0.02794418467364257,94.71490159851793
train,1,5492,549.7497497497498,489,5.0,2,2,0.5332587278783821,57.32396509412987,43.11368720998912,9.074806689964964,18.666368692253474,57.328451,43.105685,9.010597,18.723046,0.009173805981472872,0.0856457908994429,0.06420968996496335,-0.056677307746525685,91.7469714672503
train,1,5492,549.7497497497498,490,5.0,2,2,0.9697167588262151,48.38905775088712,24.651151085688323,9.687622210164013,18.81147624953806,48.335129,24.774942,9.678005,18.809404,0.1350277772844002,0.009837934208296999,0.009617210164012846,0.002072249538059623,87.33789914622847
train,1,5492,549.7497497497498,491,5.0,3,2,0.44586579147406263,7.55583988508019,3.200408389543006,1.8028092326915328,-6.777299780515877,7.545332,3.223243,1.806287,-6.790207,0.025136329954492852,0.013367542042692757,-0.003477767308467161,0.012907219484122656,97.19317014838302
train,1,5492,549.7497497497498,492,5.0,3,2,0.2865486398567843,36.104321568901206,3.1630770840012277,10.778210306677995,19.0767995050643,36.175491,3.15378,10.795491,18.991118,0.07177411576503076,0.08740676559496409,-0.017280693322005547,0.08568150506430072,89.30619166009734
train,1,5492,549.7497497497498,493,5.0,2,2,0.10644641857022184,0.025364112584150594,-41.40119310368311,-13.97329429082177,-19.94499068236611,0.12549,-41.443214,-13.97763,-19.913544,0.10858613658329372,0.031744168061443284,0.004335709178230118,-0.03144668236610926,89.30335935921725
train,1,5492,549.7497497497498,494,5.0,3,2,0.1962937595894003,24.639815417127462,-17.54711365795886,11.8610256290894,18.762510772768085,24.649467,-17.55453,11.794818,18.884851,0.01217190129834569,0.13910636703183885,0.06620762908940137,-0.12234022723191629,86.96731075265247
train,1,5492,549.7497497497498,495,5.0,2,2,0.9772807392356466,44.69174906752177,34.91629012842499,-8.507124629168342,-12.859686159398267,44.700672,34.948575,-8.365293,-12.747895,0.033495248269356064,0.180592010765025,-0.14183162916834213,-0.11179115939826723,83.22087180334304
train,1,5492,549.7497497497498,496,5.0,2,2,0.08358857431523171,-3.5335301253995497,-52.409620015347556,8.736242942843468,11.514022219895228,-3.418116,-52.500455,8.386619,11.685406,0.14687210347289603,0.3893703911347316,0.3496239428434684,-0.1713837801047724,65.95814100492791
train,1,5492,549.7497497497498,497,5.0,2,2,0.061703098718451733,-13.326745549123116,-67.18574330757684,9.607266649672725,13.44509561735845,-13.57618,-67.132999,9.854107,13.314352,0.25495000934695805,0.2793278575968841,-0.24684035032727536,0.1307436173584513,68.51040481205804
train,1,5492,549.7497497497498,488,10.0,3,2,0.5890617936825989,11.190879515152083,-13.773627885387612,0.14663108713692144,-1.2130061173914288,11.205608,-13.775961,0.12507,-1.197289,0.014912132299233546,0.02668160897738127,0.021561087136921453,-0.01571711739142878,96.98964232749934
train,1,5492,549.7497497497498,489,10.0,2,2,0.5332571419549567,57.325932087636076,43.11017497350073,9.046732205693376,18.69114930858918,57.328451,43.105685,9.010597,18.723046,0.00514827947322309,0.048199087267911056,0.03613520569337503,-0.03189669141082163,95.26828150797728
train,1,5492,549.7497497497498,490,10.0,2,2,0.9702994119851935,48.365499199428804,24.705237333948467,9.683430330107006,18.81055758602254,48.335129,24.774942,9.678005,18.809404,0.0760334760661433,0.0055466176613661305,0.0054253301070055215,0.0011535860225393435,92.65979488710124
train,1,5492,549.7497497497498,491,10.0,3,2,0.44593876171757413,7.551235264747278,3.21045566333857,1.8043241075646441,-6.782945470280478,7.545332,3.223243,1.806287,-6.790207,0.014084193749349109,0.007522151326599899,-0.0019628924353558563,0.00726152971952132,98.41597294497033
train,1,5492,549.7497497497498,492,10.0,3,2,0.2869608589681151,36.135374550732095,3.159013661127222,10.785609089590459,19.03933981064855,36.175491,3.15378,10.795491,18.991118,0.04045640506346379,0.04922392889202082,-0.009881910409541561,0.048221810648549024,93.82715248049287
train,1,5492,549.7497497497498,493,10.0,2,2,0.10641439079604795,0.06901000200254234,-41.419548329542856,-13.975203561611647,-19.931218987195503,0.12549,-41.443214,-13.97763,-19.913544,0.06123768555374089,0.01784076163210596,0.0024264383883529916,-0.017674987195501757,93.82080110824943
train,1,5492,549.7497497497498,494,10.0,3,2,0.196189741839148,24.644046104066476,-17.5503944050815,11.83207169790834,18.81601598751285,24.649467,-17.55453,11.794818,18.884851,0.00681830316515939,0.0782693870676931,0.037253697908340655,-0.06883501248715262,92.44412221646695
train,1,5492,549.7497497497498,495,10.0,2,2,0.9768340031645854,44.695570988557144,34.93032985215527,-8.445111926202266,-12.8108079227926,44.700672,34.948575,-8.365293,-12.747895,0.01894480766902103,0.1016321643693105,-0.07981892620226638,-0.06291292279260041,90.17817086959626
train,1,5492,549.7497497497498,496,10.0,2,2,0.0835348441771784,-3.4830894585310714,-52.449273846932506,8.583473691587143,11.58905363298752,-3.418116,-52.500455,8.386619,11.685406,0.08271070512821989,0.2191701353487217,0.1968546915871432,-0.0963523670124804,79.11580113015347
train,1,5492,549.7497497497498,497,10.0,2,2,0.06169779886019545,-13.435557187936698,-67.1628019188829,9.715225675178147,13.388068469370358,-13.57618,-67.132999,9.854107,13.314352,0.143746266895986,0.1572327581666888,-0.13888132482185434,0.0737164693703587,80.81255415849762
train,1,5729,573.4734734734735,503,-10.0,3,2,0.49398061107109065,11.491481525076662,-10.898875058843252,0.2556174278870102,-0.6845218724229817,11.604334,-10.846168,0.321721,-0.610595,0.12455406516139361,0.09917088641502127,-0.06610357211298978,-0.07392687242298168,85.28152244216601
train,1,5729,573.4734734734735,504,-10.0,2,2,0.17245921429115693,17.432137669872454,-21.9005476919099,1.7149424965990139,2.65469738805129,17.634554,-21.97715,1.540924,2.456218,0.21642616363793768,0.2639630743869218,0.17401849659901392,0.19847938805129006,71.08132396227047
train,1,5729,573.4734734734735,505,-10.0,2,2,0.13690536229723013,10.435099829637126,-31.244671160912247,5.373675789596639,3.5698893694322127,11.253071,-31.637974,2.837705,4.178417,0.9076144328839733,2.6079596858179857,2.535970789596639,-0.6085276305677869,6.320450681845162
train,1,5729,573.4734734734735,506,-10.0,3,2,0.1437747648199153,26.44649190181216,-13.894880650732023,12.887060814660963,20.424916103000037,26.525853,-14.375899,12.150533,20.167267,0.48752111363311207,0.7802924336721319,0.7365278146609633,0.2576491030000376,39.849021164626116
train,1,5729,573.4734734734735,507,-10.0,3,2,0.2221944583594078,28.4261827194864,2.079217201903772,-12.08371173902952,-18.332351607355733,28.463659,2.505398,-10.833122,-18.24528,0.42782536655400905,1.2536172303272772,-1.25058973902952,-0.08707160735573183,26.590673757811278
train,1,5729,573.4734734734735,508,-10.0,2,2,0.10183685135592788,6.935930754229989,-43.65031101349347,14.577271697134732,16.62990839930031,7.312637,-43.547127,11.840717,16.735188,0.3905823040573602,2.738579084987989,2.736554697134732,-0.10527960069969211,6.289480368585234
train,1,5729,573.4734734734735,509,-10.0,2,2,0.059680043991652235,-12.684332856181124,-69.36432132647006,12.763389958026629,13.976350831028748,-12.545113,-69.680972,12.039498,14.990053,0.34590434718582835,1.2456370475674872,0.7238919580266288,-1.0137021689712515,27.450857380962628
train,1,5729,573.4734734734735,510,-10.0,2,2,0.046397809557396794,-22.03207000514911,-83.23804256521957,10.770995880496029,15.225748390646022,-22.905779,-83.24,11.815692,14.444304,0.8737111875409818,1.3046245888295938,-1.0446961195039712,0.7814443906460209,20.80109617423716
train,1,5729,573.4734734734735,503,-5.0,3,2,0.49194806732443186,11.538912262399027,-10.875055077377223,0.28412444851296453,-0.6524208186418367,11.604334,-10.846168,0.321721,-0.610595,0.07151550174702104,0.05623966383947469,-0.037596551487035446,-0.041825818641836654,91.30359394281265
train,1,5729,573.4734734734735,504,-5.0,2,2,0.17219077343181788,17.51949247761735,-21.932342178520763,1.6387279879920638,2.5679176061690168,17.634554,-21.97715,1.540924,2.456218,0.12347831711976148,0.14846690569101673,0.0978039879920638,0.11169960616901697,82.43958865235358
train,1,5729,573.4734734734735,505,-5.0,2,2,0.1361828126181675,10.792592578690243,-31.417428657103063,4.268541330884174,3.842065769844877,11.253071,-31.637974,2.837705,4.178417,0.5105689226396899,1.469838343425885,1.430836330884174,-0.3363512301551226,21.09803746813837
train,1,5729,573.4734734734735,506,-5.0,3,2,0.1437447827162943,26.481803710591066,-14.103844689114608,12.561043252914159,20.311104894046373,26.525853,-14.375899,12.150533,20.167267,0.2755973293933707,0.4349804679653364,0.4105102529141593,0.14383789404637426,59.753720470210915
train,1,5729,573.4734734734735,507,-5.0,3,2,0.22363153105312805,28.444293395634272,2.266183247775674,-11.534019310023137,-18.29400347385917,28.463659,2.505398,-10.833122,-18.24528,0.23999734230652547,0.702588795884602,-0.7008973100231373,-0.04872347385916953,47.59471422512099
train,1,5729,573.4734734734735,508,-5.0,2,2,0.1019311857613462,7.101479815172582,-43.60355095305328,13.378949102245127,16.678603738322522,7.312637,-43.547127,11.840717,16.735188,0.21856582345462525,1.5392724836906062,1.5382321022451269,-0.056584261677478764,21.1250119148619
train,1,5729,573.4734734734735,509,-5.0,2,2,0.059559082163540236,-12.62379412118316,-69.50239114837366,12.447631206938112,14.420147491237032,-12.545113,-69.680972,12.039498,14.990053,0.19514568762395532,0.7009743244398938,0.4081332069381123,-0.5699055087629681,48.305199553700135
train,1,5729,573.4734734734735,510,-5.0,2,2,0.04631419943068187,-22.41425444358147,-83.23900557411275,11.228838935035869,14.885359412192525,-22.905779,-83.24,11.815692,14.444304,0.4915255623518242,0.734116064721453,-0.5868530649641315,0.4410554121925241,41.33450486148272
train,1,5729,573.4734734734735,503,0.0,3,2,0.4907786563515796,11.566916229914685,-10.862171164479562,0.3004408524446476,-0.6341987115593827,11.604334,-10.846168,0.321721,-0.610595,0.040696324054112665,0.03178018060609641,-0.021280147555352402,-0.02360371155938268,94.96754586120161
train,1,5729,573.4734734734735,504,0.0,2,2,0.17203258218195583,17.569432391430823,-21.95140274997567,1.5959100481571993,2.519062206516596,17.634554,-21.97715,1.540924,2.456218,0.07002674336603643,0.08350365132523523,0.05498604815719932,0.06284420651659639,89.67484996961669
train,1,5729,573.4734734734735,505,0.0,2,2,0.1357754625007566,10.993907823569748,-31.514134574473633,3.6438754126126245,3.9911167520401727,11.253071,-31.637974,2.837705,4.178417,0.2872311879516546,0.827642505589111,0.8061704126126243,-0.18730024795982692,41.641735011022064
train,1,5729,573.4734734734735,506,0.0,3,2,0.14375328240538612,26.50126480594819,-14.222398654749703,12.3802071812288,20.247836875299846,26.525853,-14.375899,12.150533,20.167267,0.1554571814960311,0.2433962496197357,0.22967418122880012,0.08056987529984738,74.91578339932596
train,1,5729,573.4734734734735,507,0.0,3,2,0.22444156406056315,28.453318811610306,2.371000364894296,-11.226540580263546,-18.272607575227116,28.463659,2.505398,-10.833122,-18.24528,0.13479482118368014,0.39436654988015646,-0.39341858026354615,-0.027327575227115375,65.91745789183335
train,1,5729,573.4734734734735,508,0.0,2,2,0.10198128737881056,7.194115021125901,-43.57835532771845,12.705577662464536,16.704192820021312,7.312637,-43.547127,11.840717,16.735188,0.12256699363337119,0.8654158923087262,0.8648606624645367,-0.030995179978688725,41.725728820821914
train,1,5729,573.4734734734735,509,0.0,2,2,0.05949089040472043,-12.589507515982694,-69.58037151224048,12.269357765548785,14.669596756988245,-12.545113,-69.680972,12.039498,14.990053,0.10996058924356172,0.3943700235861634,0.22985976554878462,-0.3204562430117548,66.40398930333708
train,1,5729,573.4734734734735,510,0.0,2,2,0.046266723072635185,-22.62926301913782,-83.23948140249601,11.485857755950528,14.692855066760453,-22.905779,-83.24,11.815692,14.444304,0.2765164671688542,0.41299910573201676,-0.32983424404947215,0.24855106676045224,60.83403655011222
train,1,5729,573.4734734734735,503,5.0,3,2,0.4901127780992169,11.58308412703936,-10.8550908749781,0.3097079134091706,-0.6238974735735663,11.604334,-10.846168,0.321721,-0.610595,0.02304722974064599,0.017924007716305927,-0.012013086590829392,-0.013302473573566287,97.12254462151513
train,1,5729,573.4734734734735,504,5.0,2,2,0.17194137723439673,17.59773694099491,-21.96249654134139,1.571848008618784,2.491573141565069,17.634554,-21.97715,1.540924,2.456218,0.0396259975829506,0.04697105858015874,0.030924008618784082,0.035355141565069026,94.03969228581565
train,1,5729,573.4734734734735,505,5.0,2,2,0.13554613352290737,11.107157818065195,-31.568364344151203,3.2916250844941914,4.073652776829322,11.253071,-31.637974,2.837705,4.178417,0.161666820497366,0.4658529656058544,0.4539200844941913,-0.1047642231706778,61.0725525925282
train,1,5729,573.4734734734735,506,5.0,3,2,0.1437664345700715,26.512074001739528,-14.289393436431203,12.27933746930456,20.212486925677208,26.525853,-14.375899,12.150533,20.167267,0.08759608051401292,0.1365116588100874,0.12880446930456024,0.045219925677209005,85.02720079244477
train,1,5729,573.4734734734735,507,5.0,3,2,0.2248977106297758,28.458037289235644,2.429836701705421,-11.054165240169834,-18.26062646968839,28.463659,2.505398,-10.833122,-18.24528,0.07577013548806937,0.22157533291563752,-0.22104324016983412,-0.015346469688388709,79.12253484482773
train,1,5729,573.4734734734735,508,5.0,2,2,0.10200851426449464,7.24608159294732,-43.56454002387215,12.327100939553594,16.7180194840167,7.312637,-43.547127,11.840717,16.735188,0.06879560747838313,0.4866868547605771,0.48638393955359405,-0.01716851598330038,61.16927858670621
train,1,5729,573.4734734734735,509,5.0,2,2,0.05945249555089396,-12.570172267881519,-69.62431885857411,12.168896753928236,14.80981811418418,-12.545113,-69.680972,12.039498,14.990053,0.06194792442187903,0.22187530638451294,0.12939875392823552,-0.18023488581581937,79.42468162568132
train,1,5729,573.4734734734735,510,5.0,2,2,0.046239885324176846,-22.750171315203364,-83.23973099597346,11.630229960841255,14.584270950827468,-22.905779,-83.24,11.815692,14.444304,0.15560791731443255,0.23235084525961724,-0.18546203915874493,0.13996695082746768,75.60528855572366
train,1,5729,573.4734734734735,503,10.0,3,2,0.48973592768804886,11.592302335188315,-10.851162364086008,0.31494683484781694,-0.6180892003984223,11.604334,-10.846168,0.321721,-0.610595,0.013027072992976762,0.010102096471562924,-0.006774165152183043,-0.007494200398422302,98.36500815562955
train,1,5729,573.4734734734735,504,10.0,2,2,0.17188944465169154,17.613671076814388,-21.968853473401214,1.5583277546604228,2.47611407540097,17.634554,-21.97715,1.540924,2.456218,0.02247062158420685,0.026433775603217875,0.017403754660422877,0.019896075400970048,96.59009410283316
train,1,5729,573.4734734734735,505,10.0,2,2,0.13541719450229484,11.170774218782599,-31.598790860273148,3.0932992240357673,4.119643264230979,11.253071,-31.637974,2.837705,4.178417,0.09114866229187799,0.262264674282856,0.25559422403576715,-0.05877373576902034,75.75601271255766
train,1,5729,573.4734734734735,506,10.0,3,2,0.14377652733673624,26.51810080587125,-14.32715440037333,12.222896534491104,20.19268613661728,26.525853,-14.375899,12.150533,20.167267,0.049357193058097666,0.07669819835180808,0.07236353449110489,0.025419136617280458,91.28285892310896
train,1,5729,573.4734734734735,507,10.0,3,2,0.22515433112477878,28.460593204634662,2.462873002831049,-10.95742829373629,-18.253905324545208,28.463659,2.505398,-10.833122,-18.24528,0.042635366603811814,0.12460518001256302,-0.1243062937362911,-0.008625324545207036,87.66061487471765
train,1,5729,573.4734734734735,508,10.0,2,2,0.10202350451092983,7.275286570015786,-43.5568910097409,12.114391258341705,16.72561838090535,7.312637,-43.547127,11.840717,16.735188,0.03860557610276006,0.27384151856228645,0.2736742583417051,-0.009569619094651927,75.83961573381639
train,1,5729,573.4734734734735,509,10.0,2,2,0.05943090015178759,-12.5593190933917,-69.64904287161917,12.112359434885015,14.888624015501417,-12.545113,-69.680972,12.039498,14.990053,0.0349468500527992,0.1248864587932452,0.07286143488501473,-0.10142898449858251,87.83730543088734
train,1,5729,573.4734734734735,510,10.0,2,2,0.04622475744360115,-22.818106083425928,-83.23987256242707,11.711335016774493,14.523128175090529,-22.905779,-83.24,11.815692,14.444304,0.08767300919290416,0.1307808492350123,-0.10435698322550735,0.07882417509052786,85.43203842841784
train,1,5987,599.2992992992994,513,-10.0,3,2,0.27152000934483606,0.5878691812756769,38.5556923896326,-3.253070491150523,9.703770729185045,0.742497,38.478056,-3.020473,10.018892,0.17302361491607487,0.3916669608347751,-0.23259749115052308,-0.315121270814954,65.1692526214579
train,1,5987,599.2992992992994,514,-10.0,2,2,0.17154346069726842,-5.282659937778389,60.001594322651115,-4.1143057497330044,14.343165982807697,-5.482491,59.950515,-3.981469,13.662793,0.2062560317448042,0.693219299943583,-0.1328367497330043,0.6803729828076968,48.517154207790355
train,1,5987,599.2992992992994,516,-10.0,3,2,0.7412797587839272,10.779587024415687,-19.008136629821973,-0.9287490036452816,-8.927932739502632,10.221072,-19.045257,-1.633687,-9.007702,0.5597472236467184,0.709436898973335,0.7049379963547183,0.07976926049736832,40.508068740211264
train,1,5987,599.2992992992994,518,-10.0,3,2,0.27623233760812377,-2.1322006352912504,38.23232507339466,4.399157283828036,-13.591680142058612,-2.166399,38.140792,4.133469,-13.984975,0.09771300667682747,0.4746273374413067,0.26568828382803655,0.3932948579413882,61.59551036548451
train,1,5987,599.2992992992994,513,-5.0,3,2,0.27213116078425836,0.655910274741622,38.520769390619556,-3.1512381302967802,9.841619583398721,0.742497,38.478056,-3.020473,10.018892,0.09654892401880197,0.22028397351870851,-0.13076513029678027,-0.17727241660127824,78.62240639823924
train,1,5987,599.2992992992994,514,-5.0,2,2,0.17157812820160326,-5.369986624481356,59.975139037055314,-4.0576109931253885,14.044953041620488,-5.482491,59.950515,-3.981469,13.662793,0.11516760704182935,0.3896715290196081,-0.07614199312538839,0.38216004162048733,66.60875269278598
train,1,5987,599.2992992992994,516,-5.0,3,2,0.7430545300382901,10.53489624984804,-19.024146917598923,-1.2372548041086209,-8.963185776667776,10.221072,-19.045257,-1.633687,-9.007702,0.3145334566809484,0.3989237772796015,0.396432195891379,0.0445162233322236,60.169334468247996
train,1,5987,599.2992992992994,518,-5.0,3,2,0.276903025362588,-2.1460836968719996,38.18995164938601,4.281724596030442,-13.765267772822412,-2.166399,38.140792,4.133469,-13.984975,0.053191941766946894,0.26504902834835337,0.14825559603044258,0.2197072271775884,76.31247113644281
train,1,5987,599.2992992992994,513,0.0,3,2,0.2724680266128339,0.693907607723806,38.5017774089357,-3.094001657903263,9.919175881871602,0.742497,38.478056,-3.020473,10.018892,0.05407064160581552,0.12389417963589516,-0.07352865790326302,-0.09971611812839676,87.35594013228857
train,1,5987,599.2992992992994,514,0.0,2,2,0.17157891567737152,-5.41916752463024,59.96307522615715,-4.0247302582478905,13.877574606843112,-5.482491,59.950515,-3.981469,13.662793,0.06455712055244729,0.2190951279770946,-0.0432612582478904,0.2147816068431112,79.57993637531267
train,1,5987,599.2992992992994,516,0.0,3,2,0.7439388163614209,10.397487352685493,-19.033308228019187,-1.4107390616065454,-8.98277693361023,10.221072,-19.045257,-1.633687,-9.007702,0.17681954025219204,0.22433689435406298,0.2229479383934545,0.024925066389769768,75.15305113217099
train,1,5987,599.2992992992994,518,0.0,3,2,0.2772594177739751,-2.154637440262994,38.16770512759217,4.216494306372768,-13.861860027459844,-2.166399,38.140792,4.133469,-13.984975,0.029370916298947513,0.14849410076449307,0.08302530637276817,0.12311497254015613,85.95288422163641
train,1,5987,599.2992992992994,513,5.0,3,2,0.2726552802889813,0.715179099669693,38.49130082963264,-3.061826664548978,9.962796571912868,0.742497,38.478056,-3.020473,10.018892,0.030359400363878256,0.06969090775637736,-0.04135366454897804,-0.05609542808713108,92.68008682410523
train,1,5987,599.2992992992994,514,5.0,2,2,0.1715734909225118,-5.446865017390458,59.957172219789825,-4.005940126853202,13.78355729728267,-5.482491,59.950515,-3.981469,13.662793,0.036242643560112656,0.12321871427523653,-0.024471126853202296,0.12076429728266902,87.9467879191705
train,1,5987,599.2992992992994,516,5.0,3,2,0.7444003613987733,10.320293210969163,-19.038503791405137,-1.5082889012312664,-8.993717569672757,10.221072,-19.045257,-1.633687,-9.007702,0.09945076436364406,0.12617546301238827,0.12539809876873353,0.013984430327242947,85.15840339332443
train,1,5987,599.2992992992994,518,5.0,3,2,0.27745309001675716,-2.1596716829735754,38.15570423584935,4.180058197711722,-13.915866099828417,-2.166399,38.140792,4.133469,-13.984975,0.016359449024973514,0.08334622622739352,0.04658919771172254,0.06910890017158344,91.857052544626
train,1,5987,599.2992992992994,513,10.0,3,2,0.2727598510960645,0.727090125772998,38.4854729571332,-3.043742492060853,9.987319618943843,0.742497,38.478056,-3.020473,10.018892,0.017099211284802254,0.0392209702369182,-0.023269492060852937,-0.03157238105615612,95.81161168754603
train,1,5987,599.2992992992994,514,10.0,2,2,0.1715685965221567,-5.462460231051357,59.954128428190735,-3.9952861110056546,13.730737270374776,-5.482491,59.950515,-3.981469,13.662793,0.02035407988496384,0.06933495823394716,-0.013817111005654414,0.06794427037477568,93.02882335089454
train,1,5987,599.2992992992994,516,10.0,3,2,0.7446485713226115,10.276935147983943,-19.04143145826761,-1.5631279671897822,-8.999843564446037,10.221072,-19.045257,-1.633687,-9.007702,0.05599398246438857,0.070995296467225,0.07055903281021769,0.007858435553963261,91.35480119197592
train,1,5987,599.2992992992994,518,10.0,3,2,0.27755971937255325,-2.1625654544345085,38.14912500841916,4.159649361544858,-13.946132308986511,-2.166399,38.140792,4.133469,-13.984975,0.009172518788019213,0.046841925406508,0.026180361544858144,0.03884269101348892,95.33896880794225
train,1,6402,640.8408408408409,529,-10.0,3,2,0.32325604157586296,38.39664566177798,6.725480027138905,11.780840477648903,20.23892231930018,38.350346,6.541277,11.02682,20.03348,0.189932656191323,0.7815071511338303,0.7540204776489023,0.20544231930017887,44.74206482470558
train,1,6402,640.8408408408409,530,-10.0,2,2,0.134776689994925,15.210000937449214,-31.205201592191866,12.946522433564986,19.124278269209388,15.70703,-31.03022,12.482084,19.057093,0.5269311592856443,0.4692727554110041,0.46443843356498604,0.06718526920938928,49.38114962287576
train,1,6402,640.8408408408409,531,-10.0,2,2,0.06053714224431272,-12.124075360987566,-68.63049770340228,10.808945003096438,17.518674946846435,-11.973378,-68.679848,13.380776,16.900769,0.1585722118875184,2.64501841879828,-2.571830996903561,0.6179059468464345,7.066764433603375
train,1,6402,640.8408408408409,532,-10.0,2,2,0.04650188163027888,-22.598515743371756,-82.89073274924297,15.297974993043466,16.61869854682737,-23.103494,-83.11686,13.517749,16.429987,0.5532960990303791,1.7902001659628939,1.7802259930434658,0.18871154682737057,15.354620085228317
train,1,6402,640.8408408408409,529,-5.0,3,2,0.3228264809733678,38.37501054102127,6.6453948979621895,11.45138987805788,20.1486438600051,38.350346,6.541277,11.02682,20.03348,0.10699942177345934,0.4399116911442074,0.4245698780578788,0.11516386000510082,63.58850818520136
train,1,6402,640.8408408408409,530,-5.0,2,2,0.1348994077368595,15.427725212952575,-31.128703020526075,12.74305932188703,19.095475317196286,15.70703,-31.03022,12.482084,19.057093,0.296158858384392,0.2637827153309991,0.2609753218870292,0.038382317196287374,67.26031569300291
train,1,6402,640.8408408408409,531,-5.0,2,2,0.0605308634282685,-12.058084160807674,-68.65201782094613,11.934289237444073,17.24746918398698,-11.973378,-68.679848,13.380776,16.900769,0.08916082404815706,1.4874558722281912,-1.4464867625559261,0.34670018398697877,22.53443262704431
train,1,6402,640.8408408408409,532,-5.0,2,2,0.046387978877270065,-22.818901925963914,-82.98950602170981,14.52020426595456,16.534440350551932,-23.103494,-83.11686,13.517749,16.429987,0.31178788364928406,1.0078824647157776,1.0024552659545591,0.10445335055193183,34.819015877728155
train,1,6402,640.8408408408409,529,0.0,3,2,0.32259789064904654,38.36379202654972,6.60000084064054,11.265759159599904,20.098131476557995,38.350346,6.541277,11.02682,20.03348,0.060243548115554914,0.24753128168261274,0.2389391595999033,0.06465147655799441,77.51049906811281
train,1,6402,640.8408408408409,530,0.0,2,2,0.13496706617928061,15.550006802977231,-31.085633816731544,12.628789330939686,19.078866571604504,15.70703,-31.03022,12.482084,19.057093,0.16651419005000248,0.14831231421071925,0.1467053309396853,0.02177357160450555,80.01246841595915
train,1,6402,640.8408408408409,531,0.0,2,2,0.06052723955226306,-12.021010121148219,-68.66417005988633,12.567241917974293,17.095497072797496,-11.973378,-68.679848,13.380776,16.900769,0.0501459546851647,0.8365146292521338,-0.813534082025706,0.1947280727974956,43.256775171305236
train,1,6402,640.8408408408409,532,0.0,2,2,0.04632378896532397,-22.943251055577928,-83.04517427856817,14.08192914854262,16.488201020623933,-23.103494,-83.11686,13.517749,16.429987,0.17554670003807568,0.5671755567783019,0.5641801485426203,0.05821402062393233,55.22684051335518
train,1,6402,640.8408408408409,529,5.0,3,2,0.3224734851802271,38.35778446059694,6.574353525870675,11.161268488329034,20.069808991634762,38.350346,6.541277,11.02682,20.03348,0.033902614349422086,0.1392702109108789,0.1344484883290331,0.03632899163476111,86.64617701014184
train,1,6402,640.8408408408409,530,5.0,2,2,0.13500467856789544,15.618709826144851,-31.06140244259307,12.56458488895273,19.069396975234945,15.70703,-31.03022,12.482084,19.057093,0.09366321495589296,0.08341333517233802,0.08250088895272967,0.012303975234946307,88.21249042251334
train,1,6402,640.8408408408409,531,5.0,2,2,0.06052517285431937,-12.00018098693708,-68.67101739959247,12.923174950297312,17.010216489386025,-11.973378,-68.679848,13.380776,16.900769,0.028220198658174184,0.4705076764750016,-0.4576010497026868,0.10944748938602444,62.41570778668923
train,1,6402,640.8408408408409,532,5.0,2,2,0.04628765479085041,-23.013306666726628,-83.07651014568958,13.835213585031385,16.462562623011586,-23.103494,-83.11686,13.517749,16.429987,0.09880215496554073,0.31913153082035317,0.3174645850313844,0.03257562301158501,71.59993363312243
train,1,6402,640.8408408408409,529,10.0,3,2,0.32240493781257584,38.354508745606864,6.559890052574962,11.102496267818802,20.053913737242254,38.350346,6.541277,11.02682,20.03348,0.019072864943310595,0.07838644735327928,0.07567626781880143,0.020433737242253613,92.24948614088754
train,1,6402,640.8408408408409,530,10.0,2,2,0.1350256806423181,15.657300625776678,-31.04778050441346,12.528511806486188,19.064030843741886,15.70703,-31.03022,12.482084,19.057093,0.05273880901099614,0.04694331572125827,0.046427806486187606,0.0069378437418876615,93.18299526842205
train,1,6402,640.8408408408409,531,10.0,2,2,0.06052400256250532,-11.988487809212899,-68.67486806653105,13.123265035979333,16.962331224087535,-11.973378,-68.679848,13.380776,16.900769,0.01590930770981092,0.2647674527306113,-0.25751096402066587,0.061562224087534645,76.70180074375187
train,1,6402,640.8408408408409,532,10.0,2,2,0.04626733339129239,-23.05273448332302,-83.09412867061239,13.696441006551312,16.448264353239132,-23.103494,-83.11686,13.517749,16.429987,0.05561692070771838,0.1796243158560728,0.17869200655131223,0.0182773532391316,82.8583556968432
train,1,7454,746.1461461461462,549,-10.0,3,2,0.6454234934216656,10.453512079120225,-22.2154600989073,-2.56434729655192,-6.913085504250075,10.601356,-21.947414,-2.32304,-7.400827,0.30611523333628465,0.5441699900266181,-0.24130729655191985,0.4877414957499244,53.56032028015542
train,1,7454,746.1461461461462,563,-10.0,2,2,0.04960155293101055,-26.20405599640691,-76.97508597859641,-14.546996654677898,-18.744080881956524,-26.756585,-77.240604,-14.700003,-18.705739,0.6130155948274499,0.15773725501857364,0.1530063453221029,-0.03834188195652288,53.10047410300089
train,1,7454,746.1461461461462,564,-10.0,2,2,0.08384240571382465,-7.039146119473781,-51.635465045493376,-13.323433212749764,-18.93210507299994,-6.85667,-51.921084,-13.49416,-18.607009,0.3389332107534854,0.36719898224909064,0.1707267872502367,-0.32509607299993704,60.6706136070119
train,1,7454,746.1461461461462,565,-10.0,2,2,0.05970497049717432,-12.622942276076294,-69.35345911732458,14.117350922457291,17.371874191439225,-12.309029,-69.287555,14.056338,17.946043,0.32075675764866307,0.5774014179328609,0.06101292245729084,-0.5741688085607741,51.65863078723102
train,1,7454,746.1461461461462,566,-10.0,2,2,0.04618914089934499,-24.457514793509205,-82.71436042578566,13.200817188290126,16.931087124971054,-23.416438,-82.937128,14.25336,17.416994,1.0646437348262339,1.159289377887387,-1.0525428117098752,-0.48590687502894525,20.72184721697788
train,1,7454,746.1461461461462,549,-5.0,3,2,0.6507651185018903,10.51847616526127,-22.097412352995388,-2.4572459772168975,-7.1262234649773175,10.601356,-21.947414,-2.32304,-7.400827,0.17137261422890362,0.30564414891781544,-0.1342059772168973,0.2746035350226821,70.43994775215576
train,1,7454,746.1461461461462,563,-5.0,2,2,0.04944765657715745,-26.445525031172213,-77.09043950377176,-14.614022607200537,-18.72739294445285,-26.756585,-77.240604,-14.700003,-18.705739,0.34540943839829613,0.08866522010527578,0.08598039279946335,-0.021653944452847185,70.00469254119707
train,1,7454,746.1461461461462,564,-5.0,2,2,0.0836659494394607,-6.9593116557484205,-51.75998711023665,-13.397866904930137,-18.789755870835144,-6.85667,-51.921084,-13.49416,-18.607009,0.1910170604584891,0.20656422477808242,0.09629309506986417,-0.18274687083514252,75.47661688876973
train,1,7454,746.1461461461462,565,-5.0,2,2,0.05976699293919649,-12.48602206434388,-69.32255038140187,14.091056333717598,17.623108689571637,-12.309029,-69.287555,14.056338,17.946043,0.18041957084889348,0.3247952147861299,0.03471833371759736,-0.3229343104283622,68.96703218499599
train,1,7454,746.1461461461462,566,-5.0,2,2,0.046233797207073324,-24.000393831588305,-82.81175117432423,13.662340287599998,17.14174812124222,-23.416438,-82.937128,14.25336,17.416994,0.5972635613048248,0.6519697801420896,-0.5910197124000032,-0.2752458787577794,41.30494481082897
train,1,7454,746.1461461461462,549,0.0,3,2,0.6537276060463879,10.554831008611274,-22.031551807772654,-2.3980387102485112,-7.2462944466651935,10.601356,-21.947414,-2.32304,-7.400827,0.09614439931951003,0.1717705346650432,-0.07499871024851101,0.1545325533348061,82.131603330962
train,1,7454,746.1461461461462,563,0.0,2,2,0.04936077196847633,-26.581551215786835,-77.15587714285807,-14.651671050773158,-18.71794458381485,-26.756585,-77.240604,-14.700003,-18.705739,0.19446199098314926,0.04984930884503201,0.04833194922684214,-0.012205583814850485,81.81172265480409
train,1,7454,746.1461461461462,564,0.0,2,2,0.08356629729311214,-6.914430629744397,-51.830325760908465,-13.43992197166253,-18.709755692043885,-6.85667,-51.921084,-13.49416,-18.607009,0.10757949763530962,0.11618367546216156,0.05423802833747082,-0.10274669204388331,85.35583387235648
train,1,7454,746.1461461461462,565,0.0,2,2,0.05980048196992471,-12.408735457774716,-69.3065786995043,14.075995950831388,17.764413488954176,-12.309029,-69.287555,14.056338,17.946043,0.10150506817302808,0.18269021406094568,0.01965795083138744,-0.18162951104582348,81.1399131212933
train,1,7454,746.1461461461462,566,0.0,2,2,0.04625771652319044,-23.74442331497199,-82.86657054960693,13.921268316408588,17.26156815975648,-23.416438,-82.937128,14.25336,17.416994,0.3354887787143492,0.3666634398545666,-0.33209168359141295,-0.15542584024352024,60.836167550836876
train,1,7454,746.1461461461462,549,5.0,3,2,0.6553789330426606,10.575214905757148,-21.994697100536193,-2.365064960799941,-7.313875906022046,10.601356,-21.947414,-2.32304,-7.400827,0.054028218594818586,0.09657427232032072,-0.042024960799941,0.08695109397795342,89.52430681924838
train,1,7454,746.1461461461462,563,5.0,2,2,0.04931181238749978,-26.658125538161947,-77.19284448647318,-14.672828193059898,-18.71261027934421,-26.756585,-77.240604,-14.700003,-18.705739,0.10943142490965947,0.028030066215726793,0.02717480694010277,-0.006871279344210279,89.31825924368269
train,1,7454,746.1461461461462,564,5.0,2,2,0.08351013536056485,-6.889222053965778,-51.86996847753773,-13.463635065128315,-18.66478559461921,-6.85667,-51.921084,-13.49416,-18.607009,0.06060060110247715,0.06534452184164419,0.030524934871685616,-0.057776594619209476,91.4735978372077
train,1,7454,746.1461461461462,565,5.0,2,2,0.059818871590807565,-12.365154316115174,-69.29805085452567,14.067435806528886,17.84387811493976,-12.309029,-69.287555,14.056338,17.946043,0.057098284310933195,0.10276587492511657,0.011097806528885812,-0.10216488506024035,88.90845727125148
train,1,7454,746.1461461461462,566,5.0,2,2,0.046270787612010214,-23.60090762430015,-82.8973915423867,14.066676211330442,17.329359717175823,-23.416438,-82.937128,14.25336,17.416994,0.18870089653494485,0.20622949468523666,-0.18668378866955848,-0.08763428282417607,75.61368631510483
train,1,7454,746.1461461461462,549,10.0,3,2,0.6563015424426943,10.586654842409349,-21.974057445553406,-2.346622768877334,-7.351886518541688,10.601356,-21.947414,-2.32304,-7.400827,0.030430202520892395,0.054326031635791854,-0.02358276887733357,0.048940481458311424,93.96309480661041
train,1,7454,746.1461461461462,563,10.0,2,2,0.049284260842671686,-26.701216943767676,-77.21366686652222,-14.684720090235652,-18.709602682181398,-26.756585,-77.240604,-14.700003,-18.705739,0.06157297143183884,0.01576373594247427,0.015282909764348318,-0.003863682181396655,93.84189008152049
train,1,7454,746.1461461461462,564,10.0,2,2,0.08347853166484169,-6.875100370322688,-51.89226929932001,-13.47699249363175,-18.63950575476235,-6.85667,-51.921084,-13.49416,-18.607009,0.03420475881377727,0.03675271887885538,0.01716750636825104,-0.0324967547623487,95.1032682251398
train,1,7454,746.1461461461462,565,10.0,2,2,0.05982906879983413,-12.340601326190555,-69.29340428901483,14.062592465205713,17.888552487669056,-12.309029,-69.287555,14.056338,17.946043,0.03210959300679168,0.05782972715726603,0.006254465205712378,-0.05749051233094349,93.5994128479855
train,1,7454,746.1461461461462,566,10.0,2,2,0.04627801196787672,-23.520461887922117,-82.91468766406146,14.148368634690923,17.367588431084886,-23.416438,-82.937128,14.25336,17.416994,0.10641681227826683,0.11603489573955778,-0.10499136530907727,-0.0494055689151125,85.43245952258445
train,1,8402,841.0410410410411,591,-10.0,2,2,0.8354381529580321,50.717001232038854,28.658699267468062,12.242128947231615,24.54280927942551,50.524003,29.135586,12.2555,24.097637,0.5144601765298369,0.4453730384981101,-0.013371052768384573,0.44517227942550974,50.63837770060626
train,1,8402,841.0410410410411,592,-10.0,2,2,0.06856805555264821,-6.413595992638783,-62.50516143878333,14.321096191280445,17.560023483296852,-6.519115,-62.567011,13.494497,17.688584,0.12230956273812396,0.836536926549249,0.8265991912804438,-0.12856051670314628,42.937223784076004
train,1,8402,841.0410410410411,593,-10.0,2,2,0.04642167876715664,-23.9313964366296,-82.54745132186117,11.718242670589703,18.05417197097582,-23.144874,-83.09728,14.55893,17.496846,0.9596505190045219,2.8948431289788994,-2.8406873294102972,0.5573259709758176,4.7370215769231585
train,1,8402,841.0410410410411,591,-5.0,2,2,0.8365367567969574,50.62999268099415,28.868709423598194,12.247356669151795,24.347797357585957,50.524003,29.135586,12.2555,24.097637,0.28715312902559603,0.2502928651496839,-0.0081433308482044,0.25016035758595834,68.32295045416107
train,1,8402,841.0410410410411,592,-5.0,2,2,0.06852618948941591,-6.459871656734081,-62.53196664948248,13.959588095816896,17.61608010233898,-6.519115,-62.567011,13.494497,17.688584,0.0688322615095464,0.47070855376145404,0.465091095816895,-0.07250389766101861,62.1440788615081
train,1,8402,841.0410410410411,593,-5.0,2,2,0.0463451645536695,-23.58702997304214,-82.78795372822482,12.95913911706958,17.806115708267935,-23.144874,-83.09728,14.55893,17.496846,0.5396152767548097,1.6294105135169064,-1.5997908829304208,0.30926970826793365,17.970491676528667
train,1,8402,841.0410410410411,591,0.0,2,2,0.8370799378341204,50.582821871494986,28.985900348915997,12.250725291265761,24.23826831267675,50.524003,29.135586,12.2555,24.097637,0.16082740371088916,0.14071234469186936,-0.004774708734238686,0.14063131267675288,80.75949194831176
train,1,8402,841.0410410410411,592,0.0,2,2,0.06850244324422039,-6.485818245219525,-62.54722015856878,13.756131162739827,17.647745286762717,-6.519115,-62.567011,13.494497,17.688584,0.038734368246648325,0.2648022575648604,0.261634162739826,-0.04083871323728161,76.5198326169948
train,1,8402,841.0410410410411,593,0.0,2,2,0.04630145879941263,-23.393520115001245,-82.92326722868489,13.658515956771192,17.669458261362443,-23.144874,-83.09728,14.55893,17.496846,0.3034886078355736,0.9168099268748712,-0.9004140432288086,0.1726122613624419,38.0702947478221
train,1,8402,841.0410410410411,591,5.0,2,2,0.8373614405771321,50.55686371486718,29.051520439659082,12.252749110551855,24.176722587653714,50.524003,29.135586,12.2555,24.097637,0.09025987490028065,0.07913341624932772,-0.002750889448144278,0.0790855876537151,88.6887395125189
train,1,8402,841.0410410410411,592,5.0,2,2,0.06848902783715874,-6.500374464132754,-62.555854609767536,13.6416782988962,17.665595650108042,-6.519115,-62.567011,13.494497,17.688584,0.02180992268694605,0.1489657644411212,0.14718129889620002,-0.022988349891956972,86.02313768634374
train,1,8402,841.0410410410411,593,5.0,2,2,0.046276671668827374,-23.284767131877587,-82.99936919926562,14.052255365512087,17.593514000483193,-23.144874,-83.09728,14.55893,17.496846,0.17075307683016253,0.5158138109346033,-0.5066746344879132,0.09666800048319146,58.08039734934335
train,1,8402,841.0410410410411,591,10.0,2,2,0.8375114137473342,50.542469578459304,29.088325013302097,12.253923662981782,24.142139882050728,50.524003,29.135586,12.2555,24.097637,0.050740667946461114,0.0445307910239207,-0.0015763370182177994,0.04450288205072894,93.47183274674549
train,1,8402,841.0410410410411,592,10.0,2,2,0.06848146823410438,-6.508531780258395,-62.560727587689925,13.577322871848313,17.6756458020107,-6.519115,-62.567011,13.494497,17.688584,0.012307957196769359,0.08383031679913527,0.08282587184831236,-0.012938197989299738,91.87612111927945
train,1,8402,841.0410410410411,593,10.0,2,2,0.046262672937105453,-23.223680799176467,-83.0421411576795,14.273744284247568,17.551103897501505,-23.144874,-83.09728,14.55893,17.496846,0.09618109756540018,0.2903012433843688,-0.2851857157524318,0.054257897501504004,73.65194904025796
val,0,5254,525.925925925926,226,-10.0,2,2,0.24950276605461114,-35.649757507709126,-31.470377476998152,-2.5436100564656035,-10.253012012717537,-35.229027,-31.598329,-2.168756,-10.277493,0.4397564693732988,0.3756526086519856,-0.3748540564656033,0.024480987282462507,56.08171859127715
val,0,5254,525.925925925926,244,-10.0,3,2,0.4313103309941505,-20.237337157528998,18.883939984192892,-5.170781618444286,-5.061392217525054,-20.068606,18.71558,-4.710281,-4.801771,0.23835957668721236,0.5286435435875114,-0.4605006184442857,-0.25962121752505407,55.99566409509453
val,0,5254,525.925925925926,245,-10.0,3,2,0.41135658269131786,10.932035583030533,12.382169112029771,-6.746072962258202,4.84438950297307,10.979232,12.173233,-6.595105,5.20882,0.21420037508107462,0.3944628154740181,-0.15096796225820164,-0.3644304970269303,63.83501903747878
val,0,5254,525.925925925926,246,-10.0,2,2,0.19891096332761457,42.83734588941398,-12.970510963810215,-12.369492546730374,8.888732553195782,42.911244,-13.501202,-11.661105,9.467521,0.5358114469105444,0.9147726397945656,-0.7083875467303749,-0.5787884468042179,34.640631828179565
val,0,5254,525.925925925926,247,-10.0,1,1,0.0,65.66459982271519,-31.88909854209679,-19.92814050233262,13.47557224834307,66.680356,-30.027575,-17.015995,15.377558,2.1206203124257863,3.478238235984144,-2.9121455023326206,-1.9019857516569303,1.7014026464537744
val,0,5254,525.925925925926,248,-10.0,2,2,0.11920331137329308,-57.3535624044761,64.78887106708208,10.650385041804586,-7.368869448687223,-57.235473,64.49623,9.704552,-8.747858,0.315569170852387,1.6721870611929253,0.9458330418045868,1.3789885513127782,18.23726589979256
val,0,5254,525.925925925926,226,-5.0,2,2,0.2500670340850158,-35.46557457625547,-31.526705004074124,-2.3794652384119663,-10.264310854473552,-35.229027,-31.598329,-2.168756,-10.277493,0.24715329782288228,0.2111211787406258,-0.2107092384119662,0.013182145526448252,72.2491892504454
val,0,5254,525.925925925926,244,-5.0,3,2,0.4330303048140633,-20.16361512787994,18.80977044664248,-4.968587263604587,-4.947527848629915,-20.068606,18.71558,-4.710281,-4.801771,0.1337855545984588,0.29659262421693244,-0.2583062636045872,-0.14575684862991523,72.22599320541116
val,0,5254,525.925925925926,245,-5.0,3,2,0.4102985977030776,10.952288546162505,12.290748603155334,-6.679584815698402,5.003976345023854,10.979232,12.173233,-6.595105,5.20882,0.12056478212834502,0.22158014857929526,-0.08447981569840213,-0.20484365497614654,77.70449581077101
val,0,5254,525.925925925926,246,-5.0,2,2,0.1983259233174064,42.86588912622403,-13.197868225690481,-12.060980683625138,9.141552458962858,42.911244,-13.501202,-11.661105,9.467521,0.3067057925962467,0.5159031421696854,-0.3998756836251385,-0.3259685410371418,54.870899032918885
val,0,5254,525.925925925926,247,-5.0,1,1,3.60201673408988e-17,66.1134756839879,-31.0764520277133,-19.52139923365804,12.974841197554461,66.680356,-30.027575,-17.015995,15.377558,1.1922652020195315,3.4713251658099895,-2.505404233658041,-2.402716802445539,2.546711900824267
val,0,5254,525.925925925926,248,-5.0,2,2,0.11953831025827617,-57.30118202709236,64.6604145779983,10.235267258717984,-7.9728676736144,-57.235473,64.49623,9.704552,-8.747858,0.176845276707929,0.9392915904166064,0.5307152587179846,0.7749903263856011,38.450656943527655
val,0,5254,525.925925925926,226,0.0,2,2,0.2503830754421348,-35.36205684626659,-31.55814423856822,-2.287227950188065,-10.270263666217861,-35.229027,-31.598329,-2.168756,-10.277493,0.1389667408016787,0.11869231756224513,-0.11847195018806467,0.007229333782138525,83.29716818780332
val,0,5254,525.925925925926,244,0.0,3,2,0.4339988001131523,-20.122090038660026,18.768394541185835,-4.855339951998924,-4.883664136866206,-20.068606,18.71558,-4.710281,-4.801771,0.07516593744547855,0.16657906657444474,-0.14505895199892382,-0.08189313686620636,83.29742291101707
val,0,5254,525.925925925926,245,0.0,3,2,0.4097059626372593,10.963955084057911,12.239341597857479,-6.642481457508142,5.09365132652785,10.979232,12.173233,-6.595105,5.20882,0.06785079860534805,0.12453253420434192,-0.047376457508141456,-0.11516867347215065,86.77799800545507
val,0,5254,525.925925925926,246,0.0,2,2,0.1979750137225359,42.88454445976514,-13.329021288033857,-11.886476177602493,9.284042509598644,42.911244,-13.501202,-11.661105,9.467521,0.17423852335784062,0.2906140466906154,-0.2253711776024936,-0.183478490401356,71.25932571622047
val,0,5254,525.925925925926,247,0.0,1,1,-4.556881095596406e-17,66.36283003593869,-30.618233313937253,-19.28970385786826,12.696502418834147,66.680356,-30.027575,-17.015995,15.377558,0.6705967355097021,3.515367832766461,-2.273708857868261,-2.681055581165854,2.791033296343782
val,0,5254,525.925925925926,248,0.0,2,2,0.11972604831289274,-57.27220818016542,64.58844448690375,10.002642885350566,-8.31217236430449,-57.235473,64.49623,9.704552,-8.747858,0.09926220356565306,0.5279016471659154,0.2980908853505664,0.43568563569551166,58.44098155272025
val,0,5254,525.925925925926,226,5.0,2,2,0.25056036011716604,-35.30388111298257,-31.575740390533653,-2.2353881439746215,-10.273483916549205,-35.229027,-31.598329,-2.168756,-10.277493,0.07818812894570783,0.0667526430995066,-0.06663214397462136,0.004009083450794648,90.2301014692121
val,0,5254,525.925925925926,244,5.0,3,2,0.4345437029595172,-20.098728846025235,18.74523274252354,-4.791808045153472,-4.8478068048379095,-20.068606,18.71558,-4.710281,-4.801771,0.04226903112004749,0.09362667578489753,-0.08152704515347153,-0.04603580483790992,90.23742150236897
val,0,5254,525.925925925926,245,5.0,3,2,0.4093735442412738,10.970603686668985,12.210447265844904,-6.621709434269573,5.144049442190482,10.979232,12.173233,-6.595105,5.20882,0.03820143156104682,0.070021575830312,-0.02660443426957304,-0.0647705578095179,92.33337948556888
val,0,5254,525.925925925926,246,5.0,2,2,0.19777079079229037,42.8958387148237,-13.403856010392717,-11.788024353384271,9.364269694145639,42.911244,-13.501202,-11.661105,9.467521,0.09855741729562734,0.16361342984031743,-0.12691935338427207,-0.10325130585436071,82.61284382448922
val,0,5254,525.925925925926,247,5.0,1,1,8.64994335639766e-17,66.50199231909545,-30.360316175392114,-19.158480584731112,12.541051972317826,66.680356,-30.027575,-17.015995,15.377558,0.377531842984334,3.5547167152753434,-2.142485584731112,-2.8365060276821747,2.802359205658084
val,0,5254,525.925925925926,248,5.0,2,2,0.11983140095653695,-57.25607310457875,64.54805937741172,9.872100504549078,-8.502847353509136,-57.235473,64.49623,9.704552,-8.747858,0.05577318954069463,0.29682102060080595,0.1675485045490781,0.24501064649086501,73.93265994833972
val,0,5254,525.925925925926,226,10.0,2,2,0.25065985166106214,-35.271211169066376,-31.585593528230994,-2.2062584205817037,-10.275253309080442,-35.229027,-31.598329,-2.168756,-10.277493,0.044064683829565354,0.037569239610379855,-0.03750242058170361,0.0022396909195574466,94.37383345331403
val,0,5254,525.925925925926,244,10.0,3,2,0.43484999485370635,-20.085610664616624,18.73224213330434,-4.75614258314958,-4.827665638354581,-20.068606,18.71558,-4.710281,-4.801771,0.023807253200978398,0.05266704002030477,-0.045861583149579666,-0.025894638354581723,94.38406361910974
val,0,5254,525.925925925926,245,10.0,3,2,0.40918710037824363,10.974371740629953,12.194226914528912,-6.610060966465501,5.172369414701399,10.979232,12.173233,-6.595105,5.20882,0.021549166303859252,0.039399569813993895,-0.014955966465501014,-0.03645058529860101,95.60858186747468
val,0,5254,525.925925925926,246,10.0,2,2,0.19765384682052786,42.90242885231272,-13.446282284349182,-11.732575126492165,9.409403054137309,42.911244,-13.501202,-11.661105,9.467521,0.05562267519560025,0.09211772148780499,-0.07147012649216578,-0.05811794586269059,89.79792227236206
val,0,5254,525.925925925926,247,10.0,1,1,0.0,66.57975732036289,-30.215456743363063,-19.084393516649886,12.454043950300013,66.680356,-30.027575,-17.015995,15.377558,0.2131188490816228,3.581229791911246,-2.0683985166498857,-2.923514049699987,2.766559944775575
val,0,5254,525.925925925926,248,10.0,2,2,0.1198905490892503,-57.24705813037218,64.52538322943934,9.798801580215109,-8.609995234506219,-57.235473,64.49623,9.704552,-8.747858,0.03137078310281,0.16700037568915208,0.09424958021510932,0.1378627654937823,84.37312073898208
val,0,5255,526.0260260260261,226,-10.0,2,2,0.24287444956013796,-35.237138405033896,-32.82779548235005,-2.502359751013587,-10.069840756420891,-35.450749,-32.632127,-2.156236,-10.26876,0.2896819657261147,0.39921237015127753,-0.3461237510135873,0.19891924357910895,61.064441191248385
val,0,5255,526.0260260260261,244,-10.0,3,2,0.44233769716913635,-20.65907397427757,17.86298342120339,-4.619986404265745,-4.821226698355885,-20.532867,18.220141,-4.5837,-5.031541,0.3788003912988459,0.21342166855918973,-0.03628640426574492,0.21031430164411447,64.74034353304667
val,0,5255,526.0260260260261,245,-10.0,3,2,0.4179082390137221,10.395290959857581,12.686929486657178,-5.854994711754584,4.796055371383096,10.333989,12.681445,-6.406855,5.054385,0.06154681044760284,0.6093307597386347,0.5518602882454164,-0.2583296286169041,54.20314745582655
val,0,5255,526.0260260260261,246,-10.0,2,2,0.2061480206173999,41.658192278062245,-12.561139476661761,-11.16819888579573,9.536811364189798,41.748876,-12.55452,-11.50965,9.349245,0.09092499598988273,0.38957669895248837,0.3414511142042702,0.18756636418979866,67.02887452653631
val,0,5255,526.0260260260261,247,-10.0,1,1,2.847663066301949e-17,65.73894841189565,-28.78350841475629,-18.983719055546413,12.213996310512309,64.986068,-28.498508,-17.028004,15.327761,0.8050181060245879,3.6770031166686943,-1.9557150555464133,-3.1137646894876916,2.3188604117727607
val,0,5255,526.0260260260261,248,-10.0,2,2,0.12268137598817547,-56.67997163497087,63.58153089946753,9.04690062218228,-8.817267724734833,-56.262541,63.619496,9.64321,-8.748162,0.4191535325756233,0.6003003208932032,-0.59630937781772,-0.06910572473483256,48.0871852165694
val,0,5255,526.0260260260261,226,-5.0,2,2,0.24298715113987643,-35.32914608162992,-32.74130302467183,-2.3506313871703512,-10.156645599039516,-35.450749,-32.632127,-2.156236,-10.26876,0.1634217675808973,0.2244085681426605,-0.19439538717035143,0.11211440096048442,75.75941795523623
val,0,5255,526.0260260260261,244,-5.0,3,2,0.44055852330096523,-20.60246076210594,18.016898059010014,-4.607212460872192,-4.9154426599996235,-20.532867,18.220141,-4.5837,-5.031541,0.2148278026381084,0.11845530957753354,-0.023512460872191276,0.11609834000037633,78.24529283493099
val,0,5255,526.0260260260261,245,-5.0,3,2,0.41806535119873234,10.368175465681556,12.684538811536084,-6.096459451660332,4.909285949288859,10.333989,12.681445,-6.406855,5.054385,0.03432617231234771,0.34263556579310006,0.31039554833966854,-0.14509905071114115,70.8680337442119
val,0,5255,526.0260260260261,246,-5.0,2,2,0.20593726915133811,41.69703773422039,-12.557375183950537,-11.31778975724398,9.454637603738627,41.748876,-12.55452,-11.50965,9.349245,0.05191683613655047,0.21890169865308534,0.19186024275601987,0.10539260373862724,79.85369611567305
val,0,5255,526.0260260260261,247,-5.0,1,1,3.6022430611245733e-17,65.40933503616981,-28.65903169620824,-18.99258643390672,12.237059721955939,64.986068,-28.498508,-17.028004,15.327761,0.45268404097375103,3.6622422816790876,-1.9645824339067204,-3.0907012780440617,2.496915526884341
val,0,5255,526.0260260260261,248,-5.0,2,2,0.12292770127814304,-56.49723322022552,63.59622551777425,9.308118975323055,-8.786273454980126,-56.262541,63.619496,9.64321,-8.748162,0.23584306980999495,0.3372513570317356,-0.3350910246769452,-0.03811145498012536,66.2632831490486
val,0,5255,526.0260260260261,226,0.0,2,2,0.24304073469732432,-35.38188542839811,-32.6932685842871,-2.265480500576496,-10.205628048349428,-35.450749,-32.632127,-2.156236,-10.26876,0.09208954784830818,0.1261744991090443,-0.10924450057649615,0.06313195165057195,85.53824852428669
val,0,5255,526.0260260260261,244,0.0,3,2,0.43953282443461444,-20.57155560584494,18.105064874353683,-4.597914865700978,-4.966955694050157,-20.532867,18.220141,-4.5837,-5.031541,0.1214056131980409,0.06613111333957401,-0.01421486570097752,0.06458530594984246,87.08822527715047
val,0,5255,526.0260260260261,245,0.0,3,2,0.4181529391718441,10.353124271521008,12.683194817074654,-6.23227728702875,4.972837458651687,10.333989,12.681445,-6.406855,5.054385,0.01921511061579941,0.19268466302803425,0.17457771297125024,-0.08154754134831332,82.39541548473296
val,0,5255,526.0260260260261,246,0.0,2,2,0.20581450929709366,41.71945337143982,-12.555863720779593,-11.401799148965258,9.40849013793238,41.748876,-12.55452,-11.50965,9.349245,0.02945329619794785,0.12305199079066129,0.10785085103474223,0.05924513793238084,88.1149636105352
val,0,5255,526.0260260260261,247,0.0,1,1,0.0,65.22408251941425,-28.58885590060713,-18.99754401588975,12.250021890136699,64.986068,-28.498508,-17.028004,15.327761,0.2545852599741624,3.653979461159183,-1.969540015889752,-3.077739109863302,2.565959669216492
val,0,5255,526.0260260260261,248,0.0,2,2,0.12306318870788704,-56.39452113580621,63.6057974070708,9.454838927448808,-8.769356494059535,-56.262541,63.619496,9.64321,-8.748162,0.13268913932822562,0.18955966752589007,-0.1883710725511918,-0.021194494059534108,79.34334944854731
val,0,5255,526.0260260260261,226,5.0,2,2,0.2430677371565466,-35.41185058995303,-32.666457370157865,-2.2176539150271872,-10.233225028397682,-35.450749,-32.632127,-2.156236,-10.26876,0.051881216440618556,0.0709569904453706,-0.06141791502718741,0.03553497160231878,91.58517014121956
val,0,5255,526.0260260260261,244,5.0,3,2,0.43894841268013857,-20.554479018519856,18.155144568968346,-4.592009369146144,-4.995438843802561,-20.532867,18.220141,-4.5837,-5.031541,0.06849536766348067,0.037046069936109795,-0.008309369146143553,0.03610215619743862,92.50829584307091
val,0,5255,526.0260260260261,245,5.0,3,2,0.4182019898469634,10.344723872971695,12.68244447208714,-6.308655136041996,5.008532674298445,10.333989,12.681445,-6.406855,5.054385,0.010781300578844058,0.10837734566601975,0.09819986395800395,-0.04585232570155462,89.68090790075756
val,0,5255,526.0260260260261,246,5.0,2,2,0.20574414371414604,41.7322332206485,-12.555219659797338,-11.448999458874495,9.382564041084725,41.748876,-12.55452,-11.50965,9.349245,0.01665747965253806,0.06920004795968228,0.06065054112550605,0.0333190410847255,93.12973458553174
val,0,5255,526.0260260260261,247,5.0,1,1,-2.883518651809901e-17,65.11996195155649,-28.549335396272554,-19.000323618755896,12.2573061249113,64.986068,-28.498508,-17.028004,15.327761,0.14321666968358845,3.6493475880608264,-1.972319618755897,-3.0704548750887,2.593513315048862
val,0,5255,526.0260260260261,248,5.0,2,2,0.12313840563984967,-56.336773643926136,63.61159912487677,9.537281890145378,-8.76000768721958,-56.262541,63.619496,9.64321,-8.748162,0.07465149737933335,0.10658838943842316,-0.10592810985462187,-0.011845687219580014,87.79809016146118
val,0,5255,526.0260260260261,226,10.0,2,2,0.2430818789392323,-35.42878214035846,-32.65146420393026,-2.190783190975325,-10.248756056794845,-35.450749,-32.632127,-2.156236,-10.26876,0.029265515173184625,0.03992074834018883,-0.034547190975325215,0.02000394320515575,95.1706248992318
val,0,5255,526.0260260260261,244,10.0,3,2,0.4386177973081061,-20.544972564804578,18.18343797918231,-4.588472788745807,-5.011293064879793,-20.532867,18.220141,-4.5837,-5.031541,0.03864785163992463,0.020802845695822213,-0.004772788745806444,0.020247935120206506,95.70583262587029
val,0,5255,526.0260260260261,245,10.0,3,2,0.4182295848935677,10.34002206656033,12.682033739754132,-6.351591830278133,5.028584735153695,10.333989,12.681445,-6.406855,5.054385,0.006061724723167334,0.060989110452992754,0.055263169721866845,-0.025800264846305154,94.05508088936246
val,0,5255,526.0260260260261,246,10.0,2,2,0.20570416298420502,41.73946596196737,-12.554943942373678,-11.475517940962597,9.368000255851836,41.748876,-12.55452,-11.50965,9.349245,0.009419582947870608,0.0389455655524562,0.034132059037403906,0.01875525585183624,96.07236162181188
val,0,5255,526.0260260260261,247,10.0,1,1,0.0,65.06146704741607,-28.52709022916919,-19.00188568615888,12.26139619332711,64.986068,-28.498508,-17.028004,15.327761,0.08063473305921472,3.646752259004647,-1.9738816861588795,-3.0663648066728904,2.605244589756381
val,0,5255,526.0260260260261,248,10.0,2,2,0.12318037903575543,-56.30431137996907,63.61499556430027,9.58360753726279,-8.7548044819303,-56.262541,63.619496,9.64321,-8.748162,0.04201212401495639,0.05997146096715414,-0.05960246273721026,-0.006642481930299482,92.93936348724382
val,0,5333,533.8338338338339,245,-10.0,3,2,0.5155284956756004,-3.045118621999248,23.01477270129741,-1.350655642318252,0.03405565951367238,-3.187702,22.979655,-1.605743,0.618727,0.1468443823457993,0.6378950826234164,0.25508735768174784,-0.5846713404863276,51.966089621752154
val,0,5333,533.8338338338339,246,-10.0,3,2,0.4981975444217451,2.5540358306510833,18.712667548664804,-1.3006639273575256,0.5543939994809574,2.412314,19.186257,-0.958078,0.737953,0.4943400102146978,0.38866312443421447,-0.3425859273575256,-0.18355900051904261,53.321364413245774
val,0,5333,533.8338338338339,248,-10.0,3,2,0.5092495201448642,-27.177513558347805,6.3744465913003365,-0.8858677479552021,-7.486307478154389,-27.341392,6.234759,-1.690987,-8.091176,0.2153340818394557,1.0070168512655935,0.805119252044798,0.6048685218456118,35.70846686150134
val,0,5333,533.8338338338339,249,-10.0,2,2,0.36785985312377417,25.404704800908277,-4.617422638110351,14.737895887771655,-11.456394985973747,25.517055,-4.331663,15.349488,-12.18693,0.3070523375727797,0.9527467231422345,-0.6115921122283439,0.7305350140262536,36.751056038398175
val,0,5333,533.8338338338339,250,-10.0,3,2,0.5059321755178354,-5.66364803109913,21.060771480828475,15.147230380642615,-12.756925426119295,-5.651624,21.023234,15.458123,-12.354265,0.039416237654310037,0.5087137107779472,-0.31089261935738577,-0.4026604261192954,60.03524056727495
val,0,5333,533.8338338338339,245,-5.0,3,2,0.5152273736273415,-3.107702085736426,22.99890363161672,-1.462135189731535,0.29031296891427627,-3.187702,22.979655,-1.605743,0.618727,0.08228302438106717,0.3584396448275193,0.14360781026846503,-0.32841403108572376,69.2281373218497
val,0,5333,533.8338338338339,246,-5.0,3,2,0.49929609894466537,2.492180332628128,18.918914468280942,-1.1505960106840758,0.6353885855619955,2.412314,19.186257,-0.958078,0.737953,0.27901731192422985,0.21813446207961884,-0.1925180106840758,-0.10256441443800446,70.17587151012513
val,0,5333,533.8338338338339,248,-5.0,3,2,0.5090945504658038,-27.249321258200617,6.312887972311419,-1.2379745630090613,-7.75122611751771,-27.341392,6.234759,-1.690987,-8.091176,0.12075246502629644,0.5663798995976044,0.45301243699093874,0.33994988248229063,56.03974028751879
val,0,5333,533.8338338338339,249,-5.0,2,2,0.36747507951113034,25.45267184210555,-4.491764540840267,15.005140354462318,-11.776171879257822,25.517055,-4.331663,15.349488,-12.18693,0.17256214648609758,0.5360014316613254,-0.34434764553768105,0.41075812074217843,56.94442839577663
val,0,5333,533.8338338338339,250,-5.0,3,2,0.5059886183518905,-5.658261156370296,21.043513510824887,15.283188219204101,-12.58092785954722,-5.651624,21.023234,15.458123,-12.354265,0.021338003748723314,0.28631840567841993,-0.1749347807958994,-0.2266628595472202,75.04273635130819
val,0,5333,533.8338338338339,245,0.0,3,2,0.5150616030476327,-3.1427604806113454,22.990327738318985,-1.5249306666925668,0.43415259242530535,-3.187702,22.979655,-1.605743,0.618727,0.04619142245251076,0.20149031030335224,0.08081233330743309,-0.18457440757469468,81.32496204341074
val,0,5333,533.8338338338339,246,0.0,3,2,0.49993455769612866,2.4572844225139945,19.035566532668206,-1.0662996257563002,0.6804856776486999,2.412314,19.186257,-0.958078,0.737953,0.15725760981829182,0.12253331554954731,-0.10822162575630023,-0.05746732235130003,81.92549913479625
val,0,5333,533.8338338338339,248,0.0,3,2,0.5090105418102505,-27.28963258150393,6.278562952982424,-1.4361440506820211,-7.900057178948843,-27.341392,6.234759,-1.690987,-8.091176,0.06780725403625715,0.31854565226521386,0.2548429493179789,0.19111882105115807,72.20343243898651
val,0,5333,533.8338338338339,249,0.0,2,2,0.36724427851487346,25.480472146956238,-4.421524118285061,15.155701747549443,-11.95594627982157,25.517055,-4.331663,15.349488,-12.18693,0.09702229494432252,0.3015071982993079,-0.1937862524505558,0.23098372017843083,72.85251038814351
val,0,5333,533.8338338338339,250,0.0,3,2,0.5060189030475862,-5.655308463284324,21.034382050230224,15.359711020881631,-12.481806808855005,-5.651624,21.023234,15.458123,-12.354265,0.01174113681161938,0.16109571887545915,-0.09841197911836908,-0.1275418088550051,85.08469475253476
val,0,5333,533.8338338338339,245,5.0,3,2,0.5149695431619689,-3.1624238859217257,22.98562100715968,-1.560272876069174,0.5149479741392885,-3.187702,22.979655,-1.605743,0.618727,0.025972606584314332,0.1133032143360589,0.045470123930825945,-0.10377902586071153,89.02597845886424
val,0,5333,533.8338338338339,246,5.0,3,2,0.5003002121276102,2.4376231267252364,19.101351989737303,-1.0189335009422837,0.7056978533403617,2.412314,19.186257,-0.958078,0.737953,0.08859691113861126,0.06887515140434228,-0.06085550094228376,-0.032255146659638245,89.38481041691946
val,0,5333,533.8338338338339,248,5.0,3,2,0.5089643342403409,-27.312272186516758,6.259354553646358,-1.547621993746447,-7.983697878512235,-27.341392,6.234759,-1.690987,-8.091176,0.03811698829222513,0.17917888161449239,0.14336500625355297,0.10747812148776603,83.26113076323719
val,0,5333,533.8338338338339,249,5.0,2,2,0.3671098892269534,25.49637084369974,-4.382163440313197,15.24044528586436,-12.057019077883492,25.517055,-4.331663,15.349488,-12.18693,0.05457223464070646,0.16960884762071815,-0.10904271413563826,0.12991092211650823,83.67984150777646
val,0,5333,533.8338338338339,250,5.0,3,2,0.5060354458724169,-5.653664471091355,21.029438981237234,15.402758286993638,-12.426028129031804,-5.651624,21.023234,15.458123,-12.354265,0.006531869137475492,0.09063773019395568,-0.055364713006362365,-0.0717631290318046,91.31338658486399
val,0,5333,533.8338338338339,245,10.0,3,2,0.5149182399663674,-3.1734497357863827,22.983020390824407,-1.5801500967840967,0.5603390580510152,-3.187702,22.979655,-1.605743,0.618727,0.014644210139701951,0.06375067419295742,0.02559290321590324,-0.05838794194898478,93.66823903879063
val,0,5333,533.8338338338339,246,10.0,3,2,0.5005077455556767,2.426555292004959,19.138363004145127,-0.9923184545140034,0.7198240568886103,2.412314,19.186257,-0.958078,0.737953,0.04996648113402852,0.03874360984293458,-0.03424045451400337,-0.018128943111389684,93.87298899461435
val,0,5333,533.8338338338339,248,10.0,3,2,0.5089387235889724,-27.324980300313413,6.248585839446779,-1.6103021108593751,-8.030700708226647,-27.341392,6.234759,-1.690987,-8.091176,0.02145985497830012,0.1008330910500479,0.08068488914062488,0.0604752917733542,90.20445190273024
val,0,5333,533.8338338338339,249,10.0,2,2,0.36703276032831933,25.50540086570317,-4.360088221183715,15.288106230537942,-12.113834738480545,25.517055,-4.331663,15.349488,-12.18693,0.03072152414109166,0.09544966673011879,-0.061381769462057534,0.07309526151945533,90.45914397414913
val,0,5333,533.8338338338339,250,10.0,3,2,0.5060445764871494,-5.6527324469587406,21.02673403250222,15.42696121843419,-12.394662069992233,-5.651624,21.023234,15.458123,-12.354265,0.003671359717725814,0.05101940703607441,-0.031161781565810287,-0.040397069992232915,95.0134873738219
val,0,5484,548.948948948949,251,-10.0,3,2,0.46349412217345337,-28.488476379417836,-5.758314637518826,-3.0032180587241046,-9.861297202053626,-28.968125,-6.029854,-2.644592,-9.818521,0.5511773077722412,0.36116817891131775,-0.3586260587241048,-0.04277620205362531,51.73849795722184
val,0,5484,548.948948948949,254,-10.0,3,2,0.5073445541849817,-27.8160209102724,6.334886787503599,-2.0731143935939804,-9.85464227976605,-27.919472,6.276905,-1.811319,-9.787864,0.11859180261696134,0.2701780278918698,-0.2617953935939805,-0.06677827976604966,74.44871959693735
val,0,5484,548.948948948949,251,-5.0,3,2,0.4638418031548598,-28.699550916275854,-5.877774349039774,-2.8442394229754644,-9.842510299513677,-28.968125,-6.029854,-2.644592,-9.818521,0.30864260672248317,0.20108351496803742,-0.19964742297546456,-0.023989299513676343,69.18626653560992
val,0,5484,548.948948948949,254,-5.0,3,2,0.5072944323360873,-27.86142720766217,6.3094521683827915,-1.9591434111599522,-9.825421743237687,-27.919472,6.276905,-1.811319,-9.787864,0.06654709676071038,0.15252095138666877,-0.14782441115995226,-0.037557743237686125,84.67018947526638
val,0,5484,548.948948948949,251,0.0,3,2,0.4641013580402308,-28.817431767896664,-5.944517219132565,-2.7562232615045463,-9.831992695044256,-28.968125,-6.029854,-2.644592,-9.818521,0.1731785678730674,0.1124412073594991,-0.1116312615045465,-0.013471695044255938,81.34428234796444
val,0,5484,548.948948948949,254,0.0,3,2,0.5072683746092216,-27.886858173260087,6.29519334287316,-1.8946425129651623,-9.808987427610372,-27.919472,6.276905,-1.811319,-9.787864,0.03739151213400234,0.08595933344824273,-0.08332351296516238,-0.021123427610371337,91.05197356518909
val,0,5484,548.948948948949,251,5.0,3,2,0.4642671668720198,-28.883443485923415,-5.981912581478761,-2.70717494940525,-9.826091704031567,-28.968125,-6.029854,-2.644592,-9.818521,0.0973105258239396,0.0630392030072851,-0.06258294940525033,-0.007570704031566677,89.05240605078447
val,0,5484,548.948948948949,254,5.0,3,2,0.5072544027376577,-27.901115933311253,6.287192867078182,-1.8582464280805615,-9.799746292366494,-27.919472,6.276905,-1.811319,-9.787864,0.021042466426253847,0.048408391608677874,-0.046927428080561606,-0.01188229236649363,94.85848207544169
val,0,5484,548.948948948949,251,10.0,3,2,0.464366444618184,-28.920440956218084,-6.002891140619273,-2.679743530690073,-9.822777750051694,-28.968125,-6.029854,-2.644592,-9.818521,0.05477922797357291,0.03540833278845174,-0.03515153069007315,-0.004256750051693459,93.68551156246465
val,0,5484,548.948948948949,254,10.0,3,2,0.5072467854677307,-27.90910114349806,6.282705864546525,-1.8377476130893882,-9.794551944990818,-27.919472,6.276905,-1.811319,-9.787864,0.011882958136379655,0.027261698370218707,-0.026428613089388264,-0.006687944990817485,97.06989055861735
val,0,5485,549.049049049049,251,-10.0,3,2,0.45725672395158107,-29.005911822820185,-7.122647776255933,-2.0657867258177482,-9.542640248737683,-29.234747,-7.020553,-2.618838,-9.885248,0.250577097224918,0.6505734263706399,0.553051274182252,0.34260775126231735,49.799668226482396
val,0,5485,549.049049049049,254,-10.0,3,2,0.5079931744880547,-28.185629909611478,5.319344973428476,-2.4244178038171715,-9.85584583948175,-28.113833,5.300658,-1.851246,-9.759799,0.07418894261057618,0.5811634125316764,-0.5731718038171716,-0.09604683948175108,55.66160443000221
val,0,5485,549.049049049049,251,-5.0,3,2,0.4583520755397696,-29.10373037658328,-7.078006711554301,-2.3073939905091265,-9.692280834097032,-29.234747,-7.020553,-2.618838,-9.885248,0.14306042283903486,0.36637917266730025,0.3114440094908737,0.19296716590296903,67.48133216664213
val,0,5485,549.049049049049,254,-5.0,3,2,0.5080432020211111,-28.153980586249464,5.310851339462605,-2.1738808179278317,-9.813882491607785,-28.113833,5.300658,-1.851246,-9.759799,0.04142140571079242,0.3271364391256569,-0.3226348179278318,-0.054083491607785916,71.9104664275464
val,0,5485,549.049049049049,251,0.0,3,2,0.4589870025819016,-29.16031096188918,-7.052884299638885,-2.443550824155463,-9.776628699224936,-29.234747,-7.020553,-2.618838,-9.885248,0.08115440041041853,0.20621286700014038,0.17528717584453712,0.10861930077506443,80.12299676005527
val,0,5485,549.049049049049,254,0.0,3,2,0.5080721593746311,-28.136356599280646,5.306287688218691,-2.032785676964733,-9.790236495858798,-28.113833,5.300658,-1.851246,-9.759799,0.0232165008990327,0.1840736142596595,-0.18153967696473283,-0.030437495858798513,83.06623024143026
val,0,5485,549.049049049049,251,5.0,3,2,0.4593499897205642,-29.19260065205953,-7.038755261949641,-2.520199246435357,-9.824120368930151,-29.234747,-7.020553,-2.618838,-9.885248,0.04590900766519044,0.11604391834559057,0.09863875356464336,0.06112763106984964,88.26777058752509
val,0,5485,549.049049049049,254,5.0,3,2,0.5080886739241665,-28.12651624069502,5.303786033034687,-1.9533853902389096,-9.776925366158077,-28.113833,5.300658,-1.851246,-9.759799,0.013063276204457847,0.10356528113299747,-0.10213939023890961,-0.01712636615807739,90.08775794201667
val,0,5485,549.049049049049,251,10.0,3,2,0.4595556362990716,-29.210869556652323,-7.030819507069152,-2.563311407333204,-9.85083623798998,-29.234747,-7.020553,-2.618838,-9.885248,0.02599102668657815,0.06532512424648376,0.05552659266679605,0.03441176201001994,93.2108738710734
val,0,5485,549.049049049049,254,10.0,3,2,0.5080979942078766,-28.121031281777494,5.3023954900254395,-1.9087316583180145,-9.769437530882543,-28.113833,5.300658,-1.851246,-9.759799,0.007405007234075463,0.058288096467711735,-0.057485658318014554,-0.00963853088254396,94.29362657258545
val,0,5526,553.1531531531532,254,-10.0,2,2,0.22749622973122965,-35.74061804508616,-35.0191953418064,-1.934167190309572,-10.31382921672378,-36.283761,-34.719293,-2.054205,-10.105784,0.6204399117509295,0.24019135695715657,0.12003780969042799,-0.2080452167237805,51.41140596390519
val,0,5526,553.1531531531532,254,-5.0,2,2,0.22727250782709305,-35.97664876839572,-34.887424020332816,-1.9870187716567096,-10.222998411719134,-36.283761,-34.719293,-2.054205,-10.105784,0.3501227824622582,0.13510443217622226,0.06718622834329047,-0.11721441171913405,68.70931187726949
val,0,5526,553.1531531531532,254,0.0,2,2,0.22713428723857668,-36.11050343783545,-34.813689071365786,-2.016519713786859,-10.171772992408947,-36.283761,-34.719293,-2.054205,-10.105784,0.19730382950287043,0.07599163056623018,0.037685286213140934,-0.06598899240894696,80.9424246477106
val,0,5526,553.1531531531532,254,5.0,2,2,0.22705264881077575,-36.18613253841019,-34.77233460782806,-2.0330395856005437,-10.142922809472918,-36.283761,-34.719293,-2.054205,-10.105784,0.11110683450345309,0.04274653127174646,0.021165414399456406,-0.0371388094729177,88.77667966422085
val,0,5526,553.1531531531532,254,10.0,2,2,0.22700554901017422,-36.22876038877467,-34.74911621147129,-2.042304769434562,-10.126690497345528,-36.283761,-34.719293,-2.054205,-10.105784,0.06256589468409499,0.024056124350551013,0.011900230565438097,-0.020906497345528408,93.5165978200176
val,0,5624,562.9629629629629,256,-10.0,3,2,0.6946430976103348,24.83270602425393,1.5617626058003662,-8.21739209833861,5.611974173574453,24.905442,1.759163,-8.04811,6.358932,0.21037451793861292,0.7658997475363872,-0.16928209833861096,-0.7469578264255476,45.19124239770521
val,0,5624,562.9629629629629,257,-10.0,3,2,0.5104429435076472,-4.628397891688083,20.025837070459954,15.313459267280711,-10.823362068831038,-4.346678,19.904421,14.945737,-12.092641,0.30677020640649233,1.3214721604950634,0.3677222672807119,1.2692789311689623,25.753176978319036
val,0,5624,562.9629629629629,258,-10.0,2,2,0.3524103493810935,26.962331150721816,3.5952947092242287,-14.283744385310138,11.63243577298703,27.136519,4.200938,-14.320112,11.657956,0.6301945751098342,0.04442842991850833,0.03636761468986194,-0.02552022701297041,53.165594115841095
val,0,5624,562.9629629629629,259,-10.0,2,2,0.1339087295357623,-53.658742068050664,60.74815419565075,12.861783078936472,-12.22708845920756,-53.843673,60.866056,13.48774,-11.654817,0.21931777187556004,0.8481253975980684,-0.6259569210635281,-0.5722714592075597,41.643562659804914
val,0,5624,562.9629629629629,256,-5.0,3,2,0.6926012306437853,24.864652772174818,1.6479674805381141,-8.143071994753347,5.936248505026546,24.905442,1.759163,-8.04811,6.358932,0.1184407221143696,0.43321947944489875,-0.09496199475334777,-0.42268349497345437,63.81905432558611
val,0,5624,562.9629629629629,257,-5.0,3,2,0.510654584735043,-4.505325283465431,19.971968593344947,15.152403434848202,-11.37864208938922,-4.346678,19.904421,14.945737,-12.092641,0.1724286458731704,0.7433071099123474,0.20666643484820213,0.7139989106107798,46.6244724155107
val,0,5624,562.9629629629629,258,-5.0,2,2,0.35122482022800144,27.038564303714097,3.86029094530315,-14.299574810661356,11.643317181395123,27.136519,4.200938,-14.320112,11.657956,0.35445103808298006,0.025220451147388447,0.020537189338643458,-0.014638818604877812,70.09300607244188
val,0,5624,562.9629629629629,259,-5.0,2,2,0.13365102360109415,-53.73947930618818,60.79825608685557,13.135604716757715,-11.976938436514027,-53.843673,60.866056,13.48774,-11.654817,0.12431071575911955,0.4772436249610729,-0.35213528324228527,-0.3221214365140277,61.068869236910615
val,0,5624,562.9629629629629,256,0.0,3,2,0.69139762032169,24.882538977186595,1.6965629683523054,-8.101439824926597,6.120368063851376,24.905442,1.759163,-8.04811,6.358932,0.06665817591476501,0.2444520849930034,-0.05332982492659788,-0.23856393614862448,77.61748561014363
val,0,5624,562.9629629629629,257,0.0,3,2,0.510763501507634,-4.435980719888831,19.942181663303906,15.061922768397547,-11.691034417147659,-4.346678,19.904421,14.945737,-12.092641,0.09695794692903743,0.41807532834223,0.11618576839754802,0.40160658285234163,65.10485324037126
val,0,5624,562.9629629629629,258,0.0,2,2,0.3505508428309375,27.0814321724137,4.00933415207083,-14.308532785851979,11.649634504846219,27.136519,4.200938,-14.320112,11.657956,0.19936547623595072,0.014259224448761126,0.011579214148021322,-0.008321495153781555,81.8833299568106
val,0,5624,562.9629629629629,259,0.0,2,2,0.1335037234255272,-53.78499403110791,60.827465337765396,13.28966141186413,-11.836070327496206,-53.843673,60.866056,13.48774,-11.654817,0.07023147871107985,0.26849189150949615,-0.19807858813587131,-0.18125332749620604,75.76563079261787
val,0,5624,562.9629629629629,256,5.0,3,2,0.6907021080390507,24.89256918623861,1.7239370289548193,-8.07808271703107,6.22447616843528,24.905442,1.759163,-8.04811,6.358932,0.0375043780139247,0.13775606849785238,-0.029972717031069962,-0.13445583156472019,86.69533241810589
val,0,5624,562.9629629629629,257,5.0,3,2,0.5108215500058456,-4.3969488000822485,19.92559190089809,15.011076783967823,-11.86672575578354,-4.346678,19.904421,14.945737,-12.092641,0.05454686412385447,0.23517437134676275,0.0653397839678238,0.22591524421646092,78.5513710079549
val,0,5624,562.9629629629629,258,5.0,2,2,0.3501696007273744,27.105535516897586,4.093144368396788,-14.313587597666732,11.653249743715577,27.136519,4.200938,-14.320112,11.657956,0.11215811713543725,0.008044667427621008,0.006524402333267787,-0.00470625628442356,89.36453761798742
val,0,5624,562.9629629629629,259,5.0,2,2,0.13342015826865888,-53.810600214661676,60.84422870429873,13.376307460716431,-11.756803454192646,-53.843673,60.866056,13.48774,-11.654817,0.03962625351538769,0.15105776262732415,-0.11143253928356955,-0.10198645419264629,85.5414801903516
val,0,5624,562.9629629629629,256,10.0,3,2,0.6903045946389103,24.898196972445334,1.7393475253298474,-8.064970040738315,6.283188129168042,24.905442,1.759163,-8.04811,6.358932,0.021098423179739,0.07759764778848705,-0.016860040738315263,-0.07574387083195866,92.27335266318201
val,0,5624,562.9629629629629,257,10.0,3,2,0.5108531658472673,-4.375005247370426,19.916318516924324,14.982506039790135,-11.965494745934416,-4.346678,19.904421,14.945737,-12.092641,0.03072432021298316,0.1323560811220953,0.03676903979013524,0.12714625406558433,87.29514219987011
val,0,5624,562.9629629629629,258,10.0,2,2,0.34995458646634636,27.119084691398882,4.140249179727856,-14.316433437205369,11.655303516135193,27.136519,4.200938,-14.320112,11.657956,0.06314339254762552,0.004535140007442705,0.0036785627946311905,-0.002652483864807209,93.86561573392345
val,0,5624,562.9629629629629,259,10.0,2,2,0.13337296104594376,-53.824965358691806,60.853778299535385,13.425016436406814,-11.712232044050243,-53.843673,60.866056,13.48774,-11.654817,0.022376723889232886,0.0850337151553422,-0.06272356359318643,-0.057415044050243225,91.58262029992036
val,0,5706,571.1711711711712,256,-10.0,3,2,0.517503554098741,-1.5029184484623088,22.571092289532388,0.4038101973110426,-0.0937649140570719,-1.549704,22.512851,-0.102284,0.112739,0.07470566002038401,0.5466033324750217,0.5060941973110427,-0.2065039140570719,57.59785732067094
val,0,5706,571.1711711711712,259,-10.0,1,1,-5.695160940230165e-17,61.82267038357205,-35.96138987902086,13.654883745615372,-10.220819960511625,62.540002,-34.631764,14.187578,-11.898987,1.510784440643048,1.7606838958426279,-0.5326942543846283,1.6781670394883754,9.827194616703022
val,0,5706,571.1711711711712,260,-10.0,2,2,0.22036377932655715,38.38005630981033,-14.814438971020953,13.923426413769628,-12.704346428919363,38.270592,-14.474698,14.424282,-11.647,0.3569402786356727,1.1699734138033648,-0.5008555862303723,-1.057346428919363,29.428382339015123
val,0,5706,571.1711711711712,261,-10.0,3,2,0.5400241341051262,21.41935801147382,-0.21874323875463042,14.35939443215621,-11.125573702704731,21.125096,-0.815813,14.188169,-11.398644,0.6656443729126091,0.32231279199251106,0.17122543215620922,0.2730702972952699,47.731776903591125
val,0,5706,571.1711711711712,262,-10.0,3,2,0.5139948721817414,-0.7409342012436434,16.772411457845795,13.534416861423866,-11.329173206007251,-0.479353,16.76364,13.480622,-11.002356,0.26172822415018226,0.3312149955210339,0.05379486142386547,-0.3268172060072505,65.56400244264768
val,0,5706,571.1711711711712,263,-10.0,2,2,0.25480028757904105,35.809009671753145,-7.389843297305853,-8.41278672635854,6.698505724850179,35.609234,-7.453878,-8.486697,6.639669,0.20978742139019654,0.09446951222934899,0.07391027364145941,0.05883672485017932,79.4472727940584
val,0,5706,571.1711711711712,264,-10.0,2,2,0.16080066026124493,48.99694109245538,-18.461181419446074,-8.956007549600399,7.734912697085946,49.227548,-18.520223,-8.983255,7.098003,0.23804506724903643,0.637492263321987,0.027247450399601192,0.6369096970859456,50.63705968515446
val,0,5706,571.1711711711712,265,-10.0,2,2,0.2936950953768134,-29.575846692444728,40.78493785426583,12.533326014527535,-11.226481599731166,-29.384987,40.586548,12.931574,-10.981925,0.2752924925887235,0.46734290237998205,-0.3982479854724641,-0.2445565997311654,58.13526278235791
val,0,5706,571.1711711711712,266,-10.0,2,2,0.12846847098280986,-53.93631586225635,62.86423827833319,14.14203018162453,-12.068878941897253,-55.087547,62.36335,13.954147,-12.268952,1.2554768814606383,0.27446187078707557,0.18788318162452988,0.20007305810274723,27.66154391562034
val,0,5706,571.1711711711712,267,-10.0,1,1,2.8466518126521924e-17,76.13471762398922,-35.54857631588288,-12.753405557903559,8.214609949654855,74.780771,-38.412267,-11.101366,9.086431,3.167632522075589,1.8679685877185124,-1.6520395579035583,-0.8718210503451438,2.5288874810621125
val,0,5706,571.1711711711712,256,-5.0,3,2,0.51727116999348,-1.5238669184781921,22.544442481875272,0.1822485757731042,-0.0034963574965347884,-1.549704,22.512851,-0.102284,0.112739,0.04081147520783974,0.30735882126339653,0.2845325757731042,-0.1162353574965348,73.34055314501158
val,0,5706,571.1711711711712,259,-5.0,1,1,-7.204215862283152e-17,62.13888533208219,-35.38042848091,14.211437504955471,-10.511881384445356,62.540002,-34.631764,14.187578,-11.898987,0.8493486246870185,1.3873108032016284,0.023859504955471067,1.3871056155546437,19.658497657838538
val,0,5706,571.1711711711712,260,-5.0,2,2,0.2210495714254176,38.33164493821357,-14.664904546423852,14.143871318999587,-12.24113934241195,38.270592,-14.474698,14.424282,-11.647,0.19976484066771863,0.6569868402189039,-0.2804106810004132,-0.5941393424119497,50.32410358796165
val,0,5706,571.1711711711712,261,-5.0,3,2,0.5434791944876667,21.289181629082357,-0.4811919870798914,14.284997254261347,-11.245410335840486,21.125096,-0.815813,14.188169,-11.398644,0.3726866189696547,0.18126297651492718,0.09682825426134656,0.15323366415951511,66.07172939495946
val,0,5706,571.1711711711712,262,-5.0,3,2,0.513260485253587,-0.626547816158455,16.768729678621725,13.510537976350678,-11.186860870453984,-0.479353,16.76364,13.480622,-11.002356,0.1472827849152569,0.18691445332626205,0.029915976350677553,-0.18450487045398312,78.82271478926806
val,0,5706,571.1711711711712,263,-5.0,2,2,0.255458675938206,35.717951925070686,-7.420078140035802,-8.445027699319368,6.672752234727465,35.609234,-7.453878,-8.486697,6.639669,0.11385085755177486,0.05320555459014999,0.04166930068063124,0.03308323472746544,88.19061789093179
val,0,5706,571.1711711711712,264,-5.0,2,2,0.1603730200977035,49.097464798132705,-18.48655625747493,-8.96784830430794,7.456543839273934,49.227548,-18.520223,-8.983255,7.098003,0.1343692262398517,0.35887170367612486,0.015406695692059102,0.35854083927393354,68.16749949977924
val,0,5706,571.1711711711712,265,-5.0,2,2,0.29481935901461587,-29.49044968789441,40.697261722506525,12.707742310979928,-11.11948136311,-29.384987,40.586548,12.931574,-10.981925,0.15290489491565012,0.26272110315242664,-0.22383168902007178,-0.13755636310999897,73.78775116849405
val,0,5706,571.1711711711712,266,-5.0,2,2,0.12817991420514327,-54.44061291762089,62.646757656210525,14.0592237991322,-12.155594211781471,-55.087547,62.36335,13.954147,-12.268952,0.7062886141956756,0.15456753173181434,0.10507679913219903,0.11335778821852927,48.529226487810064
val,0,5706,571.1711711711712,267,-5.0,1,1,0.0,75.55172389548494,-36.80467209248654,-12.342080377864944,8.1396749497533,74.780771,-38.412267,-11.101366,9.086431,1.7828992550673797,1.5606790785166325,-1.2407143778649434,-0.9467560502466998,9.352908306068228
val,0,5706,571.1711711711712,256,0.0,3,2,0.5171479671122039,-1.5353253470806625,22.53025341489387,0.057710442122456164,0.04733875627582107,-1.549704,22.512851,-0.102284,0.112739,0.022574093645440833,0.17284505601624242,0.15999444212245617,-0.06540024372417894,84.00339713690717
val,0,5706,571.1711711711712,259,0.0,1,1,0.0,62.31506973889156,-35.05319798391402,14.526022640429984,-10.672911970549327,62.540002,-34.631764,14.187578,-11.898987,0.47770401388830686,1.271929539116947,0.3384446404299837,1.2260750294506728,25.7000309748177
val,0,5706,571.1711711711712,260,0.0,2,2,0.2214314460984527,38.30476995147223,-14.581398655451727,14.266976223031845,-11.98098710443846,38.270592,-14.474698,14.424282,-11.647,0.11204089539389728,0.3691781323409361,-0.15730577696815473,-0.33398710443846014,67.99029549761374
val,0,5706,571.1711711711712,261,0.0,3,2,0.5454038773159242,21.216954633849763,-0.6279658116887631,14.242796943095287,-11.312563398540524,21.125096,-0.815813,14.188169,-11.398644,0.20910421987416303,0.10195137132205342,0.05462794309528718,0.08608060145947682,79.24434203662344
val,0,5706,571.1711711711712,262,0.0,3,2,0.5128467602348421,-0.562171732402664,16.766542952550815,13.497341556587306,-11.106343393449642,-0.479353,16.76364,13.480622,-11.002356,0.08286959376210534,0.10532293942407113,0.016719556587306172,-0.10398739344964092,87.45760618664241
val,0,5706,571.1711711711712,263,0.0,2,2,0.2558131073690566,35.669234887874886,-7.435560117658866,-8.463230690478328,6.658273745335969,35.609234,-7.453878,-8.486697,6.639669,0.06273476993851294,0.029946689826810088,0.02346630952167139,0.018604745335969675,93.2845332977316
val,0,5706,571.1711711711712,264,0.0,2,2,0.1601316911615397,49.154259888174444,-18.501152224497716,-8.974562512186509,7.299758396701305,49.227548,-18.520223,-8.983255,7.098003,0.07572873835746644,0.2019425647120702,0.008692487813490857,0.20175539670130505,80.59973286811226
val,0,5706,571.1711711711712,265,0.0,2,2,0.2954439579918089,-29.443716037354104,40.648538586235205,12.80573533288762,-11.059294004201616,-29.384987,40.586548,12.931574,-10.981925,0.0853928135754067,0.14772045542770953,-0.12583866711237945,-0.07736900420161597,84.31367644639522
val,0,5706,571.1711711711712,266,0.0,2,2,0.12801461761504254,-54.72383422859222,62.52330315508463,14.013051243932741,-12.204940198428268,-55.087547,62.36335,13.954147,-12.268952,0.3973310860059408,0.08698977350095045,0.05890424393274074,0.06401180157173236,66.58158193097611
val,0,5706,571.1711711711712,267,0.0,1,1,4.555455618584645e-17,75.21750291038893,-37.50887153570541,-12.112153696420577,8.094039197852537,74.780771,-38.412267,-11.101366,9.086431,1.0034232040669586,1.416521533971406,-1.0107876964205769,-0.9923918021474627,17.62393504004396
val,0,5706,571.1711711711712,256,5.0,3,2,0.5170809890098337,-1.5416797824466186,22.52253017297829,-0.012298929130383626,0.07594387967685738,-1.549704,22.512851,-0.102284,0.112739,0.012572766477096918,0.09721725083031522,0.08998507086961638,-0.036795120323142624,90.66245374590873
val,0,5706,571.1711711711712,259,5.0,1,1,-2.883388700341188e-17,62.41356127250432,-34.8691156464199,14.703404242522465,-10.76263008834638,62.540002,-34.631764,14.187578,-11.898987,0.268929473334323,1.247951819237344,0.5158262425224649,1.1363569116536194,27.89843186765253
val,0,5706,571.1711711711712,260,5.0,2,2,0.2216449561183263,38.28977303630007,-14.534624227748454,14.33592669193503,-11.834810316678814,38.270592,-14.474698,14.424282,-11.647,0.0629211007985723,0.20755571665037764,-0.08835530806496905,-0.18781031667881365,80.50237716251955
val,0,5706,571.1711711711712,261,5.0,3,2,0.5464805213817177,21.176643560140985,-0.7102386511346149,14.218952026475701,-11.350256800138434,21.125096,-0.815813,14.188169,-11.398644,0.11748656984880672,0.0573490699963563,0.030783026475701192,0.048387199861567254,87.74490272629436
val,0,5706,571.1711711711712,262,5.0,3,2,0.5126139889082947,-0.5259651232817846,16.765268423717497,13.48999528463903,-11.060914724700053,-0.479353,16.76364,13.480622,-11.002356,0.04664055960899267,0.05930415418350384,0.009373284639028867,-0.05855872470005252,92.73284186203765
val,0,5706,571.1711711711712,263,5.0,2,2,0.2560075022970434,35.64262307110921,-7.4437360764313025,-8.473492977752748,6.650126750377073,35.609234,-7.453878,-8.486697,6.639669,0.03489539630394438,0.016843715340003684,0.013204022247251146,0.010457750377073083,96.1993201095686
val,0,5706,571.1711711711712,264,5.0,2,2,0.15999573089578162,49.186274364818516,-18.50947203552937,-8.978355191802255,7.211523300434984,49.227548,-18.520223,-8.983255,7.098003,0.04265086397885644,0.11362599496252468,0.004899808197745159,0.11352030043498385,88.5708792830451
val,0,5706,571.1711711711712,265,5.0,2,2,0.29579280016625353,-29.417861187129358,40.62131044639871,12.860810590076115,-11.025441585670375,-29.384987,40.586548,12.931574,-10.981925,0.047844956463970176,0.0830731810662309,-0.07076340992388452,-0.04351658567037475,90.85857426918079
val,0,5706,571.1711711711712,266,5.0,2,2,0.12792072691669304,-54.8829406321839,62.45353865009762,13.987209891759019,-12.232875117264486,-55.087547,62.36335,13.954147,-12.268952,0.22360178522840052,0.048935634044943103,0.03306289175901789,0.03607688273551446,79.54128577393455
val,0,5706,571.1711711711712,267,5.0,1,1,2.8824057930386636e-17,75.02767438671748,-37.90396264651535,-11.983329511501468,8.067259558590882,74.780771,-38.412267,-11.101366,9.086431,0.5650969811846501,1.3478019374536963,-0.8819635115014677,-1.0191714414091173,23.1894336920817
val,0,5706,571.1711711711712,256,10.0,3,2,0.5170440472240942,-1.5452377071775736,22.5182737715472,-0.05164800674687171,0.09202994859514388,-1.549704,22.512851,-0.102284,0.112739,0.007025256068554847,0.05470711674745643,0.05063599325312829,-0.020709051404856127,94.63371774236361
val,0,5706,571.1711711711712,259,10.0,1,1,3.6523822423343775e-17,62.46864503751363,-34.76575301412748,14.803254346330585,-10.812823570873096,62.540002,-34.631764,14.187578,-11.898987,0.15180537540593514,1.248522470043568,0.6156763463305843,1.0861634291269038,28.430221526569504
val,0,5706,571.1711711711712,260,10.0,2,2,0.22176456919556736,38.28138456973174,-14.508383227997507,14.374601248080213,-11.752672363747989,38.270592,-14.474698,14.424282,-11.647,0.0353719401031177,0.11676825583780301,-0.04968075191978727,-0.10567236374798838,88.51411144842767
val,0,5706,571.1711711711712,261,10.0,3,2,0.547083815869644,21.154084609460185,-0.7563913067938618,14.205512116616934,-11.371427114522024,21.125096,-0.815813,14.188169,-11.398644,0.066115634322901,0.03227293834019195,0.01734311661693333,0.027216885477976405,92.90693737288514
val,0,5706,571.1711711711712,262,10.0,3,2,0.5124832497110335,-0.5056226523709318,16.76452426683968,13.485890649614197,-11.035327799060447,-0.479353,16.76364,13.480622,-11.002356,0.026284530879081038,0.033390091375131124,0.0052686496141962635,-0.032971799060446116,95.83958242430602
val,0,5706,571.1711711711712,263,10.0,2,2,0.2561153270215405,35.627909100237794,-7.448114106297248,-8.479274743312248,6.64553885676052,35.609234,-7.453878,-8.486697,6.639669,0.019544355694374887,0.009462827945593284,0.0074222566877519824,0.005869856760519987,97.85193948321428
val,0,5706,571.1711711711712,264,10.0,2,2,0.15991922290868474,49.20428791367722,-18.514199454061448,-8.980491527032214,7.161901230101002,49.227548,-18.520223,-8.983255,7.098003,0.024027374417879863,0.06395795957411556,0.002763472967785674,0.06389823010100137,93.39594192615552
val,0,5706,571.1711711711712,265,10.0,2,2,0.2959882132379825,-29.403481213323996,40.60604110207668,12.89176554240645,-11.006405091841527,-29.384987,40.586548,12.931574,-10.981925,0.026870373183962064,0.046733159453936184,-0.03980845759354956,-0.024480091841526885,94.75198658655985
val,0,5706,571.1711711711712,266,10.0,2,2,0.1278676604763806,-54.972282914599866,62.41424290557575,13.972715163378567,-12.248645490714704,-55.087547,62.36335,13.954147,-12.268952,0.12599959214645032,0.027516013712144828,0.018568163378565927,0.020306509285296315,87.90011280434746
val,0,5706,571.1711711711712,267,10.0,1,1,0.0,74.9205654145415,-38.12547199107384,-11.911084363753924,8.051819453443331,74.780771,-38.412267,-11.101366,9.086431,0.3190514934645471,1.3137978843295157,-0.8097183637539231,-1.0346115465566683,25.872662920856683
val,0,5726,573.1731731731732,256,-10.0,3,2,0.5162667097815994,-1.6507765886727064,22.43837668630579,0.1377506270796898,-0.15049100531694085,-1.598503,22.588502,-0.033529,0.004383,0.15896583873432532,0.2309170157772472,0.1712796270796898,-0.15487400531694084,75.55237322539828
val,0,5726,573.1731731731732,260,-10.0,1,1,-2.847077203368484e-17,68.42243458971055,-36.80615459134074,15.566395824267081,-11.006743227404735,67.138381,-37.993743,14.326309,-11.875638,1.7490454109686195,1.5141972980969791,1.240086824267081,0.8688947725952652,9.89214768319706
val,0,5726,573.1731731731732,261,-10.0,1,1,0.0,49.58912832836008,-24.55350425183771,15.102122413722105,-10.879280512157631,50.011328,-24.031582,14.576164,-11.891914,0.6713087215999781,1.141077926201744,0.5259584137221047,1.0126334878423684,26.60951993757996
val,0,5726,573.1731731731732,262,-10.0,2,2,0.3442953779769466,27.092608901652813,-5.424280441912055,13.477836602046619,-10.918832064019993,27.039162,-5.696989,14.101433,-11.406478,0.2778966155797721,0.7916255594776164,-0.6235963979533814,0.48764593598000694,43.2148487767369
val,0,5726,573.1731731731732,263,-10.0,3,2,0.3613132440835595,20.9128846884179,4.266845905459395,-5.878970941594321,4.397518220771744,20.827691,4.277574,-6.002332,4.790129,0.08586650428844901,0.41153514393935786,0.12336105840567857,-0.3926107792282565,65.6785560272405
val,0,5726,573.1731731731732,264,-10.0,2,2,0.27206000505066036,33.838887475460815,-6.768603313116453,-6.354929809920124,5.325654581629796,34.003362,-6.366472,-6.214516,5.015507,0.43446687124699723,0.3404519942768665,-0.14041380992012442,0.3101475816297956,57.58153073422576
val,0,5726,573.1731731731732,265,-10.0,3,2,0.5115972644649839,-3.0844402038682794,19.39860647810342,12.900802598889342,-10.518332778266982,-3.49954,19.147753,13.031416,-10.617323,0.4850106269198426,0.1638869261059153,-0.1306134011106579,0.0989902217330183,59.932491619483606
val,0,5726,573.1731731731732,266,-10.0,2,2,0.3245530605067158,-27.012866934657527,38.703947418066704,12.889990001612118,-12.581022399286075,-27.380658,38.482034,13.77181,-11.513139,0.4295530617558206,1.3849120780856765,-0.8818199983878827,-1.0678833992860746,23.457050673844098
val,0,5726,573.1731731731732,267,-10.0,1,1,-2.849188878699607e-17,52.98776312711771,-23.928304695259783,-9.558090601276756,6.5333105873018775,53.906309,-22.257496,-9.098774,6.868476,1.9066536698479848,0.5686014369288326,-0.4593166012767558,-0.3351654126981227,13.674572778061355
val,0,5726,573.1731731731732,268,-10.0,1,1,0.0,68.2069877983208,-30.81782152648723,-12.953049860022988,8.3925236284998,67.612804,-31.238133,-12.173696,11.141399,0.7278159938840376,2.857220370775256,-0.7793538600229883,-2.7488753715001994,5.242030010723617
val,0,5726,573.1731731731732,269,-10.0,1,1,-2.8465705991059594e-17,75.52246326493773,-38.61754961121548,-13.421983872422167,9.083970805823114,75.399135,-38.13535,-12.242942,11.016291,0.4977211327529783,2.2636256469983222,-1.179041872422168,-1.9323201941768868,9.85000002344551
val,0,5726,573.1731731731732,256,-5.0,3,2,0.5167326966604615,-1.6277556745948325,22.504080850087608,0.062409689451243686,-0.08361315239922061,-1.598503,22.588502,-0.033529,0.004383,0.08934567434118744,0.13018277524576374,0.09593868945124369,-0.08799615239922061,85.39411351401579
val,0,5726,573.1731731731732,260,-5.0,1,1,0.0,67.86224900300189,-37.32855533057537,15.322621241464208,-10.977553839227744,67.138381,-37.993743,14.326309,-11.875638,0.9830867313337763,1.3413400919682688,0.9963122414642083,0.8980841607722567,18.95646438169615
val,0,5726,573.1731731731732,261,-5.0,1,1,-3.6045661644727853e-17,49.77429655188521,-24.325498341459614,15.190302496381705,-10.874358981361206,50.011328,-24.031582,14.576164,-11.891914,0.37758538527384683,1.1885219008057764,0.6141384963817043,1.0175550186387934,28.734877650314477
val,0,5726,573.1731731731732,262,-5.0,2,2,0.34433787530043525,27.067825493751286,-5.541976071491253,13.751573154510643,-11.13114293085084,27.039162,-5.696989,14.101433,-11.406478,0.15764074308023285,0.44520928987298686,-0.3498598454893571,0.2753350691491594,62.35699627624962
val,0,5726,573.1731731731732,263,-5.0,3,2,0.36053131578601394,20.875733853693035,4.271585379987713,-5.9325783202733,4.568428103160731,20.827691,4.277574,-6.002332,4.790129,0.048414660595957594,0.2324152824036139,0.06975367972670021,-0.22170089683926975,78.86722948855036
val,0,5726,573.1731731731732,264,-5.0,2,2,0.2717762961138888,33.908227633413794,-6.593993914973227,-6.293829310925427,5.189751021865582,34.003362,-6.366472,-6.214516,5.015507,0.2466105624235173,0.19144602488912296,-0.0793133109254276,0.1742440218655812,73.18357209371881
val,0,5726,573.1731731731732,265,-5.0,3,2,0.5123094952320898,-3.2666479699989295,19.28777809797055,12.957557202769125,-10.562070695958928,-3.49954,19.147753,13.031416,-10.617323,0.2717457004253808,0.09223848996074568,-0.07385879723087463,0.05525230404107262,75.05317810836948
val,0,5726,573.1731731731732,266,-5.0,2,2,0.32486540459446117,-27.17385005276227,38.606554535902205,13.277597901824475,-12.11480970610872,-27.380658,38.482034,13.77181,-11.513139,0.24140192812414937,0.7786226535186471,-0.4942120981755256,-0.6016707061087185,44.25570277515018
val,0,5726,573.1731731731732,267,-5.0,1,1,-3.604144286999415e-17,53.39378323355938,-23.198981036396148,-9.538116283340194,6.405093296865486,53.906309,-22.257496,-9.098774,6.868476,1.0719499685262366,0.6385492710001512,-0.4393422833401939,-0.46338270313451435,28.71568503981529
val,0,5726,573.1731731731732,268,-5.0,1,1,3.601847945971556e-17,67.94716290501063,-31.002318312448196,-13.245795821059145,8.629705729789,67.612804,-31.238133,-12.173696,11.141399,0.4091508819800639,2.7309341094098696,-1.0720998210591457,-2.5116932702109995,6.3202356785306
val,0,5726,573.1731731731732,269,-5.0,1,1,-3.600833525330259e-17,75.46870071061304,-38.4063967635707,-13.468817266532351,9.093440257323186,75.399135,-38.13535,-12.242942,11.016291,0.2798316210424485,2.2803782904835206,-1.225875266532352,-1.9228507426768147,10.051145296085451
val,0,5726,573.1731731731732,256,0.0,3,2,0.5170008404141951,-1.6149163752273596,22.541003148929438,0.020305206025308258,-0.045388580816635646,-1.598503,22.588502,-0.033529,0.004383,0.05025474842616776,0.07331665564769188,0.053834206025308265,-0.049771580816635644,91.49490961026005
val,0,5726,573.1731731731732,260,0.0,1,1,0.0,67.54611651215657,-37.62038103707012,15.185955383891287,-10.95997705466916,67.138381,-37.993743,14.326309,-11.875638,0.5528538715035309,1.2559565566298594,0.8596463838912864,0.9156609453308402,25.35354724363712
val,0,5726,573.1731731731732,261,0.0,1,1,0.0,49.87811774238394,-24.197050672400657,15.239913925234934,-10.871396383841534,50.011328,-24.031582,14.576164,-11.891914,0.21242611487331775,1.2173825069135578,0.6637499252349333,1.0205176161584664,29.060884463771487
val,0,5726,573.1731731731732,262,0.0,2,2,0.34434541271660707,27.054846275547007,-5.609269491343595,13.90494588893272,-11.251276747120823,27.039162,-5.696989,14.101433,-11.406478,0.08911065423593016,0.25038892489651293,-0.19648711106727923,0.15520125287917708,76.66130786260315
val,0,5726,573.1731731731732,263,0.0,3,2,0.36009768260490904,20.854755258261086,4.274216251892671,-5.962985702546156,4.665159478905404,20.827691,4.277574,-6.002332,4.790129,0.027271753657859363,0.1310172214861048,0.03934629745384388,-0.12496952109459603,87.47427055756903
val,0,5726,573.1731731731732,264,0.0,2,2,0.2715999297431462,33.94902798855395,-6.494887210578496,-6.2592301039292515,5.113448222598337,34.003362,-6.366472,-6.214516,5.015507,0.13943690726539826,0.10766538057450441,-0.04471410392925179,0.09794122259833671,83.84787230830445
val,0,5726,573.1731731731732,265,0.0,3,2,0.5127408558869015,-3.368727714299781,19.226193309998234,12.989750806938874,-10.586380148552259,-3.49954,19.147753,13.031416,-10.617323,0.15252782147114838,0.05189844283346043,-0.04166519306112626,0.030942851447742115,85.11938044549838
val,0,5726,573.1731731731732,266,0.0,2,2,0.3250346163001609,-27.264357127885823,38.55197731410029,13.494404289245256,-11.851867902680265,-27.380658,38.482034,13.77181,-11.513139,0.13571278510829554,0.43782553359793974,-0.27740571075474385,-0.33872890268026445,63.23092688579367
val,0,5726,573.1731731731732,267,0.0,1,1,4.559575162865346e-17,53.61926134895932,-22.78769866241248,-9.526227034461753,6.333334660975175,53.906309,-22.257496,-9.098774,6.868476,0.6029189142805654,0.6849031679032032,-0.4274530344617524,-0.5351413390248254,40.1530761565983
val,0,5726,573.1731731731732,268,0.0,1,1,4.5566702978744414e-17,67.8009431075721,-31.105642802076872,-13.409912158357072,8.763737684262754,67.612804,-31.238133,-12.173696,11.141399,0.23010861857769596,2.679832778838353,-1.236216158357072,-2.377661315737246,6.790171556609629
val,0,5726,573.1731731731732,269,0.0,1,1,0.0,75.43831195405613,-38.287768816868066,-13.49515418388822,9.098715537437984,75.399135,-38.13535,-12.242942,11.016291,0.15737321711325786,2.2902250998751277,-1.2522121838882203,-1.9175754625620165,10.069836695598267
val,0,5726,573.1731731731732,256,5.0,3,2,0.517153390469988,-1.6077385119020131,22.56173692467614,-0.0032868100580743746,-0.023701475489513298,-1.598503,22.588502,-0.033529,0.004383,0.028313670500025957,0.0412713922227562,0.03024218994192563,-0.028084475489513296,95.11819663382222
val,0,5726,573.1731731731732,260,5.0,1,1,-2.8828860807611704e-17,67.36807835353795,-37.783765813839295,15.10925511066337,-10.949713464859903,67.138381,-37.993743,14.326309,-11.875638,0.3112094036662608,1.2125761241989315,0.782946110663369,0.9259245351400978,28.596797412009785
val,0,5726,573.1731731731732,261,5.0,1,1,2.8853464323656386e-17,49.936371904416724,-24.12478957491497,15.267812188371261,-10.869675656708857,50.011328,-24.031582,14.576164,-11.891914,0.11960797752081107,1.23424002810307,0.6916481883712606,1.0222383432911428,28.93778568333147
val,0,5726,573.1731731731732,262,5.0,2,2,0.3443444152849074,27.047858128364304,-5.647434928655334,13.991007157092115,-11.319060788846832,27.039162,-5.696989,14.101433,-11.406478,0.050311317169805345,0.1408390414186155,-0.11042584290788504,0.08741721115316814,86.10905982507214
val,0,5726,573.1731731731732,263,5.0,3,2,0.35985587225808036,20.842931912080058,4.275681448803628,-5.980165572229712,4.719744369122312,20.827691,4.277574,-6.002332,4.790129,0.015357967022457685,0.0737925930150436,0.02216642777028799,-0.07038463087768854,92.7396734729776
val,0,5726,573.1731731731732,264,5.0,2,2,0.2714953574825965,33.97254509098425,-6.4388967047694585,-6.239697434402171,5.0705847183633,34.003362,-6.366472,-6.214516,5.015507,0.07870844771832661,0.060561206218649265,-0.02518143440217102,0.05507771836329933,90.54610443223699
val,0,5726,573.1731731731732,265,5.0,3,2,0.5129927203712662,-3.4259972063657864,19.19181259387065,13.007939201601577,-10.599959685774742,-3.49954,19.147753,13.031416,-10.617323,0.08573091803760827,0.029200081231484418,-0.023476798398423426,0.01736331422525872,91.34128630691332
val,0,5726,573.1731731731732,266,5.0,2,2,0.32512772094697306,-27.315242484366497,38.52134992470868,13.615945391443132,-11.703776964917427,-27.380658,38.482034,13.77181,-11.513139,0.07632123964726902,0.24624501998709278,-0.15586460855686823,-0.19063796491742657,77.27487152598269
val,0,5726,573.1731731731732,267,5.0,1,1,0.0,53.7450761431783,-22.55618619476394,-9.519327553834186,6.293107628455437,53.906309,-22.257496,-9.098774,6.868476,0.3394287356235561,0.7126808925573954,-0.4205535538341856,-0.5753683715445632,45.412478872530116
val,0,5726,573.1731731731732,268,5.0,1,1,-5.76636409476417e-17,67.71871788511748,-31.163570015683646,-13.502034472072934,8.839302931889337,67.612804,-31.238133,-12.173696,11.141399,0.12952756344053343,2.6578429982223613,-1.328338472072934,-2.3020960681106626,6.987849502625436
val,0,5726,573.1731731731732,269,5.0,1,1,0.0,75.42116605825069,-38.22112139149891,-13.50996158236132,9.101668281000194,75.399135,-38.13535,-12.242942,11.016291,0.08855562730456164,2.2958917174373163,-1.2670195823613213,-1.9146227189998068,10.049986071143712
val,0,5726,573.1731731731732,256,10.0,3,2,0.5172394584549811,-1.6037291234732454,22.573351125606703,-0.0165224478276828,-0.011449426137598931,-1.598503,22.588502,-0.033529,0.004383,0.016026894940662444,0.023235501591148677,0.017006552172317203,-0.01583242613759893,97.21678944680208
val,0,5726,573.1731731731732,260,10.0,1,1,-7.303492834084526e-17,67.26803058754331,-37.87522881464709,15.06620399011683,-10.943799348383234,67.138381,-37.993743,14.326309,-11.875638,0.17565485384701446,1.189860440995891,0.739894990116829,0.9318386516167667,30.036520089839787
val,0,5726,573.1731731731732,261,10.0,1,1,-7.309719057470829e-17,49.9690338471142,-24.08422098640358,15.283486736591996,-10.868703070566724,50.011328,-24.031582,14.576164,-11.891914,0.06752524163543422,1.2438914984079994,0.7073227365919958,1.0232109294332759,28.77328107158725
val,0,5726,573.1731731731732,262,10.0,2,2,0.3443421562359452,27.044037467988492,-5.6689576211778,14.039332633956237,-11.357232702845486,27.039162,-5.696989,14.101433,-11.406478,0.02845221233543214,0.07925626003418104,-0.062100366043763344,0.04924529715451342,91.92395109702383
val,0,5726,573.1731731731732,263,10.0,3,2,0.35972077964828286,20.83627937505607,4.276495058264696,-5.9898499022087535,4.7504874225512586,20.827691,4.277574,-6.002332,4.790129,0.008655882472161099,0.04156028666762095,0.012482097791246538,-0.03964157744874175,95.84363629706564
val,0,5726,573.1731731731732,264,10.0,2,2,0.2714347502346319,33.985952207715954,-6.407378996335284,-6.228690028905313,5.046506494071557,34.003362,-6.366472,-6.214516,5.015507,0.04445765644462917,0.03408623957113969,-0.014174028905313385,0.030999494071556555,94.55192586488069
val,0,5726,573.1731731731732,265,10.0,3,2,0.5131370301166639,-3.4581367546413273,19.172591870370205,13.018189638260543,-10.60756523436785,-3.49954,19.147753,13.031416,-10.617323,0.048282483443773144,0.01643625976294347,-0.01322636173945746,0.00975776563215014,95.02754206706665
val,0,5726,573.1731731731732,266,10.0,2,2,0.3251794029057706,-27.343844297113616,38.50415373953101,13.684151354579855,-11.620454710230746,-27.380658,38.482034,13.77181,-11.513139,0.04294801039776912,0.13856658969327343,-0.08765864542014512,-0.10731571023074515,86.49619628574823
val,0,5726,573.1731731731732,267,10.0,1,1,3.6544489105410105e-17,53.815375204802514,-22.426152273496747,-9.515368035011045,6.270554391348312,53.906309,-22.257496,-9.098774,6.868476,0.19160869943410197,0.7287392126813312,-0.41659403501104464,-0.5979216086516885,47.071226036324745
val,0,5726,573.1731731731732,268,10.0,1,1,3.652120850213323e-17,67.67254056675745,-31.19601523836333,-13.553774779122099,8.88183453163094,67.612804,-31.238133,-12.173696,11.141399,0.07309147182298922,2.647687485958095,-1.3800787791220994,-2.25956446836906,7.0743390502802175
val,0,5726,573.1731731731732,269,10.0,1,1,0.0,75.41149244715669,-38.183709293307004,-13.518282020750304,9.10332787785856,75.399135,-38.13535,-12.242942,11.016291,0.049913202155170665,2.299112888746553,-1.2753400207503045,-1.9129631221414414,10.02934764123026
val,0,5776,578.1781781781782,256,-10.0,3,2,0.5196243774319047,-2.439734916363886,23.3144141005494,-0.12439730063253744,0.6411211258566977,-2.394917,23.089934,-0.204651,0.159761,0.22891037803006858,0.4880043309510059,0.08025369936746256,0.4813601258566977,58.33165804511192
val,0,5776,578.1781781781782,263,-10.0,3,2,0.4695310248821463,6.749313467814379,16.28291149364737,-0.6591576561201845,0.9232449565951263,6.447586,15.76315,-0.795834,0.619464,0.6009920757482757,0.3331115317220399,0.13667634387981553,0.3037809565951263,50.30150500298102
val,0,5776,578.1781781781782,264,-10.0,3,2,0.32816105751688374,16.640204867807007,7.791456174470797,-1.0389261973390191,-0.7110208457047159,16.614294,7.60419,-1.046965,0.841804,0.1890502398079388,1.552845653561904,0.008038802660980782,-1.5528248457047158,20.923207682292684
val,0,5776,578.1781781781782,265,-10.0,1,1,0.0,65.36842178953978,-35.15074977525907,15.139285261395559,-10.784392676725144,64.846176,-35.914754,14.082152,-11.68557,0.9254421214284653,1.3891188935197893,1.057133261395558,0.9011773232748563,18.840529827409796
val,0,5776,578.1781781781782,266,-10.0,2,2,0.202541323738727,41.015797534329636,-15.852906709121928,13.473847566517007,-10.703592069329048,40.838004,-16.443227,13.523833,-10.904473,0.6165132493886856,0.20700650199380302,-0.049985433482993,0.20088093067095159,52.186904844786795
val,0,5776,578.1781781781782,267,-10.0,2,2,0.34836043690984775,27.2148824501428,-2.0495243502414375,-2.5056899186473887,1.272269529838479,27.588995,-1.469738,-2.294031,1.84802,0.6900089940623558,0.6134232647480812,-0.21165891864738873,-0.575750470161521,39.722381589123565
val,0,5776,578.1781781781782,268,-10.0,3,2,0.5814461993760467,-3.1612780955426243,28.19138463101723,-15.155685457295649,12.369846435972612,-3.603828,28.50841,-15.439514,12.442578,0.5443854356188228,0.292999184400821,0.2838285427043523,-0.07273156402738756,53.88993201548088
val,0,5776,578.1781781781782,269,-10.0,3,2,0.5123412953326343,7.059696567470164,19.940694215726552,-15.284372421867362,12.884174619164812,7.067742,19.989765,-15.429179,12.361473,0.049725957545363325,0.5423890925783809,0.14480657813263775,0.5227016191648115,58.003678896765166
val,0,5776,578.1781781781782,270,-10.0,3,2,0.46423151379179267,5.47939439660595,11.52316259997201,12.892577509438933,-9.758757029124014,5.314355,11.897155,12.978575,-10.312582,0.4087888424489486,0.560462011869304,-0.08599749056106631,0.5538249708759864,49.97213994973485
val,0,5776,578.1781781781782,271,-10.0,3,2,0.4748002969989256,-12.908915528727023,26.70735816043018,12.432939457887297,-10.894904379349976,-13.079357,26.709779,12.553013,-10.389729,0.17045866241971888,0.5192492844644874,-0.12007354211270282,-0.5051753793499749,57.89654025189896
val,0,5776,578.1781781781782,272,-10.0,2,2,0.17033709190430263,47.14557747522673,-17.29534172953545,-5.6543645211294455,6.225613142834045,47.51619,-17.183222,-6.165946,5.000934,0.387200822919995,1.327235703413721,0.5115814788705544,1.224679142834045,25.09347061833193
val,0,5776,578.1781781781782,273,-10.0,2,2,0.26101160222999015,-33.17606075925461,43.13901366599275,13.307157563784187,-10.844987009336183,-32.899637,43.411386,12.655273,-10.831516,0.3880680133855526,0.6520237362187337,0.6518845637841881,-0.013471009336182505,46.824206533125846
val,0,5776,578.1781781781782,274,-10.0,2,2,0.12850139397662044,-55.30278266001648,61.897033911022326,13.724679717981763,-11.599810522578139,-55.221483,62.051882,13.201866,-11.461849,0.1748930112349635,0.540710241647032,0.5228137179817622,-0.13796152257813787,56.649251368866736
val,0,5776,578.1781781781782,256,-5.0,3,2,0.5189893953026061,-2.420129819772985,23.21601155146152,-0.15905904963186984,0.43126165246957354,-2.394917,23.089934,-0.204651,0.159761,0.12857385139847585,0.27530207087810693,0.04559195036813016,0.27150065246957356,73.79744161798139
val,0,5776,578.1781781781782,263,-5.0,3,2,0.46826231132165963,6.616280806282168,16.0556415118692,-0.7206861288287485,0.7867276972213783,6.447586,15.76315,-0.795834,0.619464,0.3376525169195532,0.18336942752197247,0.07514787117125155,0.16726369722137824,68.09740084900756
val,0,5776,578.1781781781782,264,-5.0,3,2,0.3278226191969474,16.628179262537703,7.709533240714065,-1.0402430067276607,-0.03289237968186172,16.614294,7.60419,-1.046965,0.841804,0.10625440640219289,0.8747222083736693,0.006721993272339244,-0.8746963796818618,41.430533488746434
val,0,5776,578.1781781781782,265,-5.0,1,1,-1.0805472495290472e-16,65.1406456346381,-35.48555817868812,14.985428534992117,-10.752730879023071,64.846176,-35.914754,14.082152,-11.68557,0.5205011227225906,1.2984981033071916,0.9032765349921164,0.9328391209769293,24.685976412015993
val,0,5776,578.1781781781782,266,-5.0,2,2,0.20235519824392373,40.936465678134965,-16.109298486889855,13.496440665774017,-10.790762275505696,40.838004,-16.443227,13.523833,-10.904473,0.34814214615456435,0.11696353636654212,-0.02739233422598275,0.11371072449430386,69.26262232864927
val,0,5776,578.1781781781782,267,-5.0,2,2,0.34658213026296597,27.378935748204675,-1.7961010564840265,-2.4118875941796003,1.523190358038417,27.588995,-1.469738,-2.294031,1.84802,0.3881207723150202,0.3455495233515816,-0.11785659417960037,-0.32482964196158304,59.472518482348
val,0,5776,578.1781781781782,268,-5.0,3,2,0.5826509392741003,-3.3545069949469357,28.331238761945766,-15.279424189903057,12.402380030827354,-3.603828,28.50841,-15.439514,12.442578,0.3058604439190211,0.16505945602261132,0.16008981009694345,-0.04019796917264529,70.641239067507
val,0,5776,578.1781781781782,269,-5.0,3,2,0.5126921060693911,7.062647001854265,19.96295487495063,-15.34798513071666,12.654854944851234,7.067742,19.989765,-15.429179,12.361473,0.027289958066436436,0.3044099373770383,0.08119386928333938,0.2933819448512338,73.66585847138379
val,0,5776,578.1781781781782,270,-5.0,3,2,0.4651105979006667,5.406951874224525,11.68696321660587,12.929620473755275,-10.00676673280272,5.314355,11.897155,12.978575,-10.312582,0.22968405892128735,0.3097087717369163,-0.048954526244724406,0.30581526719728025,68.00540135399639
val,0,5776,578.1781781781782,271,-5.0,3,2,0.4740448756360517,-12.983132619223941,26.707842548301365,12.485273103952151,-10.673978112401551,-13.079357,26.709779,12.553013,-10.389729,0.0962438637052625,0.29220925963706645,-0.0677398960478488,-0.28424911240155026,73.51718542895456
val,0,5776,578.1781781781782,272,-5.0,2,2,0.16976612357563947,47.305145991336346,-17.246966114984197,-5.878632660036345,5.6908990880346,47.51619,-17.183222,-6.165946,5.000934,0.22046062185329982,0.7473959981346328,0.2873133399636547,0.6899650880346,45.87578626508011
val,0,5776,578.1781781781782,273,-5.0,2,2,0.2605973258914704,-33.05317550258054,43.257513320623794,13.021750486241318,-10.840039830463775,-32.899637,43.411386,12.655273,-10.831516,0.2173726598104896,0.3665765999181225,0.36647748624131893,-0.008523830463774473,65.29988802897921
val,0,5776,578.1781781781782,274,-5.0,2,2,0.1284093212874897,-55.267214168424566,61.96357709425542,13.49595158905728,-11.539524061802908,-55.221483,62.051882,13.201866,-11.461849,0.09944393467695774,0.3041705918021199,0.29408558905727844,-0.07767506180290695,72.61390016835905
val,0,5776,578.1781781781782,256,0.0,3,2,0.518642190750381,-2.4090956281998164,23.160795442601223,-0.1788667655196425,0.3127010035482384,-2.394917,23.089934,-0.204651,0.159761,0.07226601929783587,0.1550982637977396,0.025784234480357493,0.1529400035482384,84.27307966776169
val,0,5776,578.1781781781782,263,0.0,3,2,0.46764284033337605,6.5421533976974064,15.927735086554819,-0.7541101938603384,0.7123831290119568,6.447586,15.76315,-0.795834,0.619464,0.18981897540424317,0.1018569611520034,0.041723806139661646,0.09291912901195676,80.62021883862096
val,0,5776,578.1781781781782,264,0.0,3,2,0.3276461079268795,16.621882297572,7.6634549556534,-1.0424866237876806,0.34945549572332535,16.614294,7.60419,-1.046965,0.841804,0.059748784327722064,0.4923688713931637,0.004478376212319279,-0.49234850427667465,60.897329102590525
val,0,5776,578.1781781781782,265,0.0,1,1,0.0,65.01207289425412,-35.67346014973377,14.899074073543199,-10.734500895064913,64.846176,-35.914754,14.082152,-11.68557,0.292821620956282,1.2537520155932533,0.8169220735431981,0.9510691049350868,27.59617105663134
val,0,5776,578.1781781781782,266,0.0,2,2,0.2022372646168598,40.89291329119259,-16.25478040675363,13.508661059851185,-10.840283071060687,40.838004,-16.443227,13.523833,-10.904473,0.1962833379720159,0.06595858355902684,-0.0151719401488144,0.06418992893931197,81.2963332236978
val,0,5776,578.1781781781782,267,0.0,2,2,0.3455819593500053,27.470956333822254,-1.653400977488412,-2.359939521429797,1.6650093317824146,27.588995,-1.469738,-2.294031,1.84802,0.21832364968763765,0.1945169346830993,-0.06590852142979697,-0.18301066821758538,74.64644074295357
val,0,5776,578.1781781781782,268,0.0,3,2,0.5833222242605438,-3.4634617289028635,28.409115637976118,-15.3493303532589,12.420196085841669,-3.603828,28.50841,-15.439514,12.442578,0.17193621023927688,0.09291953627152161,0.09018364674110124,-0.022381914158330574,82.24741486075385
val,0,5776,578.1781781781782,269,0.0,3,2,0.5128831476074854,7.064701053917802,19.97492864202766,-15.383590440016242,12.526292812209093,7.067742,19.989765,-15.429179,12.361473,0.015144796827894836,0.17100844218351668,0.04558855998375755,0.16481981220909248,84.22505389788458
val,0,5776,578.1781781781782,270,0.0,3,2,0.46559955628860844,5.366365111918445,11.778969262881773,12.950844429776147,-10.142370003287002,5.314355,11.897155,12.978575,-10.312582,0.12912366243236648,0.17245610557462382,-0.02773057022385217,0.17021199671299847,80.61873230243627
val,0,5776,578.1781781781782,271,0.0,3,2,0.4736202447392722,-13.025113946833537,26.708516009202654,12.514849930876595,-10.54963751117084,-13.079357,26.709779,12.553013,-10.389729,0.054257754861161515,0.1643993667560554,-0.038163069123404725,-0.1599085111708387,84.10354179986544
val,0,5776,578.1781781781782,272,0.0,2,2,0.1694395578625597,47.396657594573334,-17.219322595980334,-6.004485870384426,5.389365197911854,47.51619,-17.183222,-6.165946,5.000934,0.1248649229256179,0.4206520759091957,0.1614601296155742,0.38843119791185376,64.48141533885227
val,0,5776,578.1781781781782,273,0.0,2,2,0.26035415401198964,-32.98538510788635,43.32462652243987,12.861339113682488,-10.836604934336322,-32.899637,43.411386,12.655273,-10.831516,0.12198337982117133,0.20612894134711868,0.20606611368248906,-0.0050889343363209605,78.7006757002738
val,0,5776,578.1781781781782,274,0.0,2,2,0.12835561486509448,-55.247224599475246,62.00181749141393,13.367281726139645,-11.505558437087421,-55.221483,62.051882,13.201866,-11.461849,0.056294626417700874,0.17109318322132183,0.16541572613964384,-0.043709437087420255,83.51728878457715
val,0,5776,578.1781781781782,256,5.0,3,2,0.5184501126821002,-2.4028854979337426,23.129792770572845,-0.19010292702849732,0.24586444263111118,-2.394917,23.089934,-0.204651,0.159761,0.04064749132355865,0.08732381840089921,0.014548072971502679,0.0861034426311112,90.81727628621152
val,0,5776,578.1781781781782,263,5.0,3,2,0.46732400357234166,6.500696978418356,15.855809353631999,-0.7725350525333321,0.6713619094605877,6.447586,15.76315,-0.795834,0.619464,0.1068013663023791,0.056887906970057446,0.02329894746666794,0.0518979094605877,88.60274946797432
val,0,5776,578.1781781781782,264,5.0,3,2,0.3275512401925933,16.618487708667125,7.637554762250314,-1.0442245066867482,0.5647406182729137,16.614294,7.60419,-1.046965,0.841804,0.0336272888054434,0.27707693479907186,0.0027404933132517684,-0.27706338172708633,75.64566474100577
val,0,5776,578.1781781781782,265,5.0,1,1,2.883153102757442e-17,64.93966094189798,-35.77894631514995,14.850576757902102,-10.72410864017525,64.846176,-35.914754,14.082152,-11.68557,0.164873168302183,1.2308064652872766,0.7684247579021015,0.9614613598247495,28.886373943321097
val,0,5776,578.1781781781782,266,5.0,2,2,0.20216674956353772,40.86875996468472,-16.336988618648856,13.515378353496995,-10.868285707149559,40.838004,-16.443227,13.523833,-10.904473,0.11060073704907647,0.03716182465022843,-0.008454646503004426,0.036187292850440755,88.98725682759539
val,0,5776,578.1781781781782,267,5.0,2,2,0.34501960304903145,27.522618399064644,-1.5731196905821323,-2.3309837774592017,1.7449783086741735,27.588995,-1.469738,-2.294031,1.84802,0.12285612357286602,0.10946733719807111,-0.03695277745920178,-0.10304169132582652,84.82752840893171
val,0,5776,578.1781781781782,268,5.0,3,2,0.5836976196214799,-3.5248124603946773,28.452653768935583,-15.388736322111082,12.430064860579522,-3.603828,28.50841,-15.439514,12.442578,0.09670683947699402,0.0522967611802782,0.050777677888918404,-0.01251313942047716,89.58864184124678
val,0,5776,578.1781781781782,269,5.0,3,2,0.5129884705175956,7.065980960361623,19.98148120506491,-15.403557790351693,12.454128134336594,7.067742,19.989765,-15.429179,12.361473,0.008468914873497085,0.09613230623871859,0.02562120964830683,0.092655134336594,90.8005697237963
val,0,5776,578.1781781781782,270,5.0,3,2,0.46587276514843895,5.343594453285978,11.830656776724203,12.962913957869967,-10.21740852634179,5.314355,11.897155,12.978575,-10.312582,0.07264268254477296,0.0964533997781764,-0.0156610421300325,0.09517347365821038,88.62567612885658
val,0,5776,578.1781781781782,271,5.0,3,2,0.4733815992955255,-13.048795326845756,26.70902685624558,12.531527120979153,-10.479690452888658,-13.079357,26.709779,12.553013,-10.389729,0.030570927140244734,0.09249165369446337,-0.02148587902084742,-0.08996145288865698,90.71812860796211
val,0,5776,578.1781781781782,272,5.0,2,2,0.1692541642058449,47.44867064112149,-17.203679370926363,-6.07516372631051,5.219549397791457,47.51619,-17.183222,-6.165946,5.000934,0.07055046313515069,0.2367152579952347,0.09078227368948966,0.21861539779145733,78.11367701417502
val,0,5776,578.1781781781782,273,5.0,2,2,0.2602141799863734,-32.94766933906354,43.362526793469335,12.771166222953871,-10.834472696909579,-32.899637,43.411386,12.655273,-10.831516,0.06851516371374251,0.11593093281454699,0.11589322295387205,-0.002956696909578227,87.40098023276177
val,0,5776,578.1781781781782,274,5.0,2,2,0.12832480582748407,-55.236007460078056,62.02356565904956,13.294920788943887,-11.4864365400598,-55.221483,62.051882,13.201866,-11.461849,0.03182412772379824,0.09624832918852956,0.09305478894388663,-0.024587540059799906,90.35957912557083
val,0,5776,578.1781781781782,256,10.0,3,2,0.5183432253831565,-2.399387951339562,23.112390865449164,-0.19645000078858801,0.2082398456198376,-2.394917,23.089934,-0.204651,0.159761,0.022897602749690313,0.049167620043048955,0.008200999211411986,0.04847884561983762,94.72066931426049
val,0,5776,578.1781781781782,263,10.0,3,2,0.4671542616653211,6.477476768237504,15.815419871293377,-0.7827760679299193,0.6485520705391545,6.447586,15.76315,-0.795834,0.619464,0.0602129344149116,0.031884564253532977,0.013057932070080769,0.02908807053915452,93.41354216345168
val,0,5776,578.1781781781782,264,10.0,3,2,0.3274993917012237,16.61662234109396,7.62301686998455,-1.0453516612217915,0.6858476461210878,16.614294,7.60419,-1.046965,0.841804,0.018970297985666268,0.1559646984968642,0.0016133387782084618,-0.15595635387891216,85.46064910713936
val,0,5776,578.1781781781782,265,10.0,1,1,0.0,64.89898176234811,-35.838102716449924,14.82334346694215,-10.718208653372416,64.846176,-35.914754,14.082152,-11.68557,0.09307990012371074,1.2186684395753375,0.7411914669421495,0.9673613466275839,29.45760969099835
val,0,5776,578.1781781781782,266,10.0,2,2,0.20212578132588346,40.85530007196987,-16.383302916058426,13.519108790743159,-10.884072408521456,40.838004,-16.443227,13.523833,-10.904473,0.06237026488499051,0.020940446169478356,-0.004724209256840695,0.020400591478543006,93.63258490757723
val,0,5776,578.1781781781782,267,10.0,2,2,0.34470360096440855,27.551623331189354,-1.5280073210263598,-2.3147867662193486,1.7900031392862834,27.588995,-1.469738,-2.294031,1.84802,0.06922395107595065,0.06161783798890585,-0.020755766219348715,-0.05801686071371659,91.14894023854592
val,0,5776,578.1781781781782,268,10.0,3,2,0.5839078444252082,-3.559315040144115,28.47703655938238,-15.410915002743247,12.435569185962573,-3.603828,28.50841,-15.439514,12.442578,0.054458207566160544,0.029445307237369135,0.02859899725675419,-0.007008814037426703,93.99684336247961
val,0,5776,578.1781781781782,269,10.0,3,2,0.513046839883623,7.066742873660141,19.985095645691487,-15.414763707100384,12.413603831121039,7.067742,19.989765,-15.429179,12.361473,0.004775052156931061,0.05408719093049622,0.014415292899615295,0.05213083112103867,94.71502277187678
val,0,5776,578.1781781781782,270,10.0,3,2,0.4660257518276777,5.330815132015517,11.859674555116358,12.96974461901903,-10.259214312490291,5.314355,11.897155,12.978575,-10.312582,0.040935555384579,0.05409330548601228,-0.00883038098096911,0.05336768750970933,93.44131366803464
val,0,5776,578.1781781781782,271,10.0,3,2,0.4732476691054253,-13.06212354180536,26.709365863913064,12.54091709984134,-10.440362496033577,-13.079357,26.709779,12.553013,-10.389729,0.0172384095198122,0.052058253151930134,-0.012095900158659134,-0.050633496033576364,94.66383335345385
val,0,5776,578.1781781781782,272,10.0,2,2,0.16914934207642757,47.47807076256944,-17.194912580318462,-6.114862062217823,5.124010420907055,47.51619,-17.183222,-6.165946,5.000934,0.03987161810699585,0.13325679751001032,0.05108393778217657,0.12307642090705517,87.01462960002597
val,0,5776,578.1781781781782,273,10.0,2,2,0.26013443373244083,-32.92658504474463,43.38389432173821,12.720483330366598,-10.833213035258273,-32.899637,43.411386,12.655273,-10.831516,0.038496616594296124,0.06523240847300321,0.06521033036659851,-0.0016970352582728054,92.70528711413239
val,0,5776,578.1781781781782,274,10.0,2,2,0.12830729667464047,-55.22973933048684,62.03584600830466,13.254245217455034,-11.47567538998484,-55.221483,62.051882,13.201866,-11.461849,0.018036630027831714,0.05417334659419301,0.05237921745503371,-0.013826389984838983,94.45024143158244
val,1,9195,920.4204204204204,621,-10.0,3,2,0.20828552656055882,20.97912738530591,-6.2251545001480615,-1.7086819295842794,7.427726002099006,20.885232,-6.441116,-2.363262,7.140955,0.23549036668204662,0.7146416418249906,0.6545800704157207,0.2867710020990062,47.121462075769145
val,1,9195,920.4204204204204,627,-10.0,2,2,0.0845454314431258,-5.980886399661344,-51.42387292692546,-11.580747550198295,-19.652319149982922,-6.771141,-51.340539,-13.73867,-18.769897,0.7946363172755367,2.3313725892998485,2.157922449801706,-0.8824221499829221,8.517252838372864
val,1,9195,920.4204204204204,628,-10.0,2,2,0.08140030299171432,-0.601387649908542,-54.08259715337845,12.526042706730067,17.59245618345704,-0.029957,-54.1135,13.065276,17.681219,0.5722656494882545,0.5464900567909519,-0.539233293269934,-0.08876281654296037,45.32598585483971
val,1,9195,920.4204204204204,621,-5.0,3,2,0.2087494021815469,20.93828467689059,-6.319653033858842,-1.9972143239587599,7.302170359927679,20.885232,-6.441116,-2.363262,7.140955,0.13254372361249556,0.39997661608124535,0.36604767604124033,0.1612153599276791,65.61500419693587
val,1,9195,920.4204204204204,627,-5.0,2,2,0.08449536519049794,-6.327439311669462,-51.386144630777004,-12.526391872578417,-19.269916765306643,-6.771141,-51.340539,-13.73867,-18.769897,0.44603930520295915,1.3113496955130208,1.212278127421584,-0.5000197653066429,25.02909012339845
val,1,9195,920.4204204204204,628,-5.0,2,2,0.08141209351875095,-0.3516233405676213,-54.09561573212501,12.762195262632167,17.63053097183112,-0.029957,-54.1135,13.065276,17.681219,0.32216312900701305,0.3072901065167554,-0.3030807373678339,-0.05068802816887796,64.06865891517384
val,1,9195,920.4204204204204,621,0.0,3,2,0.20902304222716117,20.915160176436814,-6.372794487869684,-2.1580673584679984,7.231599802251776,20.885232,-6.441116,-2.363262,7.140955,0.07458903917202625,0.22432414290198538,0.20519464153200184,0.09064480225177629,78.94650154355013
val,1,9195,920.4204204204204,627,0.0,2,2,0.08446431420476658,-6.521797902392559,-51.36579280692262,-13.057288647692397,-19.052295901590774,-6.771141,-51.340539,-13.73867,-18.769897,0.25061870458638713,0.7375836812811237,0.6813813523076035,-0.2823989015907742,45.88651113572333
val,1,9195,920.4204204204204,628,0.0,2,2,0.0814173905802417,-0.21098465444987857,-54.10328056106219,12.894884121135094,17.65246537765911,-0.029957,-54.1135,13.065276,17.681219,0.18131588073808722,0.17280093512720215,-0.1703918788649066,-0.02875362234088996,77.8434225288864
val,1,9195,920.4204204204204,621,5.0,3,2,0.20918090058066233,20.902115381296902,-6.4026700603872175,-2.2480600511510667,7.1919320651874,20.885232,-6.441116,-2.363262,7.140955,0.04198974680474207,0.12597678434423037,0.11520194884893353,0.05097706518739997,87.56486131158717
val,1,9195,920.4204204204204,627,5.0,2,2,0.08444594513781052,-6.630872248381892,-51.35463200194617,-13.355520824864936,-18.929125135745316,-6.771141,-51.340539,-13.73867,-18.769897,0.14097494594557322,0.4149179311859269,0.3831491751350651,-0.15922813574531602,64.51882020297636
val,1,9195,920.4204204204204,628,5.0,2,2,0.08141994783967264,-0.1318680021116435,-54.10769645189975,12.969461354482597,17.66496194331987,-0.029957,-54.1135,13.065276,17.681219,0.10207611631498999,0.09718404286469391,-0.09581464551740382,-0.016257056680128557,86.8540843009804
val,1,9195,920.4204204204204,621,10.0,3,2,0.2092706897677815,20.894784586358643,-6.419452260619836,-2.2985034964714477,7.169637642435662,20.885232,-6.441116,-2.363262,7.140955,0.023676349171083116,0.07082625047501512,0.0647585035285525,0.028682642435661876,92.80414999420682
val,1,9195,920.4204204204204,627,10.0,2,2,0.08443533695544846,-6.692054730691447,-51.3484586489111,-13.523064585695908,-18.859642037530275,-6.771141,-51.340539,-13.73867,-18.769897,0.07948181447362727,0.23353771951988853,0.2156054143040933,-0.08974503753027463,78.13808746680174
val,1,9195,920.4204204204204,628,10.0,2,2,0.08142125341293649,-0.08741958523377484,-54.110208654152906,13.011379019789791,17.672033791245283,-0.029957,-54.1135,13.065276,17.681219,0.05755676901315807,0.054674057245163804,-0.05389698021020983,-0.00918520875471529,92.36839119302742
val,1,9196,920.5205205205206,621,-10.0,3,2,0.21274915596426378,20.702448024423845,-5.965672025362203,-5.232481496027765,6.668344974251668,20.626478,-5.719436,-2.628158,7.280923,0.25768900790902016,2.6753976731678604,-2.6043234960277646,-0.6125780257483315,6.803186565627578
val,1,9196,920.5205205205206,627,-10.0,2,2,0.0809886389042372,-7.67462247604504,-53.28633350266337,-13.876011141244204,-18.495045294150746,-8.151265,-53.21968,-13.789164,-18.730684,0.48128036014307807,0.2511334817116233,-0.08684714124420445,0.2356387058492544,58.108299341408454
val,1,9196,920.5205205205206,628,-10.0,2,2,0.08509920460526602,1.4467100667131003,-52.00226536090904,12.530275443855341,18.041383787826636,1.274717,-52.340114,13.004899,17.764812,0.3791085833016562,0.5493263819160917,-0.47462355614465856,0.2765717878266365,51.301767877038586
val,1,9196,920.5205205205206,621,-5.0,3,2,0.21341036140244615,20.668885574324264,-5.858031355230983,-4.0906578858114635,6.937571049880049,20.626478,-5.719436,-2.628158,7.280923,0.14493817596365155,1.5022637843101048,-1.4624998858114635,-0.3433519501199509,22.10780670305795
val,1,9196,920.5205205205206,627,-5.0,2,2,0.08096348411200886,-7.88317022693694,-53.25702603610133,-13.837791467550318,-18.59804710822113,-8.151265,-53.21968,-13.789164,-18.730684,0.2706834567464659,0.1412698681995446,-0.048627467550318215,0.13263689177886917,73.68798011777513
val,1,9196,920.5205205205206,628,-5.0,2,2,0.08483828851178707,1.3712955803524678,-52.149731009004334,12.737811227754312,17.920483179575232,1.274717,-52.340114,13.004899,17.764812,0.21347858310227222,0.3091429996514701,-0.2670877722456879,0.1556711795752328,68.68156482456203
val,1,9196,920.5205205205206,621,0.0,3,2,0.21378208597368917,20.650230270056408,-5.797420855408694,-3.4499931268157233,7.088188114471611,20.626478,-5.719436,-2.628158,7.280923,0.0815218253349831,0.8441325202643584,-0.8218351268157233,-0.19273488552838902,42.82449833089743
val,1,9196,920.5205205205206,627,0.0,2,2,0.08094862973681781,-8.000457856294766,-53.24064234755705,-13.81644079843942,-18.656054743659052,-8.151265,-53.21968,-13.789164,-18.730684,0.15225706751292034,0.0794578481656011,-0.02727679843941999,0.0746292563409483,84.21953292474663
val,1,9196,920.5205205205206,628,0.0,2,2,0.08469161299062401,1.3290018593234365,-52.232919918853135,12.854634360270502,17.85240435229575,1.274717,-52.340114,13.004899,17.764812,0.1201558029588499,0.17393068197916853,-0.15026463972949777,0.08759235229575069,80.94514872906643
val,1,9196,920.5205205205206,621,5.0,3,2,0.21399100483889597,20.639814590081553,-5.763316647740072,-3.0902098046150703,7.172629581090456,20.626478,-5.719436,-2.628158,7.280923,0.045862576040729415,0.4745727918108675,-0.46205180461507034,-0.10829341890954325,62.077677966341184
val,1,9196,920.5205205205206,627,5.0,2,2,0.08094005453347367,-8.066398587483969,-53.231462861228636,-13.804478533377162,-18.688699910052993,-8.151265,-53.21968,-13.789164,-18.730684,0.08568047497577644,0.04469002955065757,-0.015314533377162931,0.04198408994700742,90.78872338365416
val,1,9196,920.5205205205206,628,5.0,2,2,0.08460915939199055,1.3052723400938615,-52.27977758024782,12.920355943182344,17.814098019959705,1.274717,-52.340114,13.004899,17.764812,0.067632184326422,0.09786030972535267,-0.08454305681765639,0.049286019959705385,88.78460343127375
val,1,9196,920.5205205205206,621,10.0,3,2,0.21410831828597499,20.633989283553237,-5.744140943295477,-2.8881100384156184,7.22001730856464,20.626478,-5.719436,-2.628158,7.280923,0.025821572451148175,0.2669916956117819,-0.2599520384156184,-0.06090569143535962,76.47261902126253
val,1,9196,920.5205205205206,627,10.0,2,2,0.0809351661388814,-8.103439572894274,-53.22631697349571,-13.797763688750834,-18.707062556247454,-8.151265,-53.21968,-13.789164,-18.730684,0.0482837539450692,0.025138163249647523,-0.008599688750834389,0.023621443752546156,94.70193766563135
val,1,9196,920.5205205205206,628,10.0,2,2,0.08456282314205428,1.2919740541053144,-52.3061407815203,12.957306051654422,17.792559648942703,1.274717,-52.340114,13.004899,17.764812,0.03810492737512138,0.05509102244533475,-0.04759294834557792,0.027747648942703762,93.52091175433569
val,1,9341,935.0350350350351,630,-10.0,3,2,0.2570181006263326,0.2835940422013107,39.642783216200186,-3.3824440933266327,10.43336095044028,0.327149,39.73211,-2.987876,10.489378,0.09937961890077883,0.3985246417886735,-0.3945680933266327,-0.05601704955972053,66.31667163699213
val,1,9341,935.0350350350351,630,-5.0,3,2,0.2565911228360346,0.30239187320110544,39.68147612381336,-3.2093667188155237,10.45815758862471,0.327149,39.73211,-2.987876,10.489378,0.05636226348382639,0.2236802463514822,-0.22149071881552373,-0.031220411375290524,79.39998797741914
val,1,9341,935.0350350350351,630,0.0,3,2,0.25634963089159085,0.31313558597824265,39.70349400777647,-3.112312159932134,10.47190852470748,0.327149,39.73211,-2.987876,10.489378,0.03186300022725779,0.12565643821806982,-0.12443615993213397,-0.017469475292520187,87.84174916931946
val,1,9341,935.0350350350351,630,5.0,3,2,0.25621356281875446,0.31922647234242335,39.71594360873505,-3.0578307641553866,10.479574048423288,0.327149,39.73211,-2.987876,10.489378,0.018003295559879763,0.07063842081016733,-0.0699547641553866,-0.009803951576712322,92.96970140435825
val,1,9341,935.0350350350351,630,10.0,3,2,0.256137218316798,0.32265700711111533,39.7229429659897,-3.0272375060380523,10.483856661417464,0.327149,39.73211,-2.987876,10.489378,0.01020845300031907,0.039746865754756465,-0.03936150603805233,-0.005521338582536117,95.9793728244845
val,1,9342,935.1351351351352,630,-10.0,3,2,0.2433305434611498,-0.11475975173127465,40.72997964309174,-3.36091098455167,10.051943317831155,0.036214,40.789894,-2.977607,10.591877,0.1624278420577788,0.6621558167935964,-0.38330398455167014,-0.5399336821688454,50.571261855965865
val,1,9342,935.1351351351352,630,-5.0,3,2,0.24321484395905285,-0.048379993832455385,40.75590744124653,-3.1944200620448346,10.28624914958798,0.036214,40.789894,-2.977607,10.591877,0.09116594741694123,0.37472161242811847,-0.21681306204483475,-0.30562785041201934,68.00070814221583
val,1,9342,935.1351351351352,630,0.0,3,2,0.24315108631039664,-0.011265793568812927,40.77068600984203,-3.0999340654488616,10.419368545052581,0.036214,40.789894,-2.977607,10.591877,0.051217942981396765,0.21147831560156652,-0.12232706544886174,-0.17250845494741895,80.4453449098349
val,1,9342,935.1351351351352,630,5.0,3,2,0.24311563323195717,0.009532941818562006,40.779058294354385,-3.0465364806803588,10.494647416203378,0.036214,40.789894,-2.977607,10.591877,0.02879741971982238,0.11918416535818983,-0.06892948068035887,-0.09722958379662217,88.46051853122928
val,1,9342,935.1351351351352,630,10.0,3,2,0.24309583033942797,0.02119847216098965,40.783783108147745,-3.0164356008679567,10.537098105652257,0.036214,40.789894,-2.977607,10.591877,0.016211387217447373,0.067144527039248,-0.03882860086795681,-0.05477889434774319,93.32577575759774
val,1,9343,935.2352352352352,630,-10.0,3,2,0.22819263996294928,-0.3326181112140336,42.15592424080882,-2.6500690918838026,10.966250784426416,-0.253153,41.858215,-2.975217,10.691621,0.3081322702399464,0.42560860029660924,0.3251479081161972,0.2746297844264163,59.12945841546452
val,1,9343,935.2352352352352,630,-5.0,3,2,0.2294955301478166,-0.29665358739976627,42.02743851984723,-2.795153000503798,10.841624982776036,-0.253153,41.858215,-2.975217,10.691621,0.17472521504811545,0.23435920882961186,0.1800639994962019,0.15000398277603644,74.65268538364327
val,1,9343,935.2352352352352,630,0.0,3,2,0.230246716626303,-0.2772275757964674,41.95397228267154,-2.874851038028194,10.77455856305987,-0.253153,41.858215,-2.975217,10.691621,0.0987372390965914,0.13019971462655322,0.1003659619718058,0.0829375630598701,84.92476568654264
val,1,9343,935.2352352352352,630,5.0,3,2,0.2306749334948366,-0.26654998234736954,41.91229740206652,-2.919048368255406,10.737826217679777,-0.253153,41.858215,-2.975217,10.691621,0.0557170113098364,0.07273126791755646,0.056168631744593966,0.04620521767977692,91.24518239181353
val,1,9343,935.2352352352352,630,10.0,3,2,0.2309172924952152,-0.26060963455284675,41.88878356833019,-2.9436925288352285,10.71749768538878,-0.253153,41.858215,-2.975217,10.691621,0.03146488151276168,0.040784741373808296,0.031524471164771306,0.02587668538878063,94.97927340564863
val,1,9626,963.5635635635635,634,-10.0,2,2,0.06827294797760894,-6.8779107778997455,-62.671434568373385,13.641890346759267,17.059883199471866,-6.132485,-62.693468,13.059385,17.28807,0.745751340908406,0.6256050630696652,0.582505346759266,-0.22818680052813534,37.779261897816035
val,1,9626,963.5635635635635,635,-10.0,2,2,0.046169904054825156,-21.871486473938617,-83.63859723491129,11.662924024283305,16.052969985831197,-22.514177,-83.273434,12.705277,15.589463,0.7391855656193086,1.1407622240851827,-1.042352975716696,0.46350698583119687,25.683698206768995
val,1,9626,963.5635635635635,634,-5.0,2,2,0.06832955024167386,-6.552456316642765,-62.678068698036796,13.387187165397355,17.16050136647276,-6.132485,-62.693468,13.059385,17.28807,0.4202535488292888,0.3517499337586317,0.32780216539735463,-0.12756863352723968,57.80853170077261
val,1,9626,963.5635635635635,635,-5.0,2,2,0.04621392334287202,-22.153057379429786,-83.47914098690512,12.119990139352407,15.851299005536182,-22.514177,-83.273434,12.705277,15.589463,0.41559925989149915,0.641185466960894,-0.585286860647594,0.2618360055361819,46.57551333384315
val,1,9626,963.5635635635635,634,0.0,2,2,0.0683580600317422,-6.36898813532085,-62.683843317066895,13.24381878012779,17.21655928781204,-6.132485,-62.693468,13.059385,17.28807,0.23669889636023939,0.19781203504806003,0.18443378012778844,-0.0715107121879619,73.45673363638922
val,1,9626,963.5635635635635,635,0.0,2,2,0.04623848289540956,-22.311162271591435,-83.38924064478923,12.376403448629594,15.73708868269608,-22.514177,-83.273434,12.705277,15.589463,0.23372239714700546,0.3604873853305647,-0.32887355137040686,0.1476256826960789,65.07533288158123
val,1,9626,963.5635635635635,634,5.0,2,2,0.0683730338744104,-6.265631512001589,-62.68774561718996,13.163152686469134,17.247918832812534,-6.132485,-62.693468,13.059385,17.28807,0.13326942381211776,0.11126476972371953,0.10376768646913348,-0.04015116718746725,84.0624299187676
val,1,9626,963.5635635635635,635,5.0,2,2,0.04625223033604424,-22.399970536350185,-83.33862459269528,12.520381258054302,15.672619385769229,-22.514177,-83.273434,12.705277,15.589463,0.13150258444365032,0.20273485118215664,-0.1848957419456987,0.08315638576922879,78.53316012449497
val,1,9626,963.5635635635635,634,10.0,2,2,0.0683811167486956,-6.2074679084632365,-62.69014601409574,13.117791081551248,17.265496004859866,-6.132485,-62.693468,13.059385,17.28807,0.07505645976166368,0.06261673593184007,0.05840608155124727,-0.02257399514013514,90.68790026122934
val,1,9626,963.5635635635635,635,10.0,2,2,0.046259937744977296,-22.4498322636456,-83.31016248442732,12.601247804526915,15.636303480703559,-22.514177,-83.273434,12.705277,15.589463,0.07408931545672252,0.11408814199257446,-0.10402919547308542,0.046840480703558285,87.28126943982537
val,1,9790,979.97997997998,641,-10.0,2,2,0.8348816506374023,50.68381279488352,28.839313921177038,8.836236412948605,17.81469809856589,50.541754,28.787266,8.83955,17.609715,0.15129338155587174,0.20500987916883556,-0.0033135870513945065,0.20498309856589003,77.50780401977272
val,1,9790,979.97997997998,642,-10.0,2,2,0.7518646783415711,43.69213347164647,16.66041017861555,9.34854267967969,17.679906970394878,43.564506,16.184821,9.040396,16.930856,0.4924163262271918,0.8099578584390232,0.308146679679691,0.7490509703948796,38.75558399545761
val,1,9790,979.97997997998,643,-10.0,2,2,0.056595495851539196,-20.253608261519155,-70.4346568003548,-15.859649572028125,-18.152881939408612,-20.928564,-70.14326,-14.36163,-18.685049,0.7351716426558104,1.5897372168247825,-1.4980195720281255,0.5321670605913873,17.351399739889608
val,1,9790,979.97997997998,644,-10.0,2,2,0.15996033027530757,15.792008388511166,-24.83188690283371,3.161294303970423,3.424669729015138,16.159085,-24.743198,2.182215,3.276593,0.3776386635237084,0.9902136138929978,0.9790793039704231,0.14807672901513813,34.653198783198306
val,1,9790,979.97997997998,645,-10.0,3,2,0.16389896771680984,28.421926434757953,-12.384008924186869,9.753223520869124,16.23920129107112,28.424717,-12.15771,9.935801,16.415579,0.22631612921421326,0.2538575035187789,-0.18257747913087563,-0.17637770892888227,71.17047864326345
val,1,9790,979.97997997998,646,-10.0,3,2,0.19214692233444985,26.112345728288084,-1.9715926444895544,-11.364637026623527,-18.681139515442418,26.347125,-1.793917,-11.11253,-18.08311,0.2944315558331947,0.6489971141794445,-0.252107026623527,-0.5980295154424162,49.033715726716125
val,1,9790,979.97997997998,647,-10.0,2,2,0.10013464379816296,6.756301580322664,-44.40982790078825,11.348047408797823,15.962521876810392,6.845665,-44.107743,11.380393,16.113688,0.3150255673126796,0.1545879493052223,-0.032345591202176394,-0.15116612318960776,70.40463989491556
val,1,9790,979.97997997998,648,-10.0,2,2,0.06777619699334501,-6.8330535575072515,-63.08932985324733,10.107159127478127,14.79492873603894,-6.573166,-63.366889,11.117175,14.286873,0.3802375869021324,1.1305983785890503,-1.0100158725218726,0.5080557360389406,30.33628183817516
val,1,9790,979.97997997998,649,-10.0,2,2,0.051648377739921,-17.6625475844624,-77.24543684724573,10.813995836106258,13.625036305908926,-17.774904,-77.185518,11.28587,13.73989,0.12733511835984077,0.4856506950440648,-0.4718741638937409,-0.11485369409107449,60.52785223924182
val,1,9790,979.97997997998,650,-10.0,2,2,0.41538057395562883,57.935472169630735,55.553601262332336,-10.457709221240847,-19.799950099016193,57.956131,55.884693,-10.118032,-20.057026,0.3317356267029793,0.42599135378143543,-0.33967722124084787,0.25707590098380706,58.27929564716604
val,1,9790,979.97997997998,641,-5.0,2,2,0.8373969316451408,50.620258627122226,28.817154974300657,8.837707985861046,17.724965372547565,50.541754,28.787266,8.83955,17.609715,0.08400194797946954,0.11526509180337469,-0.0018420141389530187,0.11525037254756398,86.70777095633429
val,1,9790,979.97997997998,642,-5.0,2,2,0.7485451837540272,43.63690889835045,16.45214926077925,9.2149787805588,17.351552902740384,43.564506,16.184821,9.040396,16.930856,0.2769595253837727,0.4554832941426012,0.17458278055880072,0.42069690274038507,58.67963284563078
val,1,9790,979.97997997998,643,-5.0,2,2,0.05661441187907755,-20.548339149700542,-70.30650901353283,-15.203067233192735,-18.38374655187768,-20.928564,-70.14326,-14.36163,-18.685049,0.4137888074908379,0.8937559972652198,-0.8414372331927353,0.30130244812231766,37.34779094483714
val,1,9790,979.97997997998,644,-5.0,2,2,0.15999722994973345,15.952541563865417,-24.79215621237954,2.7325820054357854,3.360934499988683,16.159085,-24.743198,2.182215,3.276593,0.21226657195536264,0.5567919982297654,0.5503670054357857,0.08434149998868312,55.10767326855144
val,1,9790,979.97997997998,645,-5.0,3,2,0.16384761479058757,28.423180205354864,-12.284648231561725,9.833534804497553,16.315994707994847,28.424717,-12.15771,9.935801,16.415579,0.12694753392563216,0.1427424462334608,-0.10226619550244642,-0.0995842920051544,82.61107853941982
val,1,9790,979.97997997998,646,-5.0,3,2,0.192575616628998,26.21508886904343,-1.8930606511063266,-11.253327483943941,-18.418922378842908,26.347125,-1.793917,-11.11253,-18.08311,0.16511512175652748,0.3641344329627124,-0.14079748394394187,-0.33581237884290616,67.0439996557586
val,1,9790,979.97997997998,647,-5.0,2,2,0.10042946007115572,6.7949348524874305,-44.27669265185317,11.362353765324729,16.028615194832312,6.845665,-44.107743,11.380393,16.113688,0.17640162337108434,0.08696433847715287,-0.018039234675271132,-0.08507280516768745,82.14590813274248
val,1,9790,979.97997997998,648,-5.0,2,2,0.06765535975717685,-6.720298570269894,-63.208157873066966,10.548411510516031,14.571948742864713,-6.573166,-63.366889,11.117175,14.286873,0.21643374018774536,0.6362075810141281,-0.5687634894839686,0.2850757428647128,51.0678716984437
val,1,9790,979.97997997998,649,-5.0,2,2,0.05165834800301192,-17.711964588740443,-77.21848335064458,11.020619420836223,13.675365744465726,-17.774904,-77.185518,11.28587,13.73989,0.07104986863337086,0.2729858042077853,-0.2652505791637765,-0.0645242555342751,75.42130686768927
val,1,9790,979.97997997998,650,-5.0,2,2,0.4140468775987971,57.9446677501629,55.69840855629198,-10.309348923761828,-19.912505942555534,57.956131,55.884693,-10.118032,-20.057026,0.18663681326156867,0.23976699589693592,-0.1913169237618284,0.14452005744446694,73.79755736262115
val,1,9790,979.97997997998,641,0.0,2,2,0.8387861667459172,50.58546789724722,28.804263566267473,8.838522967793123,17.67452222008377,50.541754,28.787266,8.83955,17.609715,0.04690226083631683,0.06481535751764332,-0.001027032206875944,0.06480722008376816,92.31114272667696
val,1,9790,979.97997997998,642,0.0,2,2,0.7466747539394245,43.60542103135123,16.335134491751038,9.138985234067853,17.167279334576975,43.564506,16.184821,9.040396,16.930856,0.15578249450070233,0.25615587091960795,0.09858923406785358,0.23642333457697617,74.09614860487201
val,1,9790,979.97997997998,643,0.0,2,2,0.05662388682033183,-20.7144913438124,-70.23488264328735,-14.834521601259484,-18.514961431434017,-20.928564,-70.14326,-14.36163,-18.685049,0.23285577272246372,0.5025497463161694,-0.4728916012594837,0.1700875685659824,57.471817429992825
val,1,9790,979.97997997998,644,0.0,2,2,0.16001377286899987,16.0428732088499,-24.770438931169746,2.491662923189989,3.3243633246073196,16.159085,-24.743198,2.182215,3.276593,0.11936183951878974,0.3131134316500751,0.30944792318998937,0.04777032460731956,71.52716151252795
val,1,9790,979.97997997998,645,0.0,3,2,0.16382371228860468,28.423860782433504,-12.228999013222474,9.878420043301363,16.35945232672994,28.424717,-12.15771,9.935801,16.415579,0.07129415484284278,0.08026691500247797,-0.057380956698636965,-0.056126673270060934,89.82045018160505
val,1,9790,979.97997997998,646,0.0,3,2,0.19282267080918022,26.272850790184837,-1.8494289818807794,-11.191400113074348,-18.27181414246512,26.347125,-1.793917,-11.11253,-18.08311,0.09272668642844216,0.20452322146850915,-0.07887011307434832,-0.18870414246512013,79.88662328546698
val,1,9790,979.97997997998,647,0.0,2,2,0.10059434462729884,6.816992129254119,-44.20246770581803,11.37029489348701,16.065825243907884,6.845665,-44.107743,11.380393,16.113688,0.0989692043472236,0.04891641008783267,-0.010098106512989702,-0.04786275609211543,89.54776635190312
val,1,9790,979.97997997998,648,0.0,2,2,0.0675853525589675,-6.656231076804275,-63.27678261175979,10.797064790256934,14.446991196900873,-6.573166,-63.366889,11.117175,14.286873,0.12255189996974887,0.35792231470046126,-0.32011020974306525,0.16011819690087314,68.50100586689925
val,1,9790,979.97997997998,649,0.0,2,2,0.05166358774816613,-17.73960060287946,-77.20382231980916,11.136735484292936,13.703621221944829,-17.774904,-77.185518,11.28587,13.73989,0.03976654337413031,0.1534813605516824,-0.14913451570706293,-0.036268778055172035,85.3380822508509
val,1,9790,979.97997997998,650,0.0,2,2,0.4132985275477557,57.949736575752965,55.779890787065305,-10.225722070907493,-19.97576466620505,57.956131,55.884693,-10.118032,-20.057026,0.10499710709090918,0.13490943533421046,-0.10769007090749305,0.08126133379495215,84.28611376372437
val,1,9790,979.97997997998,641,5.0,2,2,0.8395594345336946,50.56620345841567,28.79686961762913,8.838979299069578,17.646162725231257,50.541754,28.787266,8.83955,17.609715,0.026267955542568406,0.036452192994181766,-0.0005707009304209976,0.03644772523125539,95.6063734116067
val,1,9790,979.97997997998,642,5.0,2,2,0.7456216995607551,43.587575520948356,16.269377587745137,9.095974814633387,17.063784603661635,43.564506,16.184821,9.040396,16.930856,0.08764712960438363,0.14407990251067182,0.0555788146333871,0.13292860366163595,84.48090037039616
val,1,9790,979.97997997998,643,5.0,2,2,0.056628845777848345,-20.808046663830147,-70.19474613762158,-14.627510374637799,-18.58918141701354,-20.928564,-70.14326,-14.36163,-18.685049,0.13105438063897737,0.2826357498357248,-0.2658803746377991,0.09586758298646103,73.23170876069102
val,1,9790,979.97997997998,644,5.0,2,2,0.16002176287622347,16.09367000799858,-24.758423351893068,2.3562489834375473,3.3035684514675343,16.159085,-24.743198,2.182215,3.276593,0.06716347607750708,0.1761121868952227,0.1740339834375475,0.026975451467534217,82.82132787959934
val,1,9790,979.97997997998,645,5.0,3,2,0.16381182723351978,28.4242368584425,-12.197781310179137,9.903569955651152,16.38397201763241,28.424717,-12.15771,9.935801,16.415579,0.04007418664661617,0.04514245844216547,-0.032231044348847604,-0.03160698236759174,94.14220315621527
val,1,9790,979.97997997998,646,5.0,3,2,0.19296346367282408,26.30530763964801,-1.8250605539244922,-11.156799520912433,-18.18920778447043,26.347125,-1.793917,-11.11253,-18.08311,0.05214031624238379,0.114963169542901,-0.04426952091243308,-0.10609778447042828,88.14081535001021
val,1,9790,979.97997997998,647,5.0,2,2,0.100686761562185,6.829514485911944,-44.16093761402139,11.37472496750118,16.086763066825036,6.845665,-44.107743,11.380393,16.113688,0.05559232020876184,0.02751506167327197,-0.005668032498819642,-0.02692493317496414,93.98557226751731
val,1,9790,979.97997997998,648,5.0,2,2,0.06754534309158446,-6.6200286172492,-63.315932306957265,10.937049115216384,14.376865839146234,-6.573166,-63.366889,11.117175,14.286873,0.06922925293036603,0.20135552007998261,-0.18012588478361558,0.0899928391462339,80.82173598489763
val,1,9790,979.97997997998,649,5.0,2,2,0.05166641705771073,-17.75510832041549,-77.19573184339058,11.2020022328125,13.719492958465706,-17.774904,-77.185518,11.28587,13.73989,0.02227535694483192,0.08631246535911423,-0.083867767187499,-0.020397041534295113,91.47170239012952
val,1,9790,979.97997997998,650,5.0,2,2,0.41287829843602575,57.95255706313564,55.82571557714257,-10.178639683076844,-20.011321398997094,57.956131,55.884693,-10.118032,-20.057026,0.05908561103699165,0.07590916809436178,-0.060607683076844054,0.04570460100290674,90.82876703002819
val,1,9790,979.97997997998,641,10.0,2,2,0.8399917762620565,50.55546748551986,28.792654128423678,8.839238459678752,17.63022069084728,50.541754,28.787266,8.83955,17.609715,0.014734029082827609,0.020508057306726505,-0.00031154032124725006,0.020505690847279823,97.50640003359003
val,1,9790,979.97997997998,642,10.0,2,2,0.7450291424251908,43.5774947397131,16.23244022879124,9.071706722061805,17.005646657847183,43.564506,16.184821,9.040396,16.930856,0.0493588726573781,0.08108023074243377,0.03131072206180541,0.07479065784718486,90.9443312422589
val,1,9790,979.97997997998,643,10.0,2,2,0.05663151777807702,-20.860657278865443,-70.17223420875365,-14.511209430009815,-18.63104396899833,-20.928564,-70.14326,-14.36163,-18.685049,0.07382971995170365,0.15903002627036344,-0.14957943000981544,0.05400503100166887,83.91782079647447
val,1,9790,979.97997997998,644,10.0,2,2,0.1600258776940879,16.122201281428854,-24.7517275243863,2.280145989660585,3.291805305348451,16.159085,-24.743198,2.182215,3.276593,0.0378571193026104,0.09910546387518794,0.09793098966058533,0.015212305348450972,89.93438461211134
val,1,9790,979.97997997998,645,10.0,3,2,0.16380562671902302,28.42444578730774,-12.180259659770954,9.917680712507247,16.39778177712341,28.424717,-12.15771,9.935801,16.415579,0.022551290697213455,0.02539854249635388,-0.01812028749275285,-0.01779722287659169,96.66049731229711
val,1,9790,979.97997997998,646,10.0,3,2,0.1930432249226752,26.323518508367542,-1.811411910972889,-11.137426057816942,-18.1428110374841,26.347125,-1.793917,-11.11253,-18.08311,0.02938261998431306,0.06468405963993316,-0.024896057816942374,-0.05970103748409983,93.14201483510595
val,1,9790,979.97997997998,647,10.0,2,2,0.10073860550622782,6.836610145767395,-44.137662212235554,11.377201558455495,16.098539589319284,6.845665,-44.107743,11.380393,16.113688,0.0312593929238863,0.015480944586284942,-0.0031914415445051247,-0.01514841068071604,96.57185979984256
val,1,9790,979.97997997998,648,10.0,2,2,0.06752265254613983,-6.5996572351321605,-63.33810883039132,11.015796497829946,14.337486666634943,-6.573166,-63.366889,11.117175,14.286873,0.039116284352323616,0.11331082892855691,-0.10137850217005351,0.050613666634943044,88.70334841115405
val,1,9790,979.97997997998,649,10.0,2,2,0.05166796943861626,-17.763841352586223,-77.19122639744738,11.23868555056968,13.728407681037421,-17.774904,-77.185518,11.28587,13.73989,0.012448613144393907,0.04856146534857342,-0.04718444943031841,-0.011482318962579896,95.11041886456789
val,1,9790,979.97997997998,650,10.0,2,2,0.41264231998556544,57.95413788772056,55.85146440644222,-10.15215814128177,-20.031302988669147,57.956131,55.884693,-10.118032,-20.057026,0.033288315162930404,0.042734843286370124,-0.03412614128177083,0.02572301133085375,94.72711454178877
val,1,9791,980.0800800800802,641,-10.0,2,2,0.796920765805751,51.44677120953162,30.021092614984823,8.44207155759058,17.433105415492882,51.422931,30.555153,8.799964,17.670964,0.5345922281824447,0.4297251523445069,-0.357892442409419,-0.23785858450711928,50.363904817936515
val,1,9791,980.0800800800802,642,-10.0,2,2,0.7757597327232616,44.05671415347828,18.24414148825509,9.635381950080204,17.183296030646126,44.47135,17.886191,9.016369,17.021187,0.5477695110745384,0.63988777936762,0.6190129500802044,0.1621090306461248,43.070888232539964
val,1,9791,980.0800800800802,643,-10.0,2,2,0.05479612542144865,-21.512910923650523,-72.07858613035499,-15.44098790478018,-18.49873226975227,-22.36879,-72.006282,-14.417194,-18.654624,0.8589277505117802,1.0355946074718025,-1.0237939047801792,0.15589173024772762,26.04246815757336
val,1,9791,980.0800800800802,644,-10.0,2,2,0.16234197268761746,15.80225257828901,-24.314830276311607,1.120936150646257,3.4662516546782967,16.370714,-24.427133,2.042864,3.050744,0.5794482631965606,1.0112356651692405,-0.9219278493537428,0.41550765467829676,31.177107181021434
val,1,9791,980.0800800800802,645,-10.0,3,2,0.17871005345992977,29.37332394612781,-10.447732901836696,9.067225179344065,16.812221481845096,29.416719,-10.514648,9.883074,16.435565,0.07975437958366084,0.898598577498098,-0.8158488206559351,0.3766564818450959,40.57042220032436
val,1,9791,980.0800800800802,646,-10.0,3,2,0.1862412468179745,24.800882471743563,-3.382607105058852,-9.294735032681468,-18.278037299050496,25.231113,-3.600871,-11.151305,-18.048364,0.48242868413755613,1.8707222850668879,1.8565699673185332,-0.22967329905049638,14.486886583881628
val,1,9791,980.0800800800802,647,-10.0,2,2,0.10313553634080883,8.848755701711102,-42.992385526999016,11.194378976395015,16.17077138560601,7.984253,-42.488185,11.334075,16.166363,1.0007912333208555,0.1397655639801732,-0.13969602360498534,0.004408385606009091,36.40356086818577
val,1,9791,980.0800800800802,648,-10.0,2,2,0.06912901289703943,-4.2608309577327645,-62.35461693015853,12.090458599324483,14.002322360844332,-5.453916,-61.930375,11.128729,14.415106,1.2662674020073514,1.046572575109547,0.9617295993244834,-0.41278363915566807,19.344028084387922
val,1,9791,980.0800800800802,649,-10.0,2,2,0.05277693554827501,-16.554563697654732,-76.13302235877894,12.75024911785833,12.808566741476167,-16.650849,-75.814372,11.236533,13.761686,0.3328797239209176,1.7887908783402027,1.5137161178583298,-0.9531192585238326,16.210671871404156
val,1,9791,980.0800800800802,650,-10.0,2,2,0.4459370126989485,56.81854661304052,53.428427909180265,-10.318315721353017,-19.954212323531543,56.943407,53.873798,-10.161584,-20.073634,0.46254149438558695,0.19704407955789038,-0.15673172135301705,0.11942167646845547,60.48569064930553
val,1,9791,980.0800800800802,641,-5.0,2,2,0.7949905337249936,51.43645497264912,30.25497881255603,8.599197237231515,17.53668140688183,51.422931,30.555153,8.799964,17.670964,0.30047868583954984,0.24153489985316315,-0.2007667627684846,-0.13428259311817214,68.0096119335005
val,1,9791,980.0800800800802,642,-5.0,2,2,0.783297217806273,44.238671725574854,18.088146067167084,9.363493779640658,17.110776965234734,44.47135,17.886191,9.016369,17.021187,0.3080990563827253,0.35849961577571676,0.3471247796406587,0.08958996523473317,62.33159088016718
val,1,9791,980.0800800800802,643,-5.0,2,2,0.05470790906841471,-21.887359787921895,-72.04425696409207,-14.993147358287038,-18.565060619487774,-22.36879,-72.006282,-14.417194,-18.654624,0.48292561228346964,0.5828755184864897,-0.5759533582870375,0.08956338051222446,46.90987938474685
val,1,9791,980.0800800800802,644,-5.0,2,2,0.1618814244882354,16.05072433363336,-24.364332372470525,1.5230243017928307,3.2827475203842185,16.370714,-24.427133,2.042864,3.050744,0.32609401313045955,0.5692617546461304,-0.5198396982071691,0.23200352038421856,51.88990511529492
val,1,9791,980.0800800800802,645,-5.0,3,2,0.17906789646518886,29.392430788700935,-10.476926240986023,9.428359997343286,16.647442090672257,29.416719,-10.514648,9.883074,16.435565,0.04486477806940067,0.5016539900806437,-0.4547140026567149,0.21187709067225668,60.43171076026497
val,1,9791,980.0800800800802,646,-5.0,3,2,0.1849749930159479,24.991225476820805,-3.47837952701997,-10.114154407455317,-18.17955972761888,25.231113,-3.600871,-11.151305,-18.048364,0.26935141493941783,1.0454155492249178,1.037150592544684,-0.13119572761888065,33.9745914969758
val,1,9791,980.0800800800802,647,-5.0,2,2,0.10371321513920598,8.468805471068283,-42.771162675890174,11.255398423284777,16.16893673285626,7.984253,-42.488185,11.334075,16.166363,0.5611305215995499,0.07871866249144314,-0.07867657671522288,0.00257373285625917,56.74372116477894
val,1,9791,980.0800800800802,648,-5.0,2,2,0.06927631940274277,-4.78355196024675,-62.17029784595491,11.667651893084722,14.180407755521228,-5.453916,-61.930375,11.128729,14.415106,0.7120048579928396,0.5878104717102477,0.5389228930847221,-0.2346982444787713,39.72084235423986
val,1,9791,980.0800800800802,649,-5.0,2,2,0.05288115057789394,-16.597360211342746,-75.99243528464271,12.086785279682145,13.225331956336142,-16.650849,-75.814372,11.236533,13.761686,0.1859235968073151,1.0052883164840105,0.8502522796821452,-0.5363540436638576,35.97533471867479
val,1,9791,980.0800800800802,650,-5.0,2,2,0.44353938277950217,56.87333770606018,53.62306525294994,-10.249885243201886,-20.006473222597595,56.943407,53.873798,-10.161584,-20.073634,0.2603394253594603,0.11093998184736592,-0.08830124320188659,0.06716077740240323,75.35260504875977
val,1,9791,980.0800800800802,641,0.0,2,2,0.7938952811445051,51.430573214995334,30.386374566039304,8.687217766286544,17.595280065673904,51.422931,30.555153,8.799964,17.670964,0.1689513634755875,0.13579311886706946,-0.11274623371345527,-0.0756839343260971,80.51242217364359
val,1,9791,980.0800800800802,642,0.0,2,2,0.7875623384908267,44.34063952641638,17.999986150754424,9.211276174974492,17.071074781080526,44.47135,17.886191,9.016369,17.021187,0.17330483039914382,0.2011904509604662,0.1949071749744924,0.04988778108052472,76.67908029500339
val,1,9791,980.0800800800802,643,0.0,2,2,0.05465604468428837,-22.097988516020436,-72.02678723648873,-14.741169326426359,-18.603656643522168,-22.36879,-72.006282,-14.417194,-18.654624,0.27157670822254454,0.32795988102114554,-0.32397532642635873,0.05096735647783035,65.32424128275865
val,1,9791,980.0800800800802,644,0.0,2,2,0.1616209217829669,16.190642011287014,-24.39192495393624,1.7500772309631754,3.180691207689701,16.370714,-24.427133,2.042864,3.050744,0.18348168199217438,0.3203285327743582,-0.29278676903682443,0.12994720768970103,69.13177960172354
val,1,9791,980.0800800800802,645,0.0,3,2,0.17927017821602934,29.40309223894165,-10.49340508575825,9.628640458919675,16.554739302852894,29.416719,-10.514648,9.883074,16.435565,0.025237868816992602,0.28096074687960815,-0.254433541080326,0.11917430285289399,75.42043014365697
val,1,9791,980.0800800800802,646,0.0,3,2,0.18430635598819858,25.096818668348455,-3.532066061972694,-10.570333067701945,-18.122798590406166,25.231113,-3.600871,-11.151305,-18.048364,0.15089429084851702,0.5857208331339002,0.5809719322980555,-0.07443459040616673,54.61588456729526
val,1,9791,980.0800800800802,647,0.0,2,2,0.10403564607680545,8.256309414549117,-42.647159470949596,11.289783506395079,16.167847031058226,7.984253,-42.488185,11.334075,16.166363,0.31509930991835644,0.04431634860789636,-0.04429149360492168,0.0014840310582258098,72.74569693582139
val,1,9791,980.0800800800802,648,0.0,2,2,0.06935773408355647,-5.077044125349831,-62.06574230721693,11.431196705449024,14.28231208750106,-5.453916,-61.930375,11.128729,14.415106,0.4004456489531335,0.33033458195649673,0.3024677054490237,-0.1327939124989399,59.50484958820444
val,1,9791,980.0800800800802,649,0.0,2,2,0.05293932653504709,-16.620982186521626,-75.91415526219613,11.714384078800212,13.459938258127378,-16.650849,-75.814372,11.236533,13.761686,0.10415721752165308,0.56514896552657,0.47785107880021194,-0.3017477418726209,56.289232073940966
val,1,9791,980.0800800800802,650,0.0,2,2,0.44219649112351295,56.90405173242546,53.73268789150038,-10.211298703404395,-20.035861099412127,56.943407,53.873798,-10.161584,-20.073634,0.14649539175905052,0.06243671799036413,-0.04971470340439588,0.037772900587871305,85.27866680457198
val,1,9791,980.0800800800802,641,5.0,2,2,0.7932765059485429,51.427240452562856,30.460203626970408,8.736605921795494,17.628338704236004,51.422931,30.555153,8.799964,17.670964,0.09504711894689007,0.07636204497482008,-0.06335807820450512,-0.04262529576399743,88.52168949169034
val,1,9791,980.0800800800802,642,5.0,2,2,0.7899686302118826,44.39785321493294,17.950285624026513,9.125899237493202,17.049091787467283,44.47135,17.886191,9.016369,17.021187,0.09751870715044522,0.11302897897845349,0.10953023749320323,0.027904787467281977,86.13252265471121
val,1,9791,980.0800800800802,643,5.0,2,2,0.054626177613703544,-22.216374922888075,-72.0175650180115,-14.599429636208564,-18.625776743365563,-22.36879,-72.006282,-14.417194,-18.654624,0.15283213741383678,0.1845047189631552,-0.18223563620856353,0.028847256634435325,78.69565450955652
val,1,9791,980.0800800800802,644,5.0,2,2,0.16147398702280105,16.269363847185293,-24.407360598957162,1.8780432855712454,3.123667243374196,16.370714,-24.427133,2.042864,3.050744,0.10326084116722702,0.1802322594016322,-0.16482071442875434,0.0729232433741962,81.24366958850652
val,1,9791,980.0800800800802,645,5.0,3,2,0.17938419625359694,29.409057722964846,-10.502690342903183,9.740373598862766,16.502602907674646,29.416719,-10.514648,9.883074,16.435565,0.01420143404922325,0.15766256863987124,-0.14270040113723503,0.06703790767464568,85.35929205720446
val,1,9791,980.0800800800802,646,5.0,3,2,0.18394403435389886,25.155705990938525,-3.5622024286349285,-10.825286326451959,-18.0904496198496,25.231113,-3.600871,-11.151305,-18.048364,0.08474358634736355,0.32872385812433774,0.3260186735480417,-0.04208561984960113,71.21466441794907
val,1,9791,980.0800800800802,647,5.0,2,2,0.10421614805901755,8.137250280369603,-42.57756802946749,11.309131396427395,16.1672221769191,7.984253,-42.488185,11.334075,16.166363,0.17719337955262712,0.024958396265898526,-0.02494360357260561,0.0008591769190999798,83.61539838888152
val,1,9791,980.0800800800802,648,5.0,2,2,0.06940305595393115,-5.2418847735150065,-62.00667605387266,11.298651881102607,14.34016902843164,-5.453916,-61.930375,11.128729,14.415106,0.22534216610925184,0.18571304539543781,0.16992288110260745,-0.07493697156835921,74.67628751320457
val,1,9791,980.0800800800802,649,5.0,2,2,0.052971898975665496,-16.6341450191308,-75.87038345724598,11.505211681441912,13.591925459338812,-16.650849,-75.814372,11.236533,13.761686,0.05844917723711841,0.3178157878818217,0.2686786814419122,-0.16976054066118706,72.38683365917832
val,1,9791,980.0800800800802,650,5.0,2,2,0.4414431699842772,56.92129428962004,53.79436953281248,-10.189572010953109,-20.052383657470717,56.943407,53.873798,-10.161584,-20.073634,0.0824490955687608,0.03514122671056256,-0.02798801095310921,0.021250342529281596,91.42733690673658
val,1,9791,980.0800800800802,641,10.0,2,2,0.7929279834475288,51.42535851615816,30.501666896794006,8.764340459729635,17.646953782015608,51.422931,30.555153,8.799964,17.670964,0.05354116239735953,0.042959599498277386,-0.03562354027036463,-0.024010217984393734,93.36577486416776
val,1,9791,980.0800800800802,642,10.0,2,2,0.7913231401697395,44.42995965141505,17.922321553242888,9.077972907643888,17.036843180001384,44.47135,17.886191,9.016369,17.021187,0.0549415856489527,0.06356223256960435,0.06160390764388879,0.01565618000138258,91.94162882163704
val,1,9791,980.0800800800802,643,10.0,2,2,0.05460917478910169,-22.282837323003772,-72.0125885833385,-14.51972485979986,-18.638351520268557,-22.36879,-72.006282,-14.417194,-18.654624,0.0861837320857217,0.10381411661189732,-0.10253085979985954,0.01627247973144108,87.37806305534646
val,1,9791,980.0800800800802,644,10.0,2,2,0.16139128179338222,16.313608665384596,-24.416009337547376,1.9500710088523596,3.091726408743384,16.370714,-24.427133,2.042864,3.050744,0.05817864821304452,0.10144011549942081,-0.09279299114764017,0.0409824087433841,88.96389938499287
val,1,9791,980.0800800800802,645,10.0,3,2,0.17944828161071044,29.41239649045698,-10.50791584718387,9.802906088702345,16.473292972250654,29.416719,-10.514648,9.883074,16.435565,0.008000373134373722,0.08860188424618767,-0.08016791129765544,0.03772797225065361,91.48800174144584
val,1,9791,980.0800800800802,646,10.0,3,2,0.18374476106699872,25.188604151349775,-3.5791315671539463,-10.968105248421685,-18.07213801357859,25.231113,-3.600871,-11.151305,-18.048364,0.04774521079685224,0.18473589986787037,0.18319975157831614,-0.02377401357859199,82.62928123208394
val,1,9791,980.0800800800802,647,10.0,2,2,0.10431731726699163,8.070548271997756,-42.53850464878234,11.319998334050004,16.166877161056746,7.984253,-42.488185,11.334075,16.166363,0.0998946496202124,0.014086052884327451,-0.01407666594999668,0.0005141610567456212,90.40388968278718
val,1,9791,980.0800800800802,648,10.0,2,2,0.06942837929524406,-5.334415443472558,-61.97340338711548,11.224266382385487,14.372874592273224,-5.453916,-61.930375,11.128729,14.415106,0.1270111219859442,0.10445517331207663,0.09553738238548704,-0.04223140772677603,84.83629961877793
val,1,9791,980.0800800800802,649,10.0,2,2,0.0529901603767835,-16.641530645395083,-75.8458539685962,11.387703938454582,13.666138971561322,-16.650849,-75.814372,11.236533,13.761686,0.03283208916951373,0.17883480443331046,0.15117093845458207,-0.09554702843867702,83.37483735188303
val,1,9791,980.0800800800802,650,10.0,2,2,0.44102038755966627,56.93098377267129,53.82903579599289,-10.177355096966096,-20.061668212009355,56.943407,53.873798,-10.161584,-20.073634,0.04645418694623015,0.019796655822412104,-0.015771096966096465,0.011965787990643406,95.0757232270153
val,1,9802,981.1811811811813,641,-10.0,2,2,0.4279006276321625,61.099994960437265,49.829008595029826,8.200745615044024,18.554198585177385,60.906954,50.36221,8.528145,18.18777,0.5670701461624535,0.4913860654359782,-0.3273993849559762,0.36642858517738475,47.22000912138126
val,1,9802,981.1811811811813,642,-10.0,2,2,0.6485041175410323,54.2914921445063,37.0663407247626,8.855054979756837,17.66099149174174,54.186004,37.088393,8.650763,17.687212,0.10776850873297374,0.20596778400101634,0.204291979756837,-0.026220508258258945,79.25829386722133
val,1,9802,981.1811811811813,644,-10.0,2,2,0.16936373276842462,17.647262343906675,-22.460811906864727,1.044167271989851,1.8514883590147184,17.913668,-22.195025,1.026611,1.479988,0.3763172245051162,0.37191496263829754,0.01755627198985099,0.37150035901471834,58.91413089876657
val,1,9802,981.1811811811813,645,-10.0,3,2,0.3396165905412453,39.46701212824371,7.702349262421262,10.58522779171689,16.249621400019663,39.971335,7.736222,9.233807,16.739341,0.5054591193435858,1.4374155428718611,1.3514207917168903,-0.48971959998033654,21.790481504987355
val,1,9802,981.1811811811813,646,-10.0,2,2,0.1714313127896042,12.651157026583117,-22.92786369736,-10.667465408701055,-18.22389126456577,12.706435,-23.242441,-11.643172,-17.686575,0.31939714100369754,1.1138725782023342,0.9757065912989447,-0.5373162645657672,31.38748852851338
val,1,9802,981.1811811811813,647,-10.0,2,2,0.1571649228337433,19.686697391479317,-24.493811793053183,9.625541969706084,16.85563444435293,20.148479,-24.417959,10.74416,16.620478,0.4679699778638761,1.1430681742658022,-1.1186180302939164,0.23515644435293126,29.079052493030684
val,1,9802,981.1811811811813,648,-10.0,2,2,0.09771841286494819,6.840826140036435,-45.51086526115096,11.050893542503244,16.580572713500704,6.815148,-45.301043,11.114675,15.757952,0.21138767265437441,0.8250896391306938,-0.06378145749675568,0.8226207135007044,42.66727199116718
val,1,9802,981.1811811811813,649,-10.0,2,2,0.0715117010278003,-4.11500271118854,-60.513410683487244,7.761590523840183,14.831297633261114,-4.550124,-60.476646,10.737321,14.181959,0.4366717049785383,3.045753195416815,-2.975730476159817,0.6493386332611131,4.6102093034281495
val,1,9802,981.1811811811813,650,-10.0,2,2,0.9716123216395915,46.16072658176332,31.948457697288767,-10.434346893875801,-19.976403256556278,45.479637,31.776456,-10.713244,-19.889678,0.7024724921708722,0.29206996752354464,0.27889710612419805,-0.08672525655627794,46.73060093651705
val,1,9802,981.1811811811813,651,-10.0,2,2,0.04734896885842804,-20.255414738079338,-82.37851357353226,8.88054335765138,14.911519756929758,-21.891089,-81.718295,11.639991,13.871219,1.7638930965187998,2.9490298329674434,-2.7594476423486203,1.0403007569297582,3.2183834187578344
val,1,9802,981.1811811811813,641,-5.0,2,2,0.42713515921507306,61.014995270475644,50.06243984664272,8.343426709737285,18.393439450218377,60.906954,50.36221,8.528145,18.18777,0.3186456667990927,0.27644306739491603,-0.18471829026271536,0.20566945021837668,65.58336444034182
val,1,9802,981.1811811811813,642,-5.0,2,2,0.6494956671636075,54.24446775749882,37.07604042944167,8.76571122489412,17.67255719504152,54.186004,37.088393,8.650763,17.687212,0.059754472136230544,0.11587863355545969,0.11494822489412115,-0.014654804958478707,87.77634666244947
val,1,9802,981.1811811811813,644,-5.0,2,2,0.1698162223676775,17.763044666907557,-22.342382021337773,1.036177867044649,1.6889522959189172,17.913668,-22.195025,1.026611,1.479988,0.21071658740929214,0.2091831778942531,0.009566867044649152,0.20896429591891708,74.31064668860972
val,1,9802,981.1811811811813,645,-5.0,3,2,0.3428234231540352,39.68824088748425,7.717885513723499,9.992173117585516,16.46394634783261,39.971335,7.736222,9.233807,16.739341,0.2836873336440161,0.8068217787988402,0.7583661175855152,-0.2753946521673889,42.51800345773317
val,1,9802,981.1811811811813,646,-5.0,2,2,0.17072585765887854,12.675196775960906,-23.065424666617158,-11.093411021617541,-17.988450933633352,12.706435,-23.242441,-11.643172,-17.686575,0.17975151995302274,0.6271891362731384,0.5497609783824586,-0.30187593363335097,52.07739896127814
val,1,9802,981.1811811811813,647,-5.0,2,2,0.15704384423847378,19.88874926016504,-24.46040135306206,10.114466048103738,16.751081719419002,20.148479,-24.417959,10.74416,16.620478,0.2631746399032027,0.6430954863632699,-0.6296939518962628,0.13060371941900328,49.91435058072529
val,1,9802,981.1811811811813,648,-5.0,2,2,0.09791867449893323,6.829609293375232,-45.41823364777436,11.079007512542272,16.2206181094414,6.815148,-45.301043,11.114675,15.757952,0.11807953646529143,0.4640388976014716,-0.03566748745772763,0.4626661094414004,61.950992262174644
val,1,9802,981.1811811811813,649,-5.0,2,2,0.07150419758125176,-4.302918600821679,-60.49516052892662,9.064007468175388,14.550081274757378,-4.550124,-60.476646,10.737321,14.181959,0.24789775546440077,1.7133278101285523,-1.6733135318246113,0.36812227475737735,17.707731751852023
val,1,9802,981.1811811811813,650,-5.0,2,2,0.9858017209942067,45.86172272342715,31.872155128048792,-10.556160673134302,-19.93743412991146,45.479637,31.776456,-10.713244,-19.889678,0.39388808455721275,0.1641822753019206,0.15708332686569726,-0.047756129911459055,65.26358031815673
val,1,9802,981.1811811811813,651,-5.0,2,2,0.04739511809229943,-20.970224564818285,-82.08832024701407,10.091491663169,14.464541894764036,-21.891089,-81.718295,11.639991,13.871219,0.9924263153556362,1.6582768929274816,-1.548499336831,0.5933228947640359,14.4776941057668
val,1,9802,981.1811811811813,641,0.0,2,2,0.42669445645677817,60.96756214573253,50.1936262518665,8.424077308763643,18.30330905437141,60.906954,50.36221,8.528145,18.18777,0.17914750197497864,0.15549713001951396,-0.10406769123635762,0.11553905437141054,78.88179676002912
val,1,9802,981.1811811811813,642,0.0,2,2,0.6500406805431098,54.21861139382151,37.08146844461852,8.715426029582602,17.678999407889034,54.186004,37.088393,8.650763,17.687212,0.03333454063074131,0.06518246745852455,0.0646630295826025,-0.008212592110965033,92.94041010371411
val,1,9802,981.1811811811813,644,0.0,2,2,0.1700628129697959,17.828689986446523,-22.27722936386566,1.0318936141660269,1.5975205401086974,17.913668,-22.195025,1.026611,1.479988,0.11823206090588514,0.11765119632553528,0.005282614166026933,0.11753254010869729,84.63729676048929
val,1,9802,981.1811811811813,645,0.0,3,2,0.3446503537302309,39.81225790199509,7.726136889614981,9.659763968878675,16.584466557244635,39.971335,7.736222,9.233807,16.739341,0.159396463452434,0.4532388248540637,0.4259569688786744,-0.15487444275536433,61.85047042778095
val,1,9802,981.1811811811813,646,0.0,2,2,0.17033058981544594,12.688818540723855,-23.14285016865095,-11.33365922585195,-17.856253477026684,12.706435,-23.242441,-11.643172,-17.686575,0.10113690387896616,0.3529715894047514,0.30951277414805034,-0.16967847702668237,69.26882860309794
val,1,9802,981.1811811811813,647,0.0,2,2,0.1569729623879952,20.002385856648598,-24.44176428179556,10.389833117398151,16.69340637014307,20.148479,-24.417959,10.74416,16.620478,0.14801992425230773,0.361754180219206,-0.35432688260184975,0.07292837014307096,67.64710091278396
val,1,9802,981.1811811811813,648,0.0,2,2,0.09803035091104256,6.823290853351075,-45.36669941772081,11.094679267724317,16.01816634542499,6.815148,-45.301043,11.114675,15.757952,0.06615943809182911,0.2609814837765267,-0.01999573227568341,0.2602143454249912,76.39623965467936
val,1,9802,981.1811811811813,649,0.0,2,2,0.07149739054452862,-4.410266645804072,-60.4863792714302,9.796303472410015,14.389937272763875,-4.550124,-60.476646,10.737321,14.181959,0.14019563507976773,0.9637265946176913,-0.9410175275899846,0.20797827276387437,37.761863021159655
val,1,9802,981.1811811811813,650,0.0,2,2,0.9937749549911793,45.694234904244915,31.829970814799108,-10.62481707266467,-19.916216628261925,45.479637,31.776456,-10.713244,-19.889678,0.22116983498952567,0.09232345459303629,0.08842692733533042,-0.026538628261924657,78.6890762398334
val,1,9802,981.1811811811813,651,0.0,2,2,0.04741772112957798,-21.372723277123825,-81.92604026543351,10.770161430877712,14.20753712193674,-21.891089,-81.718295,11.639991,13.871219,0.5584452685474044,0.9325842366577517,-0.8698295691222881,0.33631812193674016,33.722580818575125
val,1,9802,981.1811811811813,641,5.0,2,2,0.4264434898169123,60.941015811442576,50.26734499563217,8.469561894965807,18.252712650953896,60.906954,50.36221,8.528145,18.18777,0.10079472234426373,0.0874615807561631,-0.058583105034193395,0.06494265095389551,87.50705602720791
val,1,9802,981.1811811811813,642,5.0,2,2,0.6503430843346214,54.204257521334,37.08452033723071,8.687135886245908,17.682603541022456,54.186004,37.088393,8.650763,17.687212,0.018659811307073945,0.03666367068373699,0.03637288624590873,-0.0046084589775432505,95.96957698017289
val,1,9802,981.1811811811813,644,5.0,2,2,0.1701989784145451,17.865765302448697,-22.241048833672835,1.0295515123232202,1.5461005708414972,17.913668,-22.195025,1.026611,1.479988,0.06642937376369293,0.06617793163884005,0.0029405123232202346,0.06611257084149713,91.04942514544662
val,1,9802,981.1811811811813,645,5.0,3,2,0.3456849946294676,39.881865440468424,7.730630880293216,9.473223605000134,16.652226856468758,39.971335,7.736222,9.233807,16.739341,0.08964408905416152,0.25477281007394,0.23941660500013384,-0.0871141435312417,76.33155421611416
val,1,9802,981.1811811811813,646,5.0,2,2,0.17010880834995343,12.69651047284834,-23.186403583299978,-11.468973873013843,-17.78198493948711,12.706435,-23.242441,-11.643172,-17.686575,0.056909474690915486,0.19861531662593165,0.17419812698615722,-0.09540993948710863,81.33386786510184
val,1,9802,981.1811811811813,647,5.0,2,2,0.15693221839632665,20.066286874575972,-24.431333665541192,10.544802336712634,16.66133134091749,20.148479,-24.417959,10.74416,16.620478,0.0832732079366321,0.2035005488334613,-0.19935766328736726,0.040853340917490044,80.26156788382083
val,1,9802,981.1811811811813,648,5.0,2,2,0.09809283957272756,6.819740198109852,-45.33790121188452,11.103447145333659,15.904321008387663,6.815148,-45.301043,11.114675,15.757952,0.03714318331544009,0.14679901681140953,-0.01122785466634113,0.14636900838766387,85.94822366543731
val,1,9802,981.1811811811813,649,5.0,2,2,0.07149273307878624,-4.4710913087738255,-60.48192539062972,10.208023386736304,14.299252920666403,-4.550124,-60.476646,10.737321,14.181959,0.07920882683055606,0.5421381993845672,-0.5292976132636955,0.11729392066640187,57.81661310766633
val,1,9802,981.1811811811813,650,5.0,2,2,0.9978243300418305,45.60025660336116,31.80648680623674,-10.663470472868752,-19.904507715573484,45.479637,31.776456,-10.713244,-19.889678,0.12430180223244174,0.05193577251832714,0.049773527131247164,-0.014829715573483782,87.39645303697183
val,1,9802,981.1811811811813,651,5.0,2,2,0.04742936338395716,-21.59926764260795,-81.83506550596172,11.151050561110521,14.061233158053321,-21.891089,-81.718295,11.639991,13.871219,0.3143168078431334,0.5245647081553894,-0.4889404388894789,0.19001415805332122,54.25227294243867
val,1,9802,981.1811811811813,641,10.0,2,2,0.42630149508946386,60.92614805176453,50.30873695290935,8.495180905146427,18.224293276085554,60.906954,50.36221,8.528145,18.18777,0.056813540536549065,0.04919940289817507,-0.032964094853573656,0.03652327608555339,92.75991689212508
val,1,9802,981.1811811811813,642,10.0,2,2,0.6505116990174125,54.19624607883087,37.08624792662946,8.671225419221035,17.684625217077613,54.186004,37.088393,8.650763,17.687212,0.010464297326757127,0.020625276877291304,0.020462419221034978,-0.0025867829223855665,97.7137419485826
val,1,9802,981.1811811811813,644,10.0,2,2,0.1702747619941326,17.88664368269817,-22.220851373358823,1.028256435676883,1.5171930411863472,17.913668,-22.195025,1.026611,1.479988,0.037380680658586726,0.037241409052888266,0.0016454356768831335,0.037205041186347154,94.86020755182223
val,1,9802,981.1811811811813,645,10.0,3,2,0.346268587022935,39.92093126843111,7.733119688188584,9.368486991636297,16.690311167645106,39.971335,7.736222,9.233807,16.739341,0.05049911380058228,0.14332698492573526,0.13467999163629685,-0.04902983235489344,85.90199742034588
val,1,9802,981.1811811811813,646,10.0,2,2,0.1699843194733486,12.700844346003233,-23.210885556412112,-11.545108684955235,-17.740257163717473,12.706435,-23.242441,-11.643172,-17.686575,0.03204686306239524,0.11179529712361927,0.09806331504476518,-0.05368216371747181,89.0210034837413
val,1,9802,981.1811811811813,647,10.0,2,2,0.15690902859471342,20.102202038021748,-24.425489155952835,10.631958754016333,16.64341255585278,20.148479,-24.417959,10.74416,16.620478,0.04688561035766173,0.114521235814376,-0.11220124598366787,0.022934555852781813,88.36031718159938
val,1,9802,981.1811811811813,648,10.0,2,2,0.0981278566848669,6.817752335864152,-45.32177502923937,11.108361175422,15.840323249888494,6.815148,-45.301043,11.114675,15.757952,0.02089496594099538,0.08261287544320489,-0.0063138245779992275,0.08237124988849409,91.83154151468774
val,1,9802,981.1811811811813,649,10.0,2,2,0.07148984512736171,-4.505342492743888,-60.479591551830744,10.439439809588343,14.248081612095184,-4.550124,-60.476646,10.737321,14.181959,0.044878276122382564,0.3051317804348732,-0.2978811904116565,0.06612261209518344,73.46108072188932
val,1,9802,981.1811811811813,650,10.0,2,2,0.9979812229801586,45.54749069017643,31.79337888332292,-10.685208463577155,-19.897998230363193,45.479637,31.776456,-10.713244,-19.889678,0.06993216177497115,0.02924410258177289,0.028035536422844842,-0.008320230363192849,92.70010698900064
val,1,9802,981.1811811811813,651,10.0,2,2,0.04743557029329472,-21.726635928578702,-81.78402762190586,11.364927316246154,13.9784284068244,-21.891089,-81.718295,11.639991,13.871219,0.17710333221743296,0.2952183717722785,-0.2750636837538458,0.10720940682439917,70.87399677773156
val,1,9823,983.2832832832834,644,-10.0,3,2,0.5041537983261316,20.232948949179736,-19.14870714006248,2.443417644301682,2.9292570584573623,19.732365,-19.155392,1.219479,2.857737,0.5006285824129135,1.2260264776002123,1.223938644301682,0.07152005845736209,26.598914541762614
val,1,9823,983.2832832832834,645,-10.0,2,2,0.5116072082039677,58.73802026418625,42.99913375471107,8.071022703132115,17.71734472895876,58.317232,43.759014,8.347162,17.55721,0.8686085139216897,0.3192115954870461,-0.2761392968678855,0.16013472895875935,39.63703468517642
val,1,9823,983.2832832832834,646,-10.0,2,2,0.07048953639221171,-13.44592256547085,-59.365106664455396,-13.653343049039949,-16.76068497092966,-12.899297,-59.855957,-12.793091,-17.157004,0.7346656115067401,0.9471548768182989,-0.8602520490399481,0.3963190290703409,30.159177666464632
val,1,9823,983.2832832832834,647,-10.0,3,2,0.3753752417158828,41.552845022302485,11.407147210712125,9.701807188931395,17.825539052346137,41.578123,11.457745,9.599193,17.522338,0.05656069693078459,0.32009459525873357,0.10261418893139584,0.3032010523461359,72.24888278345992
val,1,9823,983.2832832832834,648,-10.0,3,2,0.18694219119667535,29.873039620304837,-9.769295016373837,11.929627936654512,18.580236130096146,30.014191,-9.58077,10.788933,18.222019,0.2355109207417012,1.1956188568283628,1.140694936654512,0.358217130096147,29.56457335045774
val,1,9823,983.2832832832834,649,-10.0,2,2,0.13740592137601534,16.983611525158956,-30.09965280571358,8.396902649549984,15.283463235415963,17.188654,-29.64832,9.991448,15.187764,0.49572544619197456,1.5974145417833667,-1.5945453504500158,0.09569923541596381,18.77646478238857
val,1,9823,983.2832832832834,650,-10.0,3,2,0.19447928096079772,21.80405818255391,-9.031195468571049,-11.079090389612345,-19.003691599683187,21.773756,-9.318866,-11.890638,-19.203169,0.28926209036122513,0.8357037496404247,0.8115476103876542,0.1994774003168125,41.2982900254011
val,1,9823,983.2832832832834,651,-10.0,2,2,0.08420032233889684,2.1960439659618776,-52.55978249490052,13.417764581129378,14.419787484450202,1.41541,-52.338014,10.485199,14.265761,0.8115236620972983,2.9366077445816243,2.932565581129378,0.15402648445020262,4.751659918625265
val,1,9823,983.2832832832834,652,-10.0,2,2,0.05840953987650803,-12.021775923055634,-70.83283756704412,12.262399606518178,14.70359825603847,-12.748523,-70.664067,11.164757,14.089792,0.7460863342452906,1.2576078131102657,1.0976426065181784,0.6138062560384707,23.171059340916493
val,1,9823,983.2832832832834,653,-10.0,2,2,0.04598518022251385,-23.970169147299192,-83.20785494041596,9.964456925936418,14.027089148525645,-23.207585,-83.091949,11.215432,13.710376,0.7713421865396318,1.2904440531760424,-1.2509750740635823,0.31671314852564514,22.23725792984962
val,1,9823,983.2832832832834,644,-5.0,3,2,0.5145910462604488,20.014547094197066,-19.150306773168857,1.8997685495209171,2.8952797577692464,19.732365,-19.155392,1.219479,2.857737,0.2822279111239096,0.681324687537662,0.6802895495209171,0.037542757769246204,47.832451284970375
val,1,9823,983.2832832832834,645,-5.0,2,2,0.5118016632811955,58.55377786434955,43.33214958208868,8.191580485257935,17.646291348488578,58.317232,43.759014,8.347162,17.55721,0.48802374657350933,0.17927937521638915,-0.1555815147420656,0.08908134848857685,59.45729916733151
val,1,9823,983.2832832832834,646,-5.0,2,2,0.07031133803194131,-13.205619657451132,-59.57899777137376,-13.277694964182754,-16.93529765445983,-12.899297,-59.855957,-12.793091,-17.157004,0.4129648711321156,0.5329115365184134,-0.4846039641827531,0.22170634554017,50.956804658766366
val,1,9823,983.2832832832834,647,-5.0,3,2,0.3755745216075369,41.5638332289833,11.429285374255404,9.657094567797149,17.692845598901044,41.578123,11.457745,9.599193,17.522338,0.0318456881419155,0.1800706329093305,0.057901567797149056,0.17050759890104317,83.28806497337162
val,1,9823,983.2832832832834,648,-5.0,3,2,0.18791889153001978,29.932283211196072,-9.684431551833741,11.431636832575862,18.423123645807422,30.014191,-9.58077,10.788933,18.222019,0.13211587033861028,0.6734324724670099,0.6427038325758616,0.2011046458074226,50.34506668197213
val,1,9823,983.2832832832834,649,-5.0,2,2,0.13805504423139844,17.073077832992634,-29.901322637442743,9.09665163210109,15.240684969078183,17.188654,-29.64832,9.991448,15.187764,0.27815137053967415,0.8963599550254668,-0.8947963678989108,0.05292096907818333,39.1204399398102
val,1,9823,983.2832832832834,650,-5.0,3,2,0.19485180247559816,21.790154989362218,-9.15691312402076,-11.433255067378544,-19.089617746130973,21.773756,-9.318866,-11.890638,-19.203169,0.16278102128334698,0.4712674763959743,0.4573829326214547,0.11355125386902643,60.738725866119125
val,1,9823,983.2832832832834,651,-5.0,2,2,0.0843414040605885,1.8540347433192532,-52.46326343553486,12.133337519100802,14.347079401434598,1.41541,-52.338014,10.485199,14.265761,0.456156866169613,1.6501434060576874,1.6481385191008027,0.0813184014345989,18.049871088626823
val,1,9823,983.2832832832834,652,-5.0,2,2,0.05841377122069718,-12.338125213314283,-70.75740161985651,11.78265231403515,14.433492814730224,-12.748523,-70.664067,11.164757,14.089792,0.4208772915949421,0.7070536536591956,0.6178953140351506,0.34370081473022474,43.9183430896638
val,1,9823,983.2832832832834,653,-5.0,2,2,0.04610013742796909,-23.634610956285695,-83.1488550638937,10.512170076512845,13.886740236513026,-23.207585,-83.091949,11.215432,13.710376,0.4308009603628862,0.7250390864964971,-0.7032619234871547,0.17636423651302557,43.025856999881576
val,1,9823,983.2832832832834,644,0.0,3,2,0.5203854994934867,19.891256451045656,-19.152106071108303,1.5996539865729391,2.8780066460482345,19.732365,-19.155392,1.219479,2.857737,0.1589254244734774,0.38071495763452107,0.38017498657293913,0.020269646048234335,66.19571559165152
val,1,9823,983.2832832832834,645,0.0,2,2,0.5118876936055575,58.45023919904092,43.51906937501557,8.259581066439624,17.606999772891218,58.317232,43.759014,8.347162,17.55721,0.2743434673099249,0.10074443611369316,-0.08758093356037655,0.049789772891216444,74.65771195630988
val,1,9823,983.2832832832834,646,0.0,2,2,0.07020960027876333,-13.071242182411122,-59.699897084331425,-13.065889956389196,-17.0326859701209,-12.899297,-59.855957,-12.793091,-17.157004,0.23220646638902087,0.2997903319989732,-0.27279895638919527,0.1243180298790989,68.44074121393146
val,1,9823,983.2832832832834,647,0.0,3,2,0.37568734355026057,41.57006145350321,11.441739286590543,9.631818794150567,17.6182283900863,41.578123,11.457745,9.599193,17.522338,0.01792125535964345,0.10128874248828418,0.03262579415056699,0.09589039008629996,90.22515207475753
val,1,9823,983.2832832832834,648,0.0,3,2,0.188501027794618,29.967292023803495,-9.63833248250003,11.150829324297208,18.33499403778142,30.014191,-9.58077,10.788933,18.222019,0.07424926504583501,0.37912044089120694,0.36189632429720753,0.11297503778142115,67.95511696353098
val,1,9823,983.2832832832834,649,0.0,2,2,0.13841962792929927,17.12354581570067,-29.790355183464193,9.488835553580468,15.217238571538468,17.188654,-29.64832,9.991448,15.187764,0.15624682078193786,0.5034759395077414,-0.5026124464195316,0.029474571538468552,59.027706619372445
val,1,9823,983.2832832832834,650,0.0,3,2,0.19506833967508247,21.7827830287737,-9.22772432377748,-11.633113087104611,-19.138871785676578,21.773756,-9.318866,-11.890638,-19.203169,0.09158762139684555,0.26543024042397473,0.2575249128953878,0.06429721432342106,75.51889510098003
val,1,9823,983.2832832832834,651,0.0,2,2,0.08441978930868213,1.6619947672617141,-52.4086270790715,11.41175583124595,14.30982253668012,1.41541,-52.338014,10.485199,14.265761,0.25649610987590343,0.9276038920482974,0.92655683124595,0.04406153668012003,38.196998948810446
val,1,9823,983.2832832832834,652,0.0,2,2,0.05841415830572876,-12.517131249716131,-70.71607162201686,11.5124458719246,14.28261709055917,-12.748523,-70.664067,11.164757,14.089792,0.2371637046652547,0.39757900750587033,0.34768887192459985,0.19282509055916996,62.9428870046982
val,1,9823,983.2832832832834,653,0.0,2,2,0.046160607980906466,-23.447176503349567,-83.1213516760768,10.819990661280343,13.809011752808372,-23.207585,-83.091949,11.215432,13.710376,0.2413889099312187,0.407557191202006,-0.3954413387196567,0.09863575280837189,62.27073231642134
val,1,9823,983.2832832832834,644,5.0,3,2,0.5236174495495757,19.821836791307106,-19.15340323020861,1.4325790670654215,2.868872372915377,19.732365,-19.155392,1.219479,2.857737,0.0894938916629803,0.21339080372230582,0.2131000670654215,0.011135372915376696,79.34240365808799
val,1,9823,983.2832832832834,645,5.0,2,2,0.5119287620221981,58.392045844315575,43.62404991133482,8.297883339088004,17.585113729328437,58.317232,43.759014,8.347162,17.55721,0.15431272316467523,0.05663042055039099,-0.0492786609119964,0.0279037293284361,84.84230795536568
val,1,9823,983.2832832832834,646,5.0,2,2,0.07015191762616464,-12.995906338647742,-59.76807742616248,-12.946615406633486,-17.087194727618467,-12.899297,-59.855957,-12.793091,-17.157004,0.13059932546463626,0.16865075731405071,-0.1535244066334851,0.06980927238153356,80.79092350775443
val,1,9823,983.2832832832834,647,5.0,3,2,0.37575100402035777,41.57357766049358,11.448744520705166,9.617563997082494,17.576272855154368,41.578123,11.457745,9.599193,17.522338,0.010083091726517317,0.056977733671387164,0.0183709970824939,0.0539348551543668,94.37792028656227
val,1,9823,983.2832832832834,648,5.0,3,2,0.18883909455649384,29.98752671075393,-9.612912105839394,10.992647223682823,18.28552326689201,30.014191,-9.58077,10.788933,18.222019,0.041762414786371826,0.2133829347538997,0.2037142236828231,0.06350426689201072,80.45828669241271
val,1,9823,983.2832832832834,649,5.0,2,2,0.13862448442549494,17.151948177276246,-29.728141961442194,9.708944410150691,15.204245807220945,17.188654,-29.64832,9.991448,15.187764,0.0878570597636129,0.2829839717139737,-0.2825035898493091,0.016481807220944944,74.35579246565612
val,1,9823,983.2832832832834,650,5.0,3,2,0.19519220884873761,21.77878672559631,-9.267570997494092,-11.745705534729233,-19.166859610456214,21.773756,-9.318866,-11.890638,-19.203169,0.05154110478158647,0.14941148302089868,0.14493246527076664,0.03630938954378493,85.38058095983368
val,1,9823,983.2832832832834,651,5.0,2,2,0.08446355784788503,1.5541234654542615,-52.377796411456984,11.006247204985366,14.290020871551164,1.41541,-52.338014,10.485199,14.265761,0.14430545990939936,0.5216126659564077,0.521048204985366,0.02425987155116438,58.204593289054806
val,1,9823,983.2832832832834,652,5.0,2,2,0.058413745514917986,-12.61817425717025,-70.69316591489779,11.360381663389033,14.198102737979148,-12.748523,-70.664067,11.164757,14.089792,0.13355725965115212,0.22360730061350953,0.19562466338903306,0.10831073797914925,77.06994175798522
val,1,9823,983.2832832832834,653,5.0,2,2,0.04619328345692612,-23.34223010351394,-83.10765964803514,10.993032135283324,13.765677706586832,-23.207585,-83.091949,11.215432,13.710376,0.1355585790791697,0.22917237743107685,-0.22239986471667628,0.055301706586831756,76.62374053029986
val,1,9823,983.2832832832834,644,10.0,3,2,0.5254239597450591,19.78282379297742,-19.154218670715572,1.339177770626757,2.863920461536214,19.732365,-19.155392,1.219479,2.857737,0.050472432974325555,0.11985837845610461,0.11969877062675693,0.006183461536213741,87.80498566451075
val,1,9823,983.2832832832834,645,10.0,2,2,0.5119496823157826,58.35934799962522,43.68299513458117,8.31944162388262,17.572872904644186,58.317232,43.759014,8.347162,17.55721,0.08690584171388169,0.03183937552751134,-0.027720376117381207,0.015662904644184295,91.15993516864921
val,1,9823,983.2832832832834,646,10.0,2,2,0.07011934766702892,-12.953621708682707,-59.80646491776922,-12.87951016083861,-17.117757085701637,-12.899297,-59.855957,-12.793091,-17.157004,0.07348904800716217,0.0949136009325983,-0.08641916083860934,0.03924691429836358,88.68863266354225
val,1,9823,983.2832832832834,647,10.0,3,2,0.3757868292188446,41.5755563554466,11.452685003671558,9.609537352832925,17.55268847497074,41.578123,11.457745,9.599193,17.522338,0.005673731321390014,0.03206488681535433,0.010344352832925452,0.030350474970738617,96.79614778628309
val,1,9823,983.2832832832834,648,10.0,3,2,0.18903237666889783,29.999066065221882,-9.598774834586552,10.903634097719813,18.25774390739037,30.014191,-9.58077,10.788933,18.222019,0.02351462779912613,0.12013580160044147,0.11470109771981285,0.03572490739037093,88.47806877721396
val,1,9823,983.2832832832834,649,10.0,2,2,0.1387395976591472,17.167882513497528,-29.693235805036807,9.832550737614742,15.196998137011475,17.188654,-29.64832,9.991448,15.187764,0.04948620205296578,0.15916535200814352,-0.15889726238525803,0.00923413701147524,84.64697502327604
val,1,9823,983.2832832832834,650,10.0,3,2,0.195262289339768,21.776599323200234,-9.289970716046838,-11.809070959217783,-19.18268049658862,21.773756,-9.318866,-11.890638,-19.203169,0.029034839788689072,0.08410089722473735,0.08156704078221644,0.020488503411378645,91.48713641499192
val,1,9823,983.2832832832834,651,10.0,2,2,0.08448805510880286,1.493555781581437,-52.36043837481565,10.778368035965785,14.279255365320106,1.41541,-52.338014,10.485199,14.265761,0.08129954344795796,0.29347943973045304,0.2931690359657857,0.013494365320106283,73.74683582940939
val,1,9823,983.2832832832834,652,10.0,2,2,0.058413315455800814,-12.675101097923877,-70.68039256041078,11.274861028466043,14.150696581008235,-12.748523,-70.664067,11.164757,14.089792,0.07521502261650827,0.12582632901042654,0.1101040284660435,0.060904581008236036,86.36452415219206
val,1,9823,983.2832832832834,653,10.0,2,2,0.04621122541212271,-23.283430975064093,-83.10051242141778,11.090297873953425,13.74143094059571,-23.207585,-83.091949,11.215432,13.710376,0.07632787249623253,0.12893005404808897,-0.12513412604657503,0.031054940595709013,86.08546710258841
